srd_id,srd_full_id,srd_title,target,req_id,req_section,req_text,text_length,has_code_block,weight,state,release_id,acceptance_criteria_count,package_contract_signature
srd001,srd001-testutils,pkg/testutils: Differential Testing Harness,pkg/testutils,R1.1,R1,"Must define DiffTest as the following named struct in package testutils:

  type DiffTest struct {
      Name          string                 // subtest name used with t.Run; required
      Args          []string               // command-line arguments passed to both binaries
      Stdin         []byte                 // nil = no stdin (both binaries receive EOF immediately)
      Env           []string               // nil = use defaults only (LC_ALL=C); non-nil = KEY=VALUE pairs merged into inherited environment
      WorkDir       string                 // empty = per-test t.TempDir(); non-empty = use this directory for both binaries
      ExitCode      int                    // expected exit code for both binaries
      Normalize     []func([]byte) []byte  // applied in order to stdout and stderr of both binaries before comparison; nil or empty = no normalization
      ExpectedFiles map[string][]byte      // optional: path -> expected byte content after execution, for file-output utilities (sponge, cp)
  }
",1026,True,1,complete,rel00.0,9,
srd001,srd001-testutils,pkg/testutils: Differential Testing Harness,pkg/testutils,R1.2,R1,DiffTest.Stdin nil means both binaries receive EOF immediately on stdin. An empty non-nil slice ([]byte{}) also produces no bytes but is semantically distinct (open stdin that is immediately closed).,199,False,1,complete,rel00.0,9,
srd001,srd001-testutils,pkg/testutils: Differential Testing Harness,pkg/testutils,R1.3,R1,"DiffTest.Env nil means both binaries inherit the test process environment with
default overrides applied (see R2.6). When non-nil, the KEY=VALUE pairs in the
slice are merged into the inherited environment: matching keys are overridden, new
keys are added. This merge behavior matches the struct comment (""override or
extend"") and avoids requiring callers to replicate the full environment for a
single override.
",413,False,1,complete,rel00.0,8,
srd001,srd001-testutils,pkg/testutils: Differential Testing Harness,pkg/testutils,R1.4,R1,"Must define type NormalizeFunc = func([]byte) []byte as a named type alias in package testutils. The Normalize field in DiffTest uses this element type. When the slice is nil or empty, no normalization is applied to stdout or stderr.",233,False,1,complete,rel00.0,9,
srd001,srd001-testutils,pkg/testutils: Differential Testing Harness,pkg/testutils,R2.1,R2,"Must provide func RunDiffTests(t *testing.T, goBinary, refBinary string, tests []DiffTest) that accepts the path to the Go binary under test (goBinary) and the GNU reference binary (refBinary), then runs each DiffTest as a named subtest via t.Run(test.Name, ...). Both binaries are invoked with identical Args, Stdin, and Env for each test case.
",346,False,1,complete,rel00.0,3,
srd001,srd001-testutils,pkg/testutils: Differential Testing Harness,pkg/testutils,R2.2,R2,"Must capture stdout, stderr, and exit code from each binary independently.",74,False,1,complete,rel00.0,2,
srd001,srd001-testutils,pkg/testutils: Differential Testing Harness,pkg/testutils,R2.3,R2,Must impose a configurable timeout on each binary invocation. The default timeout must be 10 seconds. The test fails if either binary exceeds the timeout.,154,False,1,complete,rel00.0,1,
srd001,srd001-testutils,pkg/testutils: Differential Testing Harness,pkg/testutils,R2.4,R2,Must not write any output to the test process stdout or stderr during a passing test run.,89,False,1,complete,rel00.0,2,
srd001,srd001-testutils,pkg/testutils: Differential Testing Harness,pkg/testutils,R2.5,R2,"Must support passing a working directory to each binary invocation via a WorkDir
field on DiffTest. When WorkDir is empty, both binaries run in a per-test temporary
directory created by the harness via t.TempDir(). The harness must use the same
working directory for both binaries in a given test case. The DiffTest struct gains:

  WorkDir string // empty = per-test t.TempDir(); non-empty = use this directory for both binaries
",430,False,1,uncertain,rel00.0,2,
srd001,srd001-testutils,pkg/testutils: Differential Testing Harness,pkg/testutils,R2.6,R2,"Must set LC_ALL=C in the environment for both binaries unless the DiffTest.Env
explicitly overrides LC_ALL. This ensures deterministic sort order and formatting
across locales. The harness applies this default before merging DiffTest.Env.
",239,False,1,uncertain,rel00.0,2,
srd001,srd001-testutils,pkg/testutils: Differential Testing Harness,pkg/testutils,R3.1,R3,Must apply the DiffTest.Normalize function (if non-nil) to both binaries' stdout and stderr before comparison.,110,False,1,uncertain,rel00.0,3,
srd001,srd001-testutils,pkg/testutils: Differential Testing Harness,pkg/testutils,R3.2,R3,Must compare normalized stdout byte-for-byte. Any difference must be reported as a test failure.,96,False,1,uncertain,rel00.0,2,
srd001,srd001-testutils,pkg/testutils: Differential Testing Harness,pkg/testutils,R3.3,R3,Must compare normalized stderr byte-for-byte. Any difference must be reported as a test failure.,96,False,1,uncertain,rel00.0,3,
srd001,srd001-testutils,pkg/testutils: Differential Testing Harness,pkg/testutils,R3.4,R3,Must compare exit codes exactly. A difference must be reported as a test failure.,81,False,1,uncertain,rel00.0,2,
srd001,srd001-testutils,pkg/testutils: Differential Testing Harness,pkg/testutils,R3.5,R3,"Must report divergence with the following information in the failure message: the DiffTest args, the stdin content (truncated to 256 bytes if longer), the reference binary stdout, the Go binary stdout, the reference stderr, the Go stderr, and both exit codes.",259,False,1,uncertain,rel00.0,3,
srd001,srd001-testutils,pkg/testutils: Differential Testing Harness,pkg/testutils,R3.6,R3,Must run each DiffTest as a named subtest (t.Run) so individual test case failures are identifiable in go test output.,118,False,1,uncertain,rel00.0,2,
srd001,srd001-testutils,pkg/testutils: Differential Testing Harness,pkg/testutils,R4.1,R4,Must allow per-DiffTest normalization via the Normalize field. The function receives the raw output bytes and returns the normalized bytes.,139,False,1,uncertain,rel00.0,2,
srd001,srd001-testutils,pkg/testutils: Differential Testing Harness,pkg/testutils,R4.2,R4,Must provide a built-in TimestampNormalizer that replaces common strftime timestamp patterns with a fixed placeholder string. This normalizer is used by cmd/ts tests.,166,False,1,uncertain,rel00.0,1,
srd001,srd001-testutils,pkg/testutils: Differential Testing Harness,pkg/testutils,R4.3,R4,"Must allow normalizers to be composed: the harness must accept a slice of Normalize
functions applied in order, not a single function. When the slice is nil or empty,
no normalization is applied.
",196,False,1,uncertain,rel00.0,1,
srd001,srd001-testutils,pkg/testutils: Differential Testing Harness,pkg/testutils,R4.4,R4,"Must provide func ComposeNormalizers(fns ...NormalizeFunc) NormalizeFunc that returns
a single NormalizeFunc applying the given functions in order. This is a convenience
for cmd/ test files that combine multiple normalizers:

  normalize := testutils.ComposeNormalizers(
      testutils.TimestampNormalizer,
      customNormalizer,
  )
",336,True,1,uncertain,rel00.0,1,
srd001,srd001-testutils,pkg/testutils: Differential Testing Harness,pkg/testutils,R5.1,R5,"Must support utilities whose primary output is a file rather than stdout (sponge,
cp, mv). DiffTest.ExpectedFiles is a map[string][]byte where keys are file paths
relative to the working directory and values are the expected byte content after
execution. When ExpectedFiles is non-nil, the harness checks each entry after both
binaries complete.
",346,False,1,uncertain,rel00.0,2,
srd001,srd001-testutils,pkg/testutils: Differential Testing Harness,pkg/testutils,R5.2,R5,"Must compare each ExpectedFiles entry byte-for-byte against the file produced by
the Go binary. Any difference must be reported as a test failure with the same
format as stdout divergence: file path, expected content (from reference), actual
content (from Go binary). Missing files must also be reported as failures.
",317,False,1,uncertain,rel00.0,2,
srd002,srd002-sys,pkg/sys: Syscall Abstractions,pkg/sys,R1.1,R1,"Must provide func TerminalWidth() (int, error) that returns the current terminal column count by calling ioctl(TIOCGWINSZ) on stdout. Returns an error (not panic) when stdout is not a terminal or when ioctl fails.",213,False,1,complete,rel00.0,6,
srd002,srd002-sys,pkg/sys: Syscall Abstractions,pkg/sys,R1.2,R1,Must use golang.org/x/sys/unix (the project's only external dependency) to perform the TIOCGWINSZ ioctl; must not shell out to tput or stty and must not import golang.org/x/term.,178,False,1,complete,rel00.0,4,
srd002,srd002-sys,pkg/sys: Syscall Abstractions,pkg/sys,R1.3,R1,"Must provide func IsTerminal(fd uintptr) bool that returns true when the file
descriptor refers to a terminal, and false otherwise. Implementation: call
golang.org/x/sys/unix.IoctlGetWinsize(int(fd), unix.TIOCGWINSZ) and return
err == nil. Returns false for pipes, regular files, and non-terminal descriptors.
The caller (pkg/format ColorEnabled) is responsible for extracting the fd from an
io.Writer via type assertion to *os.File. Required by pkg/format to suppress color
output when stdout is redirected.
",509,False,1,complete,rel00.0,4,
srd002,srd002-sys,pkg/sys: Syscall Abstractions,pkg/sys,R1.4,R1,Utility context — ls (ls.c:2281): ls uses struct winsize to determine column count for its default multi-column layout and for the -w/--width flag default.,155,False,1,complete,rel00.0,4,
srd002,srd002-sys,pkg/sys: Syscall Abstractions,pkg/sys,R1.5,R1,"Must provide func InstallSIGPIPEHandler() that installs a SIGPIPE handler causing the
process to exit 0 when stdout or stderr is closed by a downstream consumer.
Implementation: use signal.Notify(c, syscall.SIGPIPE) with a buffered channel of
size 1; in a dedicated goroutine call os.Exit(0) when the channel receives. Must not
use signal.Ignore so that deferred cleanup functions do not run on SIGPIPE (matching
GNU behavior where SIGPIPE terminates silently).
",462,False,1,complete,rel00.0,6,
srd002,srd002-sys,pkg/sys: Syscall Abstractions,pkg/sys,R1.6,R1,InstallSIGPIPEHandler must be safe to call multiple times; only one goroutine per invocation is started.,104,False,1,complete,rel00.0,4,
srd002,srd002-sys,pkg/sys: Syscall Abstractions,pkg/sys,R1.7,R1,"Utility context — ls (ls.c:1600-1620): ls installs a SIGPIPE handler via sigaction so that piping ls output to head does not produce a broken-pipe error message. du, find, and xargs have the same requirement.",208,False,1,complete,rel00.0,6,
srd002,srd002-sys,pkg/sys: Syscall Abstractions,pkg/sys,R2.1,R2,"Must provide func Stat(path string) (*FileInfo, error) and func Lstat(path string) (*FileInfo, error). Stat follows symbolic links (equivalent to os.Stat); Lstat does not follow symbolic links (equivalent to os.Lstat). Both return a *FileInfo populated from syscall.Stat_t.",273,False,1,complete,rel00.0,3,
srd002,srd002-sys,pkg/sys: Syscall Abstractions,pkg/sys,R2.2,R2,"FileInfo must be defined as the following named struct in package sys:

  type FileInfo struct {
      Mode    os.FileMode // file mode and type bits (from syscall.Stat_t.Mode)
      Size    int64       // apparent file size in bytes (st_size)
      Nlink   uint64      // hard-link count (st_nlink)
      Uid     uint32      // owner user ID (st_uid)
      Gid     uint32      // owner group ID (st_gid)
      Rdev    uint64      // device ID for special files (st_rdev)
      Dev     uint64      // device ID of the containing filesystem (st_dev)
      Ino     uint64      // inode number (st_ino)
      Blocks  int64       // number of 512-byte blocks allocated (st_blocks)
      Blksize int64       // preferred I/O block size (st_blksize)
      ModTime time.Time   // modification time (st_mtime / st_mtimespec)
      Info    os.FileInfo // underlying os.FileInfo for os package compatibility
  }
",902,True,1,complete,rel00.0,1,
srd002,srd002-sys,pkg/sys: Syscall Abstractions,pkg/sys,R2.3,R2,Must abstract the Darwin/Linux divergence in struct field names (st_mtimespec on Darwin vs st_mtim on Linux; st_blocks interpretation) so callers use a single API regardless of target platform.,193,False,1,complete,rel00.0,1,
srd002,srd002-sys,pkg/sys: Syscall Abstractions,pkg/sys,R2.4,R2,"Utility context — ls (ls.c:213, 371): ls needs Nlink, Uid, Gid, Rdev, Mode for -l format; Blocks for -s; Ino for -i.",116,False,1,complete,rel00.0,1,
srd002,srd002-sys,pkg/sys: Syscall Abstractions,pkg/sys,R2.5,R2,"Utility context — du (du.c:554): du needs Dev and Ino for hard-link deduplication, and Blocks for physical block-count accumulation.",132,False,1,complete,rel00.0,1,
srd002,srd002-sys,pkg/sys: Syscall Abstractions,pkg/sys,R2.6,R2,"Utility context — find (find/ftsfind.c:172): find predicates (-type, -size, -newer, -perm, -uid, -gid) require Mode, Size, ModTime, Uid, Gid, Nlink from the stat struct.",169,False,1,complete,rel00.0,1,
srd002,srd002-sys,pkg/sys: Syscall Abstractions,pkg/sys,R3.1,R3,"Must provide func OnTerminalResize(callback func(width int)) that registers a SIGWINCH handler. When the terminal is resized, the handler calls TerminalWidth() and invokes the callback with the new width. If TerminalWidth() returns an error the callback is not invoked.
",270,False,1,complete,rel00.0,3,
srd002,srd002-sys,pkg/sys: Syscall Abstractions,pkg/sys,R3.2,R3,Must support multiple calls to OnTerminalResize; each registered callback must be called on resize. Callbacks are called in registration order.,143,False,1,complete,rel00.0,1,
srd002,srd002-sys,pkg/sys: Syscall Abstractions,pkg/sys,R3.3,R3,"Utility context — ls (ls.c:2281, SIGWINCH registration): ls re-queries terminal width on SIGWINCH to re-format output when the terminal window is resized during a long listing.",176,False,1,complete,rel00.0,1,
srd003,srd003-format,pkg/format: Output Formatting,pkg/format,R1.1,R1,"Must provide a Columns(entries []string, termWidth int) [][]string function that distributes entries into the maximum number of columns that fit within termWidth, using the longest entry in each column to determine column width.",228,False,1,complete,rel00.0,4,
srd003,srd003-format,pkg/format: Output Formatting,pkg/format,R1.2,R1,"Must provide a PadRight(s string, width int) string and PadLeft(s string, width int) string function for left- and right-aligned field padding within a fixed-width column.",171,False,1,complete,rel00.0,4,
srd003,srd003-format,pkg/format: Output Formatting,pkg/format,R1.3,R1,"Must treat multi-byte Unicode characters correctly: column width must be computed from display width (rune count via utf8.RuneCountInString), not byte count. East-asian full-width character handling is deferred; rune count is sufficient for ASCII-dominant utility output in the current roadmap.",294,False,1,complete,rel00.0,4,
srd003,srd003-format,pkg/format: Output Formatting,pkg/format,R1.4,R1,"Utility context — ls (ls.c multi-column layout): ls default output places filenames in as many columns as fit in the terminal width. Column widths are computed from the longest filename in each column, not the global maximum.",225,False,1,complete,rel00.0,4,
srd003,srd003-format,pkg/format: Output Formatting,pkg/format,R2.1,R2,"Must provide a FileTypeColor(mode os.FileMode) string function that returns the ANSI escape sequence for a file's type (directory, symlink, executable, block device, character device, socket, pipe, regular file).",212,False,1,complete,rel00.0,1,
srd003,srd003-format,pkg/format: Output Formatting,pkg/format,R2.2,R2,"Must provide a Reset() string constant or function that returns the ANSI reset sequence (""\033[0m"").",100,False,1,complete,rel00.0,1,
srd003,srd003-format,pkg/format: Output Formatting,pkg/format,R2.3,R2,"Must provide a ColorEnabled(w io.Writer) bool function that returns true only when w is a TTY. Implementation: attempt a type assertion to *os.File; if it fails return false; call pkg/sys.IsTerminal(f.Fd()) which returns true when the file descriptor is a terminal (detected via TIOCGWINSZ ioctl), and false for pipes, regular files, and non-terminal descriptors. When ColorEnabled returns false, FileTypeColor must return an empty string and Reset must return an empty string.
",478,False,1,complete,rel00.0,2,
srd003,srd003-format,pkg/format: Output Formatting,pkg/format,R2.4,R2,"Must use the same color assignments as GNU ls LS_COLORS defaults: directory=34 (blue), symlink=36 (cyan), executable=32 (green), block device=33;1 (yellow bold), character device=33;1 (yellow bold), socket=35 (magenta), pipe=33 (yellow), regular=0 (reset/default).",264,False,1,complete,rel00.0,2,
srd003,srd003-format,pkg/format: Output Formatting,pkg/format,R2.5,R2,"Utility context — ls (ls.c:103 includes dircolors.h, ls.c:273 get_color_indicator): ls outputs ANSI escapes before and after each filename in colorized mode. Color is suppressed when stdout is not a TTY or when --color=never is set.",232,False,1,complete,rel00.0,1,
srd003,srd003-format,pkg/format: Output Formatting,pkg/format,R2.6,R2,"Must provide func SetColorEnabled(enabled bool) that overrides the automatic TTY
detection from ColorEnabled. When set to true, FileTypeColor and Reset return ANSI
sequences regardless of whether stdout is a TTY. When set to false, they return
empty strings regardless. This supports --color=always and --color=never flags in
utilities like ls. The override is process-global.
",377,False,1,complete,rel00.0,2,
srd003,srd003-format,pkg/format: Output Formatting,pkg/format,R2.7,R2,"Must provide func ResetColorEnabled() that clears any override set by
SetColorEnabled, reverting to automatic TTY detection via ColorEnabled. Utilities
must call ResetColorEnabled in deferred cleanup or test teardown to avoid leaking
the override across test cases.
",266,False,1,complete,rel00.0,1,
srd003,srd003-format,pkg/format: Output Formatting,pkg/format,R3.1,R3,"Must provide func HumanSize(bytes int64, opts HumanSizeOpts) string that converts a byte count to a human-readable string. HumanSizeOpts is defined as:

  type HumanSizeOpts struct {
      Binary bool // true = 1024-based with suffixes K/M/G/T/P/E (default); false = SI 1000-based with suffixes kB/MB/GB/TB
  }
",311,True,1,complete,rel00.0,1,
srd003,srd003-format,pkg/format: Output Formatting,pkg/format,R3.2,R3,"When opts.Binary is true (the default zero value), use base 1024 and suffixes []string{"""", ""K"", ""M"", ""G"", ""T"", ""P"", ""E""}. When opts.Binary is false, use base 1000 and suffixes []string{"""", ""kB"", ""MB"", ""GB"", ""TB""}.
",214,False,1,complete,rel00.0,1,
srd003,srd003-format,pkg/format: Output Formatting,pkg/format,R3.3,R3,"Must format the output to at most one decimal place when the value is not an integer at the chosen unit (e.g., 1536 bytes must produce ""1.5K"", not ""2K"").",153,False,1,complete,rel00.0,1,
srd003,srd003-format,pkg/format: Output Formatting,pkg/format,R3.4,R3,"Must return ""0"" for a zero byte count regardless of the unit mode.",66,False,1,complete,rel00.0,1,
srd003,srd003-format,pkg/format: Output Formatting,pkg/format,R3.5,R3,"Utility context — ls (ls.c -h flag, human_output_opts): ls -h shows file sizes in human-readable form in -l output. The same conversion applies to ls -s (block counts).",168,False,1,uncertain,rel00.0,1,
srd003,srd003-format,pkg/format: Output Formatting,pkg/format,R3.6,R3,"Utility context — du (du.c:153 human_output_opts, du.c:442 human_readable()): du -h outputs directory sizes as human-readable strings. du uses the same binary/SI distinction as ls -h.",183,False,1,uncertain,rel00.0,1,
srd004,srd004-ts,cmd/ts: Timestamp Stdin Lines,cmd/ts,R1.1,R1,Must read stdin line by line (newline-delimited). Each line must be written to stdout prefixed by a timestamp and a single space.,129,False,1,complete_with_failures,rel15.0,4,
srd004,srd004-ts,cmd/ts: Timestamp Stdin Lines,cmd/ts,R1.2,R1,"The default timestamp format must be ""%b %d %H:%M:%S"" (strftime, e.g. ""Feb 19 14:05:32""). The format must be evaluated at the time each line is received, not at startup.",169,False,1,complete_with_failures,rel15.0,2,
srd004,srd004-ts,cmd/ts: Timestamp Stdin Lines,cmd/ts,R1.3,R1,Must flush stdout after each line so that downstream consumers receive timestamps in real time.,95,False,1,complete_with_failures,rel15.0,2,
srd004,srd004-ts,cmd/ts: Timestamp Stdin Lines,cmd/ts,R1.4,R1,Must preserve the original newline at the end of each line; must not add an extra newline.,90,False,1,complete_with_failures,rel15.0,2,
srd004,srd004-ts,cmd/ts: Timestamp Stdin Lines,cmd/ts,R1.5,R1,Must pass through partial lines (lines not terminated by a newline at EOF) with a timestamp prefix.,99,False,1,complete_with_failures,rel15.0,2,
srd004,srd004-ts,cmd/ts: Timestamp Stdin Lines,cmd/ts,R1.6,R1,Exit code must be 0 after stdin is closed with EOF. Must not exit non-zero due to SIGPIPE when stdout is closed by a downstream consumer.,137,False,1,complete_with_failures,rel15.0,4,
srd004,srd004-ts,cmd/ts: Timestamp Stdin Lines,cmd/ts,R2.1,R2,"Must accept an optional positional argument specifying a custom strftime format string, e.g. ""ts '%Y-%m-%dT%H:%M:%S'"".",118,False,1,complete_with_failures,rel15.0,1,
srd004,srd004-ts,cmd/ts: Timestamp Stdin Lines,cmd/ts,R2.2,R2,Must support all standard strftime(3) conversion specifications available on the target platform.,97,False,1,complete_with_failures,rel15.0,1,
srd004,srd004-ts,cmd/ts: Timestamp Stdin Lines,cmd/ts,R2.3,R2,"Must support three ts-specific subsecond extensions: %.S (seconds with microsecond suffix, e.g. ""32.001234""), %.s (Unix epoch with microsecond suffix, e.g. ""1708358732.001234""), %.T (HH:MM:SS with microsecond suffix, e.g. ""14:05:32.001234""). These extensions require Time::HiRes in the Perl reference; the Go implementation must use time.Now() sub-nanosecond precision formatted to six decimal places.",401,False,1,complete_with_failures,rel15.0,1,
srd004,srd004-ts,cmd/ts: Timestamp Stdin Lines,cmd/ts,R2.4,R2,"When a subsecond extension is used in the format string, must obtain both the second and microsecond components atomically from a single time sample per line.",158,False,1,complete_with_failures,rel15.0,1,
srd004,srd004-ts,cmd/ts: Timestamp Stdin Lines,cmd/ts,R3.1,R3,-i must change the timestamp to the time elapsed since the previous line was received. The first line's timestamp is the time elapsed since ts started.,151,False,1,complete_with_failures,rel15.0,2,
srd004,srd004-ts,cmd/ts: Timestamp Stdin Lines,cmd/ts,R3.2,R3,"The default format in -i mode must be ""%H:%M:%S"". The TZ environment must be set to GMT so that strftime on a delta-second value produces a correct elapsed string (e.g., 5 seconds since last line → ""00:00:05"").",210,False,1,complete_with_failures,rel15.0,2,
srd004,srd004-ts,cmd/ts: Timestamp Stdin Lines,cmd/ts,R3.3,R3,A custom format argument overrides the -i default format. The TZ=GMT behavior still applies.,92,False,1,complete_with_failures,rel15.0,2,
srd004,srd004-ts,cmd/ts: Timestamp Stdin Lines,cmd/ts,R3.4,R3,-i and -s are mutually exclusive; passing both must print a usage error to stderr and exit non-zero.,100,False,1,complete_with_failures,rel15.0,5,
srd004,srd004-ts,cmd/ts: Timestamp Stdin Lines,cmd/ts,R4.1,R4,"-s must change the timestamp to the time elapsed since ts started, increasing monotonically across lines (unlike -i which resets per line).",139,False,1,complete_with_failures,rel15.0,3,
srd004,srd004-ts,cmd/ts: Timestamp Stdin Lines,cmd/ts,R4.2,R4,"The default format in -s mode must be ""%H:%M:%S"" with TZ=GMT, same as -i.",73,False,1,complete_with_failures,rel15.0,3,
srd004,srd004-ts,cmd/ts: Timestamp Stdin Lines,cmd/ts,R4.3,R4,A custom format argument overrides the -s default format.,57,False,1,complete_with_failures,rel15.0,3,
srd004,srd004-ts,cmd/ts: Timestamp Stdin Lines,cmd/ts,R5.1,R5,"-m must use the system's monotonic clock (CLOCK_MONOTONIC via time.Now() in Go, which automatically uses the monotonic reading) instead of the wall clock for timestamp sampling.",177,False,1,complete_with_failures,rel15.0,1,
srd004,srd004-ts,cmd/ts: Timestamp Stdin Lines,cmd/ts,R5.2,R5,"-m is compatible with all format modes (-i, -s, default) and with custom format strings including subsecond extensions.",119,False,1,complete_with_failures,rel15.0,3,
srd004,srd004-ts,cmd/ts: Timestamp Stdin Lines,cmd/ts,R5.3,R5,"When -m is active, the timestamp must not jump backwards or exhibit discontinuities if the wall clock is adjusted (e.g., by NTP) while ts is running.",149,False,1,complete_with_failures,rel15.0,1,
srd004,srd004-ts,cmd/ts: Timestamp Stdin Lines,cmd/ts,R6.1,R6,"-r must scan each input line for known timestamp patterns and replace each match with a human-readable relative age string (e.g., ""15m5s ago"").",143,False,1,complete_with_failures,rel15.0,1,
srd004,srd004-ts,cmd/ts: Timestamp Stdin Lines,cmd/ts,R6.2,R6,"Must recognize the following timestamp patterns from the Perl source regex: syslog format (""Jan  5 14:30:00""), ISO-8601 (""2024-01-05T14:30:00.000Z""), RFC 2822 with optional day (""16 Jun 94 07:29:35 GMT""), lastlog format (""Mon Jan  5 14:30"").",241,False,1,complete_with_failures,rel15.0,1,
srd004,srd004-ts,cmd/ts: Timestamp Stdin Lines,cmd/ts,R10.1,R10,"When -r and a format string are both given, must convert matched timestamps to the specified format via strftime rather than to a relative string.",146,False,1,complete_with_failures,rel15.0,1,
srd004,srd004-ts,cmd/ts: Timestamp Stdin Lines,cmd/ts,R10.2,R10,Lines with no recognizable timestamp must be passed through unchanged.,70,False,1,complete_with_failures,rel15.0,1,
srd004,srd004-ts,cmd/ts: Timestamp Stdin Lines,cmd/ts,R10.3,R10,-r is mutually exclusive with -i and -s; passing both must print a usage error to stderr and exit non-zero.,107,False,1,complete_with_failures,rel15.0,4,
srd004,srd004-ts,cmd/ts: Timestamp Stdin Lines,cmd/ts,R7.1,R7,Must exit 0 on clean EOF from stdin.,36,False,1,complete_with_failures,rel15.0,3,
srd004,srd004-ts,cmd/ts: Timestamp Stdin Lines,cmd/ts,R7.2,R7,Must exit non-zero and print a usage message to stderr when an unrecognized flag is given.,90,False,1,complete_with_failures,rel15.0,3,
srd004,srd004-ts,cmd/ts: Timestamp Stdin Lines,cmd/ts,R7.3,R7,"Must exit non-zero when -r mode is requested but the timestamp parsing dependency (equivalent of Date::Parse) is unavailable. In the Go implementation this means the parsing library must be compiled in, so this condition cannot arise; document the invariant in the implementation.",280,False,1,complete_with_failures,rel15.0,2,
srd004,srd004-ts,cmd/ts: Timestamp Stdin Lines,cmd/ts,R8.1,R8,Must respect the TZ environment variable to determine the local time zone for wall-clock timestamps (non -i/-s modes). Setting TZ=UTC must cause timestamps to be in UTC.,169,False,1,complete_with_failures,rel15.0,3,
srd004,srd004-ts,cmd/ts: Timestamp Stdin Lines,cmd/ts,R8.2,R8,"In -i and -s modes, must use TZ=GMT internally for elapsed-time formatting regardless of the user's TZ setting, matching the Perl source behavior.",146,False,1,complete_with_failures,rel15.0,3,
srd004,srd004-ts,cmd/ts: Timestamp Stdin Lines,cmd/ts,R9.1,R9,"Differential tests must use testutils.TimestampNormalizer (type func([]byte) []byte, defined in pkg/testutils) to replace wall-clock timestamps in output with a fixed placeholder before comparing Go and reference binary outputs. Pass it in the DiffTest.Normalize slice. The normalizer matches strftime-formatted patterns such as ""Feb 19 14:05:32"" and replaces them with a fixed string so that wall-clock differences do not cause test failures.
",444,False,1,complete_with_failures,rel15.0,2,
srd004,srd004-ts,cmd/ts: Timestamp Stdin Lines,cmd/ts,R9.2,R9,"Tests must cover: default format, custom strftime format, -s mode, -i mode, -m mode (with monotonic normalization), multi-line stdin, empty stdin, and partial last line (no trailing newline).",191,False,1,complete_with_failures,rel15.0,4,
srd005,srd005-wc,"cmd/wc: Count Lines, Words, and Bytes",cmd/wc,R1.1,R1,"When no flags are given, must print line count, word count, and byte count (in that order) for each input, matching the wc.c default (print_lines = print_words = print_bytes = true; set at wc.c:862).",199,False,1,complete,rel03.0,2,
srd005,srd005-wc,"cmd/wc: Count Lines, Words, and Bytes",cmd/wc,R1.2,R1,Must read from stdin when no file arguments are given. Must read from each named file in order when file arguments are given.,125,False,1,complete,rel03.0,3,
srd005,srd005-wc,"cmd/wc: Count Lines, Words, and Bytes",cmd/wc,R1.3,R1,"Output for each file must be on a single line with counts followed by the filename. For stdin input, no filename is printed.",124,False,1,complete,rel03.0,3,
srd005,srd005-wc,"cmd/wc: Count Lines, Words, and Bytes",cmd/wc,R1.4,R1,"When more than one file is given, must print a final ""total"" line with the sum of all counts.",93,False,1,complete,rel03.0,2,
srd005,srd005-wc,"cmd/wc: Count Lines, Words, and Bytes",cmd/wc,R2.1,R2,-l must count newline characters (not logical lines). A file with no trailing newline has a newline count equal to the number of complete lines.,144,False,1,complete,rel03.0,3,
srd005,srd005-wc,"cmd/wc: Count Lines, Words, and Bytes",cmd/wc,R2.2,R2,"-w must count words, where a word is a maximal sequence of non-whitespace characters. Whitespace is determined by the locale-sensitive isspace() equivalent in Go (unicode.IsSpace).",180,False,1,complete,rel03.0,3,
srd005,srd005-wc,"cmd/wc: Count Lines, Words, and Bytes",cmd/wc,R2.3,R2,-c must count bytes. -c and -m are mutually exclusive in output but may be passed together; -m takes precedence when both are given (matching wc.c behavior where print_chars overrides print_bytes display).,205,False,1,complete,rel03.0,2,
srd005,srd005-wc,"cmd/wc: Count Lines, Words, and Bytes",cmd/wc,R2.4,R2,"-m must count characters (Unicode code points), not bytes. When the input is valid UTF-8, this is the rune count. When the input contains invalid UTF-8, each invalid byte counts as one character.",195,False,1,complete,rel03.0,2,
srd005,srd005-wc,"cmd/wc: Count Lines, Words, and Bytes",cmd/wc,R2.5,R2,"-L must print the length of the longest line in the input, measured in display columns (tab-expanded, treating each tab as advancing to the next multiple of 8). -L is independent of other flags and may be combined with any of them.",231,False,1,complete,rel03.0,2,
srd005,srd005-wc,"cmd/wc: Count Lines, Words, and Bytes",cmd/wc,R2.6,R2,"When flags are combined, must print each requested count in the order: lines (-l), words (-w), chars (-m) or bytes (-c), max-line-length (-L). This is the fixed output column order from wc.c:237-247, not the flag order given by the user.",237,False,1,complete,rel03.0,3,
srd005,srd005-wc,"cmd/wc: Count Lines, Words, and Bytes",cmd/wc,R3.1,R3,"When multiple files are given, each line must right-align counts in columns wide enough for the largest count in that column across all files. This matches GNU wc's dynamic column-width behavior.",195,False,1,complete,rel03.0,2,
srd005,srd005-wc,"cmd/wc: Count Lines, Words, and Bytes",cmd/wc,R3.2,R3,"The total line must use the label ""total"" (not a filename). The counts in the total line must be the arithmetic sum of counts from all files.",141,False,1,complete,rel03.0,1,
srd005,srd005-wc,"cmd/wc: Count Lines, Words, and Bytes",cmd/wc,R3.3,R3,"Must support --total=auto (default), --total=always (print total even for one file), --total=only (print only the total, not per-file lines), and --total=never (never print total, even for multiple files).",205,False,1,complete,rel03.0,2,
srd005,srd005-wc,"cmd/wc: Count Lines, Words, and Bytes",cmd/wc,R4.1,R4,"Must treat ""-"" as a filename argument meaning stdin, consistent with POSIX convention.",86,False,1,complete,rel03.0,2,
srd005,srd005-wc,"cmd/wc: Count Lines, Words, and Bytes",cmd/wc,R4.2,R4,Must handle binary input (arbitrary byte sequences) without corrupting output or panicking.,91,False,1,complete,rel03.0,1,
srd005,srd005-wc,"cmd/wc: Count Lines, Words, and Bytes",cmd/wc,R4.3,R4,"Must handle empty input (zero bytes) and produce ""0 0 0"" (or the selected subset of counts) correctly.",102,False,1,complete,rel03.0,2,
srd005,srd005-wc,"cmd/wc: Count Lines, Words, and Bytes",cmd/wc,R4.4,R4,"Must support --files0-from=FILE which reads NUL-delimited filenames from FILE and processes each. When FILE is ""-"", filenames are read from stdin.",146,False,1,complete,rel03.0,2,
srd005,srd005-wc,"cmd/wc: Count Lines, Words, and Bytes",cmd/wc,R5.1,R5,Differential tests must set LC_ALL=C to avoid locale-dependent divergence between the Go and reference binary outputs for -m (character count). Document this constraint in the test suite.,187,False,1,complete,rel03.0,2,
srd005,srd005-wc,"cmd/wc: Count Lines, Words, and Bytes",cmd/wc,R5.2,R5,"Under LC_ALL=C, -m and -c must produce identical counts (each byte counts as one character). The Go implementation must produce the same result.",144,False,1,complete,rel03.0,2,
srd005,srd005-wc,"cmd/wc: Count Lines, Words, and Bytes",cmd/wc,R6.1,R6,Must exit 0 when all inputs are processed successfully.,55,False,1,complete,rel03.0,2,
srd005,srd005-wc,"cmd/wc: Count Lines, Words, and Bytes",cmd/wc,R6.2,R6,Must exit 1 when any input file cannot be opened or read. Must still process and print counts for the files that were successfully read before exiting 1.,153,False,1,complete,rel03.0,2,
srd005,srd005-wc,"cmd/wc: Count Lines, Words, and Bytes",cmd/wc,R6.3,R6,Must exit 1 when a write error occurs on stdout.,48,False,1,complete,rel03.0,2,
srd006,srd006-cat,cmd/cat: Concatenate and Display Files,cmd/cat,R1.1,R1,Must read each named file in argument order and write its contents verbatim to stdout.,86,False,1,complete,rel01.1,2,
srd006,srd006-cat,cmd/cat: Concatenate and Display Files,cmd/cat,R1.2,R1,"Must read from stdin when no file arguments are given, or when ""-"" is given as a filename.",90,False,1,complete,rel01.1,2,
srd006,srd006-cat,cmd/cat: Concatenate and Display Files,cmd/cat,R1.3,R1,Must support concatenating multiple files: each file's content is written in sequence with no separator.,104,False,1,complete,rel01.1,2,
srd006,srd006-cat,cmd/cat: Concatenate and Display Files,cmd/cat,R1.4,R1,Must not corrupt binary input: output bytes must be identical to input bytes when no transformation flags are active.,117,False,1,complete,rel01.1,2,
srd006,srd006-cat,cmd/cat: Concatenate and Display Files,cmd/cat,R1.5,R1,Must not add or remove newlines from the input.,47,False,1,complete,rel01.1,2,
srd006,srd006-cat,cmd/cat: Concatenate and Display Files,cmd/cat,R2.1,R2,"-n must prepend a line number to every output line. The line number must be right-justified in a field of width 6, followed by a tab character and then the line content (format: ""%6d\t%s""). Line numbering resets to 1 at the start of each cat invocation, not per file.",267,False,1,complete,rel01.1,3,
srd006,srd006-cat,cmd/cat: Concatenate and Display Files,cmd/cat,R2.2,R2,-b must prepend a line number only to non-blank lines. Blank lines receive no number and no tab prefix. -b implies -n (activates line numbering) but overrides it by skipping blank lines.,186,False,1,complete,rel01.1,3,
srd006,srd006-cat,cmd/cat: Concatenate and Display Files,cmd/cat,R2.3,R2,"When -b and -n are both given, -b takes precedence (blank lines are not numbered). This matches cat.c:602 where number_nonblank overrides number.",145,False,1,complete,rel01.1,3,
srd006,srd006-cat,cmd/cat: Concatenate and Display Files,cmd/cat,R2.4,R2,A blank line is a line containing only a newline character (zero non-newline bytes). Lines with spaces or tabs are not blank.,125,False,1,complete,rel01.1,1,
srd006,srd006-cat,cmd/cat: Concatenate and Display Files,cmd/cat,R3.1,R3,"-s must suppress repeated blank lines: when two or more consecutive blank lines appear in the output, only one must be written. The first blank line is written; subsequent consecutive blank lines are discarded.",210,False,1,complete,rel01.1,3,
srd006,srd006-cat,cmd/cat: Concatenate and Display Files,cmd/cat,R3.2,R3,"-s must apply across file boundaries when multiple files are concatenated: if the last line of file A and the first line of file B are both blank, they count as consecutive blank lines.",185,False,1,complete,rel01.1,3,
srd006,srd006-cat,cmd/cat: Concatenate and Display Files,cmd/cat,R3.3,R3,"-s is compatible with -n and -b. When combined, squeezing is applied before numbering: the suppressed blank lines do not consume line numbers.",142,False,1,complete,rel01.1,4,
srd006,srd006-cat,cmd/cat: Concatenate and Display Files,cmd/cat,R4.1,R4,"-v must display non-printing characters using caret notation and M- prefix. Control characters (0x00-0x1F except 0x09 tab and 0x0A newline) must be shown as ^X where X is the character 64 positions higher (e.g., 0x01 -> ""^A"", 0x1B -> ""^[""). Characters in the range 0x80-0x9F must be shown as ""M-^X"". Characters in the range 0xA0-0xFE must be shown as ""M-X"" where X is the character minus 0x80. The DEL character (0x7F) must be shown as ""^?"". 0xFF must be shown as ""M-^?"".",471,False,1,uncertain,rel01.1,3,
srd006,srd006-cat,cmd/cat: Concatenate and Display Files,cmd/cat,R4.2,R4,-v must not alter tab (0x09) or newline (0x0A) characters. Those are the two control characters exempted from -v display.,121,False,1,uncertain,rel01.1,3,
srd006,srd006-cat,cmd/cat: Concatenate and Display Files,cmd/cat,R4.3,R4,"-E must append a ""$"" character before each newline in the output. The newline itself is still written after the ""$"".",116,False,1,uncertain,rel01.1,2,
srd006,srd006-cat,cmd/cat: Concatenate and Display Files,cmd/cat,R4.4,R4,"-T must display tab characters (0x09) as the two-character sequence ""^I"" rather than the tab character itself.",110,False,1,uncertain,rel01.1,2,
srd006,srd006-cat,cmd/cat: Concatenate and Display Files,cmd/cat,R4.5,R4,-A is equivalent to -v -E -T combined. All three transformations are active simultaneously.,91,False,1,uncertain,rel01.1,3,
srd006,srd006-cat,cmd/cat: Concatenate and Display Files,cmd/cat,R4.6,R4,"-e is equivalent to -v -E combined (show non-printing, show ends).",66,False,1,uncertain,rel01.1,3,
srd006,srd006-cat,cmd/cat: Concatenate and Display Files,cmd/cat,R4.7,R4,"-t is equivalent to -v -T combined (show non-printing, show tabs).",66,False,1,uncertain,rel01.1,3,
srd006,srd006-cat,cmd/cat: Concatenate and Display Files,cmd/cat,R4.8,R4,"-u is accepted but has no effect (cat.c:616: ""we provide the -u feature unconditionally""). The flag must not produce an error.",126,False,1,uncertain,rel01.1,2,
srd006,srd006-cat,cmd/cat: Concatenate and Display Files,cmd/cat,R4.9,R4,"Transformation flags are compatible with -n, -b, and -s. The order of application is: squeeze blanks (-s), then apply non-printing display (-v/-T), then append end-of-line marker (-E), then prepend line number (-n/-b).",218,False,1,complete,rel01.1,5,
srd006,srd006-cat,cmd/cat: Concatenate and Display Files,cmd/cat,R5.1,R5,Must exit 0 when all inputs are processed successfully.,55,False,1,complete,rel01.1,2,
srd006,srd006-cat,cmd/cat: Concatenate and Display Files,cmd/cat,R5.2,R5,Must exit 1 when any input file cannot be opened. The error message must be written to stderr. cat must continue processing remaining file arguments after the error.,165,False,1,complete,rel01.1,2,
srd006,srd006-cat,cmd/cat: Concatenate and Display Files,cmd/cat,R5.3,R5,"Must exit 1 when a write error occurs on stdout (e.g., SIGPIPE or full disk). The write error must be detected and reported; the process must not hang.",151,False,1,complete,rel01.1,2,
srd006,srd006-cat,cmd/cat: Concatenate and Display Files,cmd/cat,R5.4,R5,"Must not exit non-zero due to SIGPIPE when stdout is closed by a downstream consumer. At startup, install a SIGPIPE handler: use signal.Notify(c, syscall.SIGPIPE) with a buffered channel of size 1; in a dedicated goroutine call os.Exit(0) when the channel receives. Do not use signal.Ignore (deferred cleanup functions must not run on SIGPIPE, matching GNU behavior).
",368,False,1,complete,rel01.1,2,
srd007,srd007-sponge,cmd/sponge: Soak Stdin and Write to File,cmd/sponge,R1.1,R1,Must read all bytes from stdin before opening or creating the output file. Opening the output file before stdin is closed violates the core contract and is not permitted.,170,False,1,complete,rel01.2,4,
srd007,srd007-sponge,cmd/sponge: Soak Stdin and Write to File,cmd/sponge,R1.2,R1,"Must buffer stdin in memory using a dynamically grown buffer starting at 8192 bytes, doubling on overflow, matching sponge.c:BUFF_SIZE and the realloc loop at sponge.c:313-324.",176,False,1,complete,rel01.2,4,
srd007,srd007-sponge,cmd/sponge: Soak Stdin and Write to File,cmd/sponge,R1.3,R1,"When the in-memory buffer would exceed the available memory threshold (derived from physmem_available() in the reference; in Go, use runtime.MemStats or a fixed fraction of RLIMIT_DATA), must spill the current buffer to a temp file and continue reading. The spill must be transparent: the final output is still a single concatenated byte stream.",345,False,1,complete,rel01.2,3,
srd007,srd007-sponge,cmd/sponge: Soak Stdin and Write to File,cmd/sponge,R1.4,R1,"Must create the temp file in the directory specified by the TMPDIR environment variable, or ""/tmp"" if TMPDIR is not set. The temp file name must follow the pattern ""sponge.XXXXXX"" (mkstemp-style random suffix).",210,False,1,complete,rel01.2,3,
srd007,srd007-sponge,cmd/sponge: Soak Stdin and Write to File,cmd/sponge,R1.5,R1,"Must register a cleanup handler (atexit equivalent in Go: defer or os/signal) that deletes the temp file if the process exits or receives SIGINT, SIGTERM, SIGHUP, or SIGPIPE before the rename completes.",202,False,1,complete,rel01.2,3,
srd007,srd007-sponge,cmd/sponge: Soak Stdin and Write to File,cmd/sponge,R2.1,R2,"When an output filename is given, must attempt an atomic rename of the temp file to the output filename when the output file is a regular file or does not yet exist (sponge.c:371-373).",184,False,1,complete,rel01.2,1,
srd007,srd007-sponge,cmd/sponge: Soak Stdin and Write to File,cmd/sponge,R2.2,R2,"When the rename fails (e.g., cross-device move), must fall back to a byte-for-byte copy of the temp file content to the output file, then delete the temp file.",159,False,1,complete,rel01.2,1,
srd007,srd007-sponge,cmd/sponge: Soak Stdin and Write to File,cmd/sponge,R2.3,R2,"When the output file already exists, must preserve its file mode (permissions) by reading the mode via lstat before writing and applying it to the output file via chmod (sponge.c:338-346). When the output file does not exist, must apply the default mode 0666 masked by the process umask.",287,False,1,complete,rel01.2,1,
srd007,srd007-sponge,cmd/sponge: Soak Stdin and Write to File,cmd/sponge,R2.4,R2,"Must use lstat (not stat) to check whether the output path exists and is a regular file (sponge.c:332-333). This matters when the output path is a symlink: sponge must replace the symlink target, not follow it blindly.",218,False,1,complete,rel01.2,1,
srd007,srd007-sponge,cmd/sponge: Soak Stdin and Write to File,cmd/sponge,R2.5,R2,The output file must never be in a partially-written state observable by other processes. Either the rename succeeds atomically or the copy completes before the old file is removed.,181,False,1,complete,rel01.2,1,
srd007,srd007-sponge,cmd/sponge: Soak Stdin and Write to File,cmd/sponge,R3.1,R3,-a must cause sponge to prepend the existing content of the output file to the stdin content before writing. The result is: [original file content][stdin content] written to the output file.,190,False,1,complete,rel01.2,3,
srd007,srd007-sponge,cmd/sponge: Soak Stdin and Write to File,cmd/sponge,R3.2,R3,"-a applies only when the output file already exists and is a regular file. When the output file does not exist, -a behaves identically to the default mode (creates a new file with stdin content).",195,False,1,complete,rel01.2,3,
srd007,srd007-sponge,cmd/sponge: Soak Stdin and Write to File,cmd/sponge,R3.3,R3,"The prepend operation must copy the original file content into the temp file first, then append the stdin buffer to the temp file (sponge.c:352-357). The original file must be read before the temp file is renamed over it.",221,False,1,complete,rel01.2,2,
srd007,srd007-sponge,cmd/sponge: Soak Stdin and Write to File,cmd/sponge,R4.1,R4,"When no output filename is given, must write the buffered stdin content to stdout after stdin is fully consumed.",112,False,1,complete,rel01.2,2,
srd007,srd007-sponge,cmd/sponge: Soak Stdin and Write to File,cmd/sponge,R4.2,R4,"In passthrough mode with large input (temp file spill), must seek the temp file to the beginning and copy its content to stdout (sponge.c:403-406).",147,False,1,complete,rel01.2,1,
srd007,srd007-sponge,cmd/sponge: Soak Stdin and Write to File,cmd/sponge,R4.3,R4,"In passthrough mode with small input (buffer fits in memory), must write the in-memory buffer directly to stdout without creating or reading a temp file (sponge.c:408-411).",172,False,1,complete,rel01.2,1,
srd007,srd007-sponge,cmd/sponge: Soak Stdin and Write to File,cmd/sponge,R5.1,R5,Must exit 0 on success.,23,False,1,complete,rel01.2,1,
srd007,srd007-sponge,cmd/sponge: Soak Stdin and Write to File,cmd/sponge,R5.2,R5,"Must exit 1 when stdin cannot be read, when the temp file cannot be created or written, when the output file cannot be opened, or when the rename or copy fails. In all error cases, must print a descriptive error message to stderr via perror-equivalent before exiting.",267,False,1,complete,rel01.2,2,
srd007,srd007-sponge,cmd/sponge: Soak Stdin and Write to File,cmd/sponge,R5.3,R5,Must exit 1 when memory allocation fails (buffer realloc). Must print an error and exit rather than panicking.,110,False,1,complete,rel01.2,1,
srd007,srd007-sponge,cmd/sponge: Soak Stdin and Write to File,cmd/sponge,R5.4,R5,"Must clean up the temp file on exit in all error paths. The temp file must not persist after the process exits, whether due to success or failure.",146,False,1,complete,rel01.2,1,
srd007,srd007-sponge,cmd/sponge: Soak Stdin and Write to File,cmd/sponge,R6.1,R6,"Differential tests must compare the content of the output file (not stdout) after both the Go binary and the reference binary have exited, using file-content comparison provided by pkg/testutils.",195,False,1,complete,rel01.2,2,
srd007,srd007-sponge,cmd/sponge: Soak Stdin and Write to File,cmd/sponge,R6.2,R6,"Tests must cover: small stdin (fits in memory), large stdin (forces temp file spill, tested with input larger than 1 MB), append mode, passthrough mode (no filename), output file does not exist, output file already exists (mode preservation), and the cross-device rename fallback (tested by placing the output file on a different filesystem from TMPDIR).",354,False,1,complete,rel01.2,3,
srd008,srd008-ls,cmd/ls: File Listing,cmd/ls,R1.1,R1,"When stdout is a TTY and no format flag is given, must produce multi-column output sorted vertically (down columns, then across). Terminal width is obtained by calling pkg/sys.TerminalWidth() (int, error) — returns the current terminal column count via TIOCGWINSZ ioctl on stdout; returns an error when stdout is not a terminal. Entries are laid out by calling pkg/format.Columns(entries []string, termWidth int) [][]string — distributes entries into the maximum number of columns fitting within termWidth, with column widths computed as per-column maxima of entry lengths.
",574,False,1,complete,rel04.0,3,
srd008,srd008-ls,cmd/ls: File Listing,cmd/ls,R1.2,R1,"When stdout is not a TTY (pipe, file redirect) and no format flag is given, must produce single-column output with one entry per line. This matches GNU ls behavior (ls.c detects stdout is not a TTY and sets format to single-column).",232,False,1,complete,rel04.0,3,
srd008,srd008-ls,cmd/ls: File Listing,cmd/ls,R1.3,R1,Must sort entries in the C locale order (LC_COLLATE=C). Differential tests must set LC_ALL=C to eliminate locale-dependent sort divergence.,139,False,1,complete,rel04.0,5,
srd008,srd008-ls,cmd/ls: File Listing,cmd/ls,R1.4,R1,"Must not list entries whose names start with ""."" unless -a or -A is given. This is the default filter behavior matching GNU ls.",127,False,1,complete,rel04.0,4,
srd008,srd008-ls,cmd/ls: File Listing,cmd/ls,R1.5,R1,-1 must produce single-column output with one entry per line regardless of whether stdout is a TTY. This overrides the default multi-column layout.,147,False,1,complete,rel04.0,3,
srd008,srd008-ls,cmd/ls: File Listing,cmd/ls,R1.6,R1,"-l flag skeleton and permission string. When -l is given, produce long-format output. Field order (left to right): permissions (10 chars), nlink, owner, group, size, mtime, name. Fields separated by a single space. Numeric fields (nlink, size) are right-aligned in columns wide enough for the largest value in the listing.

Permission string algorithm (10 characters):
- Position 0 (file type): 'd' for directory (fi.Mode&os.ModeDir != 0), 'l' for symlink (fi.Mode&os.ModeSymlink != 0), 'c' for char device (fi.Mode&os.ModeDevice != 0 && fi.Mode&os.ModeCharDevice != 0), 'b' for block device (fi.Mode&os.ModeDevice != 0 && fi.Mode&os.ModeCharDevice == 0), 'p' for FIFO (fi.Mode&os.ModeNamedPipe != 0), 's' for socket (fi.Mode&os.ModeSocket != 0), '-' for regular file.
- Positions 1-3 (owner rwx): 'r'/'- ' for bit 0o400, 'w'/'-' for 0o200, 'x'/'-' for 0o100. If setuid (fi.Mode&os.ModeSetuid != 0): replace 'x' with 's', or replace '-' with 'S'.
- Positions 4-6 (group rwx): bits 0o040, 0o020, 0o010. If setgid (fi.Mode&os.ModeSetgid != 0): replace 'x' with 's', or replace '-' with 'S'.
- Positions 7-9 (other rwx): bits 0o004, 0o002, 0o001. If sticky (fi.Mode&os.ModeSticky != 0): replace 'x' with 't', or replace '-' with 'T'.
",1231,False,1,complete,rel04.0,4,
srd008,srd008-ls,cmd/ls: File Listing,cmd/ls,R1.7,R1,"File metadata via pkg/sys.Lstat. Obtain metadata for each listed entry by calling pkg/sys.Lstat(path string) (*sys.FileInfo, error) — does not follow symbolic links; returns the symlink's own metadata when path is a symlink.

sys.FileInfo struct (embedded here for reference):
  type FileInfo struct {
      Mode    os.FileMode // file mode and type bits
      Size    int64       // apparent file size in bytes (st_size)
      Nlink   uint64      // hard-link count (st_nlink)
      Uid     uint32      // owner user ID (st_uid)
      Gid     uint32      // owner group ID (st_gid)
      Rdev    uint64      // device ID for special files (st_rdev)
      Dev     uint64      // device ID of the containing filesystem (st_dev)
      Ino     uint64      // inode number (st_ino)
      Blocks  int64       // number of 512-byte blocks allocated (st_blocks)
      Blksize int64       // preferred I/O block size (st_blksize)
      ModTime time.Time   // modification time
      Sys     os.FileInfo // underlying os.FileInfo
  }

In long format: print fi.Nlink (uint64) right-aligned; print fi.Size (int64, bytes) right-aligned. Both columns sized to the widest value across all listed entries.
",1191,True,1,complete,rel04.0,3,
srd008,srd008-ls,cmd/ls: File Listing,cmd/ls,R1.8,R1,"Owner and group name resolution in long format. Resolve owner name by calling os/user.LookupId(strconv.Itoa(int(fi.Uid))); on success use u.Username; on error (user not found or lookup fails) fall back to strconv.FormatUint(uint64(fi.Uid), 10). Resolve group name by calling os/user.LookupGroupId(strconv.Itoa(int(fi.Gid))); on success use g.Name; on error fall back to strconv.FormatUint(uint64(fi.Gid), 10). Owner and group fields are left-padded to column width for alignment.
",480,False,1,complete,rel04.0,3,
srd008,srd008-ls,cmd/ls: File Listing,cmd/ls,R1.9,R1,"Modification time formatting in long format. Use fi.ModTime (time.Time from sys.FileInfo). If time.Since(fi.ModTime) < 6*30*24*time.Hour (approximately six months), format as fi.ModTime.Format(""Jan _2 15:04""). Otherwise format as fi.ModTime.Format(""Jan _2  2006""). Both patterns produce a 12-character field.
",309,False,1,complete,rel04.0,3,
srd008,srd008-ls,cmd/ls: File Listing,cmd/ls,R1.10,R1,"Total block count line and symlink display. Before the directory listing, print ""total N\n"" where N = sum(fi.Blocks for all listed entries) / 2. The division converts 512-byte st_blocks units to 1K-block units matching GNU ls. N is a plain integer (no trailing suffix) unless -h is active (see R3).

Symlink display: when fi.Mode&os.ModeSymlink != 0, read the link target with os.Readlink(path) and append "" -> "" + target to the entry name field. Use Lstat (not Stat) so the symlink's own fi.Size and fi.Nlink are used, not the target's.
",538,False,1,complete,rel04.0,3,
srd008,srd008-ls,cmd/ls: File Listing,cmd/ls,R1.11,R1,"-C must force multi-column output regardless of whether stdout is a TTY. Layout uses pkg/format.Columns(entries []string, termWidth int) [][]string. When stdout is not a TTY, -C must use a default width of 80 columns (matching GNU ls behavior when stdout is not a TTY and -C is given without -w).
",297,False,1,complete,rel04.0,4,
srd008,srd008-ls,cmd/ls: File Listing,cmd/ls,R1.12,R1,"-C must sort entries vertically (down columns, then across to the next column). This is the same sort direction as the default multi-column mode in R1.1.",153,False,1,complete,rel04.0,4,
srd008,srd008-ls,cmd/ls: File Listing,cmd/ls,R1.13,R1,"-x must produce multi-column output with entries sorted horizontally (across columns, then down to the next row). This differs from -C which sorts vertically.",158,False,1,complete,rel04.0,7,
srd008,srd008-ls,cmd/ls: File Listing,cmd/ls,R1.14,R1,"-C and -x are mutually exclusive with -l and -1. If -l or -1 appears after -C or -x on the command line, it overrides the multi-column mode. If -C or -x appears after -l or -1, it overrides the long or single-column format. The last format flag wins, matching GNU ls behavior.",276,False,1,complete,rel04.0,6,
srd008,srd008-ls,cmd/ls: File Listing,cmd/ls,R2.1,R2,"-a must include entries whose names start with ""."" including the special entries ""."" and "".."" in the listing.",109,False,1,complete,rel04.0,2,
srd008,srd008-ls,cmd/ls: File Listing,cmd/ls,R2.2,R2,"-A must include entries whose names start with ""."" except for ""."" and "".."". -A is the ""almost all"" filter.",106,False,1,complete,rel04.0,2,
srd008,srd008-ls,cmd/ls: File Listing,cmd/ls,R2.3,R2,"-d must list directory entries themselves rather than their contents. When a directory is given as an argument with -d, must print the directory name (or its long-format entry with -l) without descending into it.",212,False,1,uncertain,rel04.0,3,
srd008,srd008-ls,cmd/ls: File Listing,cmd/ls,R2.4,R2,"When both -a and -A are given, the last one on the command line takes precedence, matching GNU ls behavior.",107,False,1,uncertain,rel04.0,2,
srd008,srd008-ls,cmd/ls: File Listing,cmd/ls,R2.5,R2,"-t must sort entries by modification time, newest first. Obtain metadata via pkg/sys.Lstat(path string) (*sys.FileInfo, error); use sys.FileInfo.ModTime time.Time for comparison (fi.ModTime.After(fj.ModTime) for newest-first ordering). Entries with the same modification time must be sorted by name in C locale order as a tiebreaker.
",334,False,1,uncertain,rel04.0,2,
srd008,srd008-ls,cmd/ls: File Listing,cmd/ls,R2.6,R2,"-S must sort entries by file size (st_size), largest first. Obtain file size from sys.FileInfo.Size int64 — apparent file size in bytes (st_size). Entries with the same size must be sorted by name in C locale order as a tiebreaker.
",232,False,1,uncertain,rel04.0,2,
srd008,srd008-ls,cmd/ls: File Listing,cmd/ls,R2.7,R2,"-r must reverse the current sort order. -r applies to whichever sort is active (name sort by default, -t for time, -S for size, -v for version). -r with the default sort produces reverse alphabetical order.",206,False,1,complete,rel04.0,5,
srd008,srd008-ls,cmd/ls: File Listing,cmd/ls,R2.8,R2,"-U must disable sorting entirely and list entries in directory order (the order returned by readdir). -U overrides -t, -S, and -v. -r with -U has no defined effect (directory order is not reversible in a meaningful way), but must be accepted without error.",256,False,1,complete,rel04.0,5,
srd008,srd008-ls,cmd/ls: File Listing,cmd/ls,R2.9,R2,"-v must sort entries using natural version sort semantics (strverscmp behavior). Runs of digits within filenames are compared numerically rather than lexicographically, so ""file2"" sorts before ""file10"". Must be implemented without external libraries.",250,False,1,complete,rel04.0,2,
srd008,srd008-ls,cmd/ls: File Listing,cmd/ls,R2.10,R2,"When multiple sort flags are given, the last one on the command line takes precedence, matching GNU ls behavior.",112,False,1,complete,rel04.0,1,
srd008,srd008-ls,cmd/ls: File Listing,cmd/ls,R2.11,R2,"-i must prepend the inode number of each entry before the entry name (or before the permissions in -l mode). Obtain the inode number via pkg/sys.Lstat(path string) (*sys.FileInfo, error) and read sys.FileInfo.Ino uint64 — inode number (st_ino). The inode number is right-aligned in a column wide enough for the largest inode in the listing.
",341,False,1,complete,rel04.0,3,
srd008,srd008-ls,cmd/ls: File Listing,cmd/ls,R2.12,R2,"-s must prepend the allocated block count for each entry before the entry name (or before the permissions in -l mode). Obtain the block count via pkg/sys.Lstat(path string) (*sys.FileInfo, error) and read sys.FileInfo.Blocks int64 — number of 512-byte blocks allocated (st_blocks). Report in 1024-byte block units: fi.Blocks / 2. The block count is right-aligned in a column wide enough for the largest count in the listing.
",425,False,1,complete,rel04.0,3,
srd008,srd008-ls,cmd/ls: File Listing,cmd/ls,R2.13,R2,"-s with -l must also modify the ""total N"" line to include block counts in the selected unit. The total is the sum of all listed entries' block allocations.",155,False,1,complete,rel04.0,3,
srd008,srd008-ls,cmd/ls: File Listing,cmd/ls,R2.14,R2,"-n must activate long format (implies -l) and display numeric UID and GID instead of resolving owner and group names. Format UID as strconv.FormatUint(uint64(fi.Uid), 10) and GID as strconv.FormatUint(uint64(fi.Gid), 10), where fi.Uid uint32 and fi.Gid uint32 come from pkg/sys.Lstat. Do not call os/user.LookupId or os/user.LookupGroupId.
",340,False,1,complete,rel04.0,3,
srd008,srd008-ls,cmd/ls: File Listing,cmd/ls,R2.15,R2,"-i and -s may be combined. When both are given, inode is printed first, then block count, then the entry (or the long-format fields).",133,False,1,complete,rel04.0,3,
srd008,srd008-ls,cmd/ls: File Listing,cmd/ls,R3.1,R3,"Must support --color=always, --color=auto, and --color=never. When --color is given without a value, it must default to ""always"".",129,False,1,complete,rel04.0,3,
srd008,srd008-ls,cmd/ls: File Listing,cmd/ls,R3.2,R3,"--color=auto must colorize output only when stdout is a TTY. TTY detection: call pkg/sys.IsTerminal(os.Stdout) — returns true when os.Stdout's file descriptor is a terminal (detected via golang.org/x/sys/unix.IoctlGetWinsize with TIOCGWINSZ), false otherwise. When stdout is not a TTY, --color=auto must behave like --color=never.
",331,False,1,complete,rel04.0,3,
srd008,srd008-ls,cmd/ls: File Listing,cmd/ls,R3.3,R3,"Colorized output uses GNU LS_COLORS default color assignments via pkg/format. Call pkg/format.FileTypeColor(mode os.FileMode) string to obtain the ANSI escape sequence for a given file type, and pkg/format.Reset() string for the reset sequence. Executable detection: fi.Mode&0o111 != 0 (any execute bit set). Each entry name is wrapped as: colorCode + name + resetCode. When color is suppressed, both codes are empty strings so no ANSI sequences appear in output.

Set the process-global color mode based on the --color flag value: call pkg/format.SetColorEnabled(true) for --color=always, pkg/format.SetColorEnabled(false) for --color=never. For --color=auto, call pkg/sys.IsTerminal(os.Stdout.Fd()) and pass the result to pkg/format.SetColorEnabled. When color is disabled, pkg/format.FileTypeColor returns empty strings.
",824,False,1,complete,rel04.0,3,
srd008,srd008-ls,cmd/ls: File Listing,cmd/ls,R3.4,R3,"When --color=never or when color is suppressed (non-TTY with auto), must not emit any ANSI escape sequences in the output.",122,False,1,complete,rel04.0,3,
srd008,srd008-ls,cmd/ls: File Listing,cmd/ls,R3.5,R3,"-h must only take effect with -l (long format). When -h is given with -l, file sizes (fi.Size int64) must be displayed via pkg/format.HumanSize(bytes int64, opts HumanSizeOpts) string with opts.Binary = true (1024-base units, suffixes K/M/G/T/P/E). Without -l, -h must have no visible effect on output.
",303,False,1,complete,rel04.0,2,
srd008,srd008-ls,cmd/ls: File Listing,cmd/ls,R3.6,R3,"-h must also apply to the ""total N"" block count line in long format. When -h is active, convert the total block count (sum(fi.Blocks)/2 as int64) to a human-readable string using the same binary algorithm before printing ""total X\n"".",233,False,1,complete,rel04.0,1,
srd008,srd008-ls,cmd/ls: File Listing,cmd/ls,R3.7,R3,"-h must apply to -s block counts when both -s and -h are given, converting
block counts to human-readable form. Use pkg/format.HumanSize(bytes int64,
opts HumanSizeOpts) string with opts.Binary = true, consistent with R3.5.
Do not duplicate the HumanSize algorithm inline.
",273,False,1,complete,rel04.0,2,
srd008,srd008-ls,cmd/ls: File Listing,cmd/ls,R3.8,R3,"-F must append a type indicator character after each entry name. The indicators are ""/"" for directories, ""*"" for executable regular files, ""@"" for symbolic links, ""|"" for named pipes (FIFOs), ""="" for sockets. Regular non-executable files receive no indicator.",259,False,1,complete,rel04.0,2,
srd008,srd008-ls,cmd/ls: File Listing,cmd/ls,R3.9,R3,"Executable is defined as having any execute bit set (owner, group, or other) in the file's permission mode.",107,False,1,complete,rel04.0,1,
srd008,srd008-ls,cmd/ls: File Listing,cmd/ls,R3.10,R3,"-F must work with all output formats (-l, -1, -C, -x) and with color output. When color is enabled, the indicator character is printed after the ANSI reset sequence so it is not colorized.",188,False,1,complete,rel04.0,5,
srd008,srd008-ls,cmd/ls: File Listing,cmd/ls,R3.11,R3,"-R must recursively list the contents of each subdirectory encountered during the listing. Each subdirectory's contents are printed under a header line in the format ""PATH:"" followed by a blank line, then the directory contents, then a blank line before the next entry.",269,False,1,complete,rel04.0,2,
srd008,srd008-ls,cmd/ls: File Listing,cmd/ls,R3.12,R3,"-R must respect the current format mode. With -l, each subdirectory's contents are listed in long format including the ""total N"" block line. With -C or default mode, each subdirectory's contents use multi-column layout.",219,False,1,complete,rel04.0,4,
srd008,srd008-ls,cmd/ls: File Listing,cmd/ls,R3.13,R3,-R must not follow symbolic links to directories. Only real subdirectories are recursed into.,93,False,1,complete,rel04.0,2,
srd008,srd008-ls,cmd/ls: File Listing,cmd/ls,R3.14,R3,"-R must apply the current filter flags (-a, -A) to each subdirectory. Dotfiles in subdirectories are shown only if -a or -A is given.",133,False,1,complete,rel04.0,3,
srd008,srd008-ls,cmd/ls: File Listing,cmd/ls,R3.15,R3,"-R must list directories in the same sort order as entries within a directory. If -t is active, subdirectories are recursed into in modification-time order.",156,False,1,complete,rel04.0,3,
srd008,srd008-ls,cmd/ls: File Listing,cmd/ls,R4.1,R4,Must exit 0 when all listed paths are accessed and output is written successfully.,82,False,1,complete,rel04.0,2,
srd008,srd008-ls,cmd/ls: File Listing,cmd/ls,R4.2,R4,"Must exit 1 when a minor problem occurs, such as failing to access a file or directory given as an argument (e.g., permission denied, file not found). Must still list the remaining accessible entries before exiting. Must print a diagnostic to stderr for each inaccessible entry.",278,False,1,complete,rel04.0,2,
srd008,srd008-ls,cmd/ls: File Listing,cmd/ls,R4.3,R4,"Must exit 2 when a serious problem occurs, such as an invalid command-line option. This matches GNU ls (ls.c:5638 exit(status) where status is set to EXIT_FAILURE=2 for bad options at ls.c:2026).",195,False,1,complete,rel04.0,2,
srd008,srd008-ls,cmd/ls: File Listing,cmd/ls,R4.4,R4,"Must install a SIGPIPE handler at startup so that piping ls output to head or other truncating consumers does not produce a broken-pipe error message. Implementation: call pkg/sys.InstallSIGPIPEHandler() — this uses signal.Notify(c, syscall.SIGPIPE) with a buffered channel of size 1; a dedicated goroutine calls os.Exit(0) when the channel receives. Must not use signal.Ignore (deferred cleanup functions must not run on SIGPIPE, matching GNU ls behavior).
",458,False,1,complete,rel04.0,2,
srd008,srd008-ls,cmd/ls: File Listing,cmd/ls,R4.5,R4,Must install a SIGWINCH handler via pkg/sys.OnTerminalResize(callback func(width int)) that re-queries the terminal width and updates the column layout. pkg/sys.OnTerminalResize registers a SIGWINCH listener that calls pkg/sys.TerminalWidth() and invokes the callback with the new width; multiple callbacks may be registered. This allows ls to adapt column layout if the terminal is resized during a long listing.,413,False,1,complete,rel04.0,1,
srd008,srd008-ls,cmd/ls: File Listing,cmd/ls,R4.6,R4,"-n implies -l. When -n is given without -l, the output must be in long format with numeric UID/GID.",99,False,1,complete,rel04.0,3,
srd008,srd008-ls,cmd/ls: File Listing,cmd/ls,R4.7,R4,-C and -x are mutually exclusive with -l and -1. The last format flag on the command line wins (see R1.14).,107,False,1,complete,rel04.0,4,
srd008,srd008-ls,cmd/ls: File Listing,cmd/ls,R4.8,R4,"-R with -l must produce a ""total N"" block line for each subdirectory listing, matching GNU ls -lR output.",105,False,1,complete,rel04.0,3,
srd008,srd008-ls,cmd/ls: File Listing,cmd/ls,R4.9,R4,"-i, -s, and -F may all be combined with -R. Each subdirectory listing applies the same metadata display and classification options.",131,False,1,complete,rel04.0,5,
srd009,srd009-du,cmd/du: Recursive Directory Disk Usage,cmd/du,R1.1,R1,"Must recurse into each directory argument and print the accumulated size and path for each subdirectory and the directory itself. When no arguments are given, must default to the current directory (""."").",203,False,1,complete,rel01.3,2,
srd009,srd009-du,cmd/du: Recursive Directory Disk Usage,cmd/du,R1.2,R1,"Must report sizes in 1024-byte (1K) block units by default. Each entry's size is fi.Blocks / 2 where fi.Blocks (int64) is the number of 512-byte blocks allocated (st_blocks from syscall.Stat_t). Obtain metadata via pkg/sys.Stat(path string) (*sys.FileInfo, error) — follows symbolic links. sys.FileInfo.Blocks int64 holds the 512-byte block count.

sys.FileInfo struct (embedded for reference):
  type FileInfo struct {
      Mode    os.FileMode
      Size    int64       // apparent file size in bytes (st_size)
      Nlink   uint64      // hard-link count (st_nlink)
      Uid     uint32      // owner user ID (st_uid)
      Gid     uint32      // owner group ID (st_gid)
      Rdev    uint64      // device ID for special files (st_rdev)
      Dev     uint64      // device ID of the containing filesystem (st_dev)
      Ino     uint64      // inode number (st_ino)
      Blocks  int64       // 512-byte blocks allocated (st_blocks)
      Blksize int64       // preferred I/O block size
      ModTime time.Time   // modification time
      Sys     os.FileInfo // underlying os.FileInfo
  }
",1093,True,1,complete,rel01.3,3,
srd009,srd009-du,cmd/du: Recursive Directory Disk Usage,cmd/du,R1.3,R1,"Must print one line per entry in the format ""SIZE\tPATH\n"" where SIZE is a right-aligned integer (no leading spaces) and PATH is the relative path as given by the directory traversal.",183,False,1,complete,rel01.3,2,
srd009,srd009-du,cmd/du: Recursive Directory Disk Usage,cmd/du,R1.4,R1,"Must not follow symbolic links during traversal. Use pkg/sys.Lstat(path string) (*sys.FileInfo, error) — does not follow symbolic links; returns the symlink's own metadata. pkg/sys.Lstat has the same return type as pkg/sys.Stat (see R1.2 for sys.FileInfo definition).",267,False,1,complete,rel01.3,3,
srd009,srd009-du,cmd/du: Recursive Directory Disk Usage,cmd/du,R1.5,R1,Must process multiple directory arguments in the order given on the command line. Each argument is traversed independently.,123,False,1,complete,rel01.3,2,
srd009,srd009-du,cmd/du: Recursive Directory Disk Usage,cmd/du,R2.1,R2,"-h must display sizes as human-readable strings using binary mode (1024-based) via pkg/format.HumanSize(bytes int64, opts HumanSizeOpts) string with opts.Binary = true (1024-base units, suffixes K/M/G/T/P/E). -h applies to all output lines including the grand total line when -c is also given.
",294,False,1,complete,rel01.3,3,
srd009,srd009-du,cmd/du: Recursive Directory Disk Usage,cmd/du,R2.2,R2,"-s must print only one line per argument with the total size of that argument. When -s is given, subdirectory lines must not be printed. -s is equivalent to --max-depth=0.",171,False,1,complete,rel01.3,2,
srd009,srd009-du,cmd/du: Recursive Directory Disk Usage,cmd/du,R2.3,R2,"-a must print a size line for every file encountered during traversal, not just directories. Without -a, only directory entries are printed (the default).",154,False,1,complete,rel01.3,1,
srd009,srd009-du,cmd/du: Recursive Directory Disk Usage,cmd/du,R2.4,R2,-d N (and the long form --max-depth=N) must limit the depth of reported entries. Depth 0 means only the argument itself (equivalent to -s). Depth 1 means the argument and its immediate children. Files and directories deeper than N are accumulated into their parent's total but not printed as separate lines.,307,False,1,complete,rel01.3,3,
srd009,srd009-du,cmd/du: Recursive Directory Disk Usage,cmd/du,R2.5,R2,"-k must report sizes in 1024-byte blocks. Since 1K is already the default, -k has no visible effect but must be accepted without error for compatibility.",153,False,1,complete,rel01.3,3,
srd009,srd009-du,cmd/du: Recursive Directory Disk Usage,cmd/du,R2.6,R2,"-m must report sizes in 1048576-byte (1M) blocks. Each entry's st_blocks value is converted from 512-byte blocks to 1M blocks, rounding up.",139,False,1,complete,rel01.3,1,
srd009,srd009-du,cmd/du: Recursive Directory Disk Usage,cmd/du,R2.7,R2,"-c must print a grand total line after all arguments are processed. The grand total line has the format ""SIZE\ttotal\n"" where SIZE is the sum of all argument totals.",165,False,1,complete,rel01.3,2,
srd009,srd009-du,cmd/du: Recursive Directory Disk Usage,cmd/du,R2.8,R2,"--apparent-size must report file sizes using st_size (the apparent file size in bytes) instead of st_blocks (the physical block allocation). The apparent size is then converted to the selected block unit (1K by default, or as overridden by -k, -m, or -h). Obtains st_size from the os.FileInfo.Size() method.",307,False,1,complete,rel01.3,4,
srd009,srd009-du,cmd/du: Recursive Directory Disk Usage,cmd/du,R3.1,R3,"Must track files by their device number (st_dev) and inode number (st_ino) across the entire du invocation. A file that has already been counted (same st_dev and st_ino) must not be counted again. This prevents double-counting hard-linked files, matching GNU du behavior (du.c:554 inode tracking via hash table).",312,False,1,complete,rel01.3,1,
srd009,srd009-du,cmd/du: Recursive Directory Disk Usage,cmd/du,R3.2,R3,"Must obtain dev and ino via pkg/sys.Stat or pkg/sys.Lstat (see R1.2 for sys.FileInfo). Use sys.FileInfo.Dev uint64 (device ID of the containing filesystem, st_dev) and sys.FileInfo.Ino uint64 (inode number, st_ino) as the deduplication key. The map is keyed by a struct{ Dev, Ino uint64 } pair.",294,False,1,complete,rel01.3,1,
srd009,srd009-du,cmd/du: Recursive Directory Disk Usage,cmd/du,R3.3,R3,"Hard-link deduplication applies per du invocation, not per argument. A hard-linked file counted under one argument must not be counted again under a subsequent argument.",169,False,1,complete,rel01.3,1,
srd009,srd009-du,cmd/du: Recursive Directory Disk Usage,cmd/du,R4.1,R4,Must exit 0 when all arguments are traversed and reported successfully.,71,False,1,complete,rel01.3,2,
srd009,srd009-du,cmd/du: Recursive Directory Disk Usage,cmd/du,R4.2,R4,"Must exit 1 when any error occurs during traversal (cannot stat a file, cannot read a directory, permission denied). Must print a diagnostic to stderr for each error and continue processing remaining entries and arguments before exiting.",237,False,1,complete,rel01.3,2,
srd009,srd009-du,cmd/du: Recursive Directory Disk Usage,cmd/du,R5.1,R5,"Must install a SIGPIPE handler at startup by calling pkg/sys.InstallSIGPIPEHandler() so that piping du output to head or other truncating consumers does not produce a broken-pipe error message. InstallSIGPIPEHandler uses signal.Notify(c, syscall.SIGPIPE) with a buffered channel; a goroutine calls os.Exit(0) on receipt. Must not use signal.Ignore.",348,False,1,complete,rel01.3,2,
srd011,srd011-magefiles,magefiles: Build Lifecycle Targets (scaffold-provided),magefiles,R1.1,R1,"mage build compiles every package under cmd/ to a binary in the directory
specified by configuration.yaml project.binary_dir (default: bin/). Provided
by cobbler-scaffold orchestrator.
",185,False,1,complete,rel00.0,1,
srd011,srd011-magefiles,magefiles: Build Lifecycle Targets (scaffold-provided),magefiles,R2.1,R2,"mage lint runs golangci-lint on all Go source directories listed in
configuration.yaml project.go_source_dirs. Provided by cobbler-scaffold
orchestrator.
",154,False,1,complete,rel00.0,1,
srd011,srd011-magefiles,magefiles: Build Lifecycle Targets (scaffold-provided),magefiles,R3.1,R3,"mage clean removes the binary_dir and all its contents. If the directory
does not exist, the target succeeds silently. Provided by cobbler-scaffold
orchestrator.
",162,False,1,complete,rel00.0,1,
srd011,srd011-magefiles,magefiles: Build Lifecycle Targets (scaffold-provided),magefiles,R4.1,R4,"mage install runs go install for every package under cmd/. Provided by
cobbler-scaffold orchestrator.
",102,False,1,complete,rel00.0,1,
srd011,srd011-magefiles,magefiles: Build Lifecycle Targets (scaffold-provided),magefiles,R5.1,R5,"configuration.yaml project section must contain module_path, binary_dir,
go_source_dirs, and magefiles_dir fields. Populated by mage scaffold:push.
",148,False,1,complete,rel00.0,1,
srd012,srd012-yes,cmd/yes: Repeatedly Output a String,cmd/yes,R1.1,R1,"When no arguments are given, must output ""y"" followed by a newline, repeatedly, until the process is killed or a write error occurs on stdout.",142,False,1,complete,rel02.0,1,
srd012,srd012-yes,cmd/yes: Repeatedly Output a String,cmd/yes,R1.2,R1,"When one or more arguments are given, must join them with a single space character and output the resulting string followed by a newline, repeatedly.",149,False,1,complete,rel02.0,1,
srd012,srd012-yes,cmd/yes: Repeatedly Output a String,cmd/yes,R1.3,R1,"Arguments beginning with ""-"" must be passable using the ""--"" separator to prevent misinterpretation as flags (e.g., ""yes -- --help"" outputs ""--help"" repeatedly).",161,False,1,complete,rel02.0,2,
srd012,srd012-yes,cmd/yes: Repeatedly Output a String,cmd/yes,R1.4,R1,Must not read from stdin. All output goes to stdout.,52,False,1,complete,rel02.0,1,
srd012,srd012-yes,cmd/yes: Repeatedly Output a String,cmd/yes,R2.1,R2,"Must buffer output to avoid per-line write syscalls. Use a bufio.Writer with a buffer of at least 8192 bytes or write in fixed-size blocks, matching the GNU implementation's approach of filling a large output buffer before calling write().",239,False,1,complete,rel02.0,1,
srd012,srd012-yes,cmd/yes: Repeatedly Output a String,cmd/yes,R2.2,R2,Must flush the output buffer before exiting on a write error so that the last partial buffer is delivered to the pipe reader.,125,False,1,complete,rel02.0,1,
srd012,srd012-yes,cmd/yes: Repeatedly Output a String,cmd/yes,R3.1,R3,Must exit 0 when terminated by SIGPIPE (the normal case when piped to a program that closes its stdin).,103,False,1,complete,rel02.0,1,
srd012,srd012-yes,cmd/yes: Repeatedly Output a String,cmd/yes,R3.2,R3,Must exit 1 when a write error other than EPIPE occurs on stdout.,65,False,1,complete,rel02.0,1,
srd012,srd012-yes,cmd/yes: Repeatedly Output a String,cmd/yes,R3.3,R3,Must handle SIGPIPE gracefully without printing an error message to stderr. The default Go SIGPIPE behavior (exit silently) is acceptable if it matches the reference binary's exit code.,185,False,1,complete,rel02.0,1,
srd012,srd012-yes,cmd/yes: Repeatedly Output a String,cmd/yes,R4.1,R4,"Differential tests must pipe the output of both the Go binary and the reference binary through ""head -n N"" and compare the captured output byte-for-byte via pkg/testutils.",171,False,1,complete,rel02.0,5,
srd012,srd012-yes,cmd/yes: Repeatedly Output a String,cmd/yes,R4.2,R4,"Tests must cover: no arguments (default 'y'), single argument, multiple arguments joined with spaces, arguments after '--' separator, and empty string argument.",160,False,1,complete,rel02.0,1,
srd012,srd012-yes,cmd/yes: Repeatedly Output a String,cmd/yes,R4.3,R4,Tests must verify exit code behavior when stdout is closed early (SIGPIPE case).,80,False,1,complete,rel02.0,1,
srd013,srd013-true,cmd/true: Exit Successfully,cmd/true,R1.1,R1,Must exit with status 0 when invoked with no arguments.,55,False,1,complete,rel02.0,4,
srd013,srd013-true,cmd/true: Exit Successfully,cmd/true,R1.2,R1,"Must exit with status 0 when invoked with any arguments, ignoring them entirely. Arguments are not parsed, validated, or acted upon.",132,False,1,complete,rel02.0,4,
srd013,srd013-true,cmd/true: Exit Successfully,cmd/true,R1.3,R1,Must not read from stdin. Must not write to stdout or stderr under normal operation (no arguments or unrecognized arguments).,125,False,1,complete,rel02.0,3,
srd013,srd013-true,cmd/true: Exit Successfully,cmd/true,R2.1,R2,"When --help is the first argument, must print a usage message to stdout and exit 0.",83,False,1,complete,rel02.0,2,
srd013,srd013-true,cmd/true: Exit Successfully,cmd/true,R2.2,R2,"When --version is the first argument, must print version information to stdout and exit 0.",90,False,1,complete,rel02.0,2,
srd013,srd013-true,cmd/true: Exit Successfully,cmd/true,R2.3,R2,"If a write error occurs while printing --help or --version output, must exit 1.",79,False,1,complete,rel02.0,2,
srd013,srd013-true,cmd/true: Exit Successfully,cmd/true,R3.1,R3,Must exit 0 in all cases except a write error during --help or --version output.,80,False,1,complete,rel02.0,2,
srd013,srd013-true,cmd/true: Exit Successfully,cmd/true,R3.2,R3,Must not exit with any status other than 0 or 1.,48,False,1,complete,rel02.0,2,
srd013,srd013-true,cmd/true: Exit Successfully,cmd/true,R4.1,R4,Differential tests must compare exit codes between the Go binary and the reference binary via pkg/testutils.,108,False,1,complete,rel02.0,3,
srd013,srd013-true,cmd/true: Exit Successfully,cmd/true,R4.2,R4,"Tests must cover: no arguments, arbitrary arguments (ignored), --help output, and --version output.",99,False,1,complete,rel02.0,2,
srd013,srd013-true,cmd/true: Exit Successfully,cmd/true,R4.3,R4,Tests must verify that no output is produced on stdout or stderr when invoked without --help or --version.,106,False,1,complete,rel02.0,2,
srd014,srd014-false,cmd/false: Exit Unsuccessfully,cmd/false,R1.1,R1,Must exit with status 1 when invoked with no arguments.,55,False,1,complete,rel02.0,4,
srd014,srd014-false,cmd/false: Exit Unsuccessfully,cmd/false,R1.2,R1,"Must exit with status 1 when invoked with any arguments, ignoring them entirely. Arguments are not parsed, validated, or acted upon.",132,False,1,complete,rel02.0,4,
srd014,srd014-false,cmd/false: Exit Unsuccessfully,cmd/false,R1.3,R1,Must not read from stdin. Must not write to stdout or stderr under normal operation (no arguments or unrecognized arguments).,125,False,1,complete,rel02.0,3,
srd014,srd014-false,cmd/false: Exit Unsuccessfully,cmd/false,R2.1,R2,"When --help is the first argument, must print a usage message to stdout and exit 0.",83,False,1,complete,rel02.0,2,
srd014,srd014-false,cmd/false: Exit Unsuccessfully,cmd/false,R2.2,R2,"When --version is the first argument, must print version information to stdout and exit 0.",90,False,1,complete,rel02.0,2,
srd014,srd014-false,cmd/false: Exit Unsuccessfully,cmd/false,R2.3,R2,"If a write error occurs while printing --help or --version output, must exit 1.",79,False,1,complete,rel02.0,2,
srd014,srd014-false,cmd/false: Exit Unsuccessfully,cmd/false,R3.1,R3,Must exit 1 in all cases except when --help or --version is given and output succeeds (exit 0).,95,False,1,complete,rel02.0,2,
srd014,srd014-false,cmd/false: Exit Unsuccessfully,cmd/false,R3.2,R3,Must not exit with any status other than 0 or 1.,48,False,1,complete,rel02.0,2,
srd014,srd014-false,cmd/false: Exit Unsuccessfully,cmd/false,R4.1,R4,Differential tests must compare exit codes between the Go binary and the reference binary via pkg/testutils.,108,False,1,complete,rel02.0,3,
srd014,srd014-false,cmd/false: Exit Unsuccessfully,cmd/false,R4.2,R4,"Tests must cover: no arguments, arbitrary arguments (ignored), --help output, and --version output.",99,False,1,complete,rel02.0,2,
srd014,srd014-false,cmd/false: Exit Unsuccessfully,cmd/false,R4.3,R4,Tests must verify that no output is produced on stdout or stderr when invoked without --help or --version.,106,False,1,complete,rel02.0,2,
srd015,srd015-basename,cmd/basename: Strip Directory and Suffix from Filenames,cmd/basename,R1.1,R1,"When invoked as 'basename NAME', must strip the longest prefix ending in '/' from NAME and print the result followed by a newline.",130,False,1,complete,rel02.0,3,
srd015,srd015-basename,cmd/basename: Strip Directory and Suffix from Filenames,cmd/basename,R1.2,R1,"When invoked as 'basename NAME SUFFIX', must strip the directory prefix and then remove SUFFIX from the end of the result if it matches. SUFFIX is a literal string match, not a pattern.",185,False,1,complete,rel02.0,3,
srd015,srd015-basename,cmd/basename: Strip Directory and Suffix from Filenames,cmd/basename,R1.3,R1,Must strip trailing slashes from NAME before processing. Multiple consecutive trailing slashes are all removed.,111,False,1,complete,rel02.0,3,
srd015,srd015-basename,cmd/basename: Strip Directory and Suffix from Filenames,cmd/basename,R1.4,R1,"When NAME consists entirely of slashes, must output '/'.",56,False,1,complete,rel02.0,3,
srd015,srd015-basename,cmd/basename: Strip Directory and Suffix from Filenames,cmd/basename,R1.5,R1,"When NAME is an empty string, must output an empty line (newline only).",71,False,1,complete,rel02.0,4,
srd015,srd015-basename,cmd/basename: Strip Directory and Suffix from Filenames,cmd/basename,R2.1,R2,-a or --multiple must enable processing of multiple NAME arguments. Each NAME is processed independently and the result is printed on a separate line.,150,False,1,complete,rel02.0,3,
srd015,srd015-basename,cmd/basename: Strip Directory and Suffix from Filenames,cmd/basename,R2.2,R2,"-s SUFFIX or --suffix=SUFFIX must remove SUFFIX from each result and implies -a. When -s is given, the second positional argument is treated as a NAME, not a SUFFIX.",165,False,1,complete,rel02.0,4,
srd015,srd015-basename,cmd/basename: Strip Directory and Suffix from Filenames,cmd/basename,R2.3,R2,"In multi-argument mode without -s, no suffix removal is performed on any argument.",82,False,1,complete,rel02.0,3,
srd015,srd015-basename,cmd/basename: Strip Directory and Suffix from Filenames,cmd/basename,R3.1,R3,"Each result must be followed by a newline character, or by a NUL byte (0x00) if -z or --zero is given.",102,False,1,complete,rel02.0,2,
srd015,srd015-basename,cmd/basename: Strip Directory and Suffix from Filenames,cmd/basename,R3.2,R3,Must exit 0 on success.,23,False,1,complete,rel02.0,1,
srd015,srd015-basename,cmd/basename: Strip Directory and Suffix from Filenames,cmd/basename,R3.3,R3,Must exit 1 when called with an incorrect number of arguments in single-argument mode (zero arguments or more than two without -a).,131,False,1,complete,rel02.0,3,
srd015,srd015-basename,cmd/basename: Strip Directory and Suffix from Filenames,cmd/basename,R3.4,R3,Must print an error message to stderr when argument validation fails.,69,False,1,complete,rel02.0,1,
srd015,srd015-basename,cmd/basename: Strip Directory and Suffix from Filenames,cmd/basename,R4.1,R4,Differential tests must compare stdout output and exit codes between the Go binary and the reference binary via pkg/testutils.,126,False,1,complete,rel02.0,2,
srd015,srd015-basename,cmd/basename: Strip Directory and Suffix from Filenames,cmd/basename,R4.2,R4,"Tests must cover: simple path (dir/file), trailing slashes, root path (/), empty string, suffix removal, multi-argument mode (-a), suffix mode (-s), and NUL-delimited output (-z).",179,False,1,complete,rel02.0,4,
srd015,srd015-basename,cmd/basename: Strip Directory and Suffix from Filenames,cmd/basename,R4.3,R4,Tests must verify error output and exit code for invalid argument counts.,73,False,1,complete,rel02.0,1,
srd016,srd016-dirname,cmd/dirname: Strip Last Component from File Paths,cmd/dirname,R1.1,R1,"Must strip trailing slashes from NAME, then remove the last component (everything after the final '/') and print the result.",124,False,1,complete,rel02.0,6,
srd016,srd016-dirname,cmd/dirname: Strip Last Component from File Paths,cmd/dirname,R1.2,R1,"When NAME contains no '/' after trailing-slash removal, must output '.' (the current directory).",96,False,1,complete,rel02.0,6,
srd016,srd016-dirname,cmd/dirname: Strip Last Component from File Paths,cmd/dirname,R1.3,R1,"When NAME is '/' or consists entirely of slashes, must output '/'.",66,False,1,complete,rel02.0,6,
srd016,srd016-dirname,cmd/dirname: Strip Last Component from File Paths,cmd/dirname,R1.4,R1,"Must strip trailing slashes from the result. If the result after stripping would be empty, output the root slash instead.",121,False,1,complete,rel02.0,6,
srd016,srd016-dirname,cmd/dirname: Strip Last Component from File Paths,cmd/dirname,R1.5,R1,"Must process multiple NAME arguments, printing one result per argument.",71,False,1,complete,rel02.0,6,
srd016,srd016-dirname,cmd/dirname: Strip Last Component from File Paths,cmd/dirname,R2.1,R2,"Each result must be followed by a newline character, or by a NUL byte (0x00) if -z or --zero is given.",102,False,1,complete,rel02.0,2,
srd016,srd016-dirname,cmd/dirname: Strip Last Component from File Paths,cmd/dirname,R2.2,R2,"Results must be printed in the order the arguments are given, one per line.",75,False,1,complete,rel02.0,1,
srd016,srd016-dirname,cmd/dirname: Strip Last Component from File Paths,cmd/dirname,R3.1,R3,Must exit 0 on success.,23,False,1,complete,rel02.0,1,
srd016,srd016-dirname,cmd/dirname: Strip Last Component from File Paths,cmd/dirname,R3.2,R3,Must exit 1 when called with no arguments. Must print an error message to stderr.,81,False,1,complete,rel02.0,1,
srd016,srd016-dirname,cmd/dirname: Strip Last Component from File Paths,cmd/dirname,R3.3,R3,Must exit 1 when a write error occurs on stdout.,48,False,1,complete,rel02.0,1,
srd016,srd016-dirname,cmd/dirname: Strip Last Component from File Paths,cmd/dirname,R4.1,R4,Differential tests must compare stdout output and exit codes between the Go binary and the reference binary via pkg/testutils.,126,False,1,complete,rel02.0,2,
srd016,srd016-dirname,cmd/dirname: Strip Last Component from File Paths,cmd/dirname,R4.2,R4,"Tests must cover: simple path (dir/file), nested path (a/b/c), trailing slashes, root path (/), relative path with no directory (file.txt -> '.'), dot path (.), double-dot path (..), multiple arguments, and NUL-delimited output (-z).",233,False,1,complete,rel02.0,2,
srd016,srd016-dirname,cmd/dirname: Strip Last Component from File Paths,cmd/dirname,R4.3,R4,Tests must verify error output and exit code when no arguments are given.,73,False,1,complete,rel02.0,1,
srd017,srd017-tee,cmd/tee: Read Stdin and Write to Stdout and Files,cmd/tee,R1.1,R1,"Must read all bytes from stdin and write them to stdout. Simultaneously, must write the same bytes to each named output file in the order they appear on the command line.",170,False,1,complete,rel02.1,3,
srd017,srd017-tee,cmd/tee: Read Stdin and Write to Stdout and Files,cmd/tee,R1.2,R1,"When no file arguments are given, must copy stdin to stdout only (passthrough mode).",84,False,1,complete,rel02.1,3,
srd017,srd017-tee,cmd/tee: Read Stdin and Write to Stdout and Files,cmd/tee,R1.3,R1,"Must create output files that do not exist. Must truncate existing output files to zero length before writing, unless -a is given.",130,False,1,complete,rel02.1,4,
srd017,srd017-tee,cmd/tee: Read Stdin and Write to Stdout and Files,cmd/tee,R1.4,R1,"When ""-"" appears as a file argument, must treat it as an additional reference to stdout. The data is still written to stdout once (not duplicated), matching GNU tee behavior.",174,False,1,complete,rel02.1,3,
srd017,srd017-tee,cmd/tee: Read Stdin and Write to Stdout and Files,cmd/tee,R1.5,R1,Must write output in the order received from stdin. Buffering is permitted but must not reorder data.,101,False,1,complete,rel02.1,3,
srd017,srd017-tee,cmd/tee: Read Stdin and Write to Stdout and Files,cmd/tee,R2.1,R2,-a or --append must open each output file in append mode (O_APPEND). Existing file content is preserved and new data is appended after it.,138,False,1,complete,rel02.1,2,
srd017,srd017-tee,cmd/tee: Read Stdin and Write to Stdout and Files,cmd/tee,R2.2,R2,"-i or --ignore-interrupts must cause tee to ignore the SIGINT signal. Without -i, SIGINT terminates tee normally. With -i, tee continues reading and writing until stdin reaches EOF or a write error occurs.",205,False,1,complete,rel02.1,2,
srd017,srd017-tee,cmd/tee: Read Stdin and Write to Stdout and Files,cmd/tee,R2.3,R2,-a and -i may be combined. Their effects are independent.,57,False,1,complete,rel02.1,2,
srd017,srd017-tee,cmd/tee: Read Stdin and Write to Stdout and Files,cmd/tee,R3.1,R3,Must exit 0 when all output files and stdout are written successfully.,70,False,1,complete,rel02.1,1,
srd017,srd017-tee,cmd/tee: Read Stdin and Write to Stdout and Files,cmd/tee,R3.2,R3,Must exit 1 when any output file cannot be opened or written. Must print a diagnostic message to stderr identifying the failed file.,132,False,1,complete,rel02.1,2,
srd017,srd017-tee,cmd/tee: Read Stdin and Write to Stdout and Files,cmd/tee,R3.3,R3,"When one output file fails, must continue writing to the remaining output files and stdout. A single file failure does not stop output to other destinations.",157,False,1,complete,rel02.1,1,
srd017,srd017-tee,cmd/tee: Read Stdin and Write to Stdout and Files,cmd/tee,R3.4,R3,"Must exit 1 when a write error occurs on stdout (e.g., broken pipe without -p mode). The default GNU tee behavior exits on EPIPE to stdout.",139,False,1,complete,rel02.1,2,
srd017,srd017-tee,cmd/tee: Read Stdin and Write to Stdout and Files,cmd/tee,R4.1,R4,"Differential tests must compare stdout output, output file content, and exit codes between the Go binary and the reference binary via pkg/testutils.",148,False,1,complete,rel02.1,2,
srd017,srd017-tee,cmd/tee: Read Stdin and Write to Stdout and Files,cmd/tee,R4.2,R4,"Tests must cover: single file, multiple files, append mode (-a), passthrough mode (no files), SIGINT suppression (-i with a signal sent during operation), and write-error handling (output to a read-only path).",209,False,1,complete,rel02.1,3,
srd017,srd017-tee,cmd/tee: Read Stdin and Write to Stdout and Files,cmd/tee,R4.3,R4,Tests must verify that data written to each output file matches stdout byte-for-byte.,85,False,1,complete,rel02.1,1,
srd018,srd018-head,cmd/head: Print the First Lines or Bytes of Files,cmd/head,R1.1,R1,"When no flags are given, must print the first 10 lines of each input file.",74,False,1,complete,rel02.2,3,
srd018,srd018-head,cmd/head: Print the First Lines or Bytes of Files,cmd/head,R1.2,R1,-n NUM or --lines=NUM must print the first NUM lines. NUM must be a positive integer or a negative integer prefixed with '-'.,125,False,1,complete,rel02.2,6,
srd018,srd018-head,cmd/head: Print the First Lines or Bytes of Files,cmd/head,R1.3,R1,"When NUM is prefixed with '-' (e.g., -n -5), must print all lines except the last NUM lines. This requires buffering the entire input to determine where to stop.",161,False,1,complete,rel02.2,6,
srd018,srd018-head,cmd/head: Print the First Lines or Bytes of Files,cmd/head,R1.4,R1,"Must read from stdin when no file arguments are given or when a file argument is ""-"".",85,False,1,complete,rel02.2,4,
srd018,srd018-head,cmd/head: Print the First Lines or Bytes of Files,cmd/head,R1.5,R1,A line is terminated by a newline character. The last line of a file that does not end with a newline is still counted as a line.,129,False,1,complete,rel02.2,3,
srd018,srd018-head,cmd/head: Print the First Lines or Bytes of Files,cmd/head,R2.1,R2,-c NUM or --bytes=NUM must print the first NUM bytes of each input. -c and -n are mutually exclusive; the last one given takes precedence.,138,False,1,complete,rel02.2,5,
srd018,srd018-head,cmd/head: Print the First Lines or Bytes of Files,cmd/head,R2.2,R2,"When NUM is prefixed with '-' (e.g., -c -100), must print all bytes except the last NUM bytes.",94,False,1,complete,rel02.2,3,
srd018,srd018-head,cmd/head: Print the First Lines or Bytes of Files,cmd/head,R2.3,R2,"NUM may use multiplier suffixes as defined by GNU coreutils. At minimum, must support b (512), K or KiB (1024), M or MiB (1048576), and G or GiB (1073741824).",158,False,1,complete,rel02.2,2,
srd018,srd018-head,cmd/head: Print the First Lines or Bytes of Files,cmd/head,R3.1,R3,"When multiple files are given, must precede each file's output with a header in the format '==> FILENAME <==' followed by a newline. A blank line separates each file's header from the previous file's output.",207,False,1,complete,rel02.2,2,
srd018,srd018-head,cmd/head: Print the First Lines or Bytes of Files,cmd/head,R3.2,R3,"When a single file is given, must not print a header by default.",64,False,1,complete,rel02.2,1,
srd018,srd018-head,cmd/head: Print the First Lines or Bytes of Files,cmd/head,R3.3,R3,"-q or --quiet or --silent must suppress all headers, even for multiple files.",77,False,1,complete,rel02.2,2,
srd018,srd018-head,cmd/head: Print the First Lines or Bytes of Files,cmd/head,R3.4,R3,-v or --verbose must print headers even for a single file.,58,False,1,complete,rel02.2,2,
srd018,srd018-head,cmd/head: Print the First Lines or Bytes of Files,cmd/head,R3.5,R3,"When a named file cannot be opened, must print an error message to stderr and continue processing remaining files.",114,False,1,complete,rel02.2,2,
srd018,srd018-head,cmd/head: Print the First Lines or Bytes of Files,cmd/head,R4.1,R4,Must exit 0 when all input files are processed successfully.,60,False,1,complete,rel02.2,1,
srd018,srd018-head,cmd/head: Print the First Lines or Bytes of Files,cmd/head,R4.2,R4,Must exit 1 when any input file cannot be opened or read. Must still process and output content for the files that were successfully read.,138,False,1,complete,rel02.2,1,
srd018,srd018-head,cmd/head: Print the First Lines or Bytes of Files,cmd/head,R4.3,R4,Differential tests must compare stdout output and exit codes between the Go binary and the reference binary via pkg/testutils.,126,False,1,complete,rel02.2,2,
srd018,srd018-head,cmd/head: Print the First Lines or Bytes of Files,cmd/head,R4.4,R4,"Tests must cover: default 10 lines, explicit -n count, -c byte count, negative counts (-n -5, -c -100), multi-file headers, -q (suppress headers), -v (force headers), stdin input, and error on non-existent file.",211,False,1,complete,rel02.2,5,
srd019,srd019-seq,cmd/seq: Print a Sequence of Numbers,cmd/seq,R1.1,R1,"Must support three argument forms: 'seq LAST' (FIRST=1, STEP=1), 'seq FIRST LAST' (STEP=1), and 'seq FIRST STEP LAST'. All three arguments are interpreted as floating-point numbers.",181,False,1,complete,rel02.2,5,
srd019,srd019-seq,cmd/seq: Print a Sequence of Numbers,cmd/seq,R1.2,R1,"Must generate numbers starting at FIRST, incrementing by STEP, and stopping when the next number would exceed LAST (for positive STEP) or fall below LAST (for negative STEP).",174,False,1,complete,rel02.2,5,
srd019,srd019-seq,cmd/seq: Print a Sequence of Numbers,cmd/seq,R1.3,R1,"When FIRST equals LAST, must print exactly one number (FIRST).",62,False,1,complete,rel02.2,5,
srd019,srd019-seq,cmd/seq: Print a Sequence of Numbers,cmd/seq,R1.4,R1,"When STEP is positive and FIRST is greater than LAST, must produce no output and exit 0. When STEP is negative and FIRST is less than LAST, must produce no output and exit 0.",174,False,1,complete,rel02.2,5,
srd019,srd019-seq,cmd/seq: Print a Sequence of Numbers,cmd/seq,R1.5,R1,STEP must not be zero. Must exit 1 with an error message when STEP is zero.,75,False,1,complete,rel02.2,6,
srd019,srd019-seq,cmd/seq: Print a Sequence of Numbers,cmd/seq,R2.1,R2,"By default, must separate each number with a newline character. The last number must also be followed by a newline.",115,False,1,complete,rel02.2,1,
srd019,srd019-seq,cmd/seq: Print a Sequence of Numbers,cmd/seq,R2.2,R2,-s STRING or --separator=STRING must use STRING as the separator between numbers instead of newline. A trailing newline is still printed after the last number.,159,False,1,complete,rel02.2,3,
srd019,srd019-seq,cmd/seq: Print a Sequence of Numbers,cmd/seq,R2.3,R2,"The default format for integer sequences (all arguments are integers with no decimal point) must produce integers with no decimal point. The default format for floating-point sequences must use the minimum precision needed to represent the values exactly, matching the precision of the input arguments.",302,False,1,complete,rel02.2,1,
srd019,srd019-seq,cmd/seq: Print a Sequence of Numbers,cmd/seq,R2.4,R2,"Must handle large integers exactly up to 2^53. Beyond that range, floating-point approximation is acceptable.",109,False,1,complete,rel02.2,1,
srd019,srd019-seq,cmd/seq: Print a Sequence of Numbers,cmd/seq,R3.1,R3,"-f FORMAT or --format=FORMAT must apply a printf-style format string to each number. FORMAT must contain exactly one floating-point conversion specifier from the set: %a, %e, %f, %g, %A, %E, %F, %G. The specifier may include flags (-+#0 and space), width, and precision fields.",277,False,1,complete,rel02.2,3,
srd019,srd019-seq,cmd/seq: Print a Sequence of Numbers,cmd/seq,R3.2,R3,"Must exit 1 with an error message when the format string contains no conversion specifier, contains more than one conversion specifier, or contains an invalid specifier (not in the allowed set).",194,False,1,complete,rel02.2,2,
srd019,srd019-seq,cmd/seq: Print a Sequence of Numbers,cmd/seq,R3.3,R3,-w or --equal-width must pad each number with leading zeros so that all numbers in the sequence have the same width. The width is determined by the widest of FIRST and LAST (formatted with the default format).,209,False,1,complete,rel02.2,3,
srd019,srd019-seq,cmd/seq: Print a Sequence of Numbers,cmd/seq,R3.4,R3,"-f and -w are mutually exclusive in effect. When -f is given, -w is ignored (the format string controls the output width). When only -w is given, the default format is used with zero-padding.",191,False,1,complete,rel02.2,4,
srd019,srd019-seq,cmd/seq: Print a Sequence of Numbers,cmd/seq,R4.1,R4,"Must exit 0 on success, including when the sequence is empty (FIRST > LAST with positive STEP).",95,False,1,complete,rel02.2,1,
srd019,srd019-seq,cmd/seq: Print a Sequence of Numbers,cmd/seq,R4.2,R4,"Must exit 1 on error: zero STEP, invalid format string, non-numeric arguments, or NaN arguments.",96,False,1,complete,rel02.2,2,
srd019,srd019-seq,cmd/seq: Print a Sequence of Numbers,cmd/seq,R4.3,R4,Differential tests must compare stdout output and exit codes between the Go binary and the reference binary via pkg/testutils.,126,False,1,complete,rel02.2,2,
srd019,srd019-seq,cmd/seq: Print a Sequence of Numbers,cmd/seq,R4.4,R4,"Tests must cover: single argument (seq 5), two arguments (seq 2 5), three arguments (seq 1 2 10), descending sequence (seq 5 -1 1), floating-point sequence (seq 0.1 0.1 0.5), equal-width (seq -w 8 12), custom separator (seq -s ', ' 1 5), format string (seq -f '%.2f' 1 3), empty sequence, zero step error, and invalid format error.",331,False,1,complete,rel02.2,5,
srd020,srd020-echo,cmd/echo: Display a Line of Text,cmd/echo,R1.1,R1,"Must write each argument to stdout, separated by single space characters, followed by a newline character.",106,False,1,complete,rel05.0,2,
srd020,srd020-echo,cmd/echo: Display a Line of Text,cmd/echo,R1.2,R1,"When given no arguments, must write only a newline character to stdout.",71,False,1,complete,rel05.0,2,
srd020,srd020-echo,cmd/echo: Display a Line of Text,cmd/echo,R1.3,R1,-n must suppress the trailing newline. Output ends at the last argument character with no newline appended.,107,False,1,complete,rel05.0,3,
srd020,srd020-echo,cmd/echo: Display a Line of Text,cmd/echo,R1.4,R1,"Arguments beginning with ""-"" must be passed through as literal text when they are not recognized flags (-n, -e, -E). Unrecognized flags are treated as positional arguments.",172,False,1,complete,rel05.0,5,
srd020,srd020-echo,cmd/echo: Display a Line of Text,cmd/echo,R2.1,R2,"-e must enable interpretation of the following backslash sequences: \\  (backslash), \a (alert/BEL, 0x07), \b (backspace, 0x08), \c (suppress all further output including the trailing newline), \e (escape, 0x1B), \f (form feed, 0x0C), \n (newline, 0x0A), \r (carriage return, 0x0D), \t (horizontal tab, 0x09), \v (vertical tab, 0x0B), \0NNN (octal value NNN, 1-3 digits), \xHH (hex value HH, 1-2 digits).",404,False,1,complete,rel05.0,3,
srd020,srd020-echo,cmd/echo: Display a Line of Text,cmd/echo,R2.2,R2,"\c with -e terminates output immediately: no further characters, no trailing newline, regardless of remaining arguments.",120,False,1,complete,rel05.0,3,
srd020,srd020-echo,cmd/echo: Display a Line of Text,cmd/echo,R2.3,R2,"-E must disable escape interpretation. When -E is active, backslash sequences are written literally. -E is the default; specifying -E explicitly is a no-op when -e has not been given.",183,False,1,complete,rel05.0,3,
srd020,srd020-echo,cmd/echo: Display a Line of Text,cmd/echo,R2.4,R2,"When both -e and -E are given, the last one on the command line takes precedence.",81,False,1,complete,rel05.0,3,
srd020,srd020-echo,cmd/echo: Display a Line of Text,cmd/echo,R3.1,R3,Must exit 0 on successful output.,33,False,1,uncertain,rel05.0,1,
srd020,srd020-echo,cmd/echo: Display a Line of Text,cmd/echo,R3.2,R3,Must exit 1 when a write error occurs on stdout.,48,False,1,uncertain,rel05.0,1,
srd020,srd020-echo,cmd/echo: Display a Line of Text,cmd/echo,R3.3,R3,"Must handle SIGPIPE gracefully (exit 0) when stdout is closed by a downstream consumer, using pkg/sys.InstallSIGPIPEHandler.",124,False,1,uncertain,rel05.0,1,
srd020,srd020-echo,cmd/echo: Display a Line of Text,cmd/echo,R4.1,R4,Differential tests must compare Go echo output against gecho byte-for-byte via pkg/testutils.RunDiffTests.,106,False,1,uncertain,rel05.0,2,
srd020,srd020-echo,cmd/echo: Display a Line of Text,cmd/echo,R4.2,R4,"Tests must cover: no arguments, single argument, multiple arguments, -n flag, -e with each supported escape sequence, -E flag, combined -n -e, and arguments starting with '-'.",175,False,1,uncertain,rel05.0,4,
srd020,srd020-echo,cmd/echo: Display a Line of Text,cmd/echo,R4.3,R4,Tests must use LC_ALL=C to eliminate locale-dependent divergence.,65,False,1,uncertain,rel05.0,1,
srd021,srd021-tac,cmd/tac: Concatenate and Print Files in Reverse,cmd/tac,R1.1,R1,"Must read the entire input into memory, split it into records on the separator (default newline), and write the records in reverse order to stdout.",147,False,1,uncertain,rel05.0,3,
srd021,srd021-tac,cmd/tac: Concatenate and Print Files in Reverse,cmd/tac,R1.2,R1,"Must treat a trailing separator at the end of input as the terminator of the last record, not as a separator before an empty record. This matches gtac behavior where ""a\nb\n"" reversed produces ""b\na\n"" not ""\nb\na"".",215,False,1,uncertain,rel05.0,3,
srd021,srd021-tac,cmd/tac: Concatenate and Print Files in Reverse,cmd/tac,R1.3,R1,"Must read from stdin when no file arguments are given, or when ""-"" appears as a filename.",89,False,1,uncertain,rel05.0,3,
srd021,srd021-tac,cmd/tac: Concatenate and Print Files in Reverse,cmd/tac,R1.4,R1,"When multiple files are given, must process each file independently and write them in argument order (each file's records reversed, files not merged before reversal).",166,False,1,uncertain,rel05.0,3,
srd021,srd021-tac,cmd/tac: Concatenate and Print Files in Reverse,cmd/tac,R2.1,R2,-s SEP must use SEP as the record separator instead of newline. SEP may be any string.,86,False,1,complete,rel05.0,3,
srd021,srd021-tac,cmd/tac: Concatenate and Print Files in Reverse,cmd/tac,R2.2,R2,By default the separator follows each record. -b must place the separator before each record instead of after it.,113,False,1,complete,rel05.0,2,
srd021,srd021-tac,cmd/tac: Concatenate and Print Files in Reverse,cmd/tac,R2.3,R2,-r must interpret the -s SEP argument as a regular expression (Go regexp syntax). Each match of the pattern becomes a record boundary.,134,False,1,complete,rel05.0,3,
srd021,srd021-tac,cmd/tac: Concatenate and Print Files in Reverse,cmd/tac,R2.4,R2,"When -s and -r are combined, the separator is a regex; records are the text between consecutive matches.",104,False,1,complete,rel05.0,3,
srd021,srd021-tac,cmd/tac: Concatenate and Print Files in Reverse,cmd/tac,R3.1,R3,Must exit 0 when all inputs are processed successfully.,55,False,1,complete,rel05.0,1,
srd021,srd021-tac,cmd/tac: Concatenate and Print Files in Reverse,cmd/tac,R3.2,R3,"Must exit 1 when any input file cannot be opened or read, printing the error to stderr. Processing continues for remaining files.",129,False,1,complete,rel05.0,1,
srd021,srd021-tac,cmd/tac: Concatenate and Print Files in Reverse,cmd/tac,R3.3,R3,Must exit 1 when a write error occurs on stdout.,48,False,1,complete,rel05.0,1,
srd021,srd021-tac,cmd/tac: Concatenate and Print Files in Reverse,cmd/tac,R3.4,R3,Must handle SIGPIPE gracefully (exit 0) using pkg/sys.InstallSIGPIPEHandler.,76,False,1,complete,rel05.0,1,
srd021,srd021-tac,cmd/tac: Concatenate and Print Files in Reverse,cmd/tac,R4.1,R4,Differential tests must compare Go tac output against gtac byte-for-byte via pkg/testutils.RunDiffTests.,104,False,1,complete,rel05.0,2,
srd021,srd021-tac,cmd/tac: Concatenate and Print Files in Reverse,cmd/tac,R4.2,R4,"Tests must cover: single-file reversal, stdin reversal, multi-file reversal, -s with a custom separator, -b flag, and a file with no trailing newline.",150,False,1,complete,rel05.0,3,
srd021,srd021-tac,cmd/tac: Concatenate and Print Files in Reverse,cmd/tac,R4.3,R4,Tests must use LC_ALL=C to eliminate locale-dependent divergence.,65,False,1,complete,rel05.0,1,
srd022,srd022-nl,cmd/nl: Number Lines of Files,cmd/nl,R1.1,R1,"By default, must number non-empty lines in the body section only, using right-justified numbers in a field of width 6, with a tab character separating the number from the line content.",184,False,1,complete,rel05.0,3,
srd022,srd022-nl,cmd/nl: Number Lines of Files,cmd/nl,R1.2,R1,Empty lines (containing only a newline) in the body section must not be numbered by default. They must be passed through with no number and no separator.,153,False,1,complete,rel05.0,3,
srd022,srd022-nl,cmd/nl: Number Lines of Files,cmd/nl,R1.3,R1,Must read from stdin when no file arguments are given. Must read each named file in argument order.,99,False,1,complete,rel05.0,3,
srd022,srd022-nl,cmd/nl: Number Lines of Files,cmd/nl,R1.4,R1,Line numbering must be continuous across files when multiple files are given (the counter does not reset between files unless a page delimiter is encountered).,159,False,1,complete,rel05.0,3,
srd022,srd022-nl,cmd/nl: Number Lines of Files,cmd/nl,R2.1,R2,"-b STYLE must set the body section numbering style. Styles: a (number all lines), t (number non-empty lines, default), n (number no lines), p RE (number lines matching regular expression RE).",191,False,1,complete,rel05.0,2,
srd022,srd022-nl,cmd/nl: Number Lines of Files,cmd/nl,R2.2,R2,-h STYLE must set the header section numbering style (default n). Same style values as -b.,90,False,1,complete,rel05.0,3,
srd022,srd022-nl,cmd/nl: Number Lines of Files,cmd/nl,R2.3,R2,-f STYLE must set the footer section numbering style (default n). Same style values as -b.,90,False,1,complete,rel05.0,2,
srd022,srd022-nl,cmd/nl: Number Lines of Files,cmd/nl,R2.4,R2,"When the style is n for a section, lines in that section must pass through with no number and no separator character.",117,False,1,complete,rel05.0,1,
srd022,srd022-nl,cmd/nl: Number Lines of Files,cmd/nl,R3.1,R3,"-n FORMAT must set the line number format. Formats: ln (left-justified, no leading zeros), rn (right-justified, no leading zeros, default), rz (right-justified, leading zeros).",176,False,1,complete,rel05.0,2,
srd022,srd022-nl,cmd/nl: Number Lines of Files,cmd/nl,R3.2,R3,-w N must set the line number field width to N characters (default 6).,70,False,1,complete,rel05.0,2,
srd022,srd022-nl,cmd/nl: Number Lines of Files,cmd/nl,R3.3,R3,-s SEP must use SEP as the separator between the line number and the line content (default tab). SEP may be any string.,119,False,1,complete,rel05.0,2,
srd022,srd022-nl,cmd/nl: Number Lines of Files,cmd/nl,R3.4,R3,-v N must set the initial line number to N (default 1). -i N must set the line number increment to N (default 1).,113,False,1,complete,rel05.0,2,
srd022,srd022-nl,cmd/nl: Number Lines of Files,cmd/nl,R4.1,R4,A line containing only the two-character sequence \:\:\: (the section delimiter repeated three times) marks the start of a header section. \:\: marks the start of a body section. \: marks the start of a footer section. These delimiter lines are not written to output.,267,False,1,complete,rel05.0,1,
srd022,srd022-nl,cmd/nl: Number Lines of Files,cmd/nl,R4.2,R4,Each new logical page (triggered by a header delimiter) resets the line counter to the value of -v unless -p is given.,118,False,1,complete,rel05.0,2,
srd022,srd022-nl,cmd/nl: Number Lines of Files,cmd/nl,R4.3,R4,-p must suppress line counter reset at the start of each logical page; numbering continues from the previous page's last line number.,133,False,1,complete,rel05.0,1,
srd022,srd022-nl,cmd/nl: Number Lines of Files,cmd/nl,R4.4,R4,"-l N must treat N consecutive empty lines as a single empty line for the purpose of numbering with -b t. The default is 1 (each empty line counted separately). With -l 2, two or fewer consecutive empty lines are treated as one unnumbered block.",244,False,1,complete,rel05.0,2,
srd023,srd023-fold,cmd/fold: Wrap Long Lines to a Specified Width,cmd/fold,R1.1,R1,"Must read each file (or stdin when no arguments are given) and write each line wrapped to at most W characters (columns by default, bytes with -b). The default width is 80.",172,False,1,complete,rel05.0,3,
srd023,srd023-fold,cmd/fold: Wrap Long Lines to a Specified Width,cmd/fold,R1.2,R1,Lines shorter than or equal to the maximum width must be written unchanged (including the trailing newline).,108,False,1,complete,rel05.0,3,
srd023,srd023-fold,cmd/fold: Wrap Long Lines to a Specified Width,cmd/fold,R1.3,R1,Lines longer than the maximum width must be split by inserting a newline after exactly W columns (or bytes with -b). Wrapping is applied repeatedly until the remaining portion fits within the width.,198,False,1,complete,rel05.0,3,
srd023,srd023-fold,cmd/fold: Wrap Long Lines to a Specified Width,cmd/fold,R1.4,R1,The final segment of a wrapped line retains the original newline if the source line ended with one; a line without a trailing newline produces a final segment without one.,171,False,1,complete,rel05.0,3,
srd023,srd023-fold,cmd/fold: Wrap Long Lines to a Specified Width,cmd/fold,R2.1,R2,"-w N must set the maximum line width to N. N must be a positive integer. If N is 0 or negative, fold must exit with an error message to stderr and exit code 1.",159,False,1,complete,rel05.0,4,
srd023,srd023-fold,cmd/fold: Wrap Long Lines to a Specified Width,cmd/fold,R2.2,R2,"By default, width is measured in display columns. Tab characters count as the number of columns needed to reach the next tab stop (tab stops every 8 columns). Other control characters count as one column.",204,False,1,complete,rel05.0,1,
srd023,srd023-fold,cmd/fold: Wrap Long Lines to a Specified Width,cmd/fold,R2.3,R2,-b must measure width in bytes rather than columns. Each byte counts as 1 regardless of whether it is a tab or multi-byte character. This disables tab-stop expansion for width measurement.,188,False,1,complete,rel05.0,1,
srd023,srd023-fold,cmd/fold: Wrap Long Lines to a Specified Width,cmd/fold,R3.1,R3,"-s must break lines at the last space character at or before the wrap column, rather than at an exact column position.",118,False,1,complete,rel05.0,2,
srd023,srd023-fold,cmd/fold: Wrap Long Lines to a Specified Width,cmd/fold,R3.2,R3,"If no space character appears within the first W columns of a segment, -s must fall back to breaking at exactly W columns (same behavior as without -s).",152,False,1,complete,rel05.0,2,
srd023,srd023-fold,cmd/fold: Wrap Long Lines to a Specified Width,cmd/fold,R3.3,R3,The space character at the break point is written as the last character of the current output line before the inserted newline. The next line starts with the character immediately following the space.,200,False,1,complete,rel05.0,1,
srd023,srd023-fold,cmd/fold: Wrap Long Lines to a Specified Width,cmd/fold,R3.4,R3,-s is compatible with -b; space detection uses byte positions when -b is active.,80,False,1,complete,rel05.0,2,
srd023,srd023-fold,cmd/fold: Wrap Long Lines to a Specified Width,cmd/fold,R4.1,R4,Must exit 0 when all inputs are processed successfully.,55,False,1,complete,rel05.0,1,
srd023,srd023-fold,cmd/fold: Wrap Long Lines to a Specified Width,cmd/fold,R4.2,R4,"Must exit 1 when any input file cannot be opened, printing the error to stderr. Processing continues for remaining files.",121,False,1,complete,rel05.0,1,
srd023,srd023-fold,cmd/fold: Wrap Long Lines to a Specified Width,cmd/fold,R4.3,R4,Must exit 1 when a write error occurs on stdout.,48,False,1,complete,rel05.0,1,
srd023,srd023-fold,cmd/fold: Wrap Long Lines to a Specified Width,cmd/fold,R4.4,R4,Must handle SIGPIPE gracefully (exit 0) using pkg/sys.InstallSIGPIPEHandler.,76,False,1,complete,rel05.0,1,
srd024,srd024-expand,cmd/expand: Convert Tabs to Spaces,cmd/expand,R1.1,R1,"By default, tab characters must be replaced by enough spaces to advance to the next multiple-of-8 column position. Column positions are 1-indexed; a tab at column 1 advances to column 9.",186,False,1,complete,rel05.1,3,
srd024,srd024-expand,cmd/expand: Convert Tabs to Spaces,cmd/expand,R1.2,R1,Multiple consecutive tabs must each advance to the next tab stop independently.,79,False,1,complete,rel05.1,3,
srd024,srd024-expand,cmd/expand: Convert Tabs to Spaces,cmd/expand,R1.3,R1,Non-tab characters must be written unchanged. Each non-tab byte (including multi-byte UTF-8 sequences under LC_ALL=C) counts as one column.,139,False,1,complete,rel05.1,3,
srd024,srd024-expand,cmd/expand: Convert Tabs to Spaces,cmd/expand,R1.4,R1,Newline characters reset the column position to 1 for the next line.,68,False,1,complete,rel05.1,3,
srd024,srd024-expand,cmd/expand: Convert Tabs to Spaces,cmd/expand,R2.1,R2,"-t N must set a uniform tab stop interval of N columns (equivalent to tab stops at N, 2N, 3N, ...). N must be a positive integer.",129,False,1,complete,rel05.1,3,
srd024,srd024-expand,cmd/expand: Convert Tabs to Spaces,cmd/expand,R2.2,R2,-t LIST must set tab stops at the absolute column positions given in LIST (comma-separated or space-separated positive integers in strictly increasing order). A tab at or past the last explicit tab stop is replaced by a single space.,233,False,1,complete,rel05.1,3,
srd024,srd024-expand,cmd/expand: Convert Tabs to Spaces,cmd/expand,R2.3,R2,"The -t option replaces the default tab stop interval of 8. If -t is given multiple times, the last value takes effect.",118,False,1,complete,rel05.1,3,
srd024,srd024-expand,cmd/expand: Convert Tabs to Spaces,cmd/expand,R2.4,R2,"When LIST contains a single value, it behaves identically to -t N (uniform interval).",85,False,1,complete,rel05.1,3,
srd024,srd024-expand,cmd/expand: Convert Tabs to Spaces,cmd/expand,R3.1,R3,Must exit 0 when all inputs are processed successfully.,55,False,1,uncertain,rel05.1,1,
srd024,srd024-expand,cmd/expand: Convert Tabs to Spaces,cmd/expand,R3.2,R3,"Must exit 1 when any input file cannot be opened, printing the error to stderr. Processing continues for remaining files.",121,False,1,uncertain,rel05.1,1,
srd024,srd024-expand,cmd/expand: Convert Tabs to Spaces,cmd/expand,R3.3,R3,Must exit 1 when a write error occurs on stdout.,48,False,1,uncertain,rel05.1,1,
srd024,srd024-expand,cmd/expand: Convert Tabs to Spaces,cmd/expand,R3.4,R3,Must handle SIGPIPE gracefully (exit 0) using pkg/sys.InstallSIGPIPEHandler.,76,False,1,uncertain,rel05.1,1,
srd024,srd024-expand,cmd/expand: Convert Tabs to Spaces,cmd/expand,R4.1,R4,Differential tests must compare Go expand output against gexpand byte-for-byte via pkg/testutils.RunDiffTests.,110,False,1,uncertain,rel05.1,2,
srd024,srd024-expand,cmd/expand: Convert Tabs to Spaces,cmd/expand,R4.2,R4,"Tests must cover: default tab expansion, -t N with a single interval, -t LIST with multiple tab stops, input with no tabs (passthrough), and multiple tabs in succession.",169,False,1,uncertain,rel05.1,3,
srd024,srd024-expand,cmd/expand: Convert Tabs to Spaces,cmd/expand,R4.3,R4,Tests must use LC_ALL=C to eliminate locale-dependent divergence.,65,False,1,uncertain,rel05.1,1,
srd025,srd025-unexpand,cmd/unexpand: Convert Spaces to Tabs,cmd/unexpand,R1.1,R1,"By default, unexpand must replace leading spaces (and mixed leading spaces and tabs) with tabs only when doing so advances to the same column position. Tabs are preferred over spaces when a run of spaces reaches a tab stop exactly.",231,False,1,complete,rel05.1,4,
srd025,srd025-unexpand,cmd/unexpand: Convert Spaces to Tabs,cmd/unexpand,R1.2,R1,Non-leading whitespace must be written unchanged in default mode. Characters after the first non-whitespace character on a line are not converted.,146,False,1,complete,rel05.1,4,
srd025,srd025-unexpand,cmd/unexpand: Convert Spaces to Tabs,cmd/unexpand,R1.3,R1,A run of spaces that does not exactly reach a tab stop must be kept as spaces; unexpand must not insert a tab that would overshoot the column.,142,False,1,complete,rel05.1,4,
srd025,srd025-unexpand,cmd/unexpand: Convert Spaces to Tabs,cmd/unexpand,R1.4,R1,Existing tab characters in leading whitespace count toward the column position as in expand; they do not prevent further tab substitution.,138,False,1,complete,rel05.1,4,
srd025,srd025-unexpand,cmd/unexpand: Convert Spaces to Tabs,cmd/unexpand,R2.1,R2,"-a must convert all runs of spaces (not just leading) where replacement with tabs aligns to a tab stop. The rule is the same as R1.1 applied at every column position in the line, not only at the start.",201,False,1,complete,rel05.1,3,
srd025,srd025-unexpand,cmd/unexpand: Convert Spaces to Tabs,cmd/unexpand,R2.2,R2,A single space that does not reach a tab stop must be kept as a space even with -a.,83,False,1,complete,rel05.1,3,
srd025,srd025-unexpand,cmd/unexpand: Convert Spaces to Tabs,cmd/unexpand,R2.3,R2,"The first non-space, non-tab character on the line does not stop the conversion; -a processes the entire line.",110,False,1,complete,rel05.1,3,
srd025,srd025-unexpand,cmd/unexpand: Convert Spaces to Tabs,cmd/unexpand,R3.1,R3,-t N must set a uniform tab stop interval of N columns. -t LIST must set absolute tab stop positions. Behavior mirrors srd024-expand R2.1 and R2.2 for tab stop resolution.,171,False,1,complete,rel05.1,1,
srd025,srd025-unexpand,cmd/unexpand: Convert Spaces to Tabs,cmd/unexpand,R3.2,R3,"When past the last explicit tab stop in a LIST, remaining spaces are kept as-is (no tab can be inserted beyond the last defined stop).",134,False,1,complete,rel05.1,1,
srd025,srd025-unexpand,cmd/unexpand: Convert Spaces to Tabs,cmd/unexpand,R3.3,R3,"-t implies -a; when custom tab stops are given, all whitespace in the line is subject to conversion, not just leading whitespace.",129,False,1,complete,rel05.1,3,
srd025,srd025-unexpand,cmd/unexpand: Convert Spaces to Tabs,cmd/unexpand,R4.1,R4,Must exit 0 when all inputs are processed successfully.,55,False,1,complete,rel05.1,1,
srd025,srd025-unexpand,cmd/unexpand: Convert Spaces to Tabs,cmd/unexpand,R4.2,R4,"Must exit 1 when any input file cannot be opened, printing the error to stderr. Processing continues for remaining files.",121,False,1,complete,rel05.1,1,
srd025,srd025-unexpand,cmd/unexpand: Convert Spaces to Tabs,cmd/unexpand,R4.3,R4,Must exit 1 when a write error occurs on stdout.,48,False,1,complete,rel05.1,1,
srd025,srd025-unexpand,cmd/unexpand: Convert Spaces to Tabs,cmd/unexpand,R4.4,R4,Must handle SIGPIPE gracefully (exit 0) using pkg/sys.InstallSIGPIPEHandler.,76,False,1,complete,rel05.1,1,
srd026,srd026-cut,cmd/cut: Remove Sections from Lines,cmd/cut,R1.1,R1,"-b LIST must extract the specified byte positions from each line. LIST is a comma-separated list of ranges; each range is N, N-M, N- (from N to end), or -M (from start to M). Bytes are 1-indexed.",195,False,1,complete,rel05.2,3,
srd026,srd026-cut,cmd/cut: Remove Sections from Lines,cmd/cut,R1.2,R1,"-c LIST must extract the specified character positions. Under LC_ALL=C, -c and -b are equivalent (one byte per character). The flag is provided for compatibility.",162,False,1,complete,rel05.2,3,
srd026,srd026-cut,cmd/cut: Remove Sections from Lines,cmd/cut,R1.3,R1,"With -b or -c, newline characters are not counted as part of the line; they are passed through to terminate each output line.",125,False,1,complete,rel05.2,3,
srd026,srd026-cut,cmd/cut: Remove Sections from Lines,cmd/cut,R1.4,R1,Lines shorter than the selected range produce no bytes for the out-of-range positions; only the bytes that exist are output.,124,False,1,complete,rel05.2,3,
srd026,srd026-cut,cmd/cut: Remove Sections from Lines,cmd/cut,R2.1,R2,"-f LIST must extract the specified fields from each line, where fields are delimited by the character given with -d (default tab). LIST uses the same range syntax as -b.",169,False,1,complete,rel05.2,5,
srd026,srd026-cut,cmd/cut: Remove Sections from Lines,cmd/cut,R2.2,R2,"-d DELIM must set the input field delimiter to the single character DELIM. The delimiter must be exactly one byte. When the output delimiter is not explicitly set with --output-delimiter, the input delimiter is also used as the output delimiter.",245,False,1,complete,rel05.2,5,
srd026,srd026-cut,cmd/cut: Remove Sections from Lines,cmd/cut,R2.3,R2,"-s must suppress lines that do not contain the delimiter. Without -s, lines with no delimiter are printed unchanged.",116,False,1,complete,rel05.2,2,
srd026,srd026-cut,cmd/cut: Remove Sections from Lines,cmd/cut,R2.4,R2,"--output-delimiter STRING must use STRING as the separator between selected output fields, replacing the default (which is the input delimiter).",144,False,1,complete,rel05.2,1,
srd026,srd026-cut,cmd/cut: Remove Sections from Lines,cmd/cut,R3.1,R3,"--complement must invert the selection; the output contains the bytes, characters, or fields NOT specified by the range list.",125,False,1,uncertain,rel05.2,2,
srd026,srd026-cut,cmd/cut: Remove Sections from Lines,cmd/cut,R3.2,R3,"--complement is compatible with -b, -c, and -f. It is not compatible with -s.",77,False,1,uncertain,rel05.2,3,
srd026,srd026-cut,cmd/cut: Remove Sections from Lines,cmd/cut,R3.3,R3,"With --complement and -f, fields not in the list are output in their original order, separated by the output delimiter.",119,False,1,uncertain,rel05.2,2,
srd026,srd026-cut,cmd/cut: Remove Sections from Lines,cmd/cut,R4.1,R4,Must exit 0 when all inputs are processed successfully.,55,False,1,complete,rel05.2,1,
srd026,srd026-cut,cmd/cut: Remove Sections from Lines,cmd/cut,R4.2,R4,"Must exit 1 when any input file cannot be opened, printing the error to stderr. Processing continues for remaining files.",121,False,1,complete,rel05.2,1,
srd026,srd026-cut,cmd/cut: Remove Sections from Lines,cmd/cut,R4.3,R4,Must exit 1 when a write error occurs on stdout.,48,False,1,complete,rel05.2,1,
srd026,srd026-cut,cmd/cut: Remove Sections from Lines,cmd/cut,R4.4,R4,Must handle SIGPIPE gracefully (exit 0) using pkg/sys.InstallSIGPIPEHandler.,76,False,1,complete,rel05.2,1,
srd027,srd027-paste,cmd/paste: Merge Lines of Files Side by Side,cmd/paste,R1.1,R1,"Must open all named files simultaneously and read one line from each per output line. Lines from files are joined with the delimiter and written to stdout, followed by a newline.",178,False,1,complete,rel05.2,3,
srd027,srd027-paste,cmd/paste: Merge Lines of Files Side by Side,cmd/paste,R1.2,R1,"When files have unequal line counts, the shorter files contribute empty fields (the delimiter is still written) until all files are exhausted. The final output line ends with a newline.",185,False,1,complete,rel05.2,4,
srd027,srd027-paste,cmd/paste: Merge Lines of Files Side by Side,cmd/paste,R1.3,R1,"stdin is used as an input when ""-"" is given as a filename. Multiple ""-"" arguments each refer to stdin read sequentially.",120,False,1,complete,rel05.2,3,
srd027,srd027-paste,cmd/paste: Merge Lines of Files Side by Side,cmd/paste,R1.4,R1,"When no files are given, must read from stdin and write each line followed by a newline (passthrough behavior matching gpaste with a single stdin source).",154,False,1,complete,rel05.2,3,
srd027,srd027-paste,cmd/paste: Merge Lines of Files Side by Side,cmd/paste,R2.1,R2,"-d DELIM must use DELIM as the separator between fields. DELIM may be a single character or a list; if a list is given, the delimiters are cycled in order across the fields of each output line.",193,False,1,complete,rel05.2,2,
srd027,srd027-paste,cmd/paste: Merge Lines of Files Side by Side,cmd/paste,R2.2,R2,"The escape sequences \\n (newline), \\t (tab), \\\\ (backslash), and \\0 (empty string, no delimiter) are recognized in DELIM.",126,False,1,complete,rel05.2,2,
srd027,srd027-paste,cmd/paste: Merge Lines of Files Side by Side,cmd/paste,R2.3,R2,"When DELIM cycles back to the start for a new output line, cycling resets from the first delimiter in the list.",111,False,1,complete,rel05.2,1,
srd027,srd027-paste,cmd/paste: Merge Lines of Files Side by Side,cmd/paste,R3.1,R3,"-s must process files one at a time. All lines of the first file are joined with the delimiter and written as a single output line. Then all lines of the second file are written as a single output line, and so on.",213,False,1,complete,rel05.2,2,
srd027,srd027-paste,cmd/paste: Merge Lines of Files Side by Side,cmd/paste,R3.2,R3,"In serial mode, the delimiter list cycles across fields within the single output line for each file. The trailing newline is always written.",140,False,1,complete,rel05.2,1,
srd027,srd027-paste,cmd/paste: Merge Lines of Files Side by Side,cmd/paste,R3.3,R3,-s and the default parallel mode are mutually exclusive; -s overrides parallel mode.,84,False,1,complete,rel05.2,2,
srd027,srd027-paste,cmd/paste: Merge Lines of Files Side by Side,cmd/paste,R4.1,R4,Must exit 0 when all inputs are processed successfully.,55,False,1,complete,rel05.2,1,
srd027,srd027-paste,cmd/paste: Merge Lines of Files Side by Side,cmd/paste,R4.2,R4,"Must exit 1 when any input file cannot be opened, printing the error to stderr. Processing halts on the first error.",116,False,1,complete,rel05.2,1,
srd027,srd027-paste,cmd/paste: Merge Lines of Files Side by Side,cmd/paste,R4.3,R4,Must exit 1 when a write error occurs on stdout.,48,False,1,complete,rel05.2,1,
srd027,srd027-paste,cmd/paste: Merge Lines of Files Side by Side,cmd/paste,R4.4,R4,Must handle SIGPIPE gracefully (exit 0) using pkg/sys.InstallSIGPIPEHandler.,76,False,1,complete,rel05.2,1,
srd028,srd028-uniq,cmd/uniq: Report or Filter Adjacent Duplicate Lines,cmd/uniq,R1.1,R1,"By default, must read each line and write it once, suppressing all but the first occurrence of any run of identical adjacent lines.",131,False,1,complete,rel05.3,2,
srd028,srd028-uniq,cmd/uniq: Report or Filter Adjacent Duplicate Lines,cmd/uniq,R1.2,R1,Lines that appear only once must be written. Lines that appear multiple times in a run must be written once. Non-adjacent duplicates are unaffected (uniq does not sort input).,175,False,1,complete,rel05.3,2,
srd028,srd028-uniq,cmd/uniq: Report or Filter Adjacent Duplicate Lines,cmd/uniq,R1.3,R1,Must read from stdin when no file argument is given. Must accept an optional output file as a second argument.,110,False,1,complete,rel05.3,2,
srd028,srd028-uniq,cmd/uniq: Report or Filter Adjacent Duplicate Lines,cmd/uniq,R1.4,R1,Comparison is case-sensitive by default. Each line includes the newline terminator in the comparison.,101,False,1,complete,rel05.3,2,
srd028,srd028-uniq,cmd/uniq: Report or Filter Adjacent Duplicate Lines,cmd/uniq,R2.1,R2,-d must print only lines that appear more than once in a run (one copy per run). Lines that appear only once are suppressed.,124,False,1,complete,rel05.3,2,
srd028,srd028-uniq,cmd/uniq: Report or Filter Adjacent Duplicate Lines,cmd/uniq,R2.2,R2,"-D must print all lines of each run that appears more than once. Every copy of a duplicated run is written, not just the first.",127,False,1,complete,rel05.3,1,
srd028,srd028-uniq,cmd/uniq: Report or Filter Adjacent Duplicate Lines,cmd/uniq,R2.3,R2,-u must print only lines that appear exactly once (runs of one).,64,False,1,complete,rel05.3,2,
srd028,srd028-uniq,cmd/uniq: Report or Filter Adjacent Duplicate Lines,cmd/uniq,R2.4,R2,"-c must prefix each output line with the count of occurrences in its run, right-justified in a field wide enough to hold the count, followed by a space and the line.",165,False,1,complete,rel05.3,2,
srd028,srd028-uniq,cmd/uniq: Report or Filter Adjacent Duplicate Lines,cmd/uniq,R3.1,R3,-i must perform case-insensitive comparison. Lines that differ only in case are treated as duplicates.,102,False,1,complete,rel05.3,3,
srd028,srd028-uniq,cmd/uniq: Report or Filter Adjacent Duplicate Lines,cmd/uniq,R3.2,R3,-f N must skip the first N fields (whitespace-separated tokens) of each line before comparing. The skipped fields are still written to output.,142,False,1,complete,rel05.3,1,
srd028,srd028-uniq,cmd/uniq: Report or Filter Adjacent Duplicate Lines,cmd/uniq,R3.3,R3,-s N must skip the first N characters of each line before comparing. The skipped characters are still written to output.,120,False,1,complete,rel05.3,1,
srd028,srd028-uniq,cmd/uniq: Report or Filter Adjacent Duplicate Lines,cmd/uniq,R3.4,R3,-w N must compare only the first N characters of each line (after -f and -s adjustments). Characters beyond N are ignored for comparison purposes but still written.,164,False,1,complete,rel05.3,1,
srd028,srd028-uniq,cmd/uniq: Report or Filter Adjacent Duplicate Lines,cmd/uniq,R4.1,R4,Must exit 0 when all inputs are processed successfully.,55,False,1,complete,rel05.3,1,
srd028,srd028-uniq,cmd/uniq: Report or Filter Adjacent Duplicate Lines,cmd/uniq,R4.2,R4,"Must exit 1 when any input file cannot be opened, printing the error to stderr.",79,False,1,complete,rel05.3,1,
srd028,srd028-uniq,cmd/uniq: Report or Filter Adjacent Duplicate Lines,cmd/uniq,R4.3,R4,Must exit 1 when a write error occurs on stdout.,48,False,1,complete,rel05.3,1,
srd028,srd028-uniq,cmd/uniq: Report or Filter Adjacent Duplicate Lines,cmd/uniq,R4.4,R4,Must handle SIGPIPE gracefully (exit 0) using pkg/sys.InstallSIGPIPEHandler.,76,False,1,complete,rel05.3,1,
srd029,srd029-comm,cmd/comm: Compare Two Sorted Files Line by Line,cmd/comm,R1.1,R1,"Must read file1 and file2 simultaneously, line by line. Lines present only in file1 are written in column 1 (no indentation). Lines present only in file2 are written in column 2 (one tab indent). Lines present in both are written in column 3 (two tabs indent).",260,False,1,complete,rel05.3,5,
srd029,srd029-comm,cmd/comm: Compare Two Sorted Files Line by Line,cmd/comm,R1.2,R1,"Must process files in sorted order; when a line from file1 is lexicographically less than the current file2 line, it is a column-1 line. When file2's line is less, it is a column-2 line. Equal lines go to column 3.",214,False,1,complete,rel05.3,5,
srd029,srd029-comm,cmd/comm: Compare Two Sorted Files Line by Line,cmd/comm,R1.3,R1,"When one file is exhausted, all remaining lines from the other file go to the appropriate column (column 1 if file1 has lines left, column 2 if file2 has lines left).",166,False,1,complete,rel05.3,5,
srd029,srd029-comm,cmd/comm: Compare Two Sorted Files Line by Line,cmd/comm,R1.4,R1,Comparison is byte-for-byte with LC_ALL=C (no locale collation). An optional newline at the end of the last line does not affect comparison.,140,False,1,complete,rel05.3,5,
srd029,srd029-comm,cmd/comm: Compare Two Sorted Files Line by Line,cmd/comm,R2.1,R2,-1 must suppress column 1 (lines unique to file1). The remaining columns shift left in indentation.,99,False,1,complete,rel05.3,1,
srd029,srd029-comm,cmd/comm: Compare Two Sorted Files Line by Line,cmd/comm,R2.2,R2,-2 must suppress column 2 (lines unique to file2). The remaining columns shift left accordingly.,96,False,1,complete,rel05.3,1,
srd029,srd029-comm,cmd/comm: Compare Two Sorted Files Line by Line,cmd/comm,R2.3,R2,-3 must suppress column 3 (lines common to both files). Combining -1 -2 -3 produces no output.,94,False,1,complete,rel05.3,1,
srd029,srd029-comm,cmd/comm: Compare Two Sorted Files Line by Line,cmd/comm,R2.4,R2,"When a column is suppressed, the tab indentation for remaining columns adjusts so that the leftmost output column has no leading tab.",133,False,1,complete,rel05.3,1,
srd029,srd029-comm,cmd/comm: Compare Two Sorted Files Line by Line,cmd/comm,R3.1,R3,"By default, comm checks that input files are sorted. When a line is encountered that is less than the previous line in the same file, comm prints a warning to stderr and continues.",180,False,1,complete,rel05.3,1,
srd029,srd029-comm,cmd/comm: Compare Two Sorted Files Line by Line,cmd/comm,R3.2,R3,--check-order makes the ordering check fatal; comm exits non-zero if input is not sorted.,89,False,1,complete,rel05.3,1,
srd029,srd029-comm,cmd/comm: Compare Two Sorted Files Line by Line,cmd/comm,R3.3,R3,--nocheck-order disables the sorting check entirely; no warning is printed even if input is out of order.,105,False,1,complete,rel05.3,1,
srd029,srd029-comm,cmd/comm: Compare Two Sorted Files Line by Line,cmd/comm,R3.4,R3,--output-delimiter=STRING replaces the default tab character as the column separator. All column indentation levels use STRING instead of a tab.,144,False,1,complete,rel05.3,2,
srd029,srd029-comm,cmd/comm: Compare Two Sorted Files Line by Line,cmd/comm,R4.1,R4,Must exit 0 when all inputs are processed successfully and no order violations occur.,85,False,1,complete,rel05.3,1,
srd029,srd029-comm,cmd/comm: Compare Two Sorted Files Line by Line,cmd/comm,R4.2,R4,"Must exit 1 when any input file cannot be opened, printing the error to stderr.",79,False,1,complete,rel05.3,1,
srd029,srd029-comm,cmd/comm: Compare Two Sorted Files Line by Line,cmd/comm,R4.3,R4,Must exit 1 when a write error occurs on stdout.,48,False,1,complete,rel05.3,1,
srd029,srd029-comm,cmd/comm: Compare Two Sorted Files Line by Line,cmd/comm,R4.4,R4,Must handle SIGPIPE gracefully (exit 0) using pkg/sys.InstallSIGPIPEHandler.,76,False,1,complete,rel05.3,1,
srd030,srd030-md5sum,cmd/md5sum: Compute and Check MD5 Message Digests,cmd/md5sum,R1.1,R1,"Must compute the MD5 digest of each named file and write one line per file in the format ""HASH  FILENAME"" (two spaces for text mode, one space and asterisk ""HASH *FILENAME"" for binary mode). The default is text mode on non-Windows systems.",239,False,1,complete,rel05.4,3,
srd030,srd030-md5sum,cmd/md5sum: Compute and Check MD5 Message Digests,cmd/md5sum,R1.2,R1,"Must read from stdin and print ""HASH  -"" when no file arguments are given or when ""-"" is provided as a filename.",112,False,1,complete,rel05.4,3,
srd030,srd030-md5sum,cmd/md5sum: Compute and Check MD5 Message Digests,cmd/md5sum,R1.3,R1,"--tag must use BSD-style output format ""MD5 (FILENAME) = HASH"" instead of the default GNU format.",97,False,1,complete,rel05.4,3,
srd030,srd030-md5sum,cmd/md5sum: Compute and Check MD5 Message Digests,cmd/md5sum,R1.4,R1,"Must exit 1 when any named file cannot be opened, printing an error to stderr, and continue processing remaining files.",119,False,1,complete,rel05.4,5,
srd030,srd030-md5sum,cmd/md5sum: Compute and Check MD5 Message Digests,cmd/md5sum,R2.1,R2,"--check FILE must read FILE line by line, parsing lines in GNU format (HASH  FILENAME or HASH *FILENAME) or BSD tag format, compute the digest for each named file, and compare it to the stored hash.",198,False,1,complete,rel05.4,3,
srd030,srd030-md5sum,cmd/md5sum: Compute and Check MD5 Message Digests,cmd/md5sum,R2.2,R2,"For each verified file, must print ""FILENAME: OK"" or ""FILENAME: FAILED"" to stdout. After processing all entries, if any failed, must exit 1.",140,False,1,complete,rel05.4,3,
srd030,srd030-md5sum,cmd/md5sum: Compute and Check MD5 Message Digests,cmd/md5sum,R2.3,R2,"--warn (-w) must print a warning to stderr for each improperly formatted line in the checksum file; without --warn, malformed lines are silently skipped.",153,False,1,complete,rel05.4,1,
srd030,srd030-md5sum,cmd/md5sum: Compute and Check MD5 Message Digests,cmd/md5sum,R2.4,R2,"--quiet suppresses the ""OK"" lines; only failures are printed. --status suppresses all output; exit code conveys success/failure.",128,False,1,complete,rel05.4,3,
srd030,srd030-md5sum,cmd/md5sum: Compute and Check MD5 Message Digests,cmd/md5sum,R3.1,R3,"-b (--binary) marks the input as binary; the output line uses one space followed by an asterisk before the filename (""HASH *FILENAME""). On Linux/macOS there is no functional difference between binary and text mode for digest computation.",237,False,1,complete,rel05.4,2,
srd030,srd030-md5sum,cmd/md5sum: Compute and Check MD5 Message Digests,cmd/md5sum,R3.2,R3,"-t (--text) is the default; the output line uses two spaces before the filename (""HASH  FILENAME"").",99,False,1,complete,rel05.4,1,
srd030,srd030-md5sum,cmd/md5sum: Compute and Check MD5 Message Digests,cmd/md5sum,R3.3,R3,"When --tag is given with -b, the output is BSD tag format; the mode flag has no effect on the tag format.",105,False,1,complete,rel05.4,1,
srd030,srd030-md5sum,cmd/md5sum: Compute and Check MD5 Message Digests,cmd/md5sum,R4.1,R4,Must exit 0 when all files are processed and all verified digests match.,72,False,1,complete,rel05.4,3,
srd030,srd030-md5sum,cmd/md5sum: Compute and Check MD5 Message Digests,cmd/md5sum,R4.2,R4,"Must exit 1 when any file cannot be opened, any digest fails verification, or the checksum file is unreadable.",110,False,1,complete,rel05.4,3,
srd030,srd030-md5sum,cmd/md5sum: Compute and Check MD5 Message Digests,cmd/md5sum,R4.3,R4,Must handle SIGPIPE gracefully (exit 0) using pkg/sys.InstallSIGPIPEHandler.,76,False,1,complete,rel05.4,3,
srd031,srd031-sha1sum,cmd/sha1sum: Compute and Check SHA-1 Message Digests,cmd/sha1sum,R1.1,R1,"Must compute the SHA-1 digest of each named file and write one line per file in the format ""HASH  FILENAME"" (text mode) or ""HASH *FILENAME"" (binary mode). The default is text mode.",180,False,1,complete,rel05.4,2,
srd031,srd031-sha1sum,cmd/sha1sum: Compute and Check SHA-1 Message Digests,cmd/sha1sum,R1.2,R1,"Must read from stdin and print ""HASH  -"" when no file arguments are given or when ""-"" is provided as a filename.",112,False,1,complete,rel05.4,2,
srd031,srd031-sha1sum,cmd/sha1sum: Compute and Check SHA-1 Message Digests,cmd/sha1sum,R1.3,R1,"--tag must use BSD-style output format ""SHA1 (FILENAME) = HASH"".",64,False,1,complete,rel05.4,2,
srd031,srd031-sha1sum,cmd/sha1sum: Compute and Check SHA-1 Message Digests,cmd/sha1sum,R1.4,R1,"Must exit 1 when any named file cannot be opened, printing an error to stderr, and continue processing remaining files.",119,False,1,complete,rel05.4,4,
srd031,srd031-sha1sum,cmd/sha1sum: Compute and Check SHA-1 Message Digests,cmd/sha1sum,R2.1,R2,"--check FILE must read FILE, parse each line (GNU or BSD tag format), recompute the digest, and compare to the stored hash.",123,False,1,uncertain,rel05.4,3,
srd031,srd031-sha1sum,cmd/sha1sum: Compute and Check SHA-1 Message Digests,cmd/sha1sum,R2.2,R2,"Must print ""FILENAME: OK"" or ""FILENAME: FAILED"" for each entry. Must exit 1 if any check fails.",95,False,1,uncertain,rel05.4,3,
srd031,srd031-sha1sum,cmd/sha1sum: Compute and Check SHA-1 Message Digests,cmd/sha1sum,R2.3,R2,--warn prints a warning for each malformed line. --quiet suppresses OK lines. --status suppresses all output.,109,False,1,uncertain,rel05.4,1,
srd031,srd031-sha1sum,cmd/sha1sum: Compute and Check SHA-1 Message Digests,cmd/sha1sum,R3.1,R3,"-b marks input as binary; output uses ""HASH *FILENAME"". -t (default) uses ""HASH  FILENAME"". On Linux/macOS, no functional difference for digest computation.",156,False,1,uncertain,rel05.4,2,
srd031,srd031-sha1sum,cmd/sha1sum: Compute and Check SHA-1 Message Digests,cmd/sha1sum,R3.2,R3,--tag produces BSD tag format regardless of -b/-t.,50,False,1,uncertain,rel05.4,1,
srd031,srd031-sha1sum,cmd/sha1sum: Compute and Check SHA-1 Message Digests,cmd/sha1sum,R4.1,R4,Must exit 0 when all files are processed and all verified digests match.,72,False,1,uncertain,rel05.4,3,
srd031,srd031-sha1sum,cmd/sha1sum: Compute and Check SHA-1 Message Digests,cmd/sha1sum,R4.2,R4,"Must exit 1 when any file cannot be opened, any digest fails, or the checksum file is unreadable.",97,False,1,uncertain,rel05.4,3,
srd031,srd031-sha1sum,cmd/sha1sum: Compute and Check SHA-1 Message Digests,cmd/sha1sum,R4.3,R4,Must handle SIGPIPE gracefully (exit 0) using pkg/sys.InstallSIGPIPEHandler.,76,False,1,uncertain,rel05.4,3,
srd032,srd032-sha256sum,cmd/sha256sum: Compute and Check SHA-256 Message Digests,cmd/sha256sum,R1.1,R1,"Must compute the SHA-256 digest of each named file and write one line per file in the format ""HASH  FILENAME"" (text mode) or ""HASH *FILENAME"" (binary mode). The default is text mode.",182,False,1,complete,rel05.4,3,
srd032,srd032-sha256sum,cmd/sha256sum: Compute and Check SHA-256 Message Digests,cmd/sha256sum,R1.2,R1,"Must read from stdin and print ""HASH  -"" when no file arguments are given or when ""-"" is provided as a filename.",112,False,1,complete,rel05.4,3,
srd032,srd032-sha256sum,cmd/sha256sum: Compute and Check SHA-256 Message Digests,cmd/sha256sum,R1.3,R1,"--tag must use BSD-style output format ""SHA256 (FILENAME) = HASH"".",66,False,1,complete,rel05.4,3,
srd032,srd032-sha256sum,cmd/sha256sum: Compute and Check SHA-256 Message Digests,cmd/sha256sum,R1.4,R1,"Must exit 1 when any named file cannot be opened, printing an error to stderr, and continue processing remaining files.",119,False,1,complete,rel05.4,5,
srd032,srd032-sha256sum,cmd/sha256sum: Compute and Check SHA-256 Message Digests,cmd/sha256sum,R2.1,R2,"--check FILE must read FILE, parse each line (GNU or BSD tag format), recompute the SHA-256 digest, and compare to the stored hash.",131,False,1,complete,rel05.4,3,
srd032,srd032-sha256sum,cmd/sha256sum: Compute and Check SHA-256 Message Digests,cmd/sha256sum,R2.2,R2,"Must print ""FILENAME: OK"" or ""FILENAME: FAILED"" for each entry. Must exit 1 if any check fails.",95,False,1,complete,rel05.4,3,
srd032,srd032-sha256sum,cmd/sha256sum: Compute and Check SHA-256 Message Digests,cmd/sha256sum,R2.3,R2,--warn prints a warning for each malformed line. --quiet suppresses OK lines. --status suppresses all output.,109,False,1,complete,rel05.4,1,
srd032,srd032-sha256sum,cmd/sha256sum: Compute and Check SHA-256 Message Digests,cmd/sha256sum,R3.1,R3,"-b marks input as binary; output uses ""HASH *FILENAME"". -t (default) uses ""HASH  FILENAME"".",91,False,1,complete,rel05.4,1,
srd032,srd032-sha256sum,cmd/sha256sum: Compute and Check SHA-256 Message Digests,cmd/sha256sum,R3.2,R3,--tag produces BSD tag format regardless of -b/-t.,50,False,1,complete,rel05.4,1,
srd032,srd032-sha256sum,cmd/sha256sum: Compute and Check SHA-256 Message Digests,cmd/sha256sum,R4.1,R4,Must exit 0 when all files are processed and all verified digests match.,72,False,1,complete,rel05.4,3,
srd032,srd032-sha256sum,cmd/sha256sum: Compute and Check SHA-256 Message Digests,cmd/sha256sum,R4.2,R4,"Must exit 1 when any file cannot be opened, any digest fails, or the checksum file is unreadable.",97,False,1,complete,rel05.4,3,
srd032,srd032-sha256sum,cmd/sha256sum: Compute and Check SHA-256 Message Digests,cmd/sha256sum,R4.3,R4,Must handle SIGPIPE gracefully (exit 0) using pkg/sys.InstallSIGPIPEHandler.,76,False,1,complete,rel05.4,3,
srd033,srd033-sha512sum,cmd/sha512sum: Compute and Check SHA-512 Message Digests,cmd/sha512sum,R1.1,R1,"Must compute the SHA-512 digest of each named file and write one line per file in the format ""HASH  FILENAME"" (text mode) or ""HASH *FILENAME"" (binary mode). The default is text mode.",182,False,1,uncertain,rel05.4,3,
srd033,srd033-sha512sum,cmd/sha512sum: Compute and Check SHA-512 Message Digests,cmd/sha512sum,R1.2,R1,"Must read from stdin and print ""HASH  -"" when no file arguments are given or when ""-"" is provided as a filename.",112,False,1,uncertain,rel05.4,3,
srd033,srd033-sha512sum,cmd/sha512sum: Compute and Check SHA-512 Message Digests,cmd/sha512sum,R1.3,R1,"--tag must use BSD-style output format ""SHA512 (FILENAME) = HASH"".",66,False,1,uncertain,rel05.4,3,
srd033,srd033-sha512sum,cmd/sha512sum: Compute and Check SHA-512 Message Digests,cmd/sha512sum,R1.4,R1,"Must exit 1 when any named file cannot be opened, printing an error to stderr, and continue processing remaining files.",119,False,1,uncertain,rel05.4,5,
srd033,srd033-sha512sum,cmd/sha512sum: Compute and Check SHA-512 Message Digests,cmd/sha512sum,R2.1,R2,"--check FILE must read FILE, parse each line (GNU or BSD tag format), recompute the SHA-512 digest, and compare to the stored hash.",131,False,1,uncertain,rel05.4,3,
srd033,srd033-sha512sum,cmd/sha512sum: Compute and Check SHA-512 Message Digests,cmd/sha512sum,R2.2,R2,"Must print ""FILENAME: OK"" or ""FILENAME: FAILED"" for each entry. Must exit 1 if any check fails.",95,False,1,uncertain,rel05.4,3,
srd033,srd033-sha512sum,cmd/sha512sum: Compute and Check SHA-512 Message Digests,cmd/sha512sum,R2.3,R2,--warn prints a warning for each malformed line. --quiet suppresses OK lines. --status suppresses all output.,109,False,1,uncertain,rel05.4,1,
srd033,srd033-sha512sum,cmd/sha512sum: Compute and Check SHA-512 Message Digests,cmd/sha512sum,R3.1,R3,"-b marks input as binary; output uses ""HASH *FILENAME"". -t (default) uses ""HASH  FILENAME"".",91,False,1,uncertain,rel05.4,1,
srd033,srd033-sha512sum,cmd/sha512sum: Compute and Check SHA-512 Message Digests,cmd/sha512sum,R3.2,R3,--tag produces BSD tag format regardless of -b/-t.,50,False,1,complete,rel05.4,1,
srd033,srd033-sha512sum,cmd/sha512sum: Compute and Check SHA-512 Message Digests,cmd/sha512sum,R4.1,R4,Must exit 0 when all files are processed and all verified digests match.,72,False,1,complete,rel05.4,3,
srd033,srd033-sha512sum,cmd/sha512sum: Compute and Check SHA-512 Message Digests,cmd/sha512sum,R4.2,R4,"Must exit 1 when any file cannot be opened, any digest fails, or the checksum file is unreadable.",97,False,1,complete,rel05.4,3,
srd033,srd033-sha512sum,cmd/sha512sum: Compute and Check SHA-512 Message Digests,cmd/sha512sum,R4.3,R4,Must handle SIGPIPE gracefully (exit 0) using pkg/sys.InstallSIGPIPEHandler.,76,False,1,complete,rel05.4,3,
srd034,srd034-mkdir,cmd/mkdir: Create Directories,cmd/mkdir,R1.1,R1,Must create a single directory when invoked as 'mkdir DIR'.,59,False,1,complete,rel06.0,2,
srd034,srd034-mkdir,cmd/mkdir: Create Directories,cmd/mkdir,R1.2,R1,"Must create multiple directories when invoked with multiple DIR arguments, processing each independently.",105,False,1,complete,rel06.0,2,
srd034,srd034-mkdir,cmd/mkdir: Create Directories,cmd/mkdir,R1.3,R1,Must exit with a non-zero status and print an error to stderr when a target directory already exists and -p is not given.,121,False,1,complete,rel06.0,5,
srd034,srd034-mkdir,cmd/mkdir: Create Directories,cmd/mkdir,R1.4,R1,Must exit with a non-zero status and print an error to stderr when the parent of the target does not exist and -p is not given.,127,False,1,complete,rel06.0,5,
srd034,srd034-mkdir,cmd/mkdir: Create Directories,cmd/mkdir,R2.1,R2,"-p or --parents must create intermediate parent directories as needed, similar to 'mkdir -p a/b/c' creating a, a/b, and a/b/c.",126,False,1,complete,rel06.0,3,
srd034,srd034-mkdir,cmd/mkdir: Create Directories,cmd/mkdir,R2.2,R2,Must not report an error when the target directory already exists and -p is given.,82,False,1,complete,rel06.0,4,
srd034,srd034-mkdir,cmd/mkdir: Create Directories,cmd/mkdir,R2.3,R2,Must not report an error when intermediate directories already exist and -p is given.,85,False,1,complete,rel06.0,4,
srd034,srd034-mkdir,cmd/mkdir: Create Directories,cmd/mkdir,R3.1,R3,"-m MODE or --mode=MODE must set the file permission bits of the created directory to MODE, where MODE is an octal value or symbolic mode string.",144,False,1,complete,rel06.0,3,
srd034,srd034-mkdir,cmd/mkdir: Create Directories,cmd/mkdir,R3.2,R3,"When -m is not given, must create directories with default permissions (0777 modified by the process umask).",108,False,1,complete,rel06.0,3,
srd034,srd034-mkdir,cmd/mkdir: Create Directories,cmd/mkdir,R3.3,R3,"When -p is combined with -m, must apply the specified mode only to the final target directory; intermediate directories must be created with default permissions modified by umask.",179,False,1,complete,rel06.0,4,
srd034,srd034-mkdir,cmd/mkdir: Create Directories,cmd/mkdir,R3.4,R3,-v or --verbose must print a message to stdout for each directory created.,74,False,1,complete,rel06.0,2,
srd034,srd034-mkdir,cmd/mkdir: Create Directories,cmd/mkdir,R4.1,R4,"Differential tests must compare stdout, stderr, and exit codes between the Go binary and gmkdir via pkg/testutils.",114,False,1,complete,rel06.0,3,
srd034,srd034-mkdir,cmd/mkdir: Create Directories,cmd/mkdir,R4.2,R4,"Tests must cover: single directory creation, multiple directory creation, -p with nested paths, -p on existing directory, -m with octal mode, -v verbose output, and error cases for missing parents and existing targets.",218,False,1,complete,rel06.0,5,
srd034,srd034-mkdir,cmd/mkdir: Create Directories,cmd/mkdir,R4.3,R4,Tests must verify that permission bits match between the Go implementation and gmkdir for all -m and -p combinations.,117,False,1,complete,rel06.0,4,
srd035,srd035-rmdir,cmd/rmdir: Remove Empty Directories,cmd/rmdir,R1.1,R1,Must remove a single empty directory when invoked as 'rmdir DIR'.,65,False,1,complete,rel06.0,6,
srd035,srd035-rmdir,cmd/rmdir: Remove Empty Directories,cmd/rmdir,R1.2,R1,"Must remove multiple empty directories when invoked with multiple DIR arguments, processing each independently.",111,False,1,complete,rel06.0,6,
srd035,srd035-rmdir,cmd/rmdir: Remove Empty Directories,cmd/rmdir,R1.3,R1,Must exit with a non-zero status and print an error to stderr when a target directory is not empty.,99,False,1,complete,rel06.0,6,
srd035,srd035-rmdir,cmd/rmdir: Remove Empty Directories,cmd/rmdir,R1.4,R1,Must exit with a non-zero status and print an error to stderr when a target does not exist or is not a directory.,113,False,1,complete,rel06.0,4,
srd035,srd035-rmdir,cmd/rmdir: Remove Empty Directories,cmd/rmdir,R2.1,R2,"-p or --parents must remove the target directory and then remove each successive empty parent component of the path, similar to 'rmdir -p a/b/c' removing c, then b, then a.",172,False,1,complete,rel06.0,6,
srd035,srd035-rmdir,cmd/rmdir: Remove Empty Directories,cmd/rmdir,R2.2,R2,Must stop ascending when a parent directory is not empty and report an error for that component.,96,False,1,complete,rel06.0,6,
srd035,srd035-rmdir,cmd/rmdir: Remove Empty Directories,cmd/rmdir,R2.3,R2,Must process each DIR argument independently when -p is combined with multiple arguments.,89,False,1,complete,rel06.0,3,
srd035,srd035-rmdir,cmd/rmdir: Remove Empty Directories,cmd/rmdir,R3.1,R3,--ignore-fail-on-non-empty must suppress error messages and the non-zero exit status caused by a directory not being empty.,123,False,1,complete,rel06.0,6,
srd035,srd035-rmdir,cmd/rmdir: Remove Empty Directories,cmd/rmdir,R3.2,R3,--ignore-fail-on-non-empty must not suppress errors for other failure reasons such as permission denied or non-existent target.,127,False,1,complete,rel06.0,6,
srd035,srd035-rmdir,cmd/rmdir: Remove Empty Directories,cmd/rmdir,R3.3,R3,-v or --verbose must print a message to stdout for each directory successfully removed.,87,False,1,complete,rel06.0,2,
srd035,srd035-rmdir,cmd/rmdir: Remove Empty Directories,cmd/rmdir,R3.4,R3,"Must exit 0 when all requested directories are successfully removed, and exit non-zero when any removal fails (unless suppressed by --ignore-fail-on-non-empty).",160,False,1,complete,rel06.0,6,
srd035,srd035-rmdir,cmd/rmdir: Remove Empty Directories,cmd/rmdir,R4.1,R4,"Differential tests must compare stdout, stderr, and exit codes between the Go binary and grmdir via pkg/testutils.",114,False,1,uncertain,rel06.0,4,
srd035,srd035-rmdir,cmd/rmdir: Remove Empty Directories,cmd/rmdir,R4.2,R4,"Tests must cover: single empty directory removal, multiple directories, -p with nested empty directories, non-empty directory error, non-existent directory error, --ignore-fail-on-non-empty suppression, and -v verbose output.",225,False,1,uncertain,rel06.0,6,
srd035,srd035-rmdir,cmd/rmdir: Remove Empty Directories,cmd/rmdir,R4.3,R4,"Tests must verify that -p stops ascending correctly when a parent is not empty, matching grmdir behavior.",105,False,1,uncertain,rel06.0,6,
srd036,srd036-mktemp,cmd/mktemp: Create Temporary Files or Directories,cmd/mktemp,R1.1,R1,"Must create a temporary file in the directory specified by the TMPDIR environment variable, or /tmp if TMPDIR is unset, and print the absolute path to stdout.",158,False,1,uncertain,rel06.0,2,
srd036,srd036-mktemp,cmd/mktemp: Create Temporary Files or Directories,cmd/mktemp,R1.2,R1,"Must use a template of 'tmp.XXXXXXXXXX' when no template argument is provided, where each X is replaced by a random alphanumeric character.",139,False,1,uncertain,rel06.0,2,
srd036,srd036-mktemp,cmd/mktemp: Create Temporary Files or Directories,cmd/mktemp,R1.3,R1,"When a TEMPLATE argument is provided, must replace the trailing sequence of X characters (minimum three) with random characters and create the file with that name.",163,False,1,uncertain,rel06.0,2,
srd036,srd036-mktemp,cmd/mktemp: Create Temporary Files or Directories,cmd/mktemp,R1.4,R1,Must create the file with permission mode 0600 (owner read-write only).,71,False,1,uncertain,rel06.0,2,
srd036,srd036-mktemp,cmd/mktemp: Create Temporary Files or Directories,cmd/mktemp,R1.5,R1,"Must exit 0 on success and exit 1 on failure, printing an error to stderr on failure.",85,False,1,complete,rel06.0,3,
srd036,srd036-mktemp,cmd/mktemp: Create Temporary Files or Directories,cmd/mktemp,R2.1,R2,-d or --directory must create a temporary directory instead of a file.,70,False,1,complete,rel06.0,3,
srd036,srd036-mktemp,cmd/mktemp: Create Temporary Files or Directories,cmd/mktemp,R2.2,R2,Must create the directory with permission mode 0700 (owner read-write-execute only).,84,False,1,complete,rel06.0,1,
srd036,srd036-mktemp,cmd/mktemp: Create Temporary Files or Directories,cmd/mktemp,R2.3,R2,Must print the absolute path of the created directory to stdout.,64,False,1,complete,rel06.0,1,
srd036,srd036-mktemp,cmd/mktemp: Create Temporary Files or Directories,cmd/mktemp,R3.1,R3,"-p DIR or --tmpdir=DIR must use DIR as the parent directory for the created file or directory, overriding TMPDIR.",113,False,1,uncertain,rel06.0,3,
srd036,srd036-mktemp,cmd/mktemp: Create Temporary Files or Directories,cmd/mktemp,R3.2,R3,"--tmpdir without a value must use TMPDIR or /tmp as the parent directory (same as default behavior), and interpret the next argument as a template.",147,False,1,uncertain,rel06.0,1,
srd036,srd036-mktemp,cmd/mktemp: Create Temporary Files or Directories,cmd/mktemp,R3.3,R3,--suffix=SUFF must append SUFF after the random characters in the generated name. The template must not contain a slash after the X sequence when --suffix is used.,163,False,1,uncertain,rel06.0,3,
srd036,srd036-mktemp,cmd/mktemp: Create Temporary Files or Directories,cmd/mktemp,R3.4,R3,"-t must treat the template as a filename prefix in the TMPDIR directory, equivalent to legacy BSD compatibility mode in GNU mktemp.",131,False,1,uncertain,rel06.0,2,
srd036,srd036-mktemp,cmd/mktemp: Create Temporary Files or Directories,cmd/mktemp,R3.5,R3,"-u or --dry-run must print the name that would be created without actually creating it, and must print a warning that the option is discouraged.",144,False,1,complete,rel06.0,1,
srd036,srd036-mktemp,cmd/mktemp: Create Temporary Files or Directories,cmd/mktemp,R3.6,R3,-q or --quiet must suppress error messages on failure.,54,False,1,complete,rel06.0,2,
srd036,srd036-mktemp,cmd/mktemp: Create Temporary Files or Directories,cmd/mktemp,R4.1,R4,Differential tests must compare exit codes and structural properties of output between the Go binary and gmktemp via pkg/testutils.,131,False,1,complete,rel06.0,2,
srd036,srd036-mktemp,cmd/mktemp: Create Temporary Files or Directories,cmd/mktemp,R4.2,R4,"Tests must verify structural properties: output is a valid path in the expected directory, the file or directory exists after creation, the name matches the template pattern, and permission bits match the specification.",219,False,1,complete,rel06.0,1,
srd036,srd036-mktemp,cmd/mktemp: Create Temporary Files or Directories,cmd/mktemp,R4.3,R4,"Tests must cover: default file creation, -d directory creation, custom template, --suffix, -p with explicit directory, -t legacy mode, -u dry-run, and error cases for invalid templates.",185,False,1,uncertain,rel06.0,5,
srd036,srd036-mktemp,cmd/mktemp: Create Temporary Files or Directories,cmd/mktemp,R4.4,R4,"Tests must not compare exact filenames between the Go binary and gmktemp, since random components will differ between invocations.",130,False,1,uncertain,rel06.0,2,
srd037,srd037-ln,cmd/ln: Create Links Between Files,cmd/ln,R1.1,R1,Must create a hard link from TARGET to LINK_NAME when invoked as 'ln TARGET LINK_NAME'.,87,False,1,complete,rel06.0,3,
srd037,srd037-ln,cmd/ln: Create Links Between Files,cmd/ln,R1.2,R1,"Must create hard links for multiple TARGETs in DIRECTORY when invoked as 'ln TARGET... DIRECTORY', placing each link in DIRECTORY with the same basename as the target.",167,False,1,complete,rel06.0,3,
srd037,srd037-ln,cmd/ln: Create Links Between Files,cmd/ln,R1.3,R1,Must exit with a non-zero status and print an error to stderr when attempting to create a hard link to a directory.,115,False,1,complete,rel06.0,4,
srd037,srd037-ln,cmd/ln: Create Links Between Files,cmd/ln,R1.4,R1,Must exit with a non-zero status and print an error to stderr when LINK_NAME already exists and neither -f nor -i is given.,123,False,1,complete,rel06.0,4,
srd037,srd037-ln,cmd/ln: Create Links Between Files,cmd/ln,R2.1,R2,-s or --symbolic must create a symbolic link instead of a hard link.,68,False,1,complete,rel06.0,3,
srd037,srd037-ln,cmd/ln: Create Links Between Files,cmd/ln,R2.2,R2,"Must allow symbolic links to directories, unlike hard links.",60,False,1,complete,rel06.0,1,
srd037,srd037-ln,cmd/ln: Create Links Between Files,cmd/ln,R2.3,R2,"Must store the TARGET string as-is in the symlink, whether it is relative or absolute.",86,False,1,complete,rel06.0,1,
srd037,srd037-ln,cmd/ln: Create Links Between Files,cmd/ln,R2.4,R2,"-r or --relative must create a symbolic link with a relative path from the link location to the target, computing the relative path automatically.",146,False,1,complete,rel06.0,3,
srd037,srd037-ln,cmd/ln: Create Links Between Files,cmd/ln,R3.1,R3,-f or --force must remove existing destination files before creating the link.,78,False,1,complete,rel06.0,2,
srd037,srd037-ln,cmd/ln: Create Links Between Files,cmd/ln,R3.2,R3,"-n or --no-dereference must treat a destination that is a symlink to a directory as a regular file, rather than following it.",125,False,1,complete,rel06.0,2,
srd037,srd037-ln,cmd/ln: Create Links Between Files,cmd/ln,R3.3,R3,"-i or --interactive must prompt the user on stderr before removing an existing
destination. Prompt format: 'ln: replace 'DEST'? ' where DEST is the destination
path. Read one line from stdin. If the response starts with 'y' or 'Y', proceed
with removal and link creation. Any other response (including empty) means decline;
do not remove the destination and do not create the link. Do not retry on invalid
input. When stdin is not a terminal (detected via os.Stdin.Fd() isatty check),
treat as decline (do not prompt, do not remove). When -f and -i are both given,
the last flag on the command line wins, matching GNU ln behavior.
",631,False,1,complete,rel06.0,2,
srd037,srd037-ln,cmd/ln: Create Links Between Files,cmd/ln,R3.4,R3,-v or --verbose must print the name of each link created to stdout.,67,False,1,complete,rel06.0,2,
srd037,srd037-ln,cmd/ln: Create Links Between Files,cmd/ln,R3.5,R3,"-b must create a backup of each existing destination file before removal, using the default backup suffix '~'. --backup=METHOD must accept numbered, existing, simple, and none as backup methods.",194,False,1,complete,rel06.0,2,
srd037,srd037-ln,cmd/ln: Create Links Between Files,cmd/ln,R3.6,R3,-S SUFFIX or --suffix=SUFFIX must use SUFFIX instead of '~' for backup file names.,82,False,1,complete,rel06.0,1,
srd037,srd037-ln,cmd/ln: Create Links Between Files,cmd/ln,R4.1,R4,"Differential tests must compare stdout, stderr, exit codes, and resulting filesystem state between the Go binary and gln via pkg/testutils.",139,False,1,complete,rel06.0,2,
srd037,srd037-ln,cmd/ln: Create Links Between Files,cmd/ln,R4.2,R4,"Tests must cover: hard link creation, symbolic link creation (-s), force overwrite (-f), no-dereference (-n), verbose output (-v), backup creation (-b), multiple targets into a directory, relative symlinks (-r), and error cases for hard linking directories and existing destinations.",283,False,1,complete,rel06.0,4,
srd037,srd037-ln,cmd/ln: Create Links Between Files,cmd/ln,R4.3,R4,"Tests must verify that created links point to the correct target and have the correct link type (hard or symbolic), matching gln behavior.",138,False,1,complete,rel06.0,1,
srd038,srd038-unlink,cmd/unlink: Remove a Single File,cmd/unlink,R1.1,R1,Must call unlink(2) on exactly one FILE argument provided on the command line.,78,False,1,complete,rel06.0,1,
srd038,srd038-unlink,cmd/unlink: Remove a Single File,cmd/unlink,R1.2,R1,Must produce no output on stdout when the operation succeeds.,61,False,1,complete,rel06.0,1,
srd038,srd038-unlink,cmd/unlink: Remove a Single File,cmd/unlink,R1.3,R1,Must exit 0 on success.,23,False,1,complete,rel06.0,2,
srd038,srd038-unlink,cmd/unlink: Remove a Single File,cmd/unlink,R2.1,R2,Must exit with a non-zero status and print an error to stderr when called with zero arguments.,94,False,1,complete,rel06.0,5,
srd038,srd038-unlink,cmd/unlink: Remove a Single File,cmd/unlink,R2.2,R2,Must exit with a non-zero status and print an error to stderr when called with more than one argument.,102,False,1,complete,rel06.0,5,
srd038,srd038-unlink,cmd/unlink: Remove a Single File,cmd/unlink,R2.3,R2,Must exit with a non-zero status and print an error to stderr when the specified FILE does not exist.,101,False,1,complete,rel06.0,5,
srd038,srd038-unlink,cmd/unlink: Remove a Single File,cmd/unlink,R2.4,R2,"Must exit with a non-zero status and print an error to stderr when the specified FILE is a directory, since unlink(2) does not remove directories on standard systems.",166,False,1,complete,rel06.0,5,
srd038,srd038-unlink,cmd/unlink: Remove a Single File,cmd/unlink,R3.1,R3,"Differential tests must compare stdout, stderr, and exit codes between the Go binary and gunlink via pkg/testutils.",115,False,1,complete,rel06.0,6,
srd038,srd038-unlink,cmd/unlink: Remove a Single File,cmd/unlink,R3.2,R3,"Tests must cover: successful removal of a regular file, successful removal of a symbolic link, zero-argument error, multi-argument error, non-existent file error, and directory argument error.",192,False,1,uncertain,rel06.0,5,
srd038,srd038-unlink,cmd/unlink: Remove a Single File,cmd/unlink,R3.3,R3,"Tests must verify that the target file no longer exists after a successful invocation, matching gunlink behavior.",113,False,1,uncertain,rel06.0,1,
srd039,srd039-env,cmd/env: Run a Command in a Modified Environment,cmd/env,R1.1,R1,"When invoked with no arguments, must print every environment variable on its own line in NAME=VALUE format and exit 0.",118,False,1,complete,rel06.1,4,
srd039,srd039-env,cmd/env: Run a Command in a Modified Environment,cmd/env,R1.2,R1,"When invoked with COMMAND [ARG ...], must execute COMMAND with the resulting environment after all modifications have been applied.",131,False,1,complete,rel06.1,3,
srd039,srd039-env,cmd/env: Run a Command in a Modified Environment,cmd/env,R1.3,R1,"If COMMAND is not found, must exit 127. If COMMAND is found but cannot be executed, must exit 126.",98,False,1,complete,rel06.1,4,
srd039,srd039-env,cmd/env: Run a Command in a Modified Environment,cmd/env,R2.1,R2,-i or --ignore-environment must start COMMAND with an empty environment. Only explicitly supplied NAME=VALUE pairs appear in the child process environment.,155,False,1,complete,rel06.1,3,
srd039,srd039-env,cmd/env: Run a Command in a Modified Environment,cmd/env,R2.2,R2,-u NAME or --unset=NAME must remove the variable NAME from the environment before COMMAND runs. Multiple -u flags must be supported.,132,False,1,complete,rel06.1,3,
srd039,srd039-env,cmd/env: Run a Command in a Modified Environment,cmd/env,R2.3,R2,"Each NAME=VALUE argument (positional, before COMMAND) must set or override the variable NAME in the environment. The first argument that does not contain '=' and is not a flag is the start of COMMAND.",200,False,1,complete,rel06.1,1,
srd039,srd039-env,cmd/env: Run a Command in a Modified Environment,cmd/env,R3.1,R3,-0 or --null must terminate each output line with a NUL byte (0x00) instead of a newline when printing the environment (no COMMAND case).,137,False,1,complete,rel06.1,1,
srd039,srd039-env,cmd/env: Run a Command in a Modified Environment,cmd/env,R3.2,R3,"When COMMAND is executed, env must exit with the same exit code as COMMAND.",75,False,1,complete,rel06.1,2,
srd039,srd039-env,cmd/env: Run a Command in a Modified Environment,cmd/env,R3.3,R3,Must print an error message to stderr when an invalid option is given and exit 125.,83,False,1,complete,rel06.1,2,
srd039,srd039-env,cmd/env: Run a Command in a Modified Environment,cmd/env,R4.1,R4,Differential tests must compare stdout output and exit codes between the Go binary and the reference binary (genv) via pkg/testutils.,133,False,1,complete,rel06.1,2,
srd039,srd039-env,cmd/env: Run a Command in a Modified Environment,cmd/env,R4.2,R4,"Tests must cover: no-argument environment dump, NAME=VALUE setting, -u unsetting, -i empty environment, -0 NUL-delimited output, COMMAND execution with modified env, and exit code passthrough.",192,False,1,complete,rel06.1,4,
srd039,srd039-env,cmd/env: Run a Command in a Modified Environment,cmd/env,R4.3,R4,Tests must verify error output and exit code for invalid options and missing commands.,86,False,1,complete,rel06.1,2,
srd040,srd040-printenv,cmd/printenv: Print Environment Variables,cmd/printenv,R1.1,R1,"When invoked with no arguments, must print every environment variable on its own line in NAME=VALUE format and exit 0.",118,False,1,complete,rel06.1,5,
srd040,srd040-printenv,cmd/printenv: Print Environment Variables,cmd/printenv,R1.2,R1,"When invoked with one or more VARIABLE arguments, must print only the value (not the name or '=') of each named variable, one per line, in the order given.",155,False,1,complete,rel06.1,4,
srd040,srd040-printenv,cmd/printenv: Print Environment Variables,cmd/printenv,R1.3,R1,"If a named VARIABLE is not set in the environment, must produce no output for that variable and must not print an error message.",128,False,1,complete,rel06.1,4,
srd040,srd040-printenv,cmd/printenv: Print Environment Variables,cmd/printenv,R2.1,R2,-0 or --null must terminate each output line with a NUL byte (0x00) instead of a newline.,89,False,1,complete,rel06.1,1,
srd040,srd040-printenv,cmd/printenv: Print Environment Variables,cmd/printenv,R2.2,R2,Must exit 0 if all requested VARIABLE arguments are found in the environment.,77,False,1,complete,rel06.1,2,
srd040,srd040-printenv,cmd/printenv: Print Environment Variables,cmd/printenv,R2.3,R2,Must exit 1 if any requested VARIABLE argument is not found in the environment.,79,False,1,complete,rel06.1,2,
srd040,srd040-printenv,cmd/printenv: Print Environment Variables,cmd/printenv,R2.4,R2,"When no VARIABLE arguments are given, must always exit 0 (the dump of all variables cannot fail).",97,False,1,complete,rel06.1,2,
srd040,srd040-printenv,cmd/printenv: Print Environment Variables,cmd/printenv,R3.1,R3,Differential tests must compare stdout output and exit codes between the Go binary and the reference binary (gprintenv) via pkg/testutils.,138,False,1,complete,rel06.1,3,
srd040,srd040-printenv,cmd/printenv: Print Environment Variables,cmd/printenv,R3.2,R3,"Tests must cover: no-argument full dump, single existing variable, multiple existing variables, missing variable (exit 1), mix of existing and missing variables, and -0 NUL-delimited output.",190,False,1,complete,rel06.1,2,
srd040,srd040-printenv,cmd/printenv: Print Environment Variables,cmd/printenv,R3.3,R3,Tests must verify that no error message is printed to stderr for missing variables.,83,False,1,complete,rel06.1,1,
srd041,srd041-id,cmd/id: Print User and Group Information,cmd/id,R1.1,R1,"When invoked with no flags, must print a single line in the format: uid=N(name) gid=N(name) groups=N(name),N(name),... followed by a newline.",141,False,1,complete,rel06.1,4,
srd041,srd041-id,cmd/id: Print User and Group Information,cmd/id,R1.2,R1,"The groups list must include all supplementary groups for the user, in the order returned by the system.",104,False,1,complete,rel06.1,4,
srd041,srd041-id,cmd/id: Print User and Group Information,cmd/id,R1.3,R1,Must exit 0 on success.,23,False,1,complete,rel06.1,4,
srd041,srd041-id,cmd/id: Print User and Group Information,cmd/id,R2.1,R2,-u or --user must print only the effective UID (numeric by default).,68,False,1,complete,rel06.1,3,
srd041,srd041-id,cmd/id: Print User and Group Information,cmd/id,R2.2,R2,-g or --group must print only the effective GID (numeric by default).,69,False,1,complete,rel06.1,2,
srd041,srd041-id,cmd/id: Print User and Group Information,cmd/id,R2.3,R2,"-G or --groups must print all group IDs, space-separated, on a single line.",75,False,1,complete,rel06.1,2,
srd041,srd041-id,cmd/id: Print User and Group Information,cmd/id,R2.4,R2,"Only one of -u, -g, -G may be specified at a time. If more than one is given, must print an error to stderr and exit 1.",119,False,1,complete,rel06.1,3,
srd041,srd041-id,cmd/id: Print User and Group Information,cmd/id,R3.1,R3,"-n or --name, combined with -u, -g, or -G, must print the name instead of the numeric ID. -n without a selection flag is an error.",130,False,1,complete,rel06.1,3,
srd041,srd041-id,cmd/id: Print User and Group Information,cmd/id,R3.2,R3,"-r or --real, combined with -u or -g, must print the real UID or GID instead of the effective one. -r without -u or -g is an error.",131,False,1,complete,rel06.1,3,
srd041,srd041-id,cmd/id: Print User and Group Information,cmd/id,R3.3,R3,"When a USER operand is given, must query that user's identity information from the system instead of the current process. If the user does not exist, must print an error to stderr and exit 1.",191,False,1,complete,rel06.1,2,
srd041,srd041-id,cmd/id: Print User and Group Information,cmd/id,R4.1,R4,Differential tests must compare stdout output and exit codes between the Go binary and the reference binary (gid) via pkg/testutils.,132,False,1,uncertain,rel06.1,2,
srd041,srd041-id,cmd/id: Print User and Group Information,cmd/id,R4.2,R4,"Tests must cover: default output (no flags), -u, -g, -G, -n combined with each selection flag, -r combined with -u and -g, named user lookup, and nonexistent user error.",169,False,1,uncertain,rel06.1,3,
srd041,srd041-id,cmd/id: Print User and Group Information,cmd/id,R4.3,R4,Tests must verify error output and exit code for conflicting flags and invalid users.,85,False,1,uncertain,rel06.1,2,
srd042,srd042-whoami,cmd/whoami: Print Effective User Name,cmd/whoami,R1.1,R1,"When invoked with no arguments, must print the effective username (equivalent to id -un) followed by a newline and exit 0.",122,False,1,complete,rel06.1,3,
srd042,srd042-whoami,cmd/whoami: Print Effective User Name,cmd/whoami,R1.2,R1,"The username must reflect the effective UID, not the real UID, matching the behavior of gwhoami after su or sudo.",113,False,1,complete,rel06.1,2,
srd042,srd042-whoami,cmd/whoami: Print Effective User Name,cmd/whoami,R2.1,R2,"If any extra operand is provided (beyond --help and --version), must print an error message to stderr and exit 1.",113,False,1,complete,rel06.1,3,
srd042,srd042-whoami,cmd/whoami: Print Effective User Name,cmd/whoami,R2.2,R2,Must not accept any flags other than --help and --version. Unknown flags must produce an error message to stderr and exit 1.,124,False,1,complete,rel06.1,3,
srd042,srd042-whoami,cmd/whoami: Print Effective User Name,cmd/whoami,R3.1,R3,Differential tests must compare stdout output and exit codes between the Go binary and the reference binary (gwhoami) via pkg/testutils.,136,False,1,complete,rel06.1,3,
srd042,srd042-whoami,cmd/whoami: Print Effective User Name,cmd/whoami,R3.2,R3,"Tests must cover: normal invocation (no arguments), extra operand error, and unknown flag error.",96,False,1,complete,rel06.1,3,
srd042,srd042-whoami,cmd/whoami: Print Effective User Name,cmd/whoami,R3.3,R3,Tests must verify that the output matches the effective username returned by the system.,88,False,1,complete,rel06.1,1,
srd043,srd043-groups,cmd/groups: Print Group Memberships,cmd/groups,R1.1,R1,"When invoked with no arguments, must print the group names of the current user, space-separated, on a single line followed by a newline, and exit 0.",148,False,1,complete,rel06.1,5,
srd043,srd043-groups,cmd/groups: Print Group Memberships,cmd/groups,R1.2,R1,"When invoked with one or more USER arguments, must print the groups for each user on a separate line and exit 0.",112,False,1,complete,rel06.1,5,
srd043,srd043-groups,cmd/groups: Print Group Memberships,cmd/groups,R1.3,R1,"If a named USER does not exist, must print an error message to stderr for that user and continue processing remaining users. Must exit 1 if any user was not found.",163,False,1,complete,rel06.1,6,
srd043,srd043-groups,cmd/groups: Print Group Memberships,cmd/groups,R2.1,R2,"When no USER argument is given, must print only the space-separated group names with no prefix.",95,False,1,complete,rel06.1,1,
srd043,srd043-groups,cmd/groups: Print Group Memberships,cmd/groups,R2.2,R2,"When USER arguments are given, each line must be formatted as: 'user : group1 group2 ...' with the user name, a space, a colon, a space, and then the space-separated group names.",178,False,1,uncertain,rel06.1,1,
srd043,srd043-groups,cmd/groups: Print Group Memberships,cmd/groups,R2.3,R2,Group names must appear in the order returned by the system group database.,75,False,1,uncertain,rel06.1,1,
srd043,srd043-groups,cmd/groups: Print Group Memberships,cmd/groups,R3.1,R3,Differential tests must compare stdout output and exit codes between the Go binary and the reference binary (ggroups) via pkg/testutils.,136,False,1,complete,rel06.1,3,
srd043,srd043-groups,cmd/groups: Print Group Memberships,cmd/groups,R3.2,R3,"Tests must cover: no-argument current-user output, single named user, multiple named users, nonexistent user error, and mixed valid/invalid users.",146,False,1,complete,rel06.1,3,
srd043,srd043-groups,cmd/groups: Print Group Memberships,cmd/groups,R3.3,R3,"Tests must verify the ""user :"" prefix format for named-user queries.",68,False,1,complete,rel06.1,1,
srd044,srd044-uname,cmd/uname: Print System Information,cmd/uname,R1.1,R1,"When invoked with no arguments, must print the kernel name (equivalent to -s) followed by a newline and exit 0.",111,False,1,complete,rel03.1,3,
srd044,srd044-uname,cmd/uname: Print System Information,cmd/uname,R1.2,R1,"-s must print the kernel name (e.g., Darwin, Linux).",52,False,1,complete,rel03.1,3,
srd044,srd044-uname,cmd/uname: Print System Information,cmd/uname,R1.3,R1,-n must print the network node hostname.,40,False,1,complete,rel03.1,3,
srd044,srd044-uname,cmd/uname: Print System Information,cmd/uname,R1.4,R1,-r must print the kernel release string.,40,False,1,complete,rel03.1,3,
srd044,srd044-uname,cmd/uname: Print System Information,cmd/uname,R1.5,R1,-v must print the kernel version string.,40,False,1,complete,rel03.1,3,
srd044,srd044-uname,cmd/uname: Print System Information,cmd/uname,R1.6,R1,"-m must print the machine hardware name (e.g., x86_64, arm64).",62,False,1,complete,rel03.1,3,
srd044,srd044-uname,cmd/uname: Print System Information,cmd/uname,R1.7,R1,"-p must print the processor type, or ""unknown"" if not determinable.",67,False,1,complete,rel03.1,3,
srd044,srd044-uname,cmd/uname: Print System Information,cmd/uname,R1.8,R1,"-i must print the hardware platform, or ""unknown"" if not determinable.",70,False,1,complete,rel03.1,3,
srd044,srd044-uname,cmd/uname: Print System Information,cmd/uname,R1.9,R1,-o must print the operating system name.,40,False,1,complete,rel03.1,3,
srd044,srd044-uname,cmd/uname: Print System Information,cmd/uname,R2.1,R2,"-a must print all fields in the order: kernel name, node name, kernel release, kernel version, machine, processor, hardware platform, operating system, separated by single spaces.",179,False,1,complete,rel03.1,2,
srd044,srd044-uname,cmd/uname: Print System Information,cmd/uname,R2.2,R2,"When multiple individual flags are specified (e.g., -sn), must print only the requested fields in the canonical order, space-separated, followed by a newline.",158,False,1,complete,rel03.1,1,
srd044,srd044-uname,cmd/uname: Print System Information,cmd/uname,R3.1,R3,"Must not accept any positional operands. If an operand is provided, must print an error message to stderr and exit 1.",117,False,1,complete,rel03.1,2,
srd044,srd044-uname,cmd/uname: Print System Information,cmd/uname,R3.2,R3,Unknown flags must produce an error message to stderr and exit 1.,65,False,1,complete,rel03.1,2,
srd044,srd044-uname,cmd/uname: Print System Information,cmd/uname,R4.1,R4,Differential tests must compare stdout output and exit codes between the Go binary and the reference binary (guname) via pkg/testutils.,135,False,1,complete,rel03.1,2,
srd044,srd044-uname,cmd/uname: Print System Information,cmd/uname,R4.2,R4,"Tests must cover: default (no flags), each individual flag (-s, -n, -r, -v, -m, -p, -i, -o), -a, combinations of flags, and error cases.",136,False,1,complete,rel03.1,4,
srd044,srd044-uname,cmd/uname: Print System Information,cmd/uname,R4.3,R4,All differential tests must set LC_ALL=C in the environment.,60,False,1,complete,rel03.1,2,
srd045,srd045-arch,cmd/arch: Print Machine Hardware Name,cmd/arch,R1.1,R1,"When invoked with no arguments, must print the machine hardware name (e.g., x86_64, arm64) followed by a newline and exit 0.",124,False,1,complete,rel03.1,3,
srd045,srd045-arch,cmd/arch: Print Machine Hardware Name,cmd/arch,R1.2,R1,The output must be identical to guname -m on the same system.,61,False,1,complete,rel03.1,2,
srd045,srd045-arch,cmd/arch: Print Machine Hardware Name,cmd/arch,R2.1,R2,"If any extra operand is provided (beyond --help and --version), must print an error message to stderr and exit 1.",113,False,1,complete,rel03.1,3,
srd045,srd045-arch,cmd/arch: Print Machine Hardware Name,cmd/arch,R2.2,R2,Must not accept any flags other than --help and --version. Unknown flags must produce an error message to stderr and exit 1.,124,False,1,complete,rel03.1,3,
srd045,srd045-arch,cmd/arch: Print Machine Hardware Name,cmd/arch,R3.1,R3,Differential tests must compare stdout output and exit codes between the Go binary and the reference binary (garch) via pkg/testutils.,134,False,1,complete,rel03.1,3,
srd045,srd045-arch,cmd/arch: Print Machine Hardware Name,cmd/arch,R3.2,R3,"Tests must cover: normal invocation (no arguments), extra operand error, and unknown flag error.",96,False,1,complete,rel03.1,3,
srd045,srd045-arch,cmd/arch: Print Machine Hardware Name,cmd/arch,R3.3,R3,All differential tests must set LC_ALL=C in the environment.,60,False,1,complete,rel03.1,2,
srd046,srd046-nproc,cmd/nproc: Print Number of Available Processing Units,cmd/nproc,R1.1,R1,"When invoked with no arguments, must print the number of available processing units followed by a newline and exit 0.",117,False,1,complete,rel03.1,2,
srd046,srd046-nproc,cmd/nproc: Print Number of Available Processing Units,cmd/nproc,R1.2,R1,"--all must print the number of installed processors, which may differ from the available count if CPU affinity or cgroups restrict the set.",139,False,1,complete,rel03.1,3,
srd046,srd046-nproc,cmd/nproc: Print Number of Available Processing Units,cmd/nproc,R1.3,R1,--ignore=N must subtract N from the processor count and print the result. The result must never be less than 1.,111,False,1,complete,rel03.1,3,
srd046,srd046-nproc,cmd/nproc: Print Number of Available Processing Units,cmd/nproc,R1.4,R1,"--all and --ignore=N may be combined. When combined, --ignore subtracts from the installed count.",97,False,1,complete,rel03.1,3,
srd046,srd046-nproc,cmd/nproc: Print Number of Available Processing Units,cmd/nproc,R2.1,R2,"If any positional operand is provided, must print an error message to stderr and exit 1.",88,False,1,uncertain,rel03.1,2,
srd046,srd046-nproc,cmd/nproc: Print Number of Available Processing Units,cmd/nproc,R2.2,R2,"If --ignore is given a non-numeric value, must print an error message to stderr and exit 1.",91,False,1,uncertain,rel03.1,3,
srd046,srd046-nproc,cmd/nproc: Print Number of Available Processing Units,cmd/nproc,R2.3,R2,Unknown flags must produce an error message to stderr and exit 1.,65,False,1,uncertain,rel03.1,2,
srd046,srd046-nproc,cmd/nproc: Print Number of Available Processing Units,cmd/nproc,R3.1,R3,Differential tests must compare stdout output and exit codes between the Go binary and the reference binary (gnproc) via pkg/testutils.,135,False,1,complete,rel03.1,2,
srd046,srd046-nproc,cmd/nproc: Print Number of Available Processing Units,cmd/nproc,R3.2,R3,"Tests must cover: default invocation, --all, --ignore=1, --all --ignore=1, and error cases.",91,False,1,complete,rel03.1,3,
srd046,srd046-nproc,cmd/nproc: Print Number of Available Processing Units,cmd/nproc,R3.3,R3,All differential tests must set LC_ALL=C in the environment.,60,False,1,complete,rel03.1,2,
srd047,srd047-hostname,cmd/hostname: Print System Hostname,cmd/hostname,R1.1,R1,"When invoked with no arguments, must print the system hostname followed by a newline and exit 0.",96,False,1,complete,rel03.1,3,
srd047,srd047-hostname,cmd/hostname: Print System Hostname,cmd/hostname,R1.2,R1,The output must be identical to the value returned by the gethostname(2) syscall on the current system.,103,False,1,complete,rel03.1,2,
srd047,srd047-hostname,cmd/hostname: Print System Hostname,cmd/hostname,R2.1,R2,"If any extra operand is provided (beyond --help and --version), must print an error message to stderr and exit 1.",113,False,1,complete,rel03.1,3,
srd047,srd047-hostname,cmd/hostname: Print System Hostname,cmd/hostname,R2.2,R2,Must not accept any flags other than --help and --version. Unknown flags must produce an error message to stderr and exit 1.,124,False,1,complete,rel03.1,3,
srd047,srd047-hostname,cmd/hostname: Print System Hostname,cmd/hostname,R3.1,R3,Differential tests must compare stdout output and exit codes between the Go binary and the reference binary (ghostname) via pkg/testutils.,138,False,1,complete,rel03.1,3,
srd047,srd047-hostname,cmd/hostname: Print System Hostname,cmd/hostname,R3.2,R3,"Tests must cover: normal invocation (no arguments), extra operand error, and unknown flag error.",96,False,1,complete,rel03.1,3,
srd047,srd047-hostname,cmd/hostname: Print System Hostname,cmd/hostname,R3.3,R3,All differential tests must set LC_ALL=C in the environment.,60,False,1,complete,rel03.1,2,
srd048,srd048-hostid,cmd/hostid: Print Numeric Host Identifier,cmd/hostid,R1.1,R1,"When invoked with no arguments, must print the 32-bit host identifier as an 8-digit lowercase hexadecimal number followed by a newline and exit 0.",146,False,1,complete,rel03.1,3,
srd048,srd048-hostid,cmd/hostid: Print Numeric Host Identifier,cmd/hostid,R1.2,R1,The value must be derived from the gethostid(3) syscall or equivalent system call on the current platform.,106,False,1,complete,rel03.1,2,
srd048,srd048-hostid,cmd/hostid: Print Numeric Host Identifier,cmd/hostid,R2.1,R2,"If any extra operand is provided (beyond --help and --version), must print an error message to stderr and exit 1.",113,False,1,complete,rel03.1,3,
srd048,srd048-hostid,cmd/hostid: Print Numeric Host Identifier,cmd/hostid,R2.2,R2,Must not accept any flags other than --help and --version. Unknown flags must produce an error message to stderr and exit 1.,124,False,1,complete,rel03.1,3,
srd048,srd048-hostid,cmd/hostid: Print Numeric Host Identifier,cmd/hostid,R3.1,R3,Differential tests must compare stdout output and exit codes between the Go binary and the reference binary (ghostid) via pkg/testutils.,136,False,1,complete,rel03.1,3,
srd048,srd048-hostid,cmd/hostid: Print Numeric Host Identifier,cmd/hostid,R3.2,R3,"Tests must cover: normal invocation (no arguments), extra operand error, and unknown flag error.",96,False,1,complete,rel03.1,3,
srd048,srd048-hostid,cmd/hostid: Print Numeric Host Identifier,cmd/hostid,R3.3,R3,All differential tests must set LC_ALL=C in the environment.,60,False,1,complete,rel03.1,2,
srd049,srd049-realpath,cmd/realpath: Print Resolved Absolute Paths,cmd/realpath,R1.1,R1,"When invoked with one or more path arguments and no flags, must resolve each path to its canonical absolute form (all symlinks resolved, no . or .. components) and print one per line, exiting 0.",194,False,1,complete,rel04.1,3,
srd049,srd049-realpath,cmd/realpath: Print Resolved Absolute Paths,cmd/realpath,R1.2,R1,"If the resolved path does not exist by default, must print an error to stderr and exit 1 for that operand.",106,False,1,complete,rel04.1,4,
srd049,srd049-realpath,cmd/realpath: Print Resolved Absolute Paths,cmd/realpath,R1.3,R1,"-e (--canonicalize-existing) requires that every component of the path exists. If any component is missing, must print an error to stderr and exit 1.",149,False,1,complete,rel04.1,4,
srd049,srd049-realpath,cmd/realpath: Print Resolved Absolute Paths,cmd/realpath,R1.4,R1,-m (--canonicalize-missing) requires no component to exist. Must resolve as far as possible and construct the remainder without checking existence.,147,False,1,complete,rel04.1,3,
srd049,srd049-realpath,cmd/realpath: Print Resolved Absolute Paths,cmd/realpath,R1.5,R1,"-s (--strip, --no-symlinks) must not resolve symlinks; only clean . and .. components and prepend the working directory for relative paths.",139,False,1,complete,rel04.1,2,
srd049,srd049-realpath,cmd/realpath: Print Resolved Absolute Paths,cmd/realpath,R2.1,R2,--relative-to=DIR must print each resolved path relative to DIR instead of as an absolute path.,95,False,1,complete,rel04.1,1,
srd049,srd049-realpath,cmd/realpath: Print Resolved Absolute Paths,cmd/realpath,R2.2,R2,--relative-base=DIR must print paths relative to DIR when the resolved path starts with DIR; otherwise print the absolute path.,127,False,1,complete,rel04.1,1,
srd049,srd049-realpath,cmd/realpath: Print Resolved Absolute Paths,cmd/realpath,R2.3,R2,"When both --relative-to and --relative-base are specified, --relative-to is applied only if the path starts with --relative-base.",129,False,1,complete,rel04.1,1,
srd049,srd049-realpath,cmd/realpath: Print Resolved Absolute Paths,cmd/realpath,R3.1,R3,"If no operand is provided, must print a usage error to stderr and exit 1.",73,False,1,complete,rel04.1,3,
srd049,srd049-realpath,cmd/realpath: Print Resolved Absolute Paths,cmd/realpath,R3.2,R3,Unknown flags must produce an error message to stderr and exit 1.,65,False,1,complete,rel04.1,3,
srd049,srd049-realpath,cmd/realpath: Print Resolved Absolute Paths,cmd/realpath,R3.3,R3,"When multiple paths are given and some fail, must print errors for the failing paths and exit 1 (but still print successful resolutions).",137,False,1,complete,rel04.1,3,
srd049,srd049-realpath,cmd/realpath: Print Resolved Absolute Paths,cmd/realpath,R4.1,R4,Differential tests must compare stdout output and exit codes between the Go binary and the reference binary (grealpath) via pkg/testutils.,138,False,1,complete,rel04.1,3,
srd049,srd049-realpath,cmd/realpath: Print Resolved Absolute Paths,cmd/realpath,R4.2,R4,"Tests must cover: default resolution, -e with existing and missing paths, -m with missing paths, -s without symlink resolution, --relative-to, --relative-base, multiple operands with mixed success, and error cases.",214,False,1,uncertain,rel04.1,4,
srd049,srd049-realpath,cmd/realpath: Print Resolved Absolute Paths,cmd/realpath,R4.3,R4,All differential tests must set LC_ALL=C in the environment.,60,False,1,uncertain,rel04.1,2,
srd050,srd050-readlink,cmd/readlink: Print Symlink Target or Canonical Path,cmd/readlink,R1.1,R1,"When invoked with a symlink operand and no flags, must print the immediate target of the symbolic link followed by a newline and exit 0.",136,False,1,complete,rel04.1,3,
srd050,srd050-readlink,cmd/readlink: Print Symlink Target or Canonical Path,cmd/readlink,R1.2,R1,"If the operand is not a symbolic link (with no flags), must print nothing to stdout and exit 1.",95,False,1,complete,rel04.1,3,
srd050,srd050-readlink,cmd/readlink: Print Symlink Target or Canonical Path,cmd/readlink,R1.3,R1,"-f (--canonicalize) must resolve the full canonical path, following all symlinks. The final component need not exist, but the directory containing it must exist.",161,False,1,complete,rel04.1,3,
srd050,srd050-readlink,cmd/readlink: Print Symlink Target or Canonical Path,cmd/readlink,R1.4,R1,-e (--canonicalize-existing) must resolve the full canonical path. Every component of the path must exist; otherwise exit 1.,124,False,1,complete,rel04.1,3,
srd050,srd050-readlink,cmd/readlink: Print Symlink Target or Canonical Path,cmd/readlink,R1.5,R1,-m (--canonicalize-missing) must resolve the full canonical path. No component need exist.,90,False,1,complete,rel04.1,2,
srd050,srd050-readlink,cmd/readlink: Print Symlink Target or Canonical Path,cmd/readlink,R1.6,R1,-n (--no-newline) must suppress the trailing newline when printing a single operand.,84,False,1,complete,rel04.1,2,
srd050,srd050-readlink,cmd/readlink: Print Symlink Target or Canonical Path,cmd/readlink,R2.1,R2,"When multiple operands are given, must print each result on a separate line.",76,False,1,complete,rel04.1,1,
srd050,srd050-readlink,cmd/readlink: Print Symlink Target or Canonical Path,cmd/readlink,R2.2,R2,"When multiple operands are given with -n, -n is ignored (newlines are always printed between results).",102,False,1,complete,rel04.1,1,
srd050,srd050-readlink,cmd/readlink: Print Symlink Target or Canonical Path,cmd/readlink,R3.1,R3,"If no operand is provided, must print a usage error to stderr and exit 1.",73,False,1,complete,rel04.1,3,
srd050,srd050-readlink,cmd/readlink: Print Symlink Target or Canonical Path,cmd/readlink,R3.2,R3,Unknown flags must produce an error message to stderr and exit 1.,65,False,1,complete,rel04.1,3,
srd050,srd050-readlink,cmd/readlink: Print Symlink Target or Canonical Path,cmd/readlink,R4.1,R4,Differential tests must compare stdout output and exit codes between the Go binary and the reference binary (greadlink) via pkg/testutils.,138,False,1,complete,rel04.1,3,
srd050,srd050-readlink,cmd/readlink: Print Symlink Target or Canonical Path,cmd/readlink,R4.2,R4,"Tests must cover: symlink target, non-symlink operand, -f with existing and partial paths, -e with existing and missing paths, -m with missing paths, -n flag, multiple operands, and error cases.",194,False,1,complete,rel04.1,3,
srd050,srd050-readlink,cmd/readlink: Print Symlink Target or Canonical Path,cmd/readlink,R4.3,R4,All differential tests must set LC_ALL=C in the environment.,60,False,1,uncertain,rel04.1,2,
srd051,srd051-pwd,cmd/pwd: Print Working Directory,cmd/pwd,R1.1,R1,"When invoked with no arguments, must print the current working directory followed by a newline and exit 0. The default mode is -P (physical).",141,False,1,complete,rel04.1,3,
srd051,srd051-pwd,cmd/pwd: Print Working Directory,cmd/pwd,R1.2,R1,"-L (--logical) must print the value of the PWD environment variable if it names the current directory and contains no . or .. components. If PWD is unset or invalid, must fall back to physical mode.",198,False,1,complete,rel04.1,3,
srd051,srd051-pwd,cmd/pwd: Print Working Directory,cmd/pwd,R1.3,R1,-P (--physical) must print the resolved physical path with all symlinks resolved.,81,False,1,complete,rel04.1,3,
srd051,srd051-pwd,cmd/pwd: Print Working Directory,cmd/pwd,R1.4,R1,"When both -L and -P are given, the last one specified takes precedence.",71,False,1,complete,rel04.1,4,
srd051,srd051-pwd,cmd/pwd: Print Working Directory,cmd/pwd,R2.1,R2,"If any positional operand is provided, must print an error message to stderr and exit 1.",88,False,1,complete,rel04.1,2,
srd051,srd051-pwd,cmd/pwd: Print Working Directory,cmd/pwd,R2.2,R2,Unknown flags must produce an error message to stderr and exit 1.,65,False,1,complete,rel04.1,2,
srd051,srd051-pwd,cmd/pwd: Print Working Directory,cmd/pwd,R3.1,R3,Differential tests must compare stdout output and exit codes between the Go binary and the reference binary (gpwd) via pkg/testutils.,133,False,1,complete,rel04.1,2,
srd051,srd051-pwd,cmd/pwd: Print Working Directory,cmd/pwd,R3.2,R3,"Tests must cover: default invocation, -L, -P, -L -P precedence, and error cases.",80,False,1,complete,rel04.1,4,
srd051,srd051-pwd,cmd/pwd: Print Working Directory,cmd/pwd,R3.3,R3,All differential tests must set LC_ALL=C in the environment.,60,False,1,complete,rel04.1,2,
srd052,srd052-tty,cmd/tty: Print Terminal File Name,cmd/tty,R1.1,R1,"When invoked with no arguments and stdin is a terminal, must print the terminal device name (e.g., /dev/ttys000) followed by a newline and exit 0.",146,False,1,complete,rel04.1,4,
srd052,srd052-tty,cmd/tty: Print Terminal File Name,cmd/tty,R1.2,R1,"When invoked with no arguments and stdin is not a terminal, must print ""not a tty"" followed by a newline and exit 1.",116,False,1,complete,rel04.1,4,
srd052,srd052-tty,cmd/tty: Print Terminal File Name,cmd/tty,R1.3,R1,"-s (--silent, --quiet) must suppress all output. The exit code is 0 if stdin is a terminal, 1 otherwise.",104,False,1,complete,rel04.1,4,
srd052,srd052-tty,cmd/tty: Print Terminal File Name,cmd/tty,R2.1,R2,"If any extra operand is provided (beyond --help and --version), must print an error message to stderr and exit 2.",113,False,1,complete,rel04.1,3,
srd052,srd052-tty,cmd/tty: Print Terminal File Name,cmd/tty,R2.2,R2,Unknown flags must produce an error message to stderr and exit 2.,65,False,1,complete,rel04.1,3,
srd052,srd052-tty,cmd/tty: Print Terminal File Name,cmd/tty,R3.1,R3,Differential tests must compare stdout output and exit codes between the Go binary and the reference binary (gtty) via pkg/testutils.,133,False,1,complete,rel04.1,4,
srd052,srd052-tty,cmd/tty: Print Terminal File Name,cmd/tty,R3.2,R3,"Tests must cover: stdin connected to a terminal (if available), stdin redirected from a file or pipe (not a tty), -s flag, and error cases.",139,False,1,complete,rel04.1,4,
srd052,srd052-tty,cmd/tty: Print Terminal File Name,cmd/tty,R3.3,R3,All differential tests must set LC_ALL=C in the environment.,60,False,1,complete,rel04.1,2,
srd053,srd053-logname,cmd/logname: Print Login Name,cmd/logname,R1.1,R1,"When invoked with no arguments, must print the login name followed by a newline and exit 0.",91,False,1,complete,rel04.1,3,
srd053,srd053-logname,cmd/logname: Print Login Name,cmd/logname,R1.2,R1,"The login name must be obtained from the system login record (getlogin(3) or equivalent), not from the effective UID.",117,False,1,complete,rel04.1,2,
srd053,srd053-logname,cmd/logname: Print Login Name,cmd/logname,R2.1,R2,"If any extra operand is provided (beyond --help and --version), must print an error message to stderr and exit 1.",113,False,1,complete,rel04.1,3,
srd053,srd053-logname,cmd/logname: Print Login Name,cmd/logname,R2.2,R2,Unknown flags must produce an error message to stderr and exit 1.,65,False,1,complete,rel04.1,3,
srd053,srd053-logname,cmd/logname: Print Login Name,cmd/logname,R2.3,R2,"If the login name cannot be determined (e.g., no controlling terminal), must print an error to stderr and exit 1.",113,False,1,uncertain,rel04.1,3,
srd053,srd053-logname,cmd/logname: Print Login Name,cmd/logname,R3.1,R3,Differential tests must compare stdout output and exit codes between the Go binary and the reference binary (glogname) via pkg/testutils.,137,False,1,uncertain,rel04.1,3,
srd053,srd053-logname,cmd/logname: Print Login Name,cmd/logname,R3.2,R3,"Tests must cover: normal invocation (no arguments), extra operand error, and unknown flag error.",96,False,1,uncertain,rel04.1,3,
srd053,srd053-logname,cmd/logname: Print Login Name,cmd/logname,R3.3,R3,All differential tests must set LC_ALL=C in the environment.,60,False,1,uncertain,rel04.1,2,
srd053,srd053-sort,cmd/sort: Sort Lines of Text Files,cmd/sort,R1.1,R1,"When no flags are given, must sort all input lines lexicographically using byte values (LC_ALL=C).",98,False,1,complete,rel07.0,2,
srd053,srd053-sort,cmd/sort: Sort Lines of Text Files,cmd/sort,R1.2,R1,"Must read from stdin when no file arguments are given or when a file argument is ""-"".",85,False,1,complete,rel07.0,2,
srd053,srd053-sort,cmd/sort: Sort Lines of Text Files,cmd/sort,R1.3,R1,Must accept multiple input files and sort their combined lines as a single stream.,82,False,1,complete,rel07.0,2,
srd053,srd053-sort,cmd/sort: Sort Lines of Text Files,cmd/sort,R1.4,R1,-r or --reverse must reverse the sort order.,44,False,1,complete,rel07.0,2,
srd053,srd053-sort,cmd/sort: Sort Lines of Text Files,cmd/sort,R1.5,R1,-u or --unique must output only the first of an equal run (based on the active sort key).,89,False,1,complete,rel07.0,3,
srd053,srd053-sort,cmd/sort: Sort Lines of Text Files,cmd/sort,R1.6,R1,-o FILE or --output=FILE must write output to FILE. FILE may be the same as an input file.,90,False,1,complete,rel07.0,2,
srd053,srd053-sort,cmd/sort: Sort Lines of Text Files,cmd/sort,R1.7,R1,-s or --stable must preserve the input order of lines that compare equal.,73,False,1,complete,rel07.0,2,
srd053,srd053-sort,cmd/sort: Sort Lines of Text Files,cmd/sort,R2.1,R2,"-n or --numeric-sort must sort by numeric value, parsing leading whitespace and optional sign.",94,False,1,complete,rel07.0,2,
srd053,srd053-sort,cmd/sort: Sort Lines of Text Files,cmd/sort,R2.2,R2,"-h or --human-numeric-sort must sort by numeric value with SI suffixes (K, M, G, T, P, E, Z, Y).",96,False,1,complete,rel07.0,1,
srd053,srd053-sort,cmd/sort: Sort Lines of Text Files,cmd/sort,R2.3,R2,-M or --month-sort must sort by month name abbreviation (JAN < FEB < ... < DEC). Unknown strings sort before JAN.,113,False,1,complete,rel07.0,1,
srd053,srd053-sort,cmd/sort: Sort Lines of Text Files,cmd/sort,R2.4,R2,-V or --version-sort must sort by version number segments (natural sort).,73,False,1,complete,rel07.0,1,
srd053,srd053-sort,cmd/sort: Sort Lines of Text Files,cmd/sort,R3.1,R3,-t CHAR or --field-separator=CHAR must use CHAR as the field delimiter instead of the default blank-to-non-blank transition.,124,False,1,complete,rel07.0,2,
srd053,srd053-sort,cmd/sort: Sort Lines of Text Files,cmd/sort,R3.2,R3,"-k KEYDEF or --key=KEYDEF must sort by the specified key field. KEYDEF format is F[.C][OPTS][,F[.C][OPTS]] where F is field number, C is character position, and OPTS are modifier letters (n, r, h, M, V, b, d, f, i).",215,False,1,complete,rel07.0,1,
srd053,srd053-sort,cmd/sort: Sort Lines of Text Files,cmd/sort,R3.3,R3,Must support multiple -k options. Earlier keys take precedence; later keys break ties.,86,False,1,complete,rel07.0,1,
srd053,srd053-sort,cmd/sort: Sort Lines of Text Files,cmd/sort,R3.4,R3,-b or --ignore-leading-blanks must ignore leading blanks when finding sort keys.,80,False,1,complete,rel07.0,1,
srd053,srd053-sort,cmd/sort: Sort Lines of Text Files,cmd/sort,R4.1,R4,Must exit 0 when input is sorted successfully.,46,False,1,complete,rel07.0,2,
srd053,srd053-sort,cmd/sort: Sort Lines of Text Files,cmd/sort,R4.2,R4,"-c or --check must check whether input is sorted. Exit 0 if sorted, exit 1 if not. With -C or --check=quiet, suppress the diagnostic message.",141,False,1,uncertain,rel07.0,2,
srd053,srd053-sort,cmd/sort: Sort Lines of Text Files,cmd/sort,R4.3,R4,"Must exit 2 on usage errors (invalid flags, conflicting options).",65,False,1,uncertain,rel07.0,2,
srd053,srd053-sort,cmd/sort: Sort Lines of Text Files,cmd/sort,R4.4,R4,"Differential tests must compare stdout output and exit codes between the Go binary and the reference binary via pkg/testutils. Tests must cover: default sort, -r, -n, -h, -M, -V, -u, -s, -k with field specs, -t delimiter, -b, -c check mode, multi-file input, and stdin.",269,False,1,uncertain,rel07.0,6,
srd054,srd054-tr,cmd/tr: Translate or Delete Characters,cmd/tr,R1.1,R1,"When two SETs are given without flags, must translate each character in SET1 to the corresponding character in SET2. If SET2 is shorter than SET1, the last character of SET2 is repeated to match SET1's length.",209,False,1,complete,rel07.0,2,
srd054,srd054-tr,cmd/tr: Translate or Delete Characters,cmd/tr,R1.2,R1,Must read from stdin and write translated output to stdout. tr does not accept file arguments.,94,False,1,complete,rel07.0,2,
srd054,srd054-tr,cmd/tr: Translate or Delete Characters,cmd/tr,R1.3,R1,"SET specifications must support: individual characters, ranges (a-z), octal escapes (\NNN), backslash escapes (\n, \t, \\, \a, \b, \f, \r, \v), and repetition (CHAR*N, CHAR*).",175,False,1,complete,rel07.0,2,
srd054,srd054-tr,cmd/tr: Translate or Delete Characters,cmd/tr,R1.4,R1,"SET specifications must support POSIX character classes: [:alnum:], [:alpha:], [:blank:], [:cntrl:], [:digit:], [:graph:], [:lower:], [:print:], [:punct:], [:space:], [:upper:], [:xdigit:].",189,False,1,complete,rel07.0,2,
srd054,srd054-tr,cmd/tr: Translate or Delete Characters,cmd/tr,R2.1,R2,-d or --delete must delete all characters in SET1 from the input. SET2 is not used with -d alone.,97,False,1,complete,rel07.0,3,
srd054,srd054-tr,cmd/tr: Translate or Delete Characters,cmd/tr,R2.2,R2,-s or --squeeze-repeats must replace each run of repeated characters listed in the last SET with a single occurrence of that character.,135,False,1,complete,rel07.0,2,
srd054,srd054-tr,cmd/tr: Translate or Delete Characters,cmd/tr,R2.3,R2,"When -d and -s are used together, must delete characters in SET1 and squeeze characters in SET2.",96,False,1,complete,rel07.0,4,
srd054,srd054-tr,cmd/tr: Translate or Delete Characters,cmd/tr,R2.4,R2,"-c or -C or --complement must complement SET1, operating on all characters not in SET1.",87,False,1,complete,rel07.0,2,
srd054,srd054-tr,cmd/tr: Translate or Delete Characters,cmd/tr,R3.1,R3,[:lower:] to [:upper:] must translate lowercase to uppercase. [:upper:] to [:lower:] must translate uppercase to lowercase.,123,False,1,complete,rel07.0,1,
srd054,srd054-tr,cmd/tr: Translate or Delete Characters,cmd/tr,R3.2,R3,"When translating (not deleting), SET2 must not be empty. If SET2 is omitted, must print a usage error.",102,False,1,complete,rel07.0,1,
srd054,srd054-tr,cmd/tr: Translate or Delete Characters,cmd/tr,R3.3,R3,Equivalence classes [=CHAR=] must be supported in SET2 for specifying characters that sort identically.,103,False,1,complete,rel07.0,1,
srd054,srd054-tr,cmd/tr: Translate or Delete Characters,cmd/tr,R4.1,R4,Must exit 0 when translation or deletion completes successfully.,64,False,1,complete,rel07.0,1,
srd054,srd054-tr,cmd/tr: Translate or Delete Characters,cmd/tr,R4.2,R4,"Must exit 1 on usage errors (missing SET, invalid class, conflicting flags).",76,False,1,complete,rel07.0,1,
srd054,srd054-tr,cmd/tr: Translate or Delete Characters,cmd/tr,R4.3,R4,"Differential tests must compare stdout output and exit codes between the Go binary and the reference binary via pkg/testutils. Tests must cover: basic translation, -d delete, -s squeeze, -c complement, -ds combined, character ranges, POSIX classes, case conversion, octal escapes, and error cases.",297,False,1,complete,rel07.0,6,
srd055,srd055-tail,cmd/tail: Print the Last Lines or Bytes of Files,cmd/tail,R1.1,R1,"When no flags are given, must print the last 10 lines of each input file.",73,False,1,complete,rel07.0,3,
srd055,srd055-tail,cmd/tail: Print the Last Lines or Bytes of Files,cmd/tail,R1.2,R1,-n NUM or --lines=NUM must print the last NUM lines. NUM must be a positive integer or prefixed with '+' to start from line NUM.,128,False,1,complete,rel07.0,5,
srd055,srd055-tail,cmd/tail: Print the Last Lines or Bytes of Files,cmd/tail,R1.3,R1,"When NUM is prefixed with '+' (e.g., -n +5), must print starting from line NUM to the end of the file. Line numbering starts at 1.",130,False,1,complete,rel07.0,5,
srd055,srd055-tail,cmd/tail: Print the Last Lines or Bytes of Files,cmd/tail,R1.4,R1,"Must read from stdin when no file arguments are given or when a file argument is ""-"".",85,False,1,complete,rel07.0,3,
srd055,srd055-tail,cmd/tail: Print the Last Lines or Bytes of Files,cmd/tail,R2.1,R2,-c NUM or --bytes=NUM must print the last NUM bytes of each input. -c and -n are mutually exclusive; the last one given takes precedence.,137,False,1,complete,rel07.0,4,
srd055,srd055-tail,cmd/tail: Print the Last Lines or Bytes of Files,cmd/tail,R2.2,R2,"When NUM is prefixed with '+' (e.g., -c +100), must print starting from byte NUM to the end. Byte numbering starts at 1.",120,False,1,complete,rel07.0,2,
srd055,srd055-tail,cmd/tail: Print the Last Lines or Bytes of Files,cmd/tail,R2.3,R2,"NUM may use multiplier suffixes as defined by GNU coreutils (b, K/KiB, M/MiB, G/GiB).",85,False,1,complete,rel07.0,1,
srd055,srd055-tail,cmd/tail: Print the Last Lines or Bytes of Files,cmd/tail,R3.1,R3,"When multiple files are given, must precede each file's output with a header in the format '==> FILENAME <==' followed by a newline. A blank line separates each file's header from the previous file's output.",207,False,1,complete,rel07.0,1,
srd055,srd055-tail,cmd/tail: Print the Last Lines or Bytes of Files,cmd/tail,R3.2,R3,"When a single file is given, must not print a header by default.",64,False,1,complete,rel07.0,1,
srd055,srd055-tail,cmd/tail: Print the Last Lines or Bytes of Files,cmd/tail,R3.3,R3,"-q or --quiet or --silent must suppress all headers, even for multiple files.",77,False,1,complete,rel07.0,1,
srd055,srd055-tail,cmd/tail: Print the Last Lines or Bytes of Files,cmd/tail,R3.4,R3,-v or --verbose must print headers even for a single file.,58,False,1,complete,rel07.0,1,
srd055,srd055-tail,cmd/tail: Print the Last Lines or Bytes of Files,cmd/tail,R4.1,R4,Must exit 0 when all input files are processed successfully.,60,False,1,complete,rel07.0,1,
srd055,srd055-tail,cmd/tail: Print the Last Lines or Bytes of Files,cmd/tail,R4.2,R4,Must exit 1 when any input file cannot be opened or read. Must still process and output content for the files that were successfully read.,138,False,1,complete,rel07.0,1,
srd055,srd055-tail,cmd/tail: Print the Last Lines or Bytes of Files,cmd/tail,R4.3,R4,"Differential tests must compare stdout output and exit codes between the Go binary and the reference binary via pkg/testutils. Tests must cover: default 10 lines, explicit -n count, -c byte count, +N offset (lines and bytes), multi-file headers, -q, -v, stdin input, and error on non-existent file.",298,False,1,complete,rel07.0,5,
srd055,srd055-tail,cmd/tail: Print the Last Lines or Bytes of Files,cmd/tail,R4.4,R4,"When a named file cannot be opened, must print an error message to stderr and continue processing remaining files.",114,False,1,complete,rel07.0,1,
srd056,srd056-cp,cmd/cp: Copy Files and Directories,cmd/cp,R1.1,R1,"When given SOURCE DEST, must copy SOURCE to DEST. When given multiple SOURCE arguments and a DEST directory, must copy each SOURCE into DEST.",141,False,1,complete,rel07.1,2,
srd056,srd056-cp,cmd/cp: Copy Files and Directories,cmd/cp,R1.2,R1,-i or --interactive must prompt before overwriting an existing destination file.,80,False,1,complete,rel07.1,2,
srd056,srd056-cp,cmd/cp: Copy Files and Directories,cmd/cp,R1.3,R1,"-f or --force must remove an existing destination file if it cannot be opened for writing, then retry the copy.",111,False,1,complete,rel07.1,2,
srd056,srd056-cp,cmd/cp: Copy Files and Directories,cmd/cp,R1.4,R1,"-n or --no-clobber must not overwrite an existing destination file. When combined with -i, -n takes precedence.",111,False,1,complete,rel07.1,3,
srd056,srd056-cp,cmd/cp: Copy Files and Directories,cmd/cp,R2.1,R2,"-r or -R or --recursive must copy directories recursively, preserving the directory structure.",94,False,1,complete,rel07.1,2,
srd056,srd056-cp,cmd/cp: Copy Files and Directories,cmd/cp,R2.2,R2,"Without -r, must refuse to copy a directory and print an error to stderr.",73,False,1,complete,rel07.1,3,
srd056,srd056-cp,cmd/cp: Copy Files and Directories,cmd/cp,R2.3,R2,"-L or --dereference must follow symlinks in SOURCE, copying the file they point to.",83,False,1,complete,rel07.1,1,
srd056,srd056-cp,cmd/cp: Copy Files and Directories,cmd/cp,R2.4,R2,"-P or --no-dereference must preserve symlinks, copying them as symlinks rather than following them. This is the default with -r.",128,False,1,complete,rel07.1,2,
srd056,srd056-cp,cmd/cp: Copy Files and Directories,cmd/cp,R3.1,R3,"-p or --preserve=mode,ownership,timestamps must preserve file mode, ownership, and modification timestamps on the copy.",119,False,1,complete,rel07.1,2,
srd056,srd056-cp,cmd/cp: Copy Files and Directories,cmd/cp,R3.2,R3,-a or --archive is equivalent to -dR --preserve=all. It preserves all attributes and copies recursively without following symlinks.,131,False,1,complete,rel07.1,1,
srd056,srd056-cp,cmd/cp: Copy Files and Directories,cmd/cp,R3.3,R3,"--preserve=ATTR_LIST must accept a comma-separated list of attributes to preserve. Supported attributes are mode, ownership, timestamps, and links.",147,False,1,complete,rel07.1,1,
srd056,srd056-cp,cmd/cp: Copy Files and Directories,cmd/cp,R3.4,R3,-v or --verbose must print the name of each file as it is copied.,65,False,1,complete,rel07.1,1,
srd056,srd056-cp,cmd/cp: Copy Files and Directories,cmd/cp,R4.1,R4,Must exit 0 when all files are copied successfully.,51,False,1,complete,rel07.1,2,
srd056,srd056-cp,cmd/cp: Copy Files and Directories,cmd/cp,R4.2,R4,"Must exit 1 when any copy operation fails (permission denied, source not found, destination is a directory without -r).",119,False,1,complete,rel07.1,3,
srd056,srd056-cp,cmd/cp: Copy Files and Directories,cmd/cp,R4.3,R4,-t DIRECTORY or --target-directory=DIRECTORY must copy all SOURCE arguments into DIRECTORY.,91,False,1,complete,rel07.1,1,
srd056,srd056-cp,cmd/cp: Copy Files and Directories,cmd/cp,R4.4,R4,"Differential tests must compare exit codes and resulting file system state between the Go binary and the reference binary via pkg/testutils. Tests must cover: single file copy, multi-file copy into directory, -r recursive, -i interactive (via stdin), -f force, -n no-clobber, -p preserve, -a archive, -v verbose, symlink handling, and error cases.",347,False,1,complete,rel07.1,6,
srd057,srd057-mv,cmd/mv: Move or Rename Files,cmd/mv,R1.1,R1,"When given SOURCE DEST, must rename SOURCE to DEST if on the same filesystem, or copy and delete if on different filesystems.",125,False,1,complete,rel07.1,3,
srd057,srd057-mv,cmd/mv: Move or Rename Files,cmd/mv,R1.2,R1,"When given multiple SOURCE arguments and a DEST directory, must move each SOURCE into DEST.",91,False,1,complete,rel07.1,3,
srd057,srd057-mv,cmd/mv: Move or Rename Files,cmd/mv,R1.3,R1,Must move directories without requiring a recursive flag (unlike cp).,69,False,1,complete,rel07.1,3,
srd057,srd057-mv,cmd/mv: Move or Rename Files,cmd/mv,R1.4,R1,"When DEST exists and is a directory, must move SOURCE into DEST as DEST/SOURCE.",79,False,1,complete,rel07.1,3,
srd057,srd057-mv,cmd/mv: Move or Rename Files,cmd/mv,R2.1,R2,-i or --interactive must prompt before overwriting an existing destination file.,80,False,1,complete,rel07.1,1,
srd057,srd057-mv,cmd/mv: Move or Rename Files,cmd/mv,R2.2,R2,"-f or --force must not prompt before overwriting. When combined with -i, the last flag given takes precedence.",110,False,1,complete,rel07.1,1,
srd057,srd057-mv,cmd/mv: Move or Rename Files,cmd/mv,R2.3,R2,-n or --no-clobber must not overwrite an existing destination file.,67,False,1,complete,rel07.1,2,
srd057,srd057-mv,cmd/mv: Move or Rename Files,cmd/mv,R2.4,R2,"When the destination cannot be overwritten due to permissions, must print an error to stderr.",93,False,1,complete,rel07.1,2,
srd057,srd057-mv,cmd/mv: Move or Rename Files,cmd/mv,R3.1,R3,"-v or --verbose must print the name of each file as it is moved, in the format 'SOURCE -> DEST' or 'renamed SOURCE -> DEST'.",124,False,1,uncertain,rel07.1,2,
srd057,srd057-mv,cmd/mv: Move or Rename Files,cmd/mv,R3.2,R3,-t DIRECTORY or --target-directory=DIRECTORY must move all SOURCE arguments into DIRECTORY.,91,False,1,uncertain,rel07.1,1,
srd057,srd057-mv,cmd/mv: Move or Rename Files,cmd/mv,R3.3,R3,"-T or --no-target-directory must treat DEST as a normal file, not a directory.",78,False,1,uncertain,rel07.1,1,
srd057,srd057-mv,cmd/mv: Move or Rename Files,cmd/mv,R4.1,R4,Must exit 0 when all files are moved successfully.,50,False,1,complete,rel07.1,2,
srd057,srd057-mv,cmd/mv: Move or Rename Files,cmd/mv,R4.2,R4,"Must exit 1 when any move operation fails (permission denied, source not found).",80,False,1,complete,rel07.1,2,
srd057,srd057-mv,cmd/mv: Move or Rename Files,cmd/mv,R4.3,R4,"When moving multiple files and one fails, must continue moving remaining files and exit 1.",90,False,1,complete,rel07.1,2,
srd057,srd057-mv,cmd/mv: Move or Rename Files,cmd/mv,R4.4,R4,"Differential tests must compare exit codes and resulting file system state between the Go binary and the reference binary via pkg/testutils. Tests must cover: single file rename, move into directory, multi-file move, -i interactive, -f force, -n no-clobber, -v verbose, -t target directory, directory move, and error cases.",323,False,1,complete,rel07.1,5,
srd058,srd058-rm,cmd/rm: Remove Files or Directories,cmd/rm,R1.1,R1,"When given one or more FILE arguments, must remove each file using unlink(2).",77,False,1,complete,rel07.1,2,
srd058,srd058-rm,cmd/rm: Remove Files or Directories,cmd/rm,R1.2,R1,"Without -r, must refuse to remove a directory and print an error to stderr.",75,False,1,complete,rel07.1,4,
srd058,srd058-rm,cmd/rm: Remove Files or Directories,cmd/rm,R1.3,R1,Must not remove '.' or '..' to prevent accidental directory tree destruction. Must print an error if either is specified.,121,False,1,complete,rel07.1,3,
srd058,srd058-rm,cmd/rm: Remove Files or Directories,cmd/rm,R1.4,R1,"When a file cannot be removed (permission denied, in use), must print an error to stderr and continue with remaining files.",123,False,1,complete,rel07.1,3,
srd058,srd058-rm,cmd/rm: Remove Files or Directories,cmd/rm,R2.1,R2,-r or -R or --recursive must remove directories and their contents recursively.,79,False,1,complete,rel07.1,3,
srd058,srd058-rm,cmd/rm: Remove Files or Directories,cmd/rm,R2.2,R2,-f or --force must ignore non-existent files and never prompt. Overrides -i and -I.,83,False,1,complete,rel07.1,2,
srd058,srd058-rm,cmd/rm: Remove Files or Directories,cmd/rm,R2.3,R2,"When -r and -f are combined, must silently remove directory trees without prompting.",84,False,1,complete,rel07.1,4,
srd058,srd058-rm,cmd/rm: Remove Files or Directories,cmd/rm,R2.4,R2,"-d or --dir must remove empty directories. Without -d or -r, directory removal fails.",85,False,1,complete,rel07.1,3,
srd058,srd058-rm,cmd/rm: Remove Files or Directories,cmd/rm,R3.1,R3,-i must prompt before every removal.,36,False,1,complete,rel07.1,1,
srd058,srd058-rm,cmd/rm: Remove Files or Directories,cmd/rm,R3.2,R3,-I must prompt once before removing more than three files or when removing recursively.,87,False,1,complete,rel07.1,1,
srd058,srd058-rm,cmd/rm: Remove Files or Directories,cmd/rm,R3.3,R3,-v or --verbose must print the name of each file as it is removed.,66,False,1,complete,rel07.1,2,
srd058,srd058-rm,cmd/rm: Remove Files or Directories,cmd/rm,R3.4,R3,"--interactive=WHEN must control prompting. WHEN is 'never' (like -f), 'once' (like -I), or 'always' (like -i).",110,False,1,complete,rel07.1,2,
srd058,srd058-rm,cmd/rm: Remove Files or Directories,cmd/rm,R4.1,R4,Must exit 0 when all files are removed successfully.,52,False,1,complete,rel07.1,3,
srd058,srd058-rm,cmd/rm: Remove Files or Directories,cmd/rm,R4.2,R4,Must exit 1 when any removal fails. Must continue removing remaining files.,75,False,1,complete,rel07.1,3,
srd058,srd058-rm,cmd/rm: Remove Files or Directories,cmd/rm,R4.3,R4,"With -f, must exit 0 even when specified files do not exist.",60,False,1,complete,rel07.1,3,
srd058,srd058-rm,cmd/rm: Remove Files or Directories,cmd/rm,R4.4,R4,"Differential tests must compare exit codes and resulting file system state between the Go binary and the reference binary via pkg/testutils. Tests must cover: single file removal, multi-file removal, -r recursive, -f force on non-existent, -d empty directory, -v verbose, error on directory without -r, error on permission denied, and refusing to remove '.' or '..'.",366,False,1,complete,rel07.1,6,
srd059,srd059-version,cmd/version: Version Identity Binary,cmd/version,R1.1,R1,"Must provide a cmd/version/ package that compiles to a standalone binary. When
invoked with no arguments, the binary prints the version string to stdout followed
by a newline and exits 0.
",188,False,1,complete,,1,
srd059,srd059-version,cmd/version: Version Identity Binary,cmd/version,R1.2,R1,"The version string must be set at build time via -ldflags ""-X main.version=<tag>"".
When the linker variable is not set (development builds), the binary must print
""dev"" as the version string.
",192,False,1,complete,,1,
srd059,srd059-version,cmd/version: Version Identity Binary,cmd/version,R1.3,R1,"The mage build target must resolve the version tag by running
git describe --tags --abbrev=0 --match ""v[0-9]*"" and passing the result to the
linker. If the git command fails (no tags, not a git repository), the build must
succeed with the version set to ""dev"".
",261,False,1,complete,,1,
srd059,srd059-version,cmd/version: Version Identity Binary,cmd/version,R1.4,R1,"When invoked with --version or -v, the binary must print the same version string
as the no-argument invocation. Any other flag must cause the binary to print a
usage message to stderr and exit 2.
",196,False,1,complete,,2,
srd059,srd059-version,cmd/version: Version Identity Binary,cmd/version,R1.5,R1,"The version package must export a variable or function so that other cmd/ packages
can import and report the same version string without duplicating the ldflags
mechanism.
",172,False,1,complete,,1,
srd060,srd060-date,cmd/date: Display and Format Date and Time,cmd/date,R1.1,R1,"When invoked with no arguments, must print the current date and time in the default format and exit 0.",102,False,1,complete,rel08.0,2,
srd060,srd060-date,cmd/date: Display and Format Date and Time,cmd/date,R1.2,R1,"When a +FORMAT argument is given, must format the date according to the strftime-style format string and print the result followed by a newline.",144,False,1,complete,rel08.0,4,
srd060,srd060-date,cmd/date: Display and Format Date and Time,cmd/date,R1.3,R1,"Must support all standard strftime conversion specifications including %Y (year), %m (month), %d (day), %H (hour), %M (minute), %S (second), %Z (timezone name), %s (seconds since epoch), %N (nanoseconds), %A (weekday name), %B (month name), %j (day of year), %u (day of week 1-7), and %w (day of week 0-6).",306,False,1,complete,rel08.0,3,
srd060,srd060-date,cmd/date: Display and Format Date and Time,cmd/date,R1.4,R1,"Must support GNU extensions including %P (lowercase am/pm) and padding modifiers (%-d for no padding, %_d for space padding, %0d for zero padding).",147,False,1,complete,rel08.0,1,
srd060,srd060-date,cmd/date: Display and Format Date and Time,cmd/date,R2.1,R2,-d STRING or --date=STRING must display the date described by STRING instead of the current time.,97,False,1,complete,rel08.0,3,
srd060,srd060-date,cmd/date: Display and Format Date and Time,cmd/date,R2.2,R2,"Must parse epoch timestamps prefixed with @ (e.g., -d @1234567890).",67,False,1,complete,rel08.0,3,
srd060,srd060-date,cmd/date: Display and Format Date and Time,cmd/date,R2.3,R2,"Must parse ISO 8601 date strings (e.g., -d '2024-01-15 10:30:00').",66,False,1,complete,rel08.0,1,
srd060,srd060-date,cmd/date: Display and Format Date and Time,cmd/date,R2.4,R2,"When the date string cannot be parsed, must print an error to stderr and exit 1.",80,False,1,complete,rel08.0,2,
srd060,srd060-date,cmd/date: Display and Format Date and Time,cmd/date,R3.1,R3,-u or --utc or --universal must display the date in UTC instead of the local timezone.,86,False,1,complete,rel08.0,2,
srd060,srd060-date,cmd/date: Display and Format Date and Time,cmd/date,R3.2,R3,-r FILE or --reference=FILE must display the last modification time of FILE instead of the current time.,104,False,1,complete,rel08.0,2,
srd060,srd060-date,cmd/date: Display and Format Date and Time,cmd/date,R3.3,R3,"When the referenced file does not exist, must print an error to stderr and exit 1.",82,False,1,complete,rel08.0,2,
srd060,srd060-date,cmd/date: Display and Format Date and Time,cmd/date,R3.4,R3,Must not read from stdin. Must write formatted output to stdout only.,69,False,1,complete,rel08.0,2,
srd060,srd060-date,cmd/date: Display and Format Date and Time,cmd/date,R4.1,R4,Must exit 0 when the date is displayed successfully.,52,False,1,complete,rel08.0,2,
srd060,srd060-date,cmd/date: Display and Format Date and Time,cmd/date,R4.2,R4,Must exit 1 when an invalid date string is given or a referenced file does not exist.,85,False,1,complete,rel08.0,2,
srd060,srd060-date,cmd/date: Display and Format Date and Time,cmd/date,R4.3,R4,Differential tests must compare stdout and exit codes between the Go binary and the reference binary via pkg/testutils. Tests must use fixed dates via -d @EPOCH to ensure deterministic output.,192,False,1,complete,rel08.0,2,
srd060,srd060-date,cmd/date: Display and Format Date and Time,cmd/date,R4.4,R4,"Tests must cover: default output with fixed epoch, +FORMAT with various conversion specs, -d with epoch and ISO strings, -u UTC mode, -r reference file, padding modifiers, and error cases (invalid date, missing file).",217,False,1,complete,rel08.0,2,
srd061,srd061-sleep,cmd/sleep: Pause for a Specified Duration,cmd/sleep,R1.1,R1,"Must pause for NUMBER seconds when given a single numeric argument, then exit 0.",80,False,1,complete,rel08.0,3,
srd061,srd061-sleep,cmd/sleep: Pause for a Specified Duration,cmd/sleep,R1.2,R1,"Must support fractional seconds (e.g., sleep 0.5 pauses for 500 milliseconds).",78,False,1,complete,rel08.0,2,
srd061,srd061-sleep,cmd/sleep: Pause for a Specified Duration,cmd/sleep,R1.3,R1,"Must support suffix multipliers s (seconds, default), m (minutes, x60), h (hours, x3600), d (days, x86400). The suffix is case-sensitive and lowercase only.",156,False,1,complete,rel08.0,1,
srd061,srd061-sleep,cmd/sleep: Pause for a Specified Duration,cmd/sleep,R1.4,R1,"When multiple arguments are given, must sum all durations and sleep for the total.",82,False,1,complete,rel08.0,1,
srd061,srd061-sleep,cmd/sleep: Pause for a Specified Duration,cmd/sleep,R2.1,R2,Must accept zero as a valid duration and return immediately with exit 0.,72,False,1,complete,rel08.0,2,
srd061,srd061-sleep,cmd/sleep: Pause for a Specified Duration,cmd/sleep,R2.2,R2,"When no arguments are given, must print a usage error to stderr and exit 1.",75,False,1,complete,rel08.0,2,
srd061,srd061-sleep,cmd/sleep: Pause for a Specified Duration,cmd/sleep,R2.3,R2,"When a non-numeric or negative argument is given, must print an error to stderr and exit 1.",91,False,1,complete,rel08.0,2,
srd061,srd061-sleep,cmd/sleep: Pause for a Specified Duration,cmd/sleep,R2.4,R2,"Must support infinity (or inf) as a duration, sleeping indefinitely until interrupted.",86,False,1,complete,rel08.0,1,
srd061,srd061-sleep,cmd/sleep: Pause for a Specified Duration,cmd/sleep,R3.1,R3,Must not produce any output to stdout or stderr under normal operation.,71,False,1,complete,rel08.0,1,
srd061,srd061-sleep,cmd/sleep: Pause for a Specified Duration,cmd/sleep,R3.2,R3,Must not read from stdin.,25,False,1,complete,rel08.0,1,
srd061,srd061-sleep,cmd/sleep: Pause for a Specified Duration,cmd/sleep,R3.3,R3,"When --help is the first argument, must print a usage message to stdout and exit 0.",83,False,1,complete,rel08.0,1,
srd061,srd061-sleep,cmd/sleep: Pause for a Specified Duration,cmd/sleep,R3.4,R3,"When --version is the first argument, must print version information to stdout and exit 0.",90,False,1,complete,rel08.0,1,
srd061,srd061-sleep,cmd/sleep: Pause for a Specified Duration,cmd/sleep,R4.1,R4,Must exit 0 after sleeping for the requested duration.,54,False,1,uncertain,rel08.0,3,
srd061,srd061-sleep,cmd/sleep: Pause for a Specified Duration,cmd/sleep,R4.2,R4,"Must exit 1 when given invalid arguments (no args, non-numeric, negative).",74,False,1,uncertain,rel08.0,3,
srd061,srd061-sleep,cmd/sleep: Pause for a Specified Duration,cmd/sleep,R4.3,R4,Differential tests must compare exit codes between the Go binary and the reference binary via pkg/testutils. Tests must use short durations (0 or 0.01) to avoid slow test execution.,181,False,1,uncertain,rel08.0,2,
srd061,srd061-sleep,cmd/sleep: Pause for a Specified Duration,cmd/sleep,R4.4,R4,"Tests must cover: zero duration, fractional seconds, suffix multipliers (s, m, h, d), multiple arguments summed, error on no args, error on invalid arg, and error on negative arg.",179,False,1,uncertain,rel08.0,2,
srd062,srd062-touch,cmd/touch: Create Files and Update Timestamps,cmd/touch,R1.1,R1,"When given one or more FILE arguments, must update the access and modification times of each file to the current time.",118,False,1,complete,rel08.0,2,
srd062,srd062-touch,cmd/touch: Create Files and Update Timestamps,cmd/touch,R1.2,R1,"When a named file does not exist, must create it as an empty file with default permissions.",91,False,1,complete,rel08.0,2,
srd062,srd062-touch,cmd/touch: Create Files and Update Timestamps,cmd/touch,R1.3,R1,"-c or --no-create must suppress file creation. If the file does not exist, must not create it and must not report an error.",123,False,1,complete,rel08.0,2,
srd062,srd062-touch,cmd/touch: Create Files and Update Timestamps,cmd/touch,R1.4,R1,"Must support multiple file arguments, processing each in order.",63,False,1,complete,rel08.0,2,
srd062,srd062-touch,cmd/touch: Create Files and Update Timestamps,cmd/touch,R2.1,R2,-a must change only the access time.,36,False,1,complete,rel08.0,1,
srd062,srd062-touch,cmd/touch: Create Files and Update Timestamps,cmd/touch,R2.2,R2,-m must change only the modification time.,42,False,1,complete,rel08.0,1,
srd062,srd062-touch,cmd/touch: Create Files and Update Timestamps,cmd/touch,R2.3,R2,"When neither -a nor -m is given, must change both access and modification times.",80,False,1,complete,rel08.0,2,
srd062,srd062-touch,cmd/touch: Create Files and Update Timestamps,cmd/touch,R2.4,R2,-t STAMP must use the timestamp [[CC]YY]MMDDhhmm[.ss] instead of the current time.,82,False,1,complete,rel08.0,2,
srd062,srd062-touch,cmd/touch: Create Files and Update Timestamps,cmd/touch,R3.1,R3,-r FILE or --reference=FILE must use the timestamps of FILE instead of the current time.,88,False,1,complete,rel08.0,2,
srd062,srd062-touch,cmd/touch: Create Files and Update Timestamps,cmd/touch,R3.2,R3,-d STRING or --date=STRING must parse the date string and use it instead of the current time.,93,False,1,complete,rel08.0,1,
srd062,srd062-touch,cmd/touch: Create Files and Update Timestamps,cmd/touch,R3.3,R3,"When a reference file does not exist, must print an error to stderr and exit 1.",79,False,1,complete,rel08.0,2,
srd062,srd062-touch,cmd/touch: Create Files and Update Timestamps,cmd/touch,R3.4,R3,-h or --no-dereference must affect the symbolic link itself rather than the file it points to.,94,False,1,complete,rel08.0,1,
srd062,srd062-touch,cmd/touch: Create Files and Update Timestamps,cmd/touch,R4.1,R4,Must exit 0 when all files are processed successfully.,54,False,1,complete,rel08.0,3,
srd062,srd062-touch,cmd/touch: Create Files and Update Timestamps,cmd/touch,R4.2,R4,"Must exit 1 when an error occurs (invalid timestamp, missing reference file, permission denied). Must continue processing remaining files after an error.",153,False,1,complete,rel08.0,1,
srd062,srd062-touch,cmd/touch: Create Files and Update Timestamps,cmd/touch,R4.3,R4,Differential tests must compare exit codes and resulting file timestamps between the Go binary and the reference binary via pkg/testutils.,138,False,1,complete,rel08.0,2,
srd062,srd062-touch,cmd/touch: Create Files and Update Timestamps,cmd/touch,R4.4,R4,"Tests must cover: create new file, update existing file, -c no-create, -a access only, -m modification only, -t explicit timestamp, -d date string, -r reference file, multiple files, and error cases (invalid timestamp, missing reference file).",243,False,1,complete,rel08.0,2,
srd063,srd063-timeout,cmd/timeout: Run a Command with a Time Limit,cmd/timeout,R1.1,R1,Must run COMMAND with optional ARGS and kill it with SIGTERM if it does not exit within DURATION seconds.,105,False,1,complete,rel08.0,3,
srd063,srd063-timeout,cmd/timeout: Run a Command with a Time Limit,cmd/timeout,R1.2,R1,"Must support fractional durations (e.g., timeout 0.5 command).",62,False,1,complete,rel08.0,2,
srd063,srd063-timeout,cmd/timeout: Run a Command with a Time Limit,cmd/timeout,R1.3,R1,"Must support suffix multipliers s (seconds, default), m (minutes), h (hours), d (days).",87,False,1,complete,rel08.0,1,
srd063,srd063-timeout,cmd/timeout: Run a Command with a Time Limit,cmd/timeout,R1.4,R1,"When DURATION is 0, must not impose a time limit (the command runs indefinitely).",81,False,1,complete,rel08.0,2,
srd063,srd063-timeout,cmd/timeout: Run a Command with a Time Limit,cmd/timeout,R2.1,R2,"-s SIGNAL or --signal=SIGNAL must send the specified signal instead of SIGTERM. Must accept signal names (e.g., KILL, HUP) and numeric signal values.",149,False,1,complete,rel08.0,2,
srd063,srd063-timeout,cmd/timeout: Run a Command with a Time Limit,cmd/timeout,R2.2,R2,-k DURATION or --kill-after=DURATION must send SIGKILL if the command is still running DURATION seconds after the initial signal.,129,False,1,complete,rel08.0,1,
srd063,srd063-timeout,cmd/timeout: Run a Command with a Time Limit,cmd/timeout,R2.3,R2,"--foreground must not create a separate process group, allowing the command to use the terminal.",96,False,1,complete,rel08.0,1,
srd063,srd063-timeout,cmd/timeout: Run a Command with a Time Limit,cmd/timeout,R2.4,R2,"--preserve-status must exit with the same status as the command, even on timeout, instead of the timeout-specific exit code 124.",128,False,1,complete,rel08.0,1,
srd063,srd063-timeout,cmd/timeout: Run a Command with a Time Limit,cmd/timeout,R3.1,R3,"When the command exits before the timeout, must exit with the command's exit status.",84,False,1,complete,rel08.0,3,
srd063,srd063-timeout,cmd/timeout: Run a Command with a Time Limit,cmd/timeout,R3.2,R3,"When the command is killed due to timeout, must exit 124 (unless --preserve-status is given).",93,False,1,complete,rel08.0,2,
srd063,srd063-timeout,cmd/timeout: Run a Command with a Time Limit,cmd/timeout,R3.3,R3,"When the command is killed by a signal not sent by timeout, must exit 128+signum.",81,False,1,complete,rel08.0,2,
srd063,srd063-timeout,cmd/timeout: Run a Command with a Time Limit,cmd/timeout,R3.4,R3,"When the timeout command itself fails (invalid arguments, command not found), must exit 125 for internal error or 126/127 for command execution failure.",152,False,1,complete,rel08.0,1,
srd063,srd063-timeout,cmd/timeout: Run a Command with a Time Limit,cmd/timeout,R4.1,R4,Differential tests must compare exit codes between the Go binary and the reference binary via pkg/testutils.,108,False,1,complete,rel08.0,2,
srd063,srd063-timeout,cmd/timeout: Run a Command with a Time Limit,cmd/timeout,R4.2,R4,"Tests must cover: command completes before timeout (exit with command status), command exceeds timeout (exit 124), duration 0 (no limit), -s with named and numeric signals, -k kill-after escalation, --preserve-status, and error cases (no args, invalid duration, command not found).",281,False,1,complete,rel08.0,2,
srd063,srd063-timeout,cmd/timeout: Run a Command with a Time Limit,cmd/timeout,R4.3,R4,"Tests must use fast commands (true, false, sleep 0) and short durations to avoid slow test execution.",101,False,1,complete,rel08.0,2,
srd063,srd063-timeout,cmd/timeout: Run a Command with a Time Limit,cmd/timeout,R4.4,R4,Tests must verify that the timed-out process is actually killed and does not remain as an orphan.,97,False,1,complete,rel08.0,2,
srd064,srd064-shuf,cmd/shuf: Shuffle Lines Randomly,cmd/shuf,R1.1,R1,"When given one or more FILE arguments, must read all lines from each file, randomly permute them, and write the result to stdout.",129,False,1,complete,rel08.0,2,
srd064,srd064-shuf,cmd/shuf: Shuffle Lines Randomly,cmd/shuf,R1.2,R1,"When no file arguments are given or when ""-"" is given as a filename, must read from stdin.",90,False,1,complete,rel08.0,2,
srd064,srd064-shuf,cmd/shuf: Shuffle Lines Randomly,cmd/shuf,R1.3,R1,"Must output each input line exactly once in a random order (a permutation, not sampling with replacement) unless -r is given.",125,False,1,complete,rel08.0,2,
srd064,srd064-shuf,cmd/shuf: Shuffle Lines Randomly,cmd/shuf,R1.4,R1,"Must treat each line as terminated by a newline. The last line need not end with a newline, but must be included in the shuffle.",128,False,1,complete,rel08.0,2,
srd064,srd064-shuf,cmd/shuf: Shuffle Lines Randomly,cmd/shuf,R2.1,R2,"-i LO-HI or --input-range=LO-HI must generate and shuffle integers from LO to HI inclusive, one per line. Must not be combined with file arguments.",147,False,1,complete,rel08.0,3,
srd064,srd064-shuf,cmd/shuf: Shuffle Lines Randomly,cmd/shuf,R2.2,R2,-n COUNT or --head-count=COUNT must output at most COUNT lines.,63,False,1,complete,rel08.0,3,
srd064,srd064-shuf,cmd/shuf: Shuffle Lines Randomly,cmd/shuf,R2.3,R2,"-r or --repeat must allow output lines to repeat (sampling with replacement). Without -n, runs indefinitely.",108,False,1,complete,rel08.0,2,
srd064,srd064-shuf,cmd/shuf: Shuffle Lines Randomly,cmd/shuf,R2.4,R2,-o FILE or --output=FILE must write output to FILE instead of stdout.,69,False,1,complete,rel08.0,1,
srd064,srd064-shuf,cmd/shuf: Shuffle Lines Randomly,cmd/shuf,R3.1,R3,--random-source=FILE must read random bytes from FILE instead of the system random source.,90,False,1,complete,rel08.0,1,
srd064,srd064-shuf,cmd/shuf: Shuffle Lines Randomly,cmd/shuf,R3.2,R3,"-z or --zero-terminated must use NUL (\0) as the line delimiter instead of newline, for both input and output.",110,False,1,complete,rel08.0,1,
srd064,srd064-shuf,cmd/shuf: Shuffle Lines Randomly,cmd/shuf,R3.3,R3,-e or --echo must treat each ARG as an input line instead of reading from files.,80,False,1,complete,rel08.0,2,
srd064,srd064-shuf,cmd/shuf: Shuffle Lines Randomly,cmd/shuf,R3.4,R3,Must handle empty input (zero lines) by producing no output and exiting 0.,74,False,1,complete,rel08.0,1,
srd064,srd064-shuf,cmd/shuf: Shuffle Lines Randomly,cmd/shuf,R4.1,R4,Must exit 0 on successful operation.,36,False,1,complete,rel08.0,2,
srd064,srd064-shuf,cmd/shuf: Shuffle Lines Randomly,cmd/shuf,R4.2,R4,"Must exit 1 on error (invalid range, conflicting options, write error).",71,False,1,complete,rel08.0,1,
srd064,srd064-shuf,cmd/shuf: Shuffle Lines Randomly,cmd/shuf,R4.3,R4,"Differential tests must verify structural properties rather than exact output: correct line count, values within range for -i, no duplicates without -r, duplicates allowed with -r.",180,False,1,complete,rel08.0,2,
srd064,srd064-shuf,cmd/shuf: Shuffle Lines Randomly,cmd/shuf,R4.4,R4,"Tests must cover: shuffle stdin lines, shuffle file lines, -i range mode, -n head count, -r repeat mode, -e echo mode, -z zero-terminated, empty input, and error cases (invalid range, -i with files).",199,False,1,complete,rel08.0,2,
srd065,srd065-factor,cmd/factor: Prime Factorization,cmd/factor,R1.1,R1,"For each integer argument, must print a line in the format 'NUMBER: FACTOR FACTOR ...' where factors are in ascending order with repetition for multiplicity (e.g., '12: 2 2 3').",177,False,1,complete,rel08.0,2,
srd065,srd065-factor,cmd/factor: Prime Factorization,cmd/factor,R1.2,R1,"For the number 1, must print '1:' with no factors.",50,False,1,complete,rel08.0,2,
srd065,srd065-factor,cmd/factor: Prime Factorization,cmd/factor,R1.3,R1,Must handle prime numbers by printing the number itself as the sole factor.,75,False,1,complete,rel08.0,2,
srd065,srd065-factor,cmd/factor: Prime Factorization,cmd/factor,R1.4,R1,"Must process multiple arguments in order, printing one factorization line per argument.",87,False,1,complete,rel08.0,2,
srd065,srd065-factor,cmd/factor: Prime Factorization,cmd/factor,R2.1,R2,"When no arguments are given, must read integers from stdin, one per line, and factorize each.",93,False,1,complete,rel08.0,2,
srd065,srd065-factor,cmd/factor: Prime Factorization,cmd/factor,R2.2,R2,Must accept integers up to at least 2^63-1 (the Go int64 maximum).,66,False,1,complete,rel08.0,1,
srd065,srd065-factor,cmd/factor: Prime Factorization,cmd/factor,R2.3,R2,Must skip blank lines in stdin mode without producing output or error.,70,False,1,complete,rel08.0,1,
srd065,srd065-factor,cmd/factor: Prime Factorization,cmd/factor,R2.4,R2,"When a non-integer or negative input is encountered, must print an error to stderr and continue processing remaining inputs.",124,False,1,complete,rel08.0,2,
srd065,srd065-factor,cmd/factor: Prime Factorization,cmd/factor,R3.1,R3,"When --help is the first argument, must print a usage message to stdout and exit 0.",83,False,1,complete,rel08.0,1,
srd065,srd065-factor,cmd/factor: Prime Factorization,cmd/factor,R3.2,R3,"When --version is the first argument, must print version information to stdout and exit 0.",90,False,1,complete,rel08.0,1,
srd065,srd065-factor,cmd/factor: Prime Factorization,cmd/factor,R3.3,R3,"Must write factorization output to stdout, one line per integer.",64,False,1,complete,rel08.0,1,
srd065,srd065-factor,cmd/factor: Prime Factorization,cmd/factor,R3.4,R3,Must write error messages to stderr without stopping processing of remaining inputs.,84,False,1,complete,rel08.0,1,
srd065,srd065-factor,cmd/factor: Prime Factorization,cmd/factor,R4.1,R4,Must exit 0 when all inputs are valid and factorized successfully.,66,False,1,uncertain,rel08.0,1,
srd065,srd065-factor,cmd/factor: Prime Factorization,cmd/factor,R4.2,R4,"Must exit 1 when any input is invalid (non-integer, negative, overflow).",72,False,1,uncertain,rel08.0,1,
srd065,srd065-factor,cmd/factor: Prime Factorization,cmd/factor,R4.3,R4,Differential tests must compare stdout and exit codes between the Go binary and the reference binary via pkg/testutils.,119,False,1,uncertain,rel08.0,2,
srd065,srd065-factor,cmd/factor: Prime Factorization,cmd/factor,R4.4,R4,"Tests must cover: single number, multiple numbers, primes, composites, 1, large numbers, stdin mode, error on non-integer, and error on negative number.",152,False,1,uncertain,rel08.0,2,
srd066,srd066-expr,cmd/expr: Evaluate Expressions,cmd/expr,R1.1,R1,"Must support integer arithmetic operators: + (add), - (subtract), * (multiply), / (integer divide), % (modulo). Each operator and operand is a separate argument.",161,False,1,complete,rel08.0,2,
srd066,srd066-expr,cmd/expr: Evaluate Expressions,cmd/expr,R1.2,R1,"Must support comparison operators: < (less), <= (less-equal), = (equal), != (not-equal), >= (greater-equal), > (greater). Comparisons on two integers use numeric comparison; otherwise use lexicographic comparison. Must return 1 for true and 0 for false.",253,False,1,complete,rel08.0,2,
srd066,srd066-expr,cmd/expr: Evaluate Expressions,cmd/expr,R1.3,R1,"Must support logical operators: | (or) returns the first argument if it is nonzero/non-empty, else the second; & (and) returns the first argument if both are nonzero/non-empty, else 0.",184,False,1,complete,rel08.0,1,
srd066,srd066-expr,cmd/expr: Evaluate Expressions,cmd/expr,R1.4,R1,Must support parentheses for grouping: ( and ) override default precedence. Parentheses are separate arguments.,111,False,1,complete,rel08.0,1,
srd066,srd066-expr,cmd/expr: Evaluate Expressions,cmd/expr,R2.1,R2,"match STRING REGEXP or STRING : REGEXP must anchor the pattern at the beginning of STRING and return the matched substring if the pattern contains \( \), or the number of matched characters otherwise.",200,False,1,complete,rel08.0,2,
srd066,srd066-expr,cmd/expr: Evaluate Expressions,cmd/expr,R2.2,R2,substr STRING POS LENGTH must return a substring of STRING starting at position POS (1-based) with length LENGTH.,113,False,1,complete,rel08.0,1,
srd066,srd066-expr,cmd/expr: Evaluate Expressions,cmd/expr,R2.3,R2,"index STRING CHARS must return the position (1-based) of the first character in STRING that is also in CHARS, or 0 if none.",123,False,1,complete,rel08.0,1,
srd066,srd066-expr,cmd/expr: Evaluate Expressions,cmd/expr,R2.4,R2,length STRING must return the number of characters in STRING.,61,False,1,complete,rel08.0,2,
srd066,srd066-expr,cmd/expr: Evaluate Expressions,cmd/expr,R3.1,R3,"+ TOKEN must interpret TOKEN as a string even if it is a keyword (match, substr, index, length) or operator. The + is consumed and not part of the value.",153,False,1,complete,rel08.0,1,
srd066,srd066-expr,cmd/expr: Evaluate Expressions,cmd/expr,R3.2,R3,"Operator precedence from lowest to highest: | , & , comparisons (< <= = != >= >), + - (arithmetic), * / %.",106,False,1,complete,rel08.0,1,
srd066,srd066-expr,cmd/expr: Evaluate Expressions,cmd/expr,R3.3,R3,All binary operators are left-associative.,42,False,1,complete,rel08.0,1,
srd066,srd066-expr,cmd/expr: Evaluate Expressions,cmd/expr,R3.4,R3,Division by zero must print an error to stderr and exit 2.,58,False,1,complete,rel08.0,2,
srd066,srd066-expr,cmd/expr: Evaluate Expressions,cmd/expr,R4.1,R4,"Must exit 0 when the expression evaluates to a non-null, non-zero value.",72,False,1,complete,rel08.0,4,
srd066,srd066-expr,cmd/expr: Evaluate Expressions,cmd/expr,R4.2,R4,Must exit 1 when the expression evaluates to null or 0.,55,False,1,complete,rel08.0,1,
srd066,srd066-expr,cmd/expr: Evaluate Expressions,cmd/expr,R4.3,R4,"Must exit 2 on syntax error (invalid expression, missing operand, division by zero). Must exit 3 on internal error.",115,False,1,complete,rel08.0,2,
srd066,srd066-expr,cmd/expr: Evaluate Expressions,cmd/expr,R4.4,R4,"Differential tests must compare stdout, stderr emptiness, and exit codes between the Go binary and the reference binary via pkg/testutils. Tests must cover: integer arithmetic (all operators), comparisons (numeric and string), logical operators, string operations (match, substr, index, length), parentheses, + escaping, division by zero, and missing operand errors.",366,False,1,complete,rel08.0,2,
srd067,srd067-split,cmd/split: Split a File into Pieces,cmd/split,R1.1,R1,"When invoked with no options, must split the input into pieces of 1000 lines each, writing to files named xaa, xab, xac, etc.",125,False,1,complete,rel08.1,2,
srd067,srd067-split,cmd/split: Split a File into Pieces,cmd/split,R1.2,R1,"When a PREFIX argument is given, must use PREFIX instead of 'x' as the output filename prefix.",94,False,1,complete,rel08.1,2,
srd067,srd067-split,cmd/split: Split a File into Pieces,cmd/split,R1.3,R1,-l N or --lines=N must split the input into pieces of N lines each.,67,False,1,complete,rel08.1,2,
srd067,srd067-split,cmd/split: Split a File into Pieces,cmd/split,R1.4,R1,"When reading from stdin or when FILE is ""-"", must read from stdin.",66,False,1,complete,rel08.1,2,
srd067,srd067-split,cmd/split: Split a File into Pieces,cmd/split,R2.1,R2,"-b N or --bytes=N must split the input into pieces of N bytes each. N may have a suffix (K, M, G, T, P, E, Z, Y for powers of 1024, or KB, MB, etc. for powers of 1000).",168,False,1,complete,rel08.1,2,
srd067,srd067-split,cmd/split: Split a File into Pieces,cmd/split,R2.2,R2,"-C N or --line-bytes=N must split the input into pieces of at most N bytes each, breaking only at line boundaries. Lines longer than N bytes are written to their own piece.",172,False,1,complete,rel08.1,1,
srd067,srd067-split,cmd/split: Split a File into Pieces,cmd/split,R2.3,R2,"-n CHUNKS or --number=CHUNKS must split the input into CHUNKS pieces of roughly equal size. Must support N (by bytes), l/N (by lines), and r/N (round-robin by lines) forms.",172,False,1,complete,rel08.1,2,
srd067,srd067-split,cmd/split: Split a File into Pieces,cmd/split,R2.4,R2,Must not split in more than one mode simultaneously; conflicting split options must produce an error and exit 1.,112,False,1,complete,rel08.1,1,
srd067,srd067-split,cmd/split: Split a File into Pieces,cmd/split,R3.1,R3,-a N or --suffix-length=N must use suffixes of length N (default 2).,68,False,1,complete,rel08.1,2,
srd067,srd067-split,cmd/split: Split a File into Pieces,cmd/split,R3.2,R3,"-d or --numeric-suffixes must use numeric suffixes (00, 01, 02, ...) instead of alphabetic.",91,False,1,complete,rel08.1,2,
srd067,srd067-split,cmd/split: Split a File into Pieces,cmd/split,R3.3,R3,--additional-suffix=SUFFIX must append SUFFIX to each output filename after the alphabetic or numeric suffix.,109,False,1,complete,rel08.1,1,
srd067,srd067-split,cmd/split: Split a File into Pieces,cmd/split,R3.4,R3,"--filter=COMMAND must write each piece to the given shell COMMAND via a pipe, with the output filename available as $FILE in the command.",137,False,1,complete,rel08.1,1,
srd067,srd067-split,cmd/split: Split a File into Pieces,cmd/split,R4.1,R4,Must exit 0 when the input is split successfully.,49,False,1,complete,rel08.1,2,
srd067,srd067-split,cmd/split: Split a File into Pieces,cmd/split,R4.2,R4,"Must exit 1 when an invalid option, conflicting options, or write error occurs.",79,False,1,complete,rel08.1,1,
srd067,srd067-split,cmd/split: Split a File into Pieces,cmd/split,R4.3,R4,Differential tests must compare output file contents and exit codes between the Go binary and the reference binary via pkg/testutils.,133,False,1,complete,rel08.1,2,
srd067,srd067-split,cmd/split: Split a File into Pieces,cmd/split,R4.4,R4,"Tests must cover: default 1000-line split, -l with custom line count, -b byte split with and without suffixes, -C line-bytes, -n chunk modes, -a suffix length, -d numeric suffixes, --additional-suffix, stdin input, custom prefix, and error cases (conflicting options, invalid counts).",284,False,1,complete,rel08.1,2,
srd068,srd068-csplit,cmd/csplit: Split a File into Context-Determined Pieces,cmd/csplit,R1.1,R1,Must accept one or more PATTERN arguments. Each pattern is applied in order to split the input at the matching boundary.,120,False,1,complete,rel08.1,2,
srd068,srd068-csplit,cmd/csplit: Split a File into Context-Determined Pieces,cmd/csplit,R1.2,R1,/REGEXP/ must split at the next line matching REGEXP. The matching line becomes the first line of the next piece.,113,False,1,complete,rel08.1,2,
srd068,srd068-csplit,cmd/csplit: Split a File into Context-Determined Pieces,cmd/csplit,R1.3,R1,%REGEXP% must skip to the next line matching REGEXP without creating an output file for the skipped content.,108,False,1,complete,rel08.1,1,
srd068,srd068-csplit,cmd/csplit: Split a File into Context-Determined Pieces,cmd/csplit,R1.4,R1,INTEGER must split at the given line number. The specified line becomes the first line of the next piece.,105,False,1,complete,rel08.1,2,
srd068,srd068-csplit,cmd/csplit: Split a File into Context-Determined Pieces,cmd/csplit,R2.1,R2,{N} appended to a pattern must repeat that pattern N additional times (total N+1 applications).,95,False,1,complete,rel08.1,1,
srd068,srd068-csplit,cmd/csplit: Split a File into Context-Determined Pieces,cmd/csplit,R2.2,R2,{*} appended to a pattern must repeat that pattern as many times as possible until end of input.,96,False,1,complete,rel08.1,2,
srd068,srd068-csplit,cmd/csplit: Split a File into Context-Determined Pieces,cmd/csplit,R2.3,R2,"/REGEXP/+N and /REGEXP/-N must split N lines after or before the matching line, respectively.",93,False,1,complete,rel08.1,1,
srd068,srd068-csplit,cmd/csplit: Split a File into Context-Determined Pieces,cmd/csplit,R2.4,R2,"When a pattern does not match, must print an error to stderr. With --suppress-matched this is not an error if at least one split occurred.",138,False,1,complete,rel08.1,2,
srd068,srd068-csplit,cmd/csplit: Split a File into Context-Determined Pieces,cmd/csplit,R3.1,R3,"Must write output files named xx00, xx01, xx02, etc. by default.",64,False,1,complete,rel08.1,2,
srd068,srd068-csplit,cmd/csplit: Split a File into Context-Determined Pieces,cmd/csplit,R3.2,R3,-f PREFIX or --prefix=PREFIX must use PREFIX instead of 'xx' for output filenames.,82,False,1,complete,rel08.1,2,
srd068,srd068-csplit,cmd/csplit: Split a File into Context-Determined Pieces,cmd/csplit,R3.3,R3,-n DIGITS or --digits=DIGITS must use DIGITS-wide numeric suffixes (default 2).,79,False,1,complete,rel08.1,2,
srd068,srd068-csplit,cmd/csplit: Split a File into Context-Determined Pieces,cmd/csplit,R3.4,R3,-z or --elide-empty-files must suppress creation of empty output files.,71,False,1,complete,rel08.1,1,
srd068,srd068-csplit,cmd/csplit: Split a File into Context-Determined Pieces,cmd/csplit,R4.1,R4,Must exit 0 when the input is split successfully.,49,False,1,complete,rel08.1,2,
srd068,srd068-csplit,cmd/csplit: Split a File into Context-Determined Pieces,cmd/csplit,R4.2,R4,Must exit 1 when a pattern fails to match (unless suppressed) or an invalid option is given.,92,False,1,complete,rel08.1,2,
srd068,srd068-csplit,cmd/csplit: Split a File into Context-Determined Pieces,cmd/csplit,R4.3,R4,Differential tests must compare output file contents and exit codes between the Go binary and the reference binary via pkg/testutils.,133,False,1,complete,rel08.1,2,
srd068,srd068-csplit,cmd/csplit: Split a File into Context-Determined Pieces,cmd/csplit,R4.4,R4,"Tests must cover: regex split, line number split, skip patterns (%), repeat counts ({N} and {*}), offset (+N/-N), -f custom prefix, -n digit width, -z elide empty, stdin input, and error cases (no match, invalid regex).",219,False,1,complete,rel08.1,2,
srd069,srd069-join,cmd/join: Join Lines of Two Files on a Common Field,cmd/join,R1.1,R1,Must read two sorted files and join lines where the join field (default: first field) matches. Must print one output line per matching pair.,140,False,1,complete,rel08.1,2,
srd069,srd069-join,cmd/join: Join Lines of Two Files on a Common Field,cmd/join,R1.2,R1,Fields in each line are separated by whitespace (runs of blanks and tabs) by default. The output separator is a single space by default.,136,False,1,complete,rel08.1,2,
srd069,srd069-join,cmd/join: Join Lines of Two Files on a Common Field,cmd/join,R1.3,R1,Lines that do not pair (present in one file but not the other) are suppressed by default.,89,False,1,complete,rel08.1,1,
srd069,srd069-join,cmd/join: Join Lines of Two Files on a Common Field,cmd/join,R1.4,R1,"When one of the file arguments is '-', must read that file from stdin.",70,False,1,complete,rel08.1,1,
srd069,srd069-join,cmd/join: Join Lines of Two Files on a Common Field,cmd/join,R2.1,R2,-1 FIELD must join on field FIELD of file 1 (fields are numbered from 1). -2 FIELD must join on field FIELD of file 2.,118,False,1,complete,rel08.1,2,
srd069,srd069-join,cmd/join: Join Lines of Two Files on a Common Field,cmd/join,R2.2,R2,-j FIELD must set the join field for both files simultaneously.,63,False,1,complete,rel08.1,1,
srd069,srd069-join,cmd/join: Join Lines of Two Files on a Common Field,cmd/join,R2.3,R2,"-o FORMAT must select and order output fields. FORMAT is a comma-separated or space-separated list of FILENUM.FIELDNUM specifiers (e.g., 1.2,2.1) or '0' for the join field.",172,False,1,complete,rel08.1,2,
srd069,srd069-join,cmd/join: Join Lines of Two Files on a Common Field,cmd/join,R2.4,R2,-t CHAR must use CHAR as both the input and output field separator.,67,False,1,complete,rel08.1,2,
srd069,srd069-join,cmd/join: Join Lines of Two Files on a Common Field,cmd/join,R3.1,R3,-a FILENUM must also print unpairable lines from file FILENUM (1 or 2). May be specified twice (-a 1 -a 2) to print unpairable lines from both files.,149,False,1,complete,rel08.1,2,
srd069,srd069-join,cmd/join: Join Lines of Two Files on a Common Field,cmd/join,R3.2,R3,"-v FILENUM must print only unpairable lines from file FILENUM, suppressing paired lines.",88,False,1,complete,rel08.1,1,
srd069,srd069-join,cmd/join: Join Lines of Two Files on a Common Field,cmd/join,R3.3,R3,-e STRING must replace missing input fields with STRING in the output.,70,False,1,complete,rel08.1,2,
srd069,srd069-join,cmd/join: Join Lines of Two Files on a Common Field,cmd/join,R3.4,R3,"--header must treat the first line of each input file as a header line, joining them regardless of sort order and printing the result before data lines.",152,False,1,complete,rel08.1,1,
srd069,srd069-join,cmd/join: Join Lines of Two Files on a Common Field,cmd/join,R4.1,R4,Must exit 0 when the join completes successfully.,49,False,1,complete,rel08.1,2,
srd069,srd069-join,cmd/join: Join Lines of Two Files on a Common Field,cmd/join,R4.2,R4,Must exit 1 when an invalid option is given or a file cannot be opened.,71,False,1,complete,rel08.1,2,
srd069,srd069-join,cmd/join: Join Lines of Two Files on a Common Field,cmd/join,R4.3,R4,Differential tests must compare stdout and exit codes between the Go binary and the reference binary via pkg/testutils. Tests must use LC_ALL=C for deterministic collation.,172,False,1,complete,rel08.1,2,
srd069,srd069-join,cmd/join: Join Lines of Two Files on a Common Field,cmd/join,R4.4,R4,"Tests must cover: default join on first field, -1/-2 field selection, -j combined field, -t custom separator, -o output format, -a unpairable lines, -v unpairable only, -e empty replacement, --header, stdin as one input, and error cases (unsorted input with --check-order, missing file).",287,False,1,complete,rel08.1,2,
srd070,srd070-fmt,cmd/fmt: Simple Text Formatter,cmd/fmt,R1.1,R1,"When invoked with no options, must reformat each paragraph of input text to fit within 75 characters (the GNU default width).",125,False,1,complete,rel08.1,2,
srd070,srd070-fmt,cmd/fmt: Simple Text Formatter,cmd/fmt,R2.1,R2,Must treat blank lines as paragraph separators. Must not merge text across blank lines.,87,False,1,complete,rel08.1,1,
srd070,srd070-fmt,cmd/fmt: Simple Text Formatter,cmd/fmt,R3.1,R3,Must preserve the indentation of the first line of each paragraph. Subsequent lines in the same paragraph are filled to match the second line's indentation (or the first if only one line).,188,False,1,complete,rel08.1,1,
srd070,srd070-fmt,cmd/fmt: Simple Text Formatter,cmd/fmt,R4.1,R4,"When given one or more FILE arguments, must read and format each file in order. When no file is given or ""-"" is given, must read from stdin.",140,False,1,complete,rel08.1,2,
srd070,srd070-fmt,cmd/fmt: Simple Text Formatter,cmd/fmt,R5.1,R5,-w WIDTH or --width=WIDTH must set the maximum line width (default 75).,71,False,1,complete,rel08.1,2,
srd070,srd070-fmt,cmd/fmt: Simple Text Formatter,cmd/fmt,R6.1,R6,-g GOAL or --goal=GOAL must set the goal line width. Lines are filled to approximately GOAL characters. Default goal is 93% of width.,133,False,1,complete,rel08.1,1,
srd070,srd070-fmt,cmd/fmt: Simple Text Formatter,cmd/fmt,R7.1,R7,Must break lines at word boundaries (spaces). Must not break in the middle of a word unless the word exceeds the maximum width.,127,False,1,complete,rel08.1,2,
srd070,srd070-fmt,cmd/fmt: Simple Text Formatter,cmd/fmt,R8.1,R8,"Must collapse multiple spaces between words to a single space, except after sentence-ending punctuation (. ! ?) where two spaces are preserved.",143,False,1,complete,rel08.1,1,
srd070,srd070-fmt,cmd/fmt: Simple Text Formatter,cmd/fmt,R9.1,R9,-s or --split-only must split long lines but not join short lines. Lines shorter than the goal width are left as-is.,116,False,1,complete,rel08.1,2,
srd070,srd070-fmt,cmd/fmt: Simple Text Formatter,cmd/fmt,R10.1,R10,-u or --uniform-spacing must use one space between words and two spaces after sentence-ending punctuation uniformly.,116,False,1,complete,rel08.1,2,
srd070,srd070-fmt,cmd/fmt: Simple Text Formatter,cmd/fmt,R11.1,R11,-p PREFIX or --prefix=PREFIX must only reformat lines beginning with PREFIX (after optional whitespace). Must remove the prefix before formatting and re-add it afterward.,170,False,1,complete,rel08.1,2,
srd070,srd070-fmt,cmd/fmt: Simple Text Formatter,cmd/fmt,R12.1,R12,"-t or --tagged-paragraph must treat the first line of each paragraph as having a different indentation from subsequent lines, preserving the tagged-paragraph format.",165,False,1,complete,rel08.1,2,
srd070,srd070-fmt,cmd/fmt: Simple Text Formatter,cmd/fmt,R13.1,R13,Must exit 0 when formatting completes successfully.,51,False,1,complete,rel08.1,1,
srd070,srd070-fmt,cmd/fmt: Simple Text Formatter,cmd/fmt,R13.2,R13,Must exit 1 when an invalid option is given or a file cannot be opened.,71,False,1,complete,rel08.1,1,
srd070,srd070-fmt,cmd/fmt: Simple Text Formatter,cmd/fmt,R13.3,R13,Differential tests must compare stdout and exit codes between the Go binary and the reference binary via pkg/testutils.,119,False,1,complete,rel08.1,2,
srd070,srd070-fmt,cmd/fmt: Simple Text Formatter,cmd/fmt,R13.4,R13,"Tests must cover: default 75-char formatting, -w custom width, -g goal width, -s split-only, -u uniform spacing, -p prefix mode, -t tagged paragraph, multi-file input, stdin input, blank line paragraph boundaries, indentation preservation, and error cases (invalid width, missing file).",286,False,1,complete,rel08.1,2,
srd071,srd071-numfmt,cmd/numfmt: Convert Numbers from/to Human-Readable Strings,cmd/numfmt,R1.1,R1,"When given --to=UNIT, must convert each input number to a human-readable string with the appropriate suffix. UNIT is one of: si (powers of 1000), iec (powers of 1024), iec-i (powers of 1024 with 'i' suffix), or none.",216,False,1,complete,rel08.1,3,
srd071,srd071-numfmt,cmd/numfmt: Convert Numbers from/to Human-Readable Strings,cmd/numfmt,R1.2,R1,"When given --from=UNIT, must interpret each input number as a human-readable string with suffixes and convert to a raw number. UNIT values are the same as --to.",160,False,1,complete,rel08.1,2,
srd071,srd071-numfmt,cmd/numfmt: Convert Numbers from/to Human-Readable Strings,cmd/numfmt,R1.3,R1,"When neither --from nor --to is given, must pass numbers through unchanged.",75,False,1,complete,rel08.1,1,
srd071,srd071-numfmt,cmd/numfmt: Convert Numbers from/to Human-Readable Strings,cmd/numfmt,R1.4,R1,"Must read numbers from stdin (one per line) when no operands are given, or process command-line operands directly.",114,False,1,complete,rel08.1,2,
srd071,srd071-numfmt,cmd/numfmt: Convert Numbers from/to Human-Readable Strings,cmd/numfmt,R2.1,R2,"--format=FORMAT must use a printf-style format string for output (e.g., '%10f', '%.2f'). Must support width, precision, and left-alignment.",139,False,1,complete,rel08.1,2,
srd071,srd071-numfmt,cmd/numfmt: Convert Numbers from/to Human-Readable Strings,cmd/numfmt,R2.2,R2,--padding=N must pad the output to N characters. Positive N right-aligns; negative N left-aligns.,97,False,1,complete,rel08.1,1,
srd071,srd071-numfmt,cmd/numfmt: Convert Numbers from/to Human-Readable Strings,cmd/numfmt,R2.3,R2,"--round=METHOD must control rounding: up (ceiling), down (floor), from-zero (away from zero), towards-zero (truncation), or nearest (default).",142,False,1,complete,rel08.1,1,
srd071,srd071-numfmt,cmd/numfmt: Convert Numbers from/to Human-Readable Strings,cmd/numfmt,R2.4,R2,--suffix=SUFFIX must append SUFFIX to the output after the numeric value and any unit suffix.,93,False,1,complete,rel08.1,1,
srd071,srd071-numfmt,cmd/numfmt: Convert Numbers from/to Human-Readable Strings,cmd/numfmt,R3.1,R3,"--field=FIELDS must convert only the specified fields (1-indexed, comma-separated ranges like cut). Other fields are passed through unchanged.",142,False,1,complete,rel08.1,2,
srd071,srd071-numfmt,cmd/numfmt: Convert Numbers from/to Human-Readable Strings,cmd/numfmt,R3.2,R3,-d DELIM or --delimiter=DELIM must use DELIM as the field delimiter for --field processing.,91,False,1,complete,rel08.1,1,
srd071,srd071-numfmt,cmd/numfmt: Convert Numbers from/to Human-Readable Strings,cmd/numfmt,R3.3,R3,"--header[=N] must pass through the first N lines (default 1) without conversion, treating them as headers.",106,False,1,complete,rel08.1,2,
srd071,srd071-numfmt,cmd/numfmt: Convert Numbers from/to Human-Readable Strings,cmd/numfmt,R3.4,R3,--to-unit=N must scale the output by dividing by N before applying --to conversion. --from-unit=N must scale the input by multiplying by N before applying --from conversion.,173,False,1,complete,rel08.1,1,
srd071,srd071-numfmt,cmd/numfmt: Convert Numbers from/to Human-Readable Strings,cmd/numfmt,R4.1,R4,Must exit 0 when all conversions complete successfully.,55,False,1,complete,rel08.1,1,
srd071,srd071-numfmt,cmd/numfmt: Convert Numbers from/to Human-Readable Strings,cmd/numfmt,R4.2,R4,Must exit 2 when an invalid number is encountered (unless --invalid=ignore or --invalid=warn is set).,101,False,1,complete,rel08.1,1,
srd071,srd071-numfmt,cmd/numfmt: Convert Numbers from/to Human-Readable Strings,cmd/numfmt,R4.3,R4,Differential tests must compare stdout and exit codes between the Go binary and the reference binary via pkg/testutils.,119,False,1,complete,rel08.1,2,
srd071,srd071-numfmt,cmd/numfmt: Convert Numbers from/to Human-Readable Strings,cmd/numfmt,R4.4,R4,"Tests must cover: --to si/iec/iec-i, --from si/iec, --format with width and precision, --padding, --round modes, --suffix, --field selection, --delimiter, --header, --to-unit/--from-unit, stdin and operand input, and error cases (invalid number, unknown suffix).",262,False,1,complete,rel08.1,2,
srd072,srd072-od,cmd/od: Octal and Other Format Dump,cmd/od,R1.1,R1,"When invoked with no type options, must display input in the default format: octal 2-byte words (equivalent to -t o2), with an octal address offset in the left column.",167,False,1,complete,rel08.1,2,
srd072,srd072-od,cmd/od: Octal and Other Format Dump,cmd/od,R1.2,R1,"-t TYPE or --format=TYPE must display input in the given format. TYPE consists of a format letter (a for named characters, c for C-style characters, d for signed decimal, f for floating point, o for octal, u for unsigned decimal, x for hexadecimal) optionally followed by a size in bytes.",288,False,1,complete,rel08.1,3,
srd072,srd072-od,cmd/od: Octal and Other Format Dump,cmd/od,R1.3,R1,Multiple -t options may be given; each produces an additional line of output per input block.,93,False,1,complete,rel08.1,2,
srd072,srd072-od,cmd/od: Octal and Other Format Dump,cmd/od,R1.4,R1,"Must read from FILE arguments in order, or from stdin when no file is given or ""-"" is specified.",96,False,1,complete,rel08.1,2,
srd072,srd072-od,cmd/od: Octal and Other Format Dump,cmd/od,R2.1,R2,"-A RADIX or --address-radix=RADIX must set the address offset format. RADIX is d (decimal), o (octal), x (hexadecimal), or n (no addresses).",140,False,1,complete,rel08.1,2,
srd072,srd072-od,cmd/od: Octal and Other Format Dump,cmd/od,R2.2,R2,"-j BYTES or --skip-bytes=BYTES must skip BYTES input bytes before formatting. BYTES may have a multiplier suffix (b for 512, k for 1024, m for 1048576).",152,False,1,complete,rel08.1,2,
srd072,srd072-od,cmd/od: Octal and Other Format Dump,cmd/od,R2.3,R2,-N BYTES or --read-bytes=BYTES must format at most BYTES input bytes.,69,False,1,complete,rel08.1,2,
srd072,srd072-od,cmd/od: Octal and Other Format Dump,cmd/od,R2.4,R2,Must display a final line containing only the address of the byte past the last byte read (the file size offset).,113,False,1,complete,rel08.1,2,
srd072,srd072-od,cmd/od: Octal and Other Format Dump,cmd/od,R3.1,R3,"-w[N] or --width[=N] must set the number of input bytes per output line (default 16). When -w is given without a value, must use 32.",132,False,1,complete,rel08.1,1,
srd072,srd072-od,cmd/od: Octal and Other Format Dump,cmd/od,R3.2,R3,"Must support traditional short options as aliases for type specifiers. -b is equivalent to -t o1, -c is -t c, -d is -t u2, -o is -t o2, -s is -t d2, -x is -t x2.",161,False,1,complete,rel08.1,1,
srd072,srd072-od,cmd/od: Octal and Other Format Dump,cmd/od,R3.3,R3,"Duplicate bytes in multi-line output must be replaced with '*' on a line by itself to indicate repetition, matching GNU od behavior.",132,False,1,complete,rel08.1,1,
srd072,srd072-od,cmd/od: Octal and Other Format Dump,cmd/od,R3.4,R3,"-v or --output-duplicates must print all input data, disabling the '*' duplicate suppression.",93,False,1,complete,rel08.1,1,
srd072,srd072-od,cmd/od: Octal and Other Format Dump,cmd/od,R4.1,R4,Must exit 0 when the dump completes successfully.,49,False,1,complete,rel08.1,1,
srd072,srd072-od,cmd/od: Octal and Other Format Dump,cmd/od,R4.2,R4,Must exit 1 when an invalid option is given or a file cannot be opened.,71,False,1,complete,rel08.1,1,
srd072,srd072-od,cmd/od: Octal and Other Format Dump,cmd/od,R4.3,R4,Differential tests must compare stdout and exit codes between the Go binary and the reference binary via pkg/testutils.,119,False,1,complete,rel08.1,2,
srd072,srd072-od,cmd/od: Octal and Other Format Dump,cmd/od,R4.4,R4,"Tests must cover: default octal dump, -t with each format letter (a, c, d, f, o, u, x) and size variants, -A address radix modes, -j skip bytes, -N read bytes, -w output width, -v output duplicates, traditional short options (-b, -c, -d, -o, -s, -x), multiple -t options, duplicate suppression with '*', stdin input, multi-file input, and error cases (invalid type, missing file).",380,False,1,complete,rel08.1,2,
srd073,srd073-printf,cmd/printf: Format and Print Data,cmd/printf,R1.1,R1,Must interpret FORMAT as a printf-style format string containing literal text and conversion specifiers. Must print the formatted result to stdout with no trailing newline unless the format includes \n.,202,False,1,complete,rel08.1,2,
srd073,srd073-printf,cmd/printf: Format and Print Data,cmd/printf,R1.2,R1,"Must support integer conversion specifiers: %d (signed decimal), %i (signed decimal), %o (octal), %u (unsigned decimal), %x (lowercase hex), %X (uppercase hex).",160,False,1,complete,rel08.1,3,
srd073,srd073-printf,cmd/printf: Format and Print Data,cmd/printf,R1.3,R1,"Must support floating-point conversion specifiers: %f (decimal notation), %e (scientific notation), %g (shorter of %f and %e), and their uppercase variants %F, %E, %G.",167,False,1,complete,rel08.1,2,
srd073,srd073-printf,cmd/printf: Format and Print Data,cmd/printf,R1.4,R1,Must support string conversion specifier %s and character conversion specifier %c. %b must interpret backslash escapes in the argument string (like echo -e).,157,False,1,complete,rel08.1,3,
srd073,srd073-printf,cmd/printf: Format and Print Data,cmd/printf,R2.1,R2,"Must support field width and precision in conversion specifiers (e.g., %10d, %.5f, %10.3f). Width specifies minimum field width; precision specifies digits after decimal for floats or maximum characters for strings.",215,False,1,complete,rel08.1,2,
srd073,srd073-printf,cmd/printf: Format and Print Data,cmd/printf,R2.2,R2,"Must support flag characters: '-' (left-align), '+' (always show sign), ' ' (space before positive numbers), '0' (zero-pad), '#' (alternate form).",146,False,1,complete,rel08.1,2,
srd073,srd073-printf,cmd/printf: Format and Print Data,cmd/printf,R2.3,R2,"Must support '*' for width and precision, taking the value from the next argument.",82,False,1,complete,rel08.1,1,
srd073,srd073-printf,cmd/printf: Format and Print Data,cmd/printf,R2.4,R2,Must support '%%' as a literal percent character in the format string.,70,False,1,complete,rel08.1,1,
srd073,srd073-printf,cmd/printf: Format and Print Data,cmd/printf,R3.1,R3,"Must interpret C-style escape sequences in FORMAT: \\, \a, \b, \f, \n, \r, \t, \v, \NNN (octal), \xHH (hex), \uHHHH (Unicode), \UHHHHHHHH (Unicode).",148,False,1,complete,rel08.1,2,
srd073,srd073-printf,cmd/printf: Format and Print Data,cmd/printf,R3.2,R3,"When more arguments remain than the format consumes, must reuse the format string for the remaining arguments, repeating until all arguments are consumed.",154,False,1,complete,rel08.1,2,
srd073,srd073-printf,cmd/printf: Format and Print Data,cmd/printf,R3.3,R3,"When fewer arguments are provided than the format requires, must use 0 for numeric specifiers and empty string for string specifiers.",133,False,1,complete,rel08.1,1,
srd073,srd073-printf,cmd/printf: Format and Print Data,cmd/printf,R3.4,R3,"When a numeric argument starts with a single or double quote (e.g., '""A' or ""'A""), must use the numeric value of the character that follows the quote.",150,False,1,complete,rel08.1,2,
srd073,srd073-printf,cmd/printf: Format and Print Data,cmd/printf,R4.1,R4,Must exit 0 when formatting and printing complete successfully.,63,False,1,complete,rel08.1,1,
srd073,srd073-printf,cmd/printf: Format and Print Data,cmd/printf,R4.2,R4,Must exit 1 when an invalid format directive is encountered or a numeric conversion fails. Must still produce partial output before the error.,142,False,1,complete,rel08.1,1,
srd073,srd073-printf,cmd/printf: Format and Print Data,cmd/printf,R4.3,R4,Differential tests must compare stdout and exit codes between the Go binary and the reference binary via pkg/testutils.,119,False,1,complete,rel08.1,2,
srd073,srd073-printf,cmd/printf: Format and Print Data,cmd/printf,R4.4,R4,"Tests must cover: %d/%i/%o/%u/%x/%X integer formats, %f/%e/%g float formats, %s string, %c character, %b backslash-interpreted string, width and precision, all flag characters, '*' width/precision, argument recycling, escape sequences (\n, \t, \NNN, \xHH), character value arguments (quote prefix), missing arguments, and error cases (invalid format, non-numeric argument for %d).",380,False,1,complete,rel08.1,2,
srd074,srd074-sha224sum,cmd/sha224sum: Compute and Check SHA-224 Message Digests,cmd/sha224sum,R1.1,R1,"Must compute the SHA-224 digest of each named file and write one line per file in the format ""HASH  FILENAME"" (text mode) or ""HASH *FILENAME"" (binary mode). The default is text mode.",182,False,1,complete,rel09.0,3,
srd074,srd074-sha224sum,cmd/sha224sum: Compute and Check SHA-224 Message Digests,cmd/sha224sum,R1.2,R1,"Must read from stdin and print ""HASH  -"" when no file arguments are given or when ""-"" is provided as a filename.",112,False,1,complete,rel09.0,3,
srd074,srd074-sha224sum,cmd/sha224sum: Compute and Check SHA-224 Message Digests,cmd/sha224sum,R1.3,R1,"--tag must use BSD-style output format ""SHA224 (FILENAME) = HASH"".",66,False,1,complete,rel09.0,3,
srd074,srd074-sha224sum,cmd/sha224sum: Compute and Check SHA-224 Message Digests,cmd/sha224sum,R1.4,R1,"Must exit 1 when any named file cannot be opened, printing an error to stderr, and continue processing remaining files.",119,False,1,complete,rel09.0,5,
srd074,srd074-sha224sum,cmd/sha224sum: Compute and Check SHA-224 Message Digests,cmd/sha224sum,R2.1,R2,"--check FILE must read FILE, parse each line (GNU or BSD tag format), recompute the SHA-224 digest, and compare to the stored hash.",131,False,1,uncertain,rel09.0,3,
srd074,srd074-sha224sum,cmd/sha224sum: Compute and Check SHA-224 Message Digests,cmd/sha224sum,R2.2,R2,"Must print ""FILENAME: OK"" or ""FILENAME: FAILED"" for each entry. Must exit 1 if any check fails.",95,False,1,uncertain,rel09.0,3,
srd074,srd074-sha224sum,cmd/sha224sum: Compute and Check SHA-224 Message Digests,cmd/sha224sum,R2.3,R2,--warn prints a warning for each malformed line. --quiet suppresses OK lines. --status suppresses all output.,109,False,1,uncertain,rel09.0,1,
srd074,srd074-sha224sum,cmd/sha224sum: Compute and Check SHA-224 Message Digests,cmd/sha224sum,R3.1,R3,"-b marks input as binary; output uses ""HASH *FILENAME"". -t (default) uses ""HASH  FILENAME"".",91,False,1,uncertain,rel09.0,1,
srd074,srd074-sha224sum,cmd/sha224sum: Compute and Check SHA-224 Message Digests,cmd/sha224sum,R3.2,R3,--tag produces BSD tag format regardless of -b/-t.,50,False,1,uncertain,rel09.0,1,
srd074,srd074-sha224sum,cmd/sha224sum: Compute and Check SHA-224 Message Digests,cmd/sha224sum,R4.1,R4,Must exit 0 when all files are processed and all verified digests match.,72,False,1,uncertain,rel09.0,3,
srd074,srd074-sha224sum,cmd/sha224sum: Compute and Check SHA-224 Message Digests,cmd/sha224sum,R4.2,R4,"Must exit 1 when any file cannot be opened, any digest fails, or the checksum file is unreadable.",97,False,1,uncertain,rel09.0,3,
srd074,srd074-sha224sum,cmd/sha224sum: Compute and Check SHA-224 Message Digests,cmd/sha224sum,R4.3,R4,Must handle SIGPIPE gracefully (exit 0) using pkg/sys.InstallSIGPIPEHandler.,76,False,1,uncertain,rel09.0,3,
srd075,srd075-sha384sum,cmd/sha384sum: Compute and Check SHA-384 Message Digests,cmd/sha384sum,R1.1,R1,"Must compute the SHA-384 digest of each named file and write one line per file in the format ""HASH  FILENAME"" (text mode) or ""HASH *FILENAME"" (binary mode). The default is text mode.",182,False,1,complete,rel09.0,3,
srd075,srd075-sha384sum,cmd/sha384sum: Compute and Check SHA-384 Message Digests,cmd/sha384sum,R1.2,R1,"Must read from stdin and print ""HASH  -"" when no file arguments are given or when ""-"" is provided as a filename.",112,False,1,complete,rel09.0,3,
srd075,srd075-sha384sum,cmd/sha384sum: Compute and Check SHA-384 Message Digests,cmd/sha384sum,R1.3,R1,"--tag must use BSD-style output format ""SHA384 (FILENAME) = HASH"".",66,False,1,complete,rel09.0,3,
srd075,srd075-sha384sum,cmd/sha384sum: Compute and Check SHA-384 Message Digests,cmd/sha384sum,R1.4,R1,"Must exit 1 when any named file cannot be opened, printing an error to stderr, and continue processing remaining files.",119,False,1,complete,rel09.0,5,
srd075,srd075-sha384sum,cmd/sha384sum: Compute and Check SHA-384 Message Digests,cmd/sha384sum,R2.1,R2,"--check FILE must read FILE, parse each line (GNU or BSD tag format), recompute the SHA-384 digest, and compare to the stored hash.",131,False,1,uncertain,rel09.0,3,
srd075,srd075-sha384sum,cmd/sha384sum: Compute and Check SHA-384 Message Digests,cmd/sha384sum,R2.2,R2,"Must print ""FILENAME: OK"" or ""FILENAME: FAILED"" for each entry. Must exit 1 if any check fails.",95,False,1,uncertain,rel09.0,3,
srd075,srd075-sha384sum,cmd/sha384sum: Compute and Check SHA-384 Message Digests,cmd/sha384sum,R2.3,R2,--warn prints a warning for each malformed line. --quiet suppresses OK lines. --status suppresses all output.,109,False,1,uncertain,rel09.0,1,
srd075,srd075-sha384sum,cmd/sha384sum: Compute and Check SHA-384 Message Digests,cmd/sha384sum,R3.1,R3,"-b marks input as binary; output uses ""HASH *FILENAME"". -t (default) uses ""HASH  FILENAME"".",91,False,1,uncertain,rel09.0,1,
srd075,srd075-sha384sum,cmd/sha384sum: Compute and Check SHA-384 Message Digests,cmd/sha384sum,R3.2,R3,--tag produces BSD tag format regardless of -b/-t.,50,False,1,complete,rel09.0,1,
srd075,srd075-sha384sum,cmd/sha384sum: Compute and Check SHA-384 Message Digests,cmd/sha384sum,R4.1,R4,Must exit 0 when all files are processed and all verified digests match.,72,False,1,complete,rel09.0,3,
srd075,srd075-sha384sum,cmd/sha384sum: Compute and Check SHA-384 Message Digests,cmd/sha384sum,R4.2,R4,"Must exit 1 when any file cannot be opened, any digest fails, or the checksum file is unreadable.",97,False,1,complete,rel09.0,3,
srd075,srd075-sha384sum,cmd/sha384sum: Compute and Check SHA-384 Message Digests,cmd/sha384sum,R4.3,R4,Must handle SIGPIPE gracefully (exit 0) using pkg/sys.InstallSIGPIPEHandler.,76,False,1,complete,rel09.0,3,
srd076,srd076-b2sum,cmd/b2sum: Compute and Check BLAKE2 Message Digests,cmd/b2sum,R1.1,R1,"Must compute the BLAKE2b-512 digest of each named file and write one line per file in the format ""HASH  FILENAME"" (text mode) or ""HASH *FILENAME"" (binary mode). The default is text mode.",186,False,1,complete,rel09.0,3,
srd076,srd076-b2sum,cmd/b2sum: Compute and Check BLAKE2 Message Digests,cmd/b2sum,R1.2,R1,"Must read from stdin and print ""HASH  -"" when no file arguments are given or when ""-"" is provided as a filename.",112,False,1,complete,rel09.0,3,
srd076,srd076-b2sum,cmd/b2sum: Compute and Check BLAKE2 Message Digests,cmd/b2sum,R1.3,R1,"--tag must use BSD-style output format ""BLAKE2b (FILENAME) = HASH"". When --length is specified, the tag name must include the bit length (e.g., ""BLAKE2b-256"").",159,False,1,complete,rel09.0,3,
srd076,srd076-b2sum,cmd/b2sum: Compute and Check BLAKE2 Message Digests,cmd/b2sum,R1.4,R1,"Must exit 1 when any named file cannot be opened, printing an error to stderr, and continue processing remaining files.",119,False,1,complete,rel09.0,5,
srd076,srd076-b2sum,cmd/b2sum: Compute and Check BLAKE2 Message Digests,cmd/b2sum,R2.1,R2,"--check FILE must read FILE, parse each line (GNU or BSD tag format), recompute the BLAKE2b digest, and compare to the stored hash.",131,False,1,complete,rel09.0,3,
srd076,srd076-b2sum,cmd/b2sum: Compute and Check BLAKE2 Message Digests,cmd/b2sum,R2.2,R2,"Must print ""FILENAME: OK"" or ""FILENAME: FAILED"" for each entry. Must exit 1 if any check fails.",95,False,1,complete,rel09.0,3,
srd076,srd076-b2sum,cmd/b2sum: Compute and Check BLAKE2 Message Digests,cmd/b2sum,R2.3,R2,--warn prints a warning for each malformed line. --quiet suppresses OK lines. --status suppresses all output.,109,False,1,complete,rel09.0,1,
srd076,srd076-b2sum,cmd/b2sum: Compute and Check BLAKE2 Message Digests,cmd/b2sum,R3.1,R3,"-b marks input as binary; output uses ""HASH *FILENAME"". -t (default) uses ""HASH  FILENAME"".",91,False,1,complete,rel09.0,1,
srd076,srd076-b2sum,cmd/b2sum: Compute and Check BLAKE2 Message Digests,cmd/b2sum,R3.2,R3,--tag produces BSD tag format regardless of -b/-t.,50,False,1,complete,rel09.0,1,
srd076,srd076-b2sum,cmd/b2sum: Compute and Check BLAKE2 Message Digests,cmd/b2sum,R3.3,R3,--length=N sets the digest length in bits. N must be a positive multiple of 8 and at most 512. Default is 512. Must exit 1 with an error message if N is invalid.,161,False,1,complete,rel09.0,2,
srd076,srd076-b2sum,cmd/b2sum: Compute and Check BLAKE2 Message Digests,cmd/b2sum,R4.1,R4,Must exit 0 when all files are processed and all verified digests match.,72,False,1,complete,rel09.0,3,
srd076,srd076-b2sum,cmd/b2sum: Compute and Check BLAKE2 Message Digests,cmd/b2sum,R4.2,R4,"Must exit 1 when any file cannot be opened, any digest fails, or the checksum file is unreadable.",97,False,1,complete,rel09.0,3,
srd076,srd076-b2sum,cmd/b2sum: Compute and Check BLAKE2 Message Digests,cmd/b2sum,R4.3,R4,Must handle SIGPIPE gracefully (exit 0) using pkg/sys.InstallSIGPIPEHandler.,76,False,1,complete,rel09.0,3,
srd077,srd077-cksum,cmd/cksum: Print CRC Checksum and Byte Count,cmd/cksum,R1.1,R1,"Must compute the POSIX CRC-32 checksum of each named file and print one line per file in the format ""CHECKSUM BYTES FILENAME"".",126,False,1,complete,rel09.0,3,
srd077,srd077-cksum,cmd/cksum: Print CRC Checksum and Byte Count,cmd/cksum,R1.2,R1,Must read from stdin when no file arguments are given. Stdin output omits the filename.,87,False,1,complete,rel09.0,3,
srd077,srd077-cksum,cmd/cksum: Print CRC Checksum and Byte Count,cmd/cksum,R1.3,R1,"Must process multiple files in argument order, printing one line per file.",74,False,1,complete,rel09.0,3,
srd077,srd077-cksum,cmd/cksum: Print CRC Checksum and Byte Count,cmd/cksum,R1.4,R1,"Must exit 1 when any named file cannot be opened, printing an error to stderr, and continue processing remaining files.",119,False,1,complete,rel09.0,3,
srd077,srd077-cksum,cmd/cksum: Print CRC Checksum and Byte Count,cmd/cksum,R2.1,R2,"--algorithm=ALG selects the digest algorithm. Supported values: crc (default), sm3, blake2b, sha1, sha224, sha256, sha384, sha512. Non-CRC algorithms produce tagged output by default (e.g., 'SHA256 (file) = HASH').",214,False,1,uncertain,rel09.0,3,
srd077,srd077-cksum,cmd/cksum: Print CRC Checksum and Byte Count,cmd/cksum,R2.2,R2,--untagged produces traditional GNU hash output ('HASH  FILENAME') instead of tagged BSD format when used with non-CRC algorithms.,130,False,1,uncertain,rel09.0,2,
srd077,srd077-cksum,cmd/cksum: Print CRC Checksum and Byte Count,cmd/cksum,R2.3,R2,--raw outputs the raw binary digest instead of hex-encoded text. Only valid with non-CRC algorithms.,100,False,1,uncertain,rel09.0,1,
srd077,srd077-cksum,cmd/cksum: Print CRC Checksum and Byte Count,cmd/cksum,R3.1,R3,Must exit 0 when all files are processed successfully.,54,False,1,uncertain,rel09.0,1,
srd077,srd077-cksum,cmd/cksum: Print CRC Checksum and Byte Count,cmd/cksum,R3.2,R3,Must exit 1 when any file cannot be opened or an invalid algorithm is specified.,80,False,1,complete,rel09.0,1,
srd077,srd077-cksum,cmd/cksum: Print CRC Checksum and Byte Count,cmd/cksum,R3.3,R3,Must handle SIGPIPE gracefully (exit 0) using pkg/sys.InstallSIGPIPEHandler.,76,False,1,complete,rel09.0,1,
srd078,srd078-sum,cmd/sum: Checksum and Count Blocks in a File,cmd/sum,R1.1,R1,"Must compute the BSD checksum (16-bit rotating checksum) of each named file by default and print ""CHECKSUM BLOCKS FILENAME"". Block size is 1024 bytes.",150,False,1,complete,rel09.0,3,
srd078,srd078-sum,cmd/sum: Checksum and Count Blocks in a File,cmd/sum,R1.2,R1,Must read from stdin when no file arguments are given. Stdin output omits the filename.,87,False,1,complete,rel09.0,3,
srd078,srd078-sum,cmd/sum: Checksum and Count Blocks in a File,cmd/sum,R1.3,R1,"Must process multiple files in argument order, printing one line per file.",74,False,1,complete,rel09.0,3,
srd078,srd078-sum,cmd/sum: Checksum and Count Blocks in a File,cmd/sum,R1.4,R1,"Must exit 1 when any named file cannot be opened, printing an error to stderr, and continue processing remaining files.",119,False,1,complete,rel09.0,3,
srd078,srd078-sum,cmd/sum: Checksum and Count Blocks in a File,cmd/sum,R2.1,R2,"-r selects the BSD checksum algorithm (default). The checksum is a 16-bit rotating checksum, block size 1024 bytes.",115,False,1,complete,rel09.0,3,
srd078,srd078-sum,cmd/sum: Checksum and Count Blocks in a File,cmd/sum,R2.2,R2,"-s selects the System V checksum algorithm. The checksum is a 16-bit sum of all bytes, block size 512 bytes. Output format is ""CHECKSUM BLOCKS FILENAME"".",153,False,1,complete,rel09.0,3,
srd078,srd078-sum,cmd/sum: Checksum and Count Blocks in a File,cmd/sum,R3.1,R3,Must exit 0 when all files are processed successfully.,54,False,1,complete,rel09.0,1,
srd078,srd078-sum,cmd/sum: Checksum and Count Blocks in a File,cmd/sum,R3.2,R3,Must exit 1 when any file cannot be opened.,43,False,1,complete,rel09.0,1,
srd078,srd078-sum,cmd/sum: Checksum and Count Blocks in a File,cmd/sum,R3.3,R3,Must handle SIGPIPE gracefully (exit 0) using pkg/sys.InstallSIGPIPEHandler.,76,False,1,uncertain,rel09.0,1,
srd079,srd079-base32,cmd/base32: Base32 Encode and Decode,cmd/base32,R1.1,R1,"Must read from FILE or stdin (when no file or ""-"" is given) and encode the input using RFC 4648 Base32, writing the result to stdout.",133,False,1,uncertain,rel09.1,3,
srd079,srd079-base32,cmd/base32: Base32 Encode and Decode,cmd/base32,R1.2,R1,Must wrap encoded output at 76 characters per line by default.,62,False,1,uncertain,rel09.1,3,
srd079,srd079-base32,cmd/base32: Base32 Encode and Decode,cmd/base32,R1.3,R1,-w COLS or --wrap=COLS must set the wrap column. -w 0 disables wrapping (single line output).,93,False,1,uncertain,rel09.1,2,
srd079,srd079-base32,cmd/base32: Base32 Encode and Decode,cmd/base32,R1.4,R1,"Must exit 1 when a named file cannot be opened, printing an error to stderr.",76,False,1,uncertain,rel09.1,2,
srd079,srd079-base32,cmd/base32: Base32 Encode and Decode,cmd/base32,R2.1,R2,-d or --decode must decode Base32 input from FILE or stdin and write the binary result to stdout.,97,False,1,uncertain,rel09.1,3,
srd079,srd079-base32,cmd/base32: Base32 Encode and Decode,cmd/base32,R2.2,R2,"Must ignore whitespace (newlines, spaces) in the input during decoding.",71,False,1,uncertain,rel09.1,3,
srd079,srd079-base32,cmd/base32: Base32 Encode and Decode,cmd/base32,R2.3,R2,-i or --ignore-garbage must ignore non-alphabet characters in the input during decoding.,88,False,1,uncertain,rel09.1,2,
srd079,srd079-base32,cmd/base32: Base32 Encode and Decode,cmd/base32,R2.4,R2,Must exit 1 with an error to stderr when the input contains invalid Base32 characters (without --ignore-garbage).,113,False,1,uncertain,rel09.1,2,
srd079,srd079-base32,cmd/base32: Base32 Encode and Decode,cmd/base32,R3.1,R3,Must exit 0 on successful encoding or decoding.,47,False,1,uncertain,rel09.1,1,
srd079,srd079-base32,cmd/base32: Base32 Encode and Decode,cmd/base32,R3.2,R3,"Must exit 1 on any error (invalid input, missing file, invalid option).",71,False,1,uncertain,rel09.1,1,
srd079,srd079-base32,cmd/base32: Base32 Encode and Decode,cmd/base32,R3.3,R3,Must handle SIGPIPE gracefully (exit 0) using pkg/sys.InstallSIGPIPEHandler.,76,False,1,uncertain,rel09.1,1,
srd080,srd080-base64,cmd/base64: Base64 Encode and Decode,cmd/base64,R1.1,R1,"Must read from FILE or stdin (when no file or ""-"" is given) and encode the input using RFC 4648 Base64, writing the result to stdout.",133,False,1,complete,rel09.1,3,
srd080,srd080-base64,cmd/base64: Base64 Encode and Decode,cmd/base64,R1.2,R1,Must wrap encoded output at 76 characters per line by default.,62,False,1,complete,rel09.1,3,
srd080,srd080-base64,cmd/base64: Base64 Encode and Decode,cmd/base64,R1.3,R1,-w COLS or --wrap=COLS must set the wrap column. -w 0 disables wrapping (single line output).,93,False,1,complete,rel09.1,2,
srd080,srd080-base64,cmd/base64: Base64 Encode and Decode,cmd/base64,R1.4,R1,"Must exit 1 when a named file cannot be opened, printing an error to stderr.",76,False,1,complete,rel09.1,2,
srd080,srd080-base64,cmd/base64: Base64 Encode and Decode,cmd/base64,R2.1,R2,-d or --decode must decode Base64 input from FILE or stdin and write the binary result to stdout.,97,False,1,complete,rel09.1,3,
srd080,srd080-base64,cmd/base64: Base64 Encode and Decode,cmd/base64,R2.2,R2,"Must ignore whitespace (newlines, spaces) in the input during decoding.",71,False,1,complete,rel09.1,3,
srd080,srd080-base64,cmd/base64: Base64 Encode and Decode,cmd/base64,R2.3,R2,-i or --ignore-garbage must ignore non-alphabet characters in the input during decoding.,88,False,1,complete,rel09.1,2,
srd080,srd080-base64,cmd/base64: Base64 Encode and Decode,cmd/base64,R2.4,R2,Must exit 1 with an error to stderr when the input contains invalid Base64 characters (without --ignore-garbage).,113,False,1,complete,rel09.1,2,
srd080,srd080-base64,cmd/base64: Base64 Encode and Decode,cmd/base64,R3.1,R3,Must exit 0 on successful encoding or decoding.,47,False,1,complete,rel09.1,1,
srd080,srd080-base64,cmd/base64: Base64 Encode and Decode,cmd/base64,R3.2,R3,"Must exit 1 on any error (invalid input, missing file, invalid option).",71,False,1,complete,rel09.1,1,
srd080,srd080-base64,cmd/base64: Base64 Encode and Decode,cmd/base64,R3.3,R3,Must handle SIGPIPE gracefully (exit 0) using pkg/sys.InstallSIGPIPEHandler.,76,False,1,complete,rel09.1,1,
srd081,srd081-basenc,cmd/basenc: Encode and Decode with Multiple Alphabets,cmd/basenc,R1.1,R1,--base64 must encode/decode using RFC 4648 Base64 (same as base64 utility).,75,False,1,complete,rel09.1,3,
srd081,srd081-basenc,cmd/basenc: Encode and Decode with Multiple Alphabets,cmd/basenc,R1.2,R1,--base64url must encode/decode using RFC 4648 Base64 with URL-safe alphabet (+ and / replaced by - and _).,106,False,1,complete,rel09.1,3,
srd081,srd081-basenc,cmd/basenc: Encode and Decode with Multiple Alphabets,cmd/basenc,R1.3,R1,--base32 must encode/decode using RFC 4648 Base32 (same as base32 utility).,75,False,1,complete,rel09.1,2,
srd081,srd081-basenc,cmd/basenc: Encode and Decode with Multiple Alphabets,cmd/basenc,R1.4,R1,--base32hex must encode/decode using RFC 4648 Base32 with extended hex alphabet.,80,False,1,complete,rel09.1,2,
srd081,srd081-basenc,cmd/basenc: Encode and Decode with Multiple Alphabets,cmd/basenc,R2.1,R2,--base16 must encode/decode using hexadecimal (Base16). Output is uppercase hex characters.,91,False,1,complete,rel09.1,3,
srd081,srd081-basenc,cmd/basenc: Encode and Decode with Multiple Alphabets,cmd/basenc,R2.2,R2,--z85 must encode/decode using ZeroMQ Z85 encoding. Input length must be a multiple of 4 bytes for encoding.,108,False,1,complete,rel09.1,2,
srd081,srd081-basenc,cmd/basenc: Encode and Decode with Multiple Alphabets,cmd/basenc,R2.3,R2,-d or --decode must decode the input using the selected encoding scheme.,72,False,1,complete,rel09.1,2,
srd081,srd081-basenc,cmd/basenc: Encode and Decode with Multiple Alphabets,cmd/basenc,R2.4,R2,-w COLS or --wrap=COLS must set the wrap column (default 76). -w 0 disables wrapping.,85,False,1,complete,rel09.1,2,
srd081,srd081-basenc,cmd/basenc: Encode and Decode with Multiple Alphabets,cmd/basenc,R3.1,R3,-i or --ignore-garbage must ignore non-alphabet characters during decoding.,75,False,1,complete,rel09.1,1,
srd081,srd081-basenc,cmd/basenc: Encode and Decode with Multiple Alphabets,cmd/basenc,R3.2,R3,"Must read from FILE or stdin (when no file or ""-"" is given).",60,False,1,complete,rel09.1,1,
srd081,srd081-basenc,cmd/basenc: Encode and Decode with Multiple Alphabets,cmd/basenc,R3.3,R3,"Must exit 1 when no encoding scheme is specified, when the file cannot be opened, or when decode input is invalid.",114,False,1,complete,rel09.1,1,
srd081,srd081-basenc,cmd/basenc: Encode and Decode with Multiple Alphabets,cmd/basenc,R3.4,R3,Must handle SIGPIPE gracefully (exit 0) using pkg/sys.InstallSIGPIPEHandler.,76,False,1,complete,rel09.1,1,
srd082,srd082-stat,cmd/stat: Display File Status,cmd/stat,R1.1,R1,"Must display file status for each named file argument using the default multi-line format matching GNU stat output (File, Size, Blocks, IO Block, file type, Device, Inode, Links, Access mode, Uid, Gid, Access time, Modify time, Change time, Birth time).",253,False,1,uncertain,rel10.0,3,
srd082,srd082-stat,cmd/stat: Display File Status,cmd/stat,R2.1,R2,"Must process multiple file arguments in order, printing status for each.",72,False,1,uncertain,rel10.0,2,
srd082,srd082-stat,cmd/stat: Display File Status,cmd/stat,R2.2,R2,-L or --dereference must follow symlinks and report the target file's status instead of the link itself.,104,False,1,uncertain,rel10.0,1,
srd082,srd082-stat,cmd/stat: Display File Status,cmd/stat,R2.3,R2,"Must exit 1 when any named file does not exist or cannot be accessed, printing an error to stderr, and continue processing remaining files.",139,False,1,uncertain,rel10.0,2,
srd082,srd082-stat,cmd/stat: Display File Status,cmd/stat,R3.1,R3,"-c FORMAT or --format=FORMAT must use FORMAT as a printf-style format string. Must support directives: %a (access rights octal), %A (access rights human), %b (blocks allocated), %B (block size), %d (device number decimal), %D (device number hex), %f (raw mode hex), %F (file type), %g (group ID), %G (group name), %h (hard links), %i (inode), %m (mount point), %n (file name), %N (quoted file name with symlink target), %o (optimal I/O size), %s (total size bytes), %t (major device type hex), %T (minor device type hex), %u (user ID), %U (user name), %w (birth time human), %W (birth time epoch), %x (access time human), %X (access time epoch), %y (modify time human), %Y (modify time epoch), %z (change time human), %Z (change time epoch).",741,False,1,code_complete,rel10.0,3,
srd082,srd082-stat,cmd/stat: Display File Status,cmd/stat,R4.1,R4,"--printf=FORMAT must work like --format but interpret backslash escapes (\n, \t, etc.) and not append a trailing newline.",121,False,1,code_complete,rel10.0,1,
srd082,srd082-stat,cmd/stat: Display File Status,cmd/stat,R4.2,R4,-t or --terse must produce terse output (single line of space-separated fields) matching GNU stat --terse format.,113,False,1,code_complete,rel10.0,1,
srd082,srd082-stat,cmd/stat: Display File Status,cmd/stat,R5.1,R5,"-f or --file-system must display filesystem status instead of file status. Output includes filesystem type, block size, total/free/available blocks and inodes.",159,False,1,code_complete,rel10.0,3,
srd082,srd082-stat,cmd/stat: Display File Status,cmd/stat,R6.1,R6,"Format directives in --file-system mode differ from file mode: %a (free blocks available to non-root), %b (total blocks), %c (total inodes), %d (free inodes), %f (free blocks), %i (filesystem ID hex), %l (max filename length), %n (file name), %s (block size optimal), %S (fundamental block size), %t (filesystem type hex), %T (filesystem type name).",349,False,1,code_complete,rel10.0,2,
srd082,srd082-stat,cmd/stat: Display File Status,cmd/stat,R7.1,R7,Must exit 0 when all files are processed successfully.,54,False,1,code_complete,rel10.0,1,
srd082,srd082-stat,cmd/stat: Display File Status,cmd/stat,R7.2,R7,Must exit 1 when any file cannot be accessed or an invalid format directive is used.,84,False,1,code_complete,rel10.0,1,
srd082,srd082-stat,cmd/stat: Display File Status,cmd/stat,R7.3,R7,Must handle SIGPIPE gracefully (exit 0) using pkg/sys.InstallSIGPIPEHandler.,76,False,1,code_complete,rel10.0,1,
srd083,srd083-truncate,cmd/truncate: Shrink or Extend File Size,cmd/truncate,R1.1,R1,"-s SIZE or --size=SIZE must set each FILE's size to SIZE bytes. SIZE may include unit suffixes (K, M, G, T, P, E, Z, Y for powers of 1024; KB, MB, GB for powers of 1000).",170,False,1,uncertain,rel10.0,3,
srd083,srd083-truncate,cmd/truncate: Shrink or Extend File Size,cmd/truncate,R1.2,R1,"SIZE may be prefixed with + or - for relative adjustment (grow or shrink), < to set at most SIZE, > to set at least SIZE, / to round down to multiple, % to round up to multiple.",177,False,1,uncertain,rel10.0,3,
srd083,srd083-truncate,cmd/truncate: Shrink or Extend File Size,cmd/truncate,R1.3,R1,"Must process multiple FILE arguments, applying the same size operation to each.",79,False,1,uncertain,rel10.0,3,
srd083,srd083-truncate,cmd/truncate: Shrink or Extend File Size,cmd/truncate,R1.4,R1,"-c or --no-create must not create files that do not exist. Without -c, missing files are created.",97,False,1,uncertain,rel10.0,2,
srd083,srd083-truncate,cmd/truncate: Shrink or Extend File Size,cmd/truncate,R2.1,R2,-r RFILE or --reference=RFILE must use the size of RFILE as the base size instead of an explicit SIZE. Can be combined with -s for relative adjustment from the reference size.,175,False,1,uncertain,rel10.0,3,
srd083,srd083-truncate,cmd/truncate: Shrink or Extend File Size,cmd/truncate,R2.2,R2,Must exit 1 if the reference file cannot be accessed.,53,False,1,uncertain,rel10.0,1,
srd083,srd083-truncate,cmd/truncate: Shrink or Extend File Size,cmd/truncate,R3.1,R3,Must exit 0 when all files are processed successfully.,54,False,1,complete,rel10.0,1,
srd083,srd083-truncate,cmd/truncate: Shrink or Extend File Size,cmd/truncate,R3.2,R3,"Must exit 1 when any file cannot be opened, created, or resized, or when SIZE is invalid.",89,False,1,complete,rel10.0,1,
srd083,srd083-truncate,cmd/truncate: Shrink or Extend File Size,cmd/truncate,R3.3,R3,Must handle SIGPIPE gracefully (exit 0) using pkg/sys.InstallSIGPIPEHandler.,76,False,1,complete,rel10.0,1,
srd084,srd084-link,cmd/link: Create a Hard Link,cmd/link,R1.1,R1,Must accept exactly two arguments FILE1 and FILE2 and create a hard link at FILE2 pointing to FILE1 using the link(2) system call.,130,False,1,complete,rel10.0,3,
srd084,srd084-link,cmd/link: Create a Hard Link,cmd/link,R1.2,R1,"Must not follow symlinks, create symlinks, or handle directories specially — the raw link(2) semantics apply.",109,False,1,complete,rel10.0,3,
srd084,srd084-link,cmd/link: Create a Hard Link,cmd/link,R1.3,R1,Must exit 1 with an error to stderr if fewer or more than two arguments are given.,82,False,1,complete,rel10.0,3,
srd084,srd084-link,cmd/link: Create a Hard Link,cmd/link,R1.4,R1,"Must exit 1 with an error to stderr if the link(2) call fails (e.g., FILE1 does not exist, FILE2 already exists, cross-device link).",132,False,1,complete,rel10.0,2,
srd084,srd084-link,cmd/link: Create a Hard Link,cmd/link,R2.1,R2,Must exit 0 when the hard link is created successfully.,55,False,1,uncertain,rel10.0,1,
srd084,srd084-link,cmd/link: Create a Hard Link,cmd/link,R2.2,R2,Must exit 1 on any error.,25,False,1,uncertain,rel10.0,1,
srd084,srd084-link,cmd/link: Create a Hard Link,cmd/link,R2.3,R2,Must handle SIGPIPE gracefully (exit 0) using pkg/sys.InstallSIGPIPEHandler.,76,False,1,uncertain,rel10.0,1,
srd085,srd085-sync,cmd/sync: Synchronize Cached Writes to Persistent Storage,cmd/sync,R1.1,R1,"When invoked with no arguments, must call sync(2) to flush all filesystem caches to persistent storage.",103,False,1,complete,rel10.0,3,
srd085,srd085-sync,cmd/sync: Synchronize Cached Writes to Persistent Storage,cmd/sync,R1.2,R1,"When given FILE arguments, must open each file and call fsync(2) on each to flush that file's data and metadata to storage.",123,False,1,complete,rel10.0,3,
srd085,srd085-sync,cmd/sync: Synchronize Cached Writes to Persistent Storage,cmd/sync,R1.3,R1,"-d or --data must call fdatasync(2) instead of fsync(2) on each FILE, syncing only the file's data (not metadata). Must exit 1 if no FILE is given with -d.",155,False,1,complete,rel10.0,2,
srd085,srd085-sync,cmd/sync: Synchronize Cached Writes to Persistent Storage,cmd/sync,R1.4,R1,-f or --file-system must call sync(2) for the filesystem containing each FILE rather than syncing the individual file. Must exit 1 if no FILE is given with -f.,159,False,1,complete,rel10.0,2,
srd085,srd085-sync,cmd/sync: Synchronize Cached Writes to Persistent Storage,cmd/sync,R2.1,R2,Must exit 0 when all sync operations complete successfully.,59,False,1,complete,rel10.0,1,
srd085,srd085-sync,cmd/sync: Synchronize Cached Writes to Persistent Storage,cmd/sync,R2.2,R2,Must exit 1 when any file cannot be opened or sync fails.,57,False,1,complete,rel10.0,1,
srd085,srd085-sync,cmd/sync: Synchronize Cached Writes to Persistent Storage,cmd/sync,R2.3,R2,Must handle SIGPIPE gracefully (exit 0) using pkg/sys.InstallSIGPIPEHandler.,76,False,1,complete,rel10.0,1,
srd086,srd086-hashutil,pkg/hashutil: Shared Hash Output and Verification Library,pkg/hashutil,R1.1,R1,"Must provide a HashConfig struct that parameterizes the hash utility:

  type HashConfig struct {
      Algorithm   string          // e.g. ""MD5"", ""SHA256"", ""BLAKE2b""
      NewHash     func() hash.Hash // factory for the hash function
      DigestLen   int             // expected hex digest length (e.g., 32 for MD5, 64 for SHA-256)
  }
",338,True,1,complete,rel00.0,2,
srd086,srd086-hashutil,pkg/hashutil: Shared Hash Output and Verification Library,pkg/hashutil,R1.2,R1,"Must provide func FormatGNU(digest, filename string, binary bool) string that returns ""HASH  FILENAME"" (text mode) or ""HASH *FILENAME"" (binary mode).",149,False,1,complete,rel00.0,2,
srd086,srd086-hashutil,pkg/hashutil: Shared Hash Output and Verification Library,pkg/hashutil,R1.3,R1,"Must provide func FormatBSDTag(algorithm, filename, digest string) string that returns ""ALGORITHM (FILENAME) = HASH"".",117,False,1,complete,rel00.0,2,
srd086,srd086-hashutil,pkg/hashutil: Shared Hash Output and Verification Library,pkg/hashutil,R1.4,R1,"Must provide func ComputeDigest(r io.Reader, cfg HashConfig) (string, error) that reads all bytes from r, computes the hash, and returns the lowercase hex-encoded digest string.",177,False,1,complete,rel00.0,2,
srd086,srd086-hashutil,pkg/hashutil: Shared Hash Output and Verification Library,pkg/hashutil,R2.1,R2,"Must provide func ParseChecksumLine(line string, cfg HashConfig) (filename string, expectedDigest string, binary bool, err error) that parses a single line in GNU format (""HASH [ *]FILENAME"") or BSD tag format (""ALGORITHM (FILENAME) = HASH""). Returns an error for malformed lines.",280,False,1,complete,rel00.0,2,
srd086,srd086-hashutil,pkg/hashutil: Shared Hash Output and Verification Library,pkg/hashutil,R2.2,R2,"Must provide a CheckOptions struct for --check mode behavior:

  type CheckOptions struct {
      Warn   bool // print warning for malformed lines
      Quiet  bool // suppress OK lines
      Status bool // suppress all output, report only via exit code
  }
",258,True,1,complete,rel00.0,2,
srd086,srd086-hashutil,pkg/hashutil: Shared Hash Output and Verification Library,pkg/hashutil,R2.3,R2,"Must provide func VerifyChecksums(checksumFile string, cfg HashConfig, opts CheckOptions, stdout, stderr io.Writer) (ok bool, err error) that reads the checksum file, verifies each entry, prints results according to CheckOptions, and returns whether all checks passed.",268,False,1,complete,rel00.0,2,
srd086,srd086-hashutil,pkg/hashutil: Shared Hash Output and Verification Library,pkg/hashutil,R3.1,R3,"Must provide func DigestFiles(files []string, cfg HashConfig, binary bool, tag bool, stdout, stderr io.Writer) int that computes and prints digests for each file (or stdin when files is empty or contains ""-""), returning the exit code (0 for success, 1 if any file failed).",272,False,1,complete,rel00.0,2,
srd086,srd086-hashutil,pkg/hashutil: Shared Hash Output and Verification Library,pkg/hashutil,R3.2,R3,"Must continue processing remaining files when one file cannot be opened, printing an error to stderr for each failure.",118,False,1,complete,rel00.0,2,
srd087,srd087-sizeparse,pkg/sizeparse: Size String Parser with Unit Suffixes,pkg/sizeparse,R1.1,R1,"Must provide func Parse(s string) (int64, error) that parses a size string
consisting of an optional sign (+ or -), a decimal integer, and an optional
unit suffix. Returns the size in bytes. Returns an error for invalid input.
",227,False,1,complete,rel00.0,3,
srd087,srd087-sizeparse,pkg/sizeparse: Size String Parser with Unit Suffixes,pkg/sizeparse,R1.2,R1,"Must support binary (IEC) suffixes: K or KiB (1024), M or MiB (1024^2),
G or GiB (1024^3), T or TiB (1024^4), P or PiB (1024^5), E or EiB (1024^6),
Z or ZiB (1024^7), Y or YiB (1024^8). Must also support b (512) for
POSIX compatibility.
",237,False,1,complete,rel00.0,2,
srd087,srd087-sizeparse,pkg/sizeparse: Size String Parser with Unit Suffixes,pkg/sizeparse,R1.3,R1,"Must support decimal (SI) suffixes: KB (1000), MB (1000^2), GB (1000^3),
TB (1000^4), PB (1000^5), EB (1000^6), ZB (1000^7), YB (1000^8).
",138,False,1,complete,rel00.0,2,
srd087,srd087-sizeparse,pkg/sizeparse: Size String Parser with Unit Suffixes,pkg/sizeparse,R1.4,R1,"Must preserve the sign in the returned value. ""+100K"" returns +102400, ""-50M"" returns -52428800. No sign prefix means positive.",127,False,1,complete,rel00.0,2,
srd087,srd087-sizeparse,pkg/sizeparse: Size String Parser with Unit Suffixes,pkg/sizeparse,R2.1,R2,"Must provide func ParseWithOptions(s string, opts ParseOptions) (int64, error)
where ParseOptions allows configuring behavior:

  type ParseOptions struct {
      AllowSign    bool // allow +/- prefix (default false for Parse)
      DefaultUnit  int64 // multiplier when no suffix given (default 1)
  }
",303,True,1,complete,rel00.0,2,
srd087,srd087-sizeparse,pkg/sizeparse: Size String Parser with Unit Suffixes,pkg/sizeparse,R2.2,R2,ParseWithOptions with DefaultUnit=1024 and input '5' returns 5120 (5 * 1024). This supports utilities like du where the default unit is blocks.,143,False,1,complete,rel00.0,1,
srd087,srd087-sizeparse,pkg/sizeparse: Size String Parser with Unit Suffixes,pkg/sizeparse,R3.1,R3,Must return an error when the numeric part overflows int64.,59,False,1,complete,rel00.0,1,
srd087,srd087-sizeparse,pkg/sizeparse: Size String Parser with Unit Suffixes,pkg/sizeparse,R3.2,R3,Must return an error when the suffix is not recognized.,55,False,1,complete,rel00.0,2,
srd088,srd088-encutil,pkg/encutil: Shared Encoding and Decoding Library,pkg/encutil,R1.1,R1,"Must provide an EncoderConfig struct:

  type EncoderConfig struct {
      Encode   func(src []byte) string  // encoding function
      WrapCol  int                       // wrap column (0 = no wrap, default 76)
  }
",216,True,1,complete,rel00.0,2,
srd088,srd088-encutil,pkg/encutil: Shared Encoding and Decoding Library,pkg/encutil,R1.2,R1,"Must provide func Encode(r io.Reader, w io.Writer, cfg EncoderConfig) error that reads all input from r, encodes it using cfg.Encode, wraps the output at cfg.WrapCol characters per line, and writes to w.",203,False,1,complete,rel00.0,2,
srd088,srd088-encutil,pkg/encutil: Shared Encoding and Decoding Library,pkg/encutil,R1.3,R1,"When WrapCol is 0, must write the entire encoded output as a single line followed by a newline.",95,False,1,complete,rel00.0,3,
srd088,srd088-encutil,pkg/encutil: Shared Encoding and Decoding Library,pkg/encutil,R2.1,R2,"Must provide a DecoderConfig struct:

  type DecoderConfig struct {
      Decode        func(src string) ([]byte, error) // decoding function
      IgnoreGarbage bool                              // ignore non-alphabet characters
  }
",234,True,1,complete,rel00.0,2,
srd088,srd088-encutil,pkg/encutil: Shared Encoding and Decoding Library,pkg/encutil,R2.2,R2,"Must provide func Decode(r io.Reader, w io.Writer, cfg DecoderConfig) error that reads all encoded input from r, strips whitespace, optionally strips non-alphabet characters (when IgnoreGarbage is true), decodes, and writes the binary result to w.",247,False,1,complete,rel00.0,2,
srd088,srd088-encutil,pkg/encutil: Shared Encoding and Decoding Library,pkg/encutil,R2.3,R2,Must return an error when the input contains invalid characters and IgnoreGarbage is false.,91,False,1,complete,rel00.0,3,
srd088,srd088-encutil,pkg/encutil: Shared Encoding and Decoding Library,pkg/encutil,R3.1,R3,"Must provide func OpenInput(filename string) (io.ReadCloser, error) that opens the named file, or returns os.Stdin when filename is empty or ""-"".",145,False,1,complete,rel00.0,2,
srd088,srd088-encutil,pkg/encutil: Shared Encoding and Decoding Library,pkg/encutil,R3.2,R3,"Must exit 1 when the input file cannot be opened, printing an error to stderr.",78,False,1,complete,rel00.0,1,
srd089,srd089-chmod,cmd/chmod: Change File Mode Bits,cmd/chmod,R1.1,R1,"Must accept an octal mode (e.g., 755, 0644) and set the file's permission bits to that value.",93,False,1,complete,rel10.1,3,
srd089,srd089-chmod,cmd/chmod: Change File Mode Bits,cmd/chmod,R1.2,R1,"Must accept symbolic mode specifications: [ugoa][+-=][rwxXst] with comma-separated clauses (e.g., u+x, go-w, a=rw). Must support multiple comma-separated clauses (e.g., u=rwx,go=rx).",182,False,1,complete,rel10.1,3,
srd089,srd089-chmod,cmd/chmod: Change File Mode Bits,cmd/chmod,R1.3,R1,"Must process multiple FILE arguments, applying the mode change to each.",71,False,1,complete,rel10.1,2,
srd089,srd089-chmod,cmd/chmod: Change File Mode Bits,cmd/chmod,R1.4,R1,"Must exit 1 when any file cannot be accessed, printing an error to stderr, and continue processing remaining files.",115,False,1,complete,rel10.1,1,
srd089,srd089-chmod,cmd/chmod: Change File Mode Bits,cmd/chmod,R2.1,R2,-R or --recursive must change modes recursively for directories and their contents.,83,False,1,complete,rel10.1,3,
srd089,srd089-chmod,cmd/chmod: Change File Mode Bits,cmd/chmod,R2.2,R2,-v or --verbose must print a diagnostic for every file processed.,65,False,1,complete,rel10.1,1,
srd089,srd089-chmod,cmd/chmod: Change File Mode Bits,cmd/chmod,R2.3,R2,-c or --changes must print a diagnostic only for files whose mode actually changed.,83,False,1,complete,rel10.1,1,
srd089,srd089-chmod,cmd/chmod: Change File Mode Bits,cmd/chmod,R2.4,R2,-f or --silent or --quiet must suppress most error messages.,60,False,1,complete,rel10.1,1,
srd089,srd089-chmod,cmd/chmod: Change File Mode Bits,cmd/chmod,R3.1,R3,"Must support setuid (u+s), setgid (g+s), and sticky bit (o+t) in symbolic mode.",79,False,1,complete,rel10.1,1,
srd089,srd089-chmod,cmd/chmod: Change File Mode Bits,cmd/chmod,R3.2,R3,--reference=RFILE must set each FILE's mode to match RFILE's mode.,66,False,1,complete,rel10.1,1,
srd089,srd089-chmod,cmd/chmod: Change File Mode Bits,cmd/chmod,R4.1,R4,Must exit 0 when all files are processed successfully.,54,False,1,complete,rel10.1,1,
srd089,srd089-chmod,cmd/chmod: Change File Mode Bits,cmd/chmod,R4.2,R4,Must exit 1 when any file cannot be accessed or the mode specification is invalid.,82,False,1,complete,rel10.1,1,
srd089,srd089-chmod,cmd/chmod: Change File Mode Bits,cmd/chmod,R4.3,R4,Must handle SIGPIPE gracefully (exit 0) using pkg/sys.InstallSIGPIPEHandler.,76,False,1,complete,rel10.1,1,
srd090,srd090-chgrp,cmd/chgrp: Change Group Ownership,cmd/chgrp,R1.1,R1,"Must accept a GROUP argument (name or numeric GID) and one or more FILE arguments, changing each file's group to GROUP.",119,False,1,complete,rel10.1,3,
srd090,srd090-chgrp,cmd/chgrp: Change Group Ownership,cmd/chgrp,R1.2,R1,--reference=RFILE must set each FILE's group to match RFILE's group.,68,False,1,complete,rel10.1,2,
srd090,srd090-chgrp,cmd/chgrp: Change Group Ownership,cmd/chgrp,R1.3,R1,"Must process multiple FILE arguments, applying the group change to each.",72,False,1,complete,rel10.1,2,
srd090,srd090-chgrp,cmd/chgrp: Change Group Ownership,cmd/chgrp,R1.4,R1,"Must exit 1 when any file cannot be accessed or the group is invalid, printing an error to stderr, and continue processing remaining files.",139,False,1,complete,rel10.1,1,
srd090,srd090-chgrp,cmd/chgrp: Change Group Ownership,cmd/chgrp,R2.1,R2,-R or --recursive must change group ownership recursively for directories and their contents.,93,False,1,complete,rel10.1,3,
srd090,srd090-chgrp,cmd/chgrp: Change Group Ownership,cmd/chgrp,R2.2,R2,"-h or --no-dereference must change the symlink itself rather than the target. Without -h, must change the target.",113,False,1,complete,rel10.1,1,
srd090,srd090-chgrp,cmd/chgrp: Change Group Ownership,cmd/chgrp,R2.3,R2,-H must follow symlinks given on the command line but not in recursive traversal. -L must follow all symlinks. -P must never follow symlinks (default with -R).,159,False,1,complete,rel10.1,1,
srd090,srd090-chgrp,cmd/chgrp: Change Group Ownership,cmd/chgrp,R3.1,R3,-v or --verbose must print a diagnostic for every file processed. -c or --changes must print only when changes are made. -f or --silent must suppress most errors.,162,False,1,complete,rel10.1,1,
srd090,srd090-chgrp,cmd/chgrp: Change Group Ownership,cmd/chgrp,R3.2,R3,Must exit 0 when all files are processed successfully. Must exit 1 on any error.,80,False,1,complete,rel10.1,1,
srd090,srd090-chgrp,cmd/chgrp: Change Group Ownership,cmd/chgrp,R3.3,R3,Must handle SIGPIPE gracefully (exit 0) using pkg/sys.InstallSIGPIPEHandler.,76,False,1,complete,rel10.1,1,
srd091,srd091-chown,cmd/chown: Change File Owner and Group,cmd/chown,R1.1,R1,"Must accept OWNER[:GROUP] syntax: OWNER changes only owner, OWNER:GROUP changes both, OWNER: changes owner and sets group to OWNER's login group, :GROUP changes only group.",172,False,1,complete,rel10.1,4,
srd091,srd091-chown,cmd/chown: Change File Owner and Group,cmd/chown,R1.2,R1,OWNER and GROUP may be names or numeric IDs. Must resolve names to IDs via the system user/group database.,106,False,1,complete,rel10.1,3,
srd091,srd091-chown,cmd/chown: Change File Owner and Group,cmd/chown,R1.3,R1,--reference=RFILE must set each FILE's owner and group to match RFILE's.,72,False,1,complete,rel10.1,1,
srd091,srd091-chown,cmd/chown: Change File Owner and Group,cmd/chown,R1.4,R1,"Must exit 1 when any file cannot be accessed or the owner/group is invalid, printing an error to stderr, and continue processing remaining files.",145,False,1,complete,rel10.1,1,
srd091,srd091-chown,cmd/chown: Change File Owner and Group,cmd/chown,R2.1,R2,-R or --recursive must change ownership recursively for directories and their contents.,87,False,1,complete,rel10.1,3,
srd091,srd091-chown,cmd/chown: Change File Owner and Group,cmd/chown,R2.2,R2,-h or --no-dereference must change the symlink itself rather than the target.,77,False,1,complete,rel10.1,1,
srd091,srd091-chown,cmd/chown: Change File Owner and Group,cmd/chown,R2.3,R2,-H must follow symlinks on the command line only. -L must follow all symlinks. -P must never follow symlinks (default with -R).,127,False,1,complete,rel10.1,1,
srd091,srd091-chown,cmd/chown: Change File Owner and Group,cmd/chown,R3.1,R3,-v or --verbose must print a diagnostic for every file processed. -c or --changes must print only when changes are made. -f or --silent must suppress most errors.,162,False,1,complete,rel10.1,1,
srd091,srd091-chown,cmd/chown: Change File Owner and Group,cmd/chown,R3.2,R3,Must exit 0 when all files are processed successfully. Must exit 1 on any error.,80,False,1,complete,rel10.1,1,
srd091,srd091-chown,cmd/chown: Change File Owner and Group,cmd/chown,R3.3,R3,Must handle SIGPIPE gracefully (exit 0) using pkg/sys.InstallSIGPIPEHandler.,76,False,1,complete,rel10.1,1,
srd092,srd092-mkfifo,cmd/mkfifo: Make FIFOs (Named Pipes),cmd/mkfifo,R1.1,R1,Must create a FIFO (named pipe) at each specified path using the mkfifo(2) system call.,87,False,1,complete,rel11.0,3,
srd092,srd092-mkfifo,cmd/mkfifo: Make FIFOs (Named Pipes),cmd/mkfifo,R1.2,R1,"Must process multiple NAME arguments, creating a FIFO for each.",63,False,1,complete,rel11.0,3,
srd092,srd092-mkfifo,cmd/mkfifo: Make FIFOs (Named Pipes),cmd/mkfifo,R1.3,R1,-m MODE or --mode=MODE must set the FIFO's permission bits to MODE (octal or symbolic). Default is 0666 modified by umask.,122,False,1,complete,rel11.0,3,
srd092,srd092-mkfifo,cmd/mkfifo: Make FIFOs (Named Pipes),cmd/mkfifo,R1.4,R1,"Must exit 1 when any FIFO cannot be created (e.g., path already exists), printing an error to stderr, and continue processing remaining arguments.",146,False,1,complete,rel11.0,2,
srd092,srd092-mkfifo,cmd/mkfifo: Make FIFOs (Named Pipes),cmd/mkfifo,R2.1,R2,Must exit 0 when all FIFOs are created successfully.,52,False,1,complete,rel11.0,1,
srd092,srd092-mkfifo,cmd/mkfifo: Make FIFOs (Named Pipes),cmd/mkfifo,R2.2,R2,Must exit 1 when any creation fails.,36,False,1,complete,rel11.0,1,
srd092,srd092-mkfifo,cmd/mkfifo: Make FIFOs (Named Pipes),cmd/mkfifo,R2.3,R2,Must handle SIGPIPE gracefully (exit 0) using pkg/sys.InstallSIGPIPEHandler.,76,False,1,complete,rel11.0,1,
srd093,srd093-mknod,cmd/mknod: Make Block or Character Special Files,cmd/mknod,R1.1,R1,"Must accept NAME TYPE [MAJOR MINOR] arguments. TYPE is b (block special), c or u (character special), or p (FIFO). Block and character types require MAJOR and MINOR device numbers.",180,False,1,uncertain,rel11.0,3,
srd093,srd093-mknod,cmd/mknod: Make Block or Character Special Files,cmd/mknod,R1.2,R1,"-m MODE or --mode=MODE must set the file's permission bits to MODE (octal or symbolic). Default is 0666 modified by umask for FIFOs, 0660 for device files.",155,False,1,uncertain,rel11.0,3,
srd093,srd093-mknod,cmd/mknod: Make Block or Character Special Files,cmd/mknod,R1.3,R1,"Must exit 1 with an error when arguments are invalid (wrong count, non-numeric device numbers, FIFO with device numbers given).",127,False,1,uncertain,rel11.0,2,
srd093,srd093-mknod,cmd/mknod: Make Block or Character Special Files,cmd/mknod,R2.1,R2,Must exit 0 when the special file is created successfully.,58,False,1,complete,rel11.0,1,
srd093,srd093-mknod,cmd/mknod: Make Block or Character Special Files,cmd/mknod,R2.2,R2,Must exit 1 when creation fails or arguments are invalid.,57,False,1,complete,rel11.0,1,
srd093,srd093-mknod,cmd/mknod: Make Block or Character Special Files,cmd/mknod,R2.3,R2,Must handle SIGPIPE gracefully (exit 0) using pkg/sys.InstallSIGPIPEHandler.,76,False,1,complete,rel11.0,1,
srd094,srd094-nice,cmd/nice: Run a Program with Modified Scheduling Priority,cmd/nice,R1.1,R1,Must run COMMAND with its scheduling priority adjusted by the given increment. Default increment is 10 (lower priority).,120,False,1,uncertain,rel11.0,3,
srd094,srd094-nice,cmd/nice: Run a Program with Modified Scheduling Priority,cmd/nice,R1.2,R1,-n ADJUST or --adjustment=ADJUST must set the priority increment. ADJUST may be negative (requires privileges) or positive.,123,False,1,uncertain,rel11.0,3,
srd094,srd094-nice,cmd/nice: Run a Program with Modified Scheduling Priority,cmd/nice,R1.3,R1,"When invoked with no COMMAND, must print the current nice value to stdout and exit 0.",85,False,1,uncertain,rel11.0,2,
srd094,srd094-nice,cmd/nice: Run a Program with Modified Scheduling Priority,cmd/nice,R1.4,R1,Must pass all remaining arguments after COMMAND as arguments to the executed command.,85,False,1,uncertain,rel11.0,2,
srd094,srd094-nice,cmd/nice: Run a Program with Modified Scheduling Priority,cmd/nice,R2.1,R2,Must exit with the exit status of COMMAND when COMMAND completes.,65,False,1,done,rel11.0,1,
srd094,srd094-nice,cmd/nice: Run a Program with Modified Scheduling Priority,cmd/nice,R2.2,R2,Must exit 125 when the adjustment is invalid or nice(2) fails. Must exit 126 when COMMAND is found but cannot be invoked. Must exit 127 when COMMAND is not found.,162,False,1,done,rel11.0,1,
srd094,srd094-nice,cmd/nice: Run a Program with Modified Scheduling Priority,cmd/nice,R2.3,R2,Must handle SIGPIPE gracefully (exit 0) using pkg/sys.InstallSIGPIPEHandler.,76,False,1,done,rel11.0,1,
srd095,srd095-nohup,cmd/nohup: Run a Command Immune to Hangups,cmd/nohup,R1.1,R1,Must ignore SIGHUP (signal.Ignore(syscall.SIGHUP)) before executing COMMAND.,76,False,1,complete,rel11.0,3,
srd095,srd095-nohup,cmd/nohup: Run a Command Immune to Hangups,cmd/nohup,R1.2,R1,"If stdout is a terminal, must redirect stdout to nohup.out in the current directory. If that fails, must redirect to $HOME/nohup.out. Must print a message to stderr indicating where output is redirected.",203,False,1,complete,rel11.0,3,
srd095,srd095-nohup,cmd/nohup: Run a Command Immune to Hangups,cmd/nohup,R1.3,R1,"If stderr is a terminal and stdout has been redirected, must redirect stderr to stdout (i.e., both go to nohup.out).",116,False,1,complete,rel11.0,2,
srd095,srd095-nohup,cmd/nohup: Run a Command Immune to Hangups,cmd/nohup,R1.4,R1,Must pass all remaining arguments after COMMAND as arguments to the executed command.,85,False,1,complete,rel11.0,2,
srd095,srd095-nohup,cmd/nohup: Run a Command Immune to Hangups,cmd/nohup,R2.1,R2,Must exit with the exit status of COMMAND when COMMAND completes.,65,False,1,complete,rel11.0,1,
srd095,srd095-nohup,cmd/nohup: Run a Command Immune to Hangups,cmd/nohup,R2.2,R2,Must exit 125 when nohup itself fails. Must exit 126 when COMMAND is found but cannot be invoked. Must exit 127 when COMMAND is not found.,138,False,1,complete,rel11.0,2,
srd095,srd095-nohup,cmd/nohup: Run a Command Immune to Hangups,cmd/nohup,R2.3,R2,Must handle SIGPIPE gracefully (exit 0) using pkg/sys.InstallSIGPIPEHandler.,76,False,1,complete,rel11.0,1,
srd096,srd096-users,cmd/users: Print Login Names of Currently Logged-In Users,cmd/users,R1.1,R1,"Must read the utmpx database (or equivalent on the target platform) and print the login names of all currently logged-in users on a single line, space-separated, sorted alphabetically.",184,False,1,complete,rel11.1,3,
srd096,srd096-users,cmd/users: Print Login Names of Currently Logged-In Users,cmd/users,R1.2,R1,"When given a FILE argument, must read that file as the utmpx database instead of the system default.",100,False,1,complete,rel11.1,1,
srd096,srd096-users,cmd/users: Print Login Names of Currently Logged-In Users,cmd/users,R1.3,R1,"Duplicate login names (same user logged in multiple times) must appear once per session, not deduplicated.",106,False,1,complete,rel11.1,2,
srd096,srd096-users,cmd/users: Print Login Names of Currently Logged-In Users,cmd/users,R2.1,R2,Must exit 0 on success.,23,False,1,complete,rel11.1,1,
srd096,srd096-users,cmd/users: Print Login Names of Currently Logged-In Users,cmd/users,R2.2,R2,Must exit 1 on any error.,25,False,1,complete,rel11.1,1,
srd096,srd096-users,cmd/users: Print Login Names of Currently Logged-In Users,cmd/users,R2.3,R2,Must handle SIGPIPE gracefully (exit 0) using pkg/sys.InstallSIGPIPEHandler.,76,False,1,complete,rel11.1,1,
srd097,srd097-who,cmd/who: Show Who Is Logged On,cmd/who,R1.1,R1,"Must read the utmpx database and print one line per logged-in user showing login name, terminal line, login time, and remote hostname (if available), matching GNU who output format.",181,False,1,complete,rel11.1,3,
srd097,srd097-who,cmd/who: Show Who Is Logged On,cmd/who,R1.2,R1,"When given a FILE argument, must read that file as the utmpx database instead of the system default.",100,False,1,complete,rel11.1,1,
srd097,srd097-who,cmd/who: Show Who Is Logged On,cmd/who,R1.3,R1,who am i (or who am I) must print only the entry for the current terminal.,74,False,1,complete,rel11.1,1,
srd097,srd097-who,cmd/who: Show Who Is Logged On,cmd/who,R1.4,R1,Must exit 1 when the utmpx database cannot be read.,51,False,1,complete,rel11.1,1,
srd097,srd097-who,cmd/who: Show Who Is Logged On,cmd/who,R2.1,R2,-H or --heading must print a header line above the output.,58,False,1,complete,rel11.1,3,
srd097,srd097-who,cmd/who: Show Who Is Logged On,cmd/who,R2.2,R2,"-u or --users must show idle time for each user. Idle time is displayed as HH:MM, '.' for active (< 1 minute), or 'old' for > 24 hours.",135,False,1,complete,rel11.1,1,
srd097,srd097-who,cmd/who: Show Who Is Logged On,cmd/who,R2.3,R2,-b or --boot must show the time of the last system boot.,56,False,1,complete,rel11.1,3,
srd097,srd097-who,cmd/who: Show Who Is Logged On,cmd/who,R2.4,R2,"-q or --count must print login names and a count of logged-in users, one name per column.",89,False,1,complete,rel11.1,1,
srd097,srd097-who,cmd/who: Show Who Is Logged On,cmd/who,R3.1,R3,Must exit 0 on success.,23,False,1,uncertain,rel11.1,1,
srd097,srd097-who,cmd/who: Show Who Is Logged On,cmd/who,R3.2,R3,Must exit 1 on any error.,25,False,1,uncertain,rel11.1,1,
srd097,srd097-who,cmd/who: Show Who Is Logged On,cmd/who,R3.3,R3,Must handle SIGPIPE gracefully (exit 0) using pkg/sys.InstallSIGPIPEHandler.,76,False,1,uncertain,rel11.1,1,
srd098,srd098-pinky,cmd/pinky: Lightweight Finger Information Lookup,cmd/pinky,R1.1,R1,"Must display logged-in users in short format by default, showing login name, terminal, idle time, login time, and remote host, one line per user.",145,False,1,complete,rel11.1,3,
srd098,srd098-pinky,cmd/pinky: Lightweight Finger Information Lookup,cmd/pinky,R1.2,R1,"When given USER arguments, must show information only for those users (from passwd and utmpx).",94,False,1,complete,rel11.1,1,
srd098,srd098-pinky,cmd/pinky: Lightweight Finger Information Lookup,cmd/pinky,R1.3,R1,-s must force short format output (default behavior).,53,False,1,complete,rel11.1,1,
srd098,srd098-pinky,cmd/pinky: Lightweight Finger Information Lookup,cmd/pinky,R2.1,R2,"-l must display long format output showing login name, real name (from GECOS), terminal, idle time, login time, office location, and office phone from the passwd entry.",168,False,1,complete,rel11.1,3,
srd098,srd098-pinky,cmd/pinky: Lightweight Finger Information Lookup,cmd/pinky,R2.2,R2,-f must suppress the header line in short format.,49,False,1,complete,rel11.1,1,
srd098,srd098-pinky,cmd/pinky: Lightweight Finger Information Lookup,cmd/pinky,R2.3,R2,-b must suppress the home directory and shell in long format. -h must suppress the project file. -p must suppress the plan file.,128,False,1,complete,rel11.1,1,
srd098,srd098-pinky,cmd/pinky: Lightweight Finger Information Lookup,cmd/pinky,R3.1,R3,Must exit 0 on success.,23,False,1,complete,rel11.1,1,
srd098,srd098-pinky,cmd/pinky: Lightweight Finger Information Lookup,cmd/pinky,R3.2,R3,Must exit 1 on any error.,25,False,1,complete,rel11.1,1,
srd098,srd098-pinky,cmd/pinky: Lightweight Finger Information Lookup,cmd/pinky,R3.3,R3,Must handle SIGPIPE gracefully (exit 0) using pkg/sys.InstallSIGPIPEHandler.,76,False,1,complete,rel11.1,1,
srd099,srd099-shred,"cmd/shred: Overwrite a File to Hide Its Contents, and Optionally Delete It",cmd/shred,R1.1,R1,"Must overwrite each FILE with random data for 3 iterations by default, then optionally remove the file.",103,False,1,uncertain,rel12.0,3,
srd099,srd099-shred,"cmd/shred: Overwrite a File to Hide Its Contents, and Optionally Delete It",cmd/shred,R1.2,R1,-n N or --iterations=N must set the number of overwrite passes to N.,68,False,1,uncertain,rel12.0,3,
srd099,srd099-shred,"cmd/shred: Overwrite a File to Hide Its Contents, and Optionally Delete It",cmd/shred,R1.3,R1,-z or --zero must add a final overwrite pass with zeros to hide the shredding.,78,False,1,uncertain,rel12.0,3,
srd099,srd099-shred,"cmd/shred: Overwrite a File to Hide Its Contents, and Optionally Delete It",cmd/shred,R1.4,R1,"-u or --remove must truncate and remove the file after overwriting. Without -u, the file is overwritten but not deleted.",120,False,1,uncertain,rel12.0,2,
srd099,srd099-shred,"cmd/shred: Overwrite a File to Hide Its Contents, and Optionally Delete It",cmd/shred,R2.1,R2,-v or --verbose must print progress information to stderr for each overwrite pass.,82,False,1,uncertain,rel12.0,1,
srd099,srd099-shred,"cmd/shred: Overwrite a File to Hide Its Contents, and Optionally Delete It",cmd/shred,R2.2,R2,"-s N or --size=N must shred only the first N bytes. N may use unit suffixes (K, M, G).",86,False,1,uncertain,rel12.0,1,
srd099,srd099-shred,"cmd/shred: Overwrite a File to Hide Its Contents, and Optionally Delete It",cmd/shred,R2.3,R2,"Must process multiple FILE arguments, shredding each in order.",62,False,1,uncertain,rel12.0,1,
srd099,srd099-shred,"cmd/shred: Overwrite a File to Hide Its Contents, and Optionally Delete It",cmd/shred,R2.4,R2,"Must exit 1 when any file cannot be opened or overwritten, printing an error to stderr, and continue processing remaining files.",128,False,1,uncertain,rel12.0,1,
srd099,srd099-shred,"cmd/shred: Overwrite a File to Hide Its Contents, and Optionally Delete It",cmd/shred,R3.1,R3,Must exit 0 when all files are processed successfully.,54,False,1,uncertain,rel12.0,1,
srd099,srd099-shred,"cmd/shred: Overwrite a File to Hide Its Contents, and Optionally Delete It",cmd/shred,R3.2,R3,Must exit 1 on any error.,25,False,1,uncertain,rel12.0,1,
srd099,srd099-shred,"cmd/shred: Overwrite a File to Hide Its Contents, and Optionally Delete It",cmd/shred,R3.3,R3,Must handle SIGPIPE gracefully (exit 0) using pkg/sys.InstallSIGPIPEHandler.,76,False,1,uncertain,rel12.0,1,
srd100,srd100-chroot,cmd/chroot: Run a Command with a Different Root Directory,cmd/chroot,R1.1,R1,"Must call chroot(2) to change the root directory to NEWROOT, then execute COMMAND with any arguments. If no COMMAND is given, must execute ${SHELL} -i (default /bin/sh -i).",172,False,1,complete,rel12.0,3,
srd100,srd100-chroot,cmd/chroot: Run a Command with a Different Root Directory,cmd/chroot,R1.2,R1,--userspec=USER:GROUP must set the UID and GID of the executed process. USER and GROUP may be names or numeric IDs.,115,False,1,complete,rel12.0,1,
srd100,srd100-chroot,cmd/chroot: Run a Command with a Different Root Directory,cmd/chroot,R1.3,R1,--groups=G_LIST must set the supplementary groups of the executed process. G_LIST is a comma-separated list of group names or GIDs.,131,False,1,complete,rel12.0,1,
srd100,srd100-chroot,cmd/chroot: Run a Command with a Different Root Directory,cmd/chroot,R2.1,R2,Must exit with the exit status of COMMAND when COMMAND completes.,65,False,1,uncertain,rel12.0,1,
srd100,srd100-chroot,cmd/chroot: Run a Command with a Different Root Directory,cmd/chroot,R2.2,R2,Must exit 125 when chroot itself fails. Must exit 126 when COMMAND is found but cannot be invoked. Must exit 127 when COMMAND is not found.,139,False,1,uncertain,rel12.0,2,
srd100,srd100-chroot,cmd/chroot: Run a Command with a Different Root Directory,cmd/chroot,R2.3,R2,Must handle SIGPIPE gracefully (exit 0) using pkg/sys.InstallSIGPIPEHandler.,76,False,1,uncertain,rel12.0,1,
srd101,srd101-install,cmd/install: Copy Files and Set Attributes,cmd/install,R1.1,R1,"Must copy SOURCE to DEST, setting permissions to 755 by default (or as specified by -m).",88,False,1,complete,rel12.0,3,
srd101,srd101-install,cmd/install: Copy Files and Set Attributes,cmd/install,R1.2,R1,-m MODE or --mode=MODE must set the permission mode on the installed file (octal or symbolic).,94,False,1,complete,rel12.0,3,
srd101,srd101-install,cmd/install: Copy Files and Set Attributes,cmd/install,R1.3,R1,-o OWNER or --owner=OWNER must set the owner of the installed file.,67,False,1,complete,rel12.0,1,
srd101,srd101-install,cmd/install: Copy Files and Set Attributes,cmd/install,R1.4,R1,-g GROUP or --group=GROUP must set the group of the installed file.,67,False,1,complete,rel12.0,1,
srd101,srd101-install,cmd/install: Copy Files and Set Attributes,cmd/install,R2.1,R2,"-d or --directory must create each given directory and any missing parent directories, like mkdir -p. No file copying is performed in this mode.",144,False,1,complete,rel12.0,3,
srd101,srd101-install,cmd/install: Copy Files and Set Attributes,cmd/install,R2.2,R2,"-D must create all leading destination directory components, then copy SOURCE to DEST.",86,False,1,complete,rel12.0,1,
srd101,srd101-install,cmd/install: Copy Files and Set Attributes,cmd/install,R2.3,R2,-b or --backup must make a backup of each existing destination file. --suffix=SUFFIX sets the backup suffix (default ~).,120,False,1,complete,rel12.0,1,
srd101,srd101-install,cmd/install: Copy Files and Set Attributes,cmd/install,R2.4,R2,-v or --verbose must print the name of each file as it is installed.,68,False,1,complete,rel12.0,1,
srd101,srd101-install,cmd/install: Copy Files and Set Attributes,cmd/install,R3.1,R3,-C or --compare must not install if the source and destination are identical (same content and permissions). This avoids updating timestamps unnecessarily.,155,False,1,complete,rel12.0,1,
srd101,srd101-install,cmd/install: Copy Files and Set Attributes,cmd/install,R3.2,R3,Must exit 0 when all files are installed successfully. Must exit 1 on any error.,80,False,1,complete,rel12.0,1,
srd101,srd101-install,cmd/install: Copy Files and Set Attributes,cmd/install,R3.3,R3,Must handle SIGPIPE gracefully (exit 0) using pkg/sys.InstallSIGPIPEHandler.,76,False,1,complete,rel12.0,1,
srd102,srd102-tsort,cmd/tsort: Topological Sort,cmd/tsort,R1.1,R1,"Must read pairs of strings from stdin (or FILE argument), where each pair ""A B"" means A must come before B, and produce a topological ordering on stdout, one item per line.",172,False,1,complete,rel12.1,3,
srd102,srd102-tsort,cmd/tsort: Topological Sort,cmd/tsort,R1.2,R1,"When a cycle is detected, must print a cycle diagnostic to stderr and continue sorting the remaining items. Must exit 1 when any cycle is found.",144,False,1,complete_with_failures,rel12.1,3,
srd102,srd102-tsort,cmd/tsort: Topological Sort,cmd/tsort,R1.3,R1,Must exit 1 when the input has an odd number of tokens (incomplete pair).,73,False,1,complete_with_failures,rel12.1,1,
srd102,srd102-tsort,cmd/tsort: Topological Sort,cmd/tsort,R1.4,R1,"Must read from FILE when given as argument, or stdin when no argument or ""-"" is given.",86,False,1,complete_with_failures,rel12.1,2,
srd102,srd102-tsort,cmd/tsort: Topological Sort,cmd/tsort,R2.1,R2,Must exit 0 when sorting completes with no cycles.,50,False,1,complete,rel12.1,1,
srd102,srd102-tsort,cmd/tsort: Topological Sort,cmd/tsort,R2.2,R2,Must exit 1 when any cycle is detected or input is malformed.,61,False,1,uncertain,rel12.1,1,
srd102,srd102-tsort,cmd/tsort: Topological Sort,cmd/tsort,R2.3,R2,Must handle SIGPIPE gracefully (exit 0) using pkg/sys.InstallSIGPIPEHandler.,76,False,1,uncertain,rel12.1,1,
srd103,srd103-pathchk,cmd/pathchk: Check Whether File Names Are Valid or Portable,cmd/pathchk,R1.1,R1,"Must check each given pathname and print an error to stderr if the path is invalid on the current system (component too long, non-existent leading directory).",158,False,1,uncertain,rel12.1,3,
srd103,srd103-pathchk,cmd/pathchk: Check Whether File Names Are Valid or Portable,cmd/pathchk,R1.2,R1,"-p or --portability must check each pathname against POSIX portability rules: only portable filename characters (A-Z, a-z, 0-9, ., _, -), component length at most 14 characters, total path length at most 256 characters.",219,False,1,uncertain,rel12.1,3,
srd103,srd103-pathchk,cmd/pathchk: Check Whether File Names Are Valid or Portable,cmd/pathchk,R1.3,R1,-P must check that the pathname does not contain a leading hyphen in any component.,83,False,1,uncertain,rel12.1,2,
srd103,srd103-pathchk,cmd/pathchk: Check Whether File Names Are Valid or Portable,cmd/pathchk,R1.4,R1,"Must process multiple pathname arguments, checking each and printing errors for invalid ones.",93,False,1,uncertain,rel12.1,1,
srd103,srd103-pathchk,cmd/pathchk: Check Whether File Names Are Valid or Portable,cmd/pathchk,R2.1,R2,Must exit 0 when all pathnames pass validation.,47,False,1,uncertain,rel12.1,1,
srd103,srd103-pathchk,cmd/pathchk: Check Whether File Names Are Valid or Portable,cmd/pathchk,R2.2,R2,Must exit 1 when any pathname fails validation.,47,False,1,uncertain,rel12.1,1,
srd103,srd103-pathchk,cmd/pathchk: Check Whether File Names Are Valid or Portable,cmd/pathchk,R2.3,R2,Must handle SIGPIPE gracefully (exit 0) using pkg/sys.InstallSIGPIPEHandler.,76,False,1,uncertain,rel12.1,1,
srd104,srd104-test,cmd/test: Evaluate Conditional Expressions,cmd/test,R1.1,R1,"Must support file test operators: -e (exists), -f (regular file), -d (directory), -s (non-empty), -r (readable), -w (writable), -x (executable), -L or -h (symlink), -b (block special), -c (character special), -p (named pipe), -S (socket), -g (setgid), -u (setuid), -k (sticky), -G (owned by effective GID), -O (owned by effective UID), -t FD (terminal).",353,False,1,complete,rel12.1,3,
srd104,srd104-test,cmd/test: Evaluate Conditional Expressions,cmd/test,R1.2,R1,"Must support file comparison operators: FILE1 -nt FILE2 (newer than), FILE1 -ot FILE2 (older than), FILE1 -ef FILE2 (same device and inode).",140,False,1,complete,rel12.1,1,
srd104,srd104-test,cmd/test: Evaluate Conditional Expressions,cmd/test,R2.1,R2,"Must support string operators: -z STRING (zero length), -n STRING (non-zero length), STRING1 = STRING2 (equal), STRING1 != STRING2 (not equal), STRING (non-empty).",163,False,1,complete,rel12.1,2,
srd104,srd104-test,cmd/test: Evaluate Conditional Expressions,cmd/test,R2.2,R2,"Must support integer comparison operators: INT1 -eq INT2, -ne, -lt, -le, -gt, -ge.",82,False,1,complete,rel12.1,3,
srd104,srd104-test,cmd/test: Evaluate Conditional Expressions,cmd/test,R3.1,R3,"Must support logical operators: ! EXPR (not), EXPR1 -a EXPR2 (and), EXPR1 -o EXPR2 (or), ( EXPR ) (grouping). Parentheses must be escaped or quoted by the shell.",161,False,1,complete,rel12.1,3,
srd104,srd104-test,cmd/test: Evaluate Conditional Expressions,cmd/test,R3.2,R3,"Must exit 0 when the expression evaluates to true, 1 when false, and 2 on syntax errors.",88,False,1,complete,rel12.1,1,
srd104,srd104-test,cmd/test: Evaluate Conditional Expressions,cmd/test,R4.1,R4,"Must exit 0 (true), 1 (false), or 2 (error).",44,False,1,complete,rel12.1,1,
srd104,srd104-test,cmd/test: Evaluate Conditional Expressions,cmd/test,R4.2,R4,Must handle SIGPIPE gracefully (exit 0) using pkg/sys.InstallSIGPIPEHandler.,76,False,1,complete,rel12.1,1,
srd105,srd105-stty,cmd/stty: Change and Print Terminal Line Settings,cmd/stty,R1.1,R1,"When invoked with no arguments, must print a summary of current terminal settings (speed, line discipline, changed-from-default settings) matching GNU stty output format.",170,False,1,complete_with_failures,rel15.0,3,
srd105,srd105-stty,cmd/stty: Change and Print Terminal Line Settings,cmd/stty,R2.1,R2,-a or --all must print all current terminal settings in a human-readable format.,80,False,1,complete_with_failures,rel15.0,3,
srd105,srd105-stty,cmd/stty: Change and Print Terminal Line Settings,cmd/stty,R3.1,R3,-g or --save must print all current terminal settings in a machine-readable format (stty-readable) that can be passed back as arguments to restore settings.,156,False,1,complete_with_failures,rel15.0,3,
srd105,srd105-stty,cmd/stty: Change and Print Terminal Line Settings,cmd/stty,R3.2,R3,-F DEVICE or --file=DEVICE must operate on the specified terminal device instead of stdin.,90,False,1,complete_with_failures,rel15.0,1,
srd105,srd105-stty,cmd/stty: Change and Print Terminal Line Settings,cmd/stty,R4.1,R4,"Must accept setting names as arguments to enable them, and names prefixed with - to disable them (e.g., stty -echo disables echo, stty echo enables it).",152,False,1,complete_with_failures,rel15.0,1,
srd105,srd105-stty,cmd/stty: Change and Print Terminal Line Settings,cmd/stty,R5.1,R5,"Must support special characters: intr, quit, erase, kill, eof, eol, eol2, swtch, start, stop, susp, rprnt, werase, lnext, discard, min, time.",141,False,1,complete_with_failures,rel15.0,1,
srd105,srd105-stty,cmd/stty: Change and Print Terminal Line Settings,cmd/stty,R6.1,R6,"Must support combination settings: sane (reset to reasonable defaults), cooked (same as -raw), raw (set raw mode), evenp/parity (set even parity), oddp (set odd parity).",169,False,1,complete_with_failures,rel15.0,1,
srd105,srd105-stty,cmd/stty: Change and Print Terminal Line Settings,cmd/stty,R6.2,R6,"Must support speed setting: ispeed N, ospeed N, or N alone to set both input and output speed.",94,False,1,complete_with_failures,rel15.0,1,
srd105,srd105-stty,cmd/stty: Change and Print Terminal Line Settings,cmd/stty,R7.1,R7,Must exit 0 on success.,23,False,1,complete_with_failures,rel15.0,1,
srd105,srd105-stty,cmd/stty: Change and Print Terminal Line Settings,cmd/stty,R7.2,R7,"Must exit 1 on any error (invalid setting, cannot open device).",63,False,1,complete_with_failures,rel15.0,1,
srd105,srd105-stty,cmd/stty: Change and Print Terminal Line Settings,cmd/stty,R7.3,R7,Must handle SIGPIPE gracefully (exit 0) using pkg/sys.InstallSIGPIPEHandler.,76,False,1,complete_with_failures,rel15.0,1,
srd106,srd106-df,cmd/df: Report Filesystem Disk Space Usage,cmd/df,R1.1,R1,"When invoked with no arguments, must list all mounted filesystems excluding
pseudo-filesystems (those with 0 total blocks), displaying one line per filesystem.
Default columns are: Filesystem, 1K-blocks, Used, Available, Use%, Mounted on.
Sizes are reported in 1024-byte block units.
",284,False,1,complete,rel13.0,2,
srd106,srd106-df,cmd/df: Report Filesystem Disk Space Usage,cmd/df,R1.2,R1,"Must print a header line as the first line of output. Column headers must match
GNU df exactly: ""Filesystem"", ""1K-blocks"", ""Used"", ""Available"", ""Use%"",
""Mounted on"". Numeric columns (1K-blocks, Used, Available, Use%) are right-aligned.
Filesystem and Mounted on are left-aligned.
",280,False,1,complete,rel13.0,2,
srd106,srd106-df,cmd/df: Report Filesystem Disk Space Usage,cmd/df,R1.3,R1,"Use% is calculated as ceiling((total - available) * 100 / total) when total > 0.
When total is 0, Use% is displayed as a dash ""-"". The percentage is followed by
""%"" with no space. Values are right-aligned in a column wide enough for ""100%"".
",241,False,1,complete,rel13.0,2,
srd106,srd106-df,cmd/df: Report Filesystem Disk Space Usage,cmd/df,R1.4,R1,"When one or more FILE arguments are given, must report the filesystem containing
each FILE rather than all filesystems. If a FILE does not exist, must print a
diagnostic to stderr and continue processing remaining arguments.
",225,False,1,complete,rel13.0,2,
srd106,srd106-df,cmd/df: Report Filesystem Disk Space Usage,cmd/df,R1.5,R1,"Column widths must be computed as per-column maxima of entry lengths across all
rows including the header, matching GNU df alignment. Fields are separated by
at least one space.
",178,False,1,complete,rel13.0,2,
srd106,srd106-df,cmd/df: Report Filesystem Disk Space Usage,cmd/df,R2.1,R2,"-h or --human-readable must display sizes using binary units (1024-based: K, M, G,
T, P, E) via pkg/format.HumanSize(bytes int64, opts HumanSizeOpts) string with
opts.Binary = true. The column header changes from ""1K-blocks"" to ""Size"". -h
applies to the Size, Used, and Available columns.
",289,False,1,complete,rel13.0,2,
srd106,srd106-df,cmd/df: Report Filesystem Disk Space Usage,cmd/df,R2.2,R2,"-H or --si must display sizes using SI units (1000-based: kB, MB, GB, TB, PB, EB)
via pkg/format.HumanSize(bytes int64, opts HumanSizeOpts) string with opts.Binary =
false. The column header changes from ""1K-blocks"" to ""Size"". -H applies to the
Size, Used, and Available columns.
",280,False,1,complete,rel13.0,2,
srd106,srd106-df,cmd/df: Report Filesystem Disk Space Usage,cmd/df,R2.3,R2,-h and -H are mutually exclusive. The last one on the command line takes precedence.,84,False,1,complete,rel13.0,3,
srd106,srd106-df,cmd/df: Report Filesystem Disk Space Usage,cmd/df,R3.1,R3,"-T or --print-type must insert a ""Type"" column after the Filesystem column,
showing the filesystem type (e.g., apfs, ext4, tmpfs) for each entry.
",146,False,1,complete,rel13.0,2,
srd106,srd106-df,cmd/df: Report Filesystem Disk Space Usage,cmd/df,R3.2,R3,"-i or --inodes must display inode information instead of block usage. Columns
become: Filesystem, Inodes, IUsed, IFree, IUse%, Mounted on. IUse% is calculated
the same way as Use% but using inode counts instead of block counts.
",228,False,1,complete,rel13.0,2,
srd106,srd106-df,cmd/df: Report Filesystem Disk Space Usage,cmd/df,R3.3,R3,"-a or --all must include pseudo-filesystems (those with 0 total blocks) in the
output. Without -a, filesystems with 0 total blocks are excluded.
",145,False,1,complete,rel13.0,1,
srd106,srd106-df,cmd/df: Report Filesystem Disk Space Usage,cmd/df,R3.4,R3,"-l or --local must restrict output to local filesystems only, excluding network
filesystems (NFS, SMB, CIFS, etc.).
",116,False,1,complete,rel13.0,1,
srd106,srd106-df,cmd/df: Report Filesystem Disk Space Usage,cmd/df,R3.5,R3,"-t TYPE or --type=TYPE must include only filesystems of the specified type.
Multiple -t flags may be given to include multiple types. When -t is given,
only filesystems matching at least one specified type are shown.
",217,False,1,complete_with_failures,rel13.0,2,
srd106,srd106-df,cmd/df: Report Filesystem Disk Space Usage,cmd/df,R3.6,R3,"-x TYPE or --exclude-type=TYPE must exclude filesystems of the specified type.
Multiple -x flags may be given. When both -t and -x are given, -t inclusion
is applied first, then -x exclusion.
",192,False,1,complete_with_failures,rel13.0,2,
srd106,srd106-df,cmd/df: Report Filesystem Disk Space Usage,cmd/df,R3.7,R3,"--output or --output=FIELD_LIST must select which columns to display. When
--output is given without a field list, all available fields are shown. When
a comma-separated field list is given, only those fields appear in the specified
order. Available fields: source, fstype, itotal, iused, iavail, ipcent, size,
used, avail, pcent, file, target. --output is incompatible with -i, -T, and -h;
if combined, must print an error and exit 1.
",436,False,1,complete_with_failures,rel13.0,2,
srd106,srd106-df,cmd/df: Report Filesystem Disk Space Usage,cmd/df,R4.1,R4,Must exit 0 when all filesystems are reported successfully.,59,False,1,complete_with_failures,rel13.0,2,
srd106,srd106-df,cmd/df: Report Filesystem Disk Space Usage,cmd/df,R4.2,R4,"Must exit 1 when any error occurs (inaccessible FILE argument, invalid option). Must print a diagnostic to stderr for each error.",129,False,1,complete_with_failures,rel13.0,2,
srd106,srd106-df,cmd/df: Report Filesystem Disk Space Usage,cmd/df,R4.3,R4,Must install a SIGPIPE handler at startup by calling pkg/sys.InstallSIGPIPEHandler() so that piping df output to head or other truncating consumers does not produce a broken-pipe error message.,193,False,1,complete_with_failures,rel13.0,2,
srd107,srd107-dir,cmd/dir: List Directory Contents,cmd/dir,R1.1,R1,"Must list directory contents in multi-column format by default, regardless of
whether stdout is a TTY. This matches GNU dir behavior where -C is the default
format. When stdout is a TTY, terminal width is obtained by calling
pkg/sys.TerminalWidth() (int, error). When stdout is not a TTY, must use a
default width of 80 columns.
",329,False,1,complete,rel13.0,3,
srd107,srd107-dir,cmd/dir: List Directory Contents,cmd/dir,R1.2,R1,"Must escape non-printable characters in filenames using C-style backslash
sequences by default. This matches the -b (--escape) behavior of ls. Backslash,
newline, tab, and other control characters are printed as \\, \n, \t, and \NNN
(octal) respectively. Spaces in filenames are printed as \  (backslash space).
",312,False,1,complete,rel13.0,4,
srd107,srd107-dir,cmd/dir: List Directory Contents,cmd/dir,R1.3,R1,"Must sort entries in the C locale order (LC_COLLATE=C) by default, matching
ls default sort behavior. Entries whose names start with ""."" are excluded unless
-a or -A is given.
",176,False,1,complete,rel13.0,2,
srd107,srd107-dir,cmd/dir: List Directory Contents,cmd/dir,R1.4,R1,"When no directory arguments are given, must default to the current directory (""."").",83,False,1,complete,rel13.0,2,
srd107,srd107-dir,cmd/dir: List Directory Contents,cmd/dir,R1.5,R1,Must accept all flags that ls accepts. dir is identical to ls except for the default format (-C) and default quoting style (-b). All other behavior is inherited from ls.,169,False,1,complete,rel13.0,2,
srd107,srd107-dir,cmd/dir: List Directory Contents,cmd/dir,R2.1,R2,Must exit 0 when all listed paths are accessed and output is written successfully.,82,False,1,complete,rel13.0,2,
srd107,srd107-dir,cmd/dir: List Directory Contents,cmd/dir,R2.2,R2,"Must exit 1 when a minor problem occurs (permission denied, file not found). Must print a diagnostic to stderr and continue processing remaining entries.",153,False,1,complete,rel13.0,2,
srd107,srd107-dir,cmd/dir: List Directory Contents,cmd/dir,R2.3,R2,"Must exit 2 when a serious problem occurs such as an invalid command-line option, matching GNU dir (and ls) exit-code contract.",127,False,1,complete,rel13.0,2,
srd107,srd107-dir,cmd/dir: List Directory Contents,cmd/dir,R2.4,R2,Must install a SIGPIPE handler at startup by calling pkg/sys.InstallSIGPIPEHandler() so that piping dir output to head or other truncating consumers does not produce a broken-pipe error message.,194,False,1,uncertain,rel13.0,2,
srd108,srd108-vdir,cmd/vdir: List Directory Contents Verbosely,cmd/vdir,R1.1,R1,"Must list directory contents in long format (-l) by default, regardless of
whether stdout is a TTY. This matches GNU vdir behavior where -l is the default
format. Long format fields are: permissions (10 chars), nlink, owner, group, size,
mtime, name — matching the layout specified in srd008-ls R1.6 through R1.10.
",315,False,1,complete,rel13.0,2,
srd108,srd108-vdir,cmd/vdir: List Directory Contents Verbosely,cmd/vdir,R1.2,R1,"Must escape non-printable characters in filenames using C-style backslash
sequences by default. This matches the -b (--escape) behavior of ls. Backslash,
newline, tab, and other control characters are printed as \\, \n, \t, and \NNN
(octal) respectively. Spaces in filenames are printed as \  (backslash space).
",312,False,1,complete,rel13.0,3,
srd108,srd108-vdir,cmd/vdir: List Directory Contents Verbosely,cmd/vdir,R1.3,R1,"Must print a ""total N"" block count line before the directory listing, where
N = sum(fi.Blocks for all listed entries) / 2. This matches the long-format
total line behavior specified in srd008-ls R1.10.
",202,False,1,complete,rel13.0,3,
srd108,srd108-vdir,cmd/vdir: List Directory Contents Verbosely,cmd/vdir,R1.4,R1,"Must sort entries in the C locale order (LC_COLLATE=C) by default. Entries whose
names start with ""."" are excluded unless -a or -A is given.
",141,False,1,complete,rel13.0,2,
srd108,srd108-vdir,cmd/vdir: List Directory Contents Verbosely,cmd/vdir,R1.5,R1,"When no directory arguments are given, must default to the current directory (""."").",83,False,1,uncertain,rel13.0,2,
srd108,srd108-vdir,cmd/vdir: List Directory Contents Verbosely,cmd/vdir,R1.6,R1,Must accept all flags that ls accepts. vdir is identical to ls except for the default format (-l) and default quoting style (-b). All other behavior is inherited from ls.,170,False,1,uncertain,rel13.0,2,
srd108,srd108-vdir,cmd/vdir: List Directory Contents Verbosely,cmd/vdir,R2.1,R2,Must exit 0 when all listed paths are accessed and output is written successfully.,82,False,1,uncertain,rel13.0,2,
srd108,srd108-vdir,cmd/vdir: List Directory Contents Verbosely,cmd/vdir,R2.2,R2,"Must exit 1 when a minor problem occurs (permission denied, file not found). Must print a diagnostic to stderr and continue processing remaining entries.",153,False,1,uncertain,rel13.0,2,
srd108,srd108-vdir,cmd/vdir: List Directory Contents Verbosely,cmd/vdir,R2.3,R2,"Must exit 2 when a serious problem occurs such as an invalid command-line option, matching GNU vdir (and ls) exit-code contract.",128,False,1,complete_with_failures,rel13.0,2,
srd108,srd108-vdir,cmd/vdir: List Directory Contents Verbosely,cmd/vdir,R2.4,R2,Must install a SIGPIPE handler at startup by calling pkg/sys.InstallSIGPIPEHandler() so that piping vdir output to head or other truncating consumers does not produce a broken-pipe error message.,195,False,1,complete_with_failures,rel13.0,2,
srd109,srd109-dircolors,cmd/dircolors: Color Setup for ls,cmd/dircolors,R1.1,R1,"When invoked with -b, --sh, or --bourne-shell, must output Bourne shell commands
to set and export LS_COLORS. The output format is:
LS_COLORS='<value>';
export LS_COLORS
where <value> is the colon-separated list of type=code pairs derived from the
database.
",258,False,1,complete_with_failures,rel13.0,2,
srd109,srd109-dircolors,cmd/dircolors: Color Setup for ls,cmd/dircolors,R1.2,R1,"When invoked with -c, --csh, or --c-shell, must output C shell commands to set
LS_COLORS. The output format is:
setenv LS_COLORS '<value>'
where <value> is the colon-separated list of type=code pairs.
",201,False,1,complete_with_failures,rel13.0,2,
srd109,srd109-dircolors,cmd/dircolors: Color Setup for ls,cmd/dircolors,R1.3,R1,"When neither -b nor -c is given, must auto-detect the shell from the SHELL
environment variable. If SHELL ends with ""csh"" (e.g., /bin/tcsh, /bin/csh), use
C shell format. Otherwise use Bourne shell format. This matches GNU dircolors
auto-detection behavior.
",258,False,1,complete_with_failures,rel13.0,4,
srd109,srd109-dircolors,cmd/dircolors: Color Setup for ls,cmd/dircolors,R1.4,R1,"-b and -c are mutually exclusive. The last one on the command line takes
precedence.
",85,False,1,complete_with_failures,rel13.0,2,
srd109,srd109-dircolors,cmd/dircolors: Color Setup for ls,cmd/dircolors,R2.1,R2,"Must parse the GNU dircolors database format. Lines beginning with # are comments.
Blank lines are ignored. Each non-comment line has the form ""KEYWORD value"" where
KEYWORD is a file type name (e.g., DIR, LINK, EXEC, FIFO, SOCK, BLK, CHR, ORPHAN,
SETUID, SETGID, STICKY, OTHER_WRITABLE, STICKY_OTHER_WRITABLE, CAPABILITY,
MULTIHARDLINK) or a TERM entry, or a file extension (e.g., .tar, .gz, .jpg).
",399,False,1,complete_with_failures,rel13.0,2,
srd109,srd109-dircolors,cmd/dircolors: Color Setup for ls,cmd/dircolors,R2.2,R2,"TERM lines specify terminal types for which the color database applies. If the
current TERM environment variable does not match any TERM line in the database,
must output an empty LS_COLORS value. When no TERM lines are present in the
database, the database applies to all terminals.
",284,False,1,complete_with_failures,rel13.0,2,
srd109,srd109-dircolors,cmd/dircolors: Color Setup for ls,cmd/dircolors,R2.3,R2,"File type keywords map to two-letter LS_COLORS codes: DIR=di, LINK=ln, EXEC=ex,
FIFO=pi, SOCK=so, BLK=bd, CHR=cd, ORPHAN=or, SETUID=su, SETGID=sg, STICKY=st,
OTHER_WRITABLE=ow, STICKY_OTHER_WRITABLE=tw, CAPABILITY=ca, MULTIHARDLINK=mh,
NORMAL=no, FILE=fi, RESET=rs, MISSING=mi, LEFT=lc, RIGHT=rc, END=ec.
Extension entries (lines starting with . or *.) map to the full extension
pattern in LS_COLORS (e.g., ""*.tar=01;31"").
",423,False,1,complete_with_failures,rel13.0,2,
srd109,srd109-dircolors,cmd/dircolors: Color Setup for ls,cmd/dircolors,R2.4,R2,"When a filename argument is given, must read and parse that file as the color
database. When no filename is given (and -p is not given), must use the built-in
default database. The built-in defaults must match the output of
gdircolors --print-database.
",253,False,1,complete_with_failures,rel13.0,4,
srd109,srd109-dircolors,cmd/dircolors: Color Setup for ls,cmd/dircolors,R2.5,R2,"When ""-"" is given as the filename argument, must read the database from stdin.
",79,False,1,complete_with_failures,rel13.0,1,
srd109,srd109-dircolors,cmd/dircolors: Color Setup for ls,cmd/dircolors,R3.1,R3,"-p or --print-database must print the built-in default color database to stdout
in the dircolors database format (comments, TERM lines, keywords, extensions).
The output must match gdircolors --print-database byte-for-byte.
",224,False,1,complete_with_failures,rel13.0,2,
srd109,srd109-dircolors,cmd/dircolors: Color Setup for ls,cmd/dircolors,R3.2,R3,"-p is incompatible with a filename argument. If both are given, must print an
error to stderr and exit 1.
",106,False,1,complete_with_failures,rel13.0,3,
srd109,srd109-dircolors,cmd/dircolors: Color Setup for ls,cmd/dircolors,R3.3,R3,Must exit 0 on success.,23,False,1,complete_with_failures,rel13.0,2,
srd109,srd109-dircolors,cmd/dircolors: Color Setup for ls,cmd/dircolors,R3.4,R3,"Must exit 1 on error (invalid database syntax, file not found, incompatible
options). Must print a diagnostic to stderr for each error including the
filename and line number of the offending line in the database.
",213,False,1,complete_with_failures,rel13.0,2,
srd109,srd109-dircolors,cmd/dircolors: Color Setup for ls,cmd/dircolors,R3.5,R3,Must install a SIGPIPE handler at startup by calling pkg/sys.InstallSIGPIPEHandler() so that piping dircolors output to head or other truncating consumers does not produce a broken-pipe error message.,200,False,1,complete_with_failures,rel13.0,2,
srd110,srd110-pr,cmd/pr: Paginate or Columnate Files for Printing,cmd/pr,R1.1,R1,"Must format input into pages of 66 lines by default (header 5 lines, body 56 lines, footer 5 lines). Each page header shows the date, filename, and page number.",160,False,1,complete_with_failures,rel15.0,3,
srd110,srd110-pr,cmd/pr: Paginate or Columnate Files for Printing,cmd/pr,R2.1,R2,-l N or --length=N must set the page length to N lines. -h HEADER or --header=HEADER must replace the filename in the header.,125,False,1,complete_with_failures,rel15.0,1,
srd110,srd110-pr,cmd/pr: Paginate or Columnate Files for Printing,cmd/pr,R2.2,R2,-t or --omit-header must suppress the 5-line header and 5-line footer. -T or --omit-pagination must suppress header/footer and do not pad page bottom.,150,False,1,complete_with_failures,rel15.0,1,
srd110,srd110-pr,cmd/pr: Paginate or Columnate Files for Printing,cmd/pr,R2.3,R2,"Must read from FILE arguments or stdin when no file or ""-"" is given.",68,False,1,complete_with_failures,rel15.0,2,
srd110,srd110-pr,cmd/pr: Paginate or Columnate Files for Printing,cmd/pr,R3.1,R3,-COLUMN or --columns=COLUMN must produce multi-column output. Columns are filled down by default. -a or --across fills across instead.,134,False,1,complete_with_failures,rel15.0,3,
srd110,srd110-pr,cmd/pr: Paginate or Columnate Files for Printing,cmd/pr,R4.1,R4,"-n[CHAR[WIDTH]] or --number-lines[=CHAR[WIDTH]] must number output lines. CHAR is the separator (default tab), WIDTH is the number field width (default 5).",155,False,1,complete_with_failures,rel15.0,1,
srd110,srd110-pr,cmd/pr: Paginate or Columnate Files for Printing,cmd/pr,R4.2,R4,-o MARGIN or --indent=MARGIN must indent each line by MARGIN spaces. -w WIDTH or --width=WIDTH must set the page width (default 72).,132,False,1,complete_with_failures,rel15.0,1,
srd110,srd110-pr,cmd/pr: Paginate or Columnate Files for Printing,cmd/pr,R4.3,R4,-d or --double-space must double-space the output. -s CHAR or --separator=CHAR must use CHAR as the column separator (default tab).,131,False,1,complete_with_failures,rel15.0,1,
srd110,srd110-pr,cmd/pr: Paginate or Columnate Files for Printing,cmd/pr,R5.1,R5,Must exit 0 on success. Must exit 1 on any error.,49,False,1,complete_with_failures,rel15.0,1,
srd110,srd110-pr,cmd/pr: Paginate or Columnate Files for Printing,cmd/pr,R5.2,R5,Must handle SIGPIPE gracefully (exit 0) using pkg/sys.InstallSIGPIPEHandler.,76,False,1,complete_with_failures,rel15.0,1,
srd111,srd111-ptx,cmd/ptx: Produce a Permuted Index,cmd/ptx,R1.1,R1,"Must read input lines and produce a permuted index where each significant word appears as a keyword in context, with the surrounding text shown on either side.",159,False,1,complete_with_failures,rel15.0,3,
srd111,srd111-ptx,cmd/ptx: Produce a Permuted Index,cmd/ptx,R2.1,R2,-w N or --width=N must set the output line width (default 72). -g N or --gap-size=N must set the minimum gap between columns (default 3).,137,False,1,complete_with_failures,rel15.0,1,
srd111,srd111-ptx,cmd/ptx: Produce a Permuted Index,cmd/ptx,R2.2,R2,-f or --ignore-case must fold lowercase to uppercase for sorting purposes.,74,False,1,complete_with_failures,rel15.0,2,
srd111,srd111-ptx,cmd/ptx: Produce a Permuted Index,cmd/ptx,R2.3,R2,"Must read from FILE or stdin when no file or ""-"" is given.",58,False,1,complete_with_failures,rel15.0,2,
srd111,srd111-ptx,cmd/ptx: Produce a Permuted Index,cmd/ptx,R3.1,R3,-W REGEXP or --word-regexp=REGEXP must use REGEXP to define what constitutes a word.,84,False,1,complete_with_failures,rel15.0,1,
srd111,srd111-ptx,cmd/ptx: Produce a Permuted Index,cmd/ptx,R4.1,R4,-A or --auto-reference must produce automatically generated references based on file name and line number.,106,False,1,complete_with_failures,rel15.0,1,
srd111,srd111-ptx,cmd/ptx: Produce a Permuted Index,cmd/ptx,R4.2,R4,-r or --references must treat the first field of each line as a reference and exclude it from the index.,104,False,1,complete_with_failures,rel15.0,1,
srd111,srd111-ptx,cmd/ptx: Produce a Permuted Index,cmd/ptx,R5.1,R5,Must exit 0 on success. Must exit 1 on any error.,49,False,1,complete_with_failures,rel15.0,1,
srd111,srd111-ptx,cmd/ptx: Produce a Permuted Index,cmd/ptx,R5.2,R5,Must handle SIGPIPE gracefully (exit 0) using pkg/sys.InstallSIGPIPEHandler.,76,False,1,complete_with_failures,rel15.0,1,
srd112,srd112-chronic,cmd/chronic: Run a Command Quietly Unless It Fails,cmd/chronic,R1.1,R1,"Must execute COMMAND with any arguments, capturing stdout and stderr. If COMMAND exits 0, suppress all output. If COMMAND exits non-zero, write the captured stdout to stdout and captured stderr to stderr.",204,False,1,complete_with_failures,rel14.0,4,
srd112,srd112-chronic,cmd/chronic: Run a Command Quietly Unless It Fails,cmd/chronic,R1.2,R1,"-e or --stderr must also trigger output display when the command writes to stderr, even if it exits 0.",102,False,1,complete_with_failures,rel14.0,2,
srd112,srd112-chronic,cmd/chronic: Run a Command Quietly Unless It Fails,cmd/chronic,R1.3,R1,-v or --verbose must print the command being run to stderr before execution.,76,False,1,complete_with_failures,rel14.0,1,
srd112,srd112-chronic,cmd/chronic: Run a Command Quietly Unless It Fails,cmd/chronic,R2.1,R2,Must exit with the exit status of COMMAND.,42,False,1,complete_with_failures,rel14.0,2,
srd112,srd112-chronic,cmd/chronic: Run a Command Quietly Unless It Fails,cmd/chronic,R2.2,R2,Must exit 100 when COMMAND cannot be found or executed.,55,False,1,complete_with_failures,rel14.0,1,
srd112,srd112-chronic,cmd/chronic: Run a Command Quietly Unless It Fails,cmd/chronic,R2.3,R2,Must handle SIGPIPE gracefully (exit 0) using pkg/sys.InstallSIGPIPEHandler.,76,False,1,complete_with_failures,rel14.0,1,
srd113,srd113-pee,cmd/pee: Tee Standard Input to Pipes,cmd/pee,R1.1,R1,Must accept one or more COMMAND arguments. Must read stdin and write the input to the stdin of each COMMAND in parallel. Each COMMAND is executed via the shell (sh -c COMMAND).,176,False,1,complete_with_failures,rel14.0,3,
srd113,srd113-pee,cmd/pee: Tee Standard Input to Pipes,cmd/pee,R1.2,R1,Must wait for all commands to complete before exiting.,54,False,1,complete_with_failures,rel14.0,1,
srd113,srd113-pee,cmd/pee: Tee Standard Input to Pipes,cmd/pee,R1.3,R1,"Stdout of each COMMAND goes to stdout, interleaved.",51,False,1,complete_with_failures,rel14.0,2,
srd113,srd113-pee,cmd/pee: Tee Standard Input to Pipes,cmd/pee,R2.1,R2,Must exit 0 when all commands exit 0. Must exit 1 when any command exits non-zero.,82,False,1,uncertain,rel14.0,1,
srd113,srd113-pee,cmd/pee: Tee Standard Input to Pipes,cmd/pee,R2.2,R2,Must handle SIGPIPE gracefully (exit 0) using pkg/sys.InstallSIGPIPEHandler.,76,False,1,uncertain,rel14.0,1,
srd114,srd114-vidir,cmd/vidir: Edit a Directory in a Text Editor,cmd/vidir,R1.1,R1,"Must list files from the specified directory (or current directory if none given), or from stdin if piped, with each line formatted as ""NUMBER\tFILENAME"". Must open this listing in the editor specified by $EDITOR (default vi).",226,False,1,complete_with_failures,rel14.0,2,
srd114,srd114-vidir,cmd/vidir: Edit a Directory in a Text Editor,cmd/vidir,R1.2,R1,"After the editor exits, must compare the edited listing with the original. Deleted lines cause the corresponding file to be removed. Changed filenames cause the file to be renamed.",180,False,1,complete_with_failures,rel14.0,2,
srd114,srd114-vidir,cmd/vidir: Edit a Directory in a Text Editor,cmd/vidir,R1.3,R1,Must process renames before deletions to avoid conflicts. Must create parent directories for renames that move files to new paths.,130,False,1,complete_with_failures,rel14.0,2,
srd114,srd114-vidir,cmd/vidir: Edit a Directory in a Text Editor,cmd/vidir,R1.4,R1,"-v or --verbose must print each action (rename, delete) to stderr.",66,False,1,complete_with_failures,rel14.0,1,
srd114,srd114-vidir,cmd/vidir: Edit a Directory in a Text Editor,cmd/vidir,R2.1,R2,Must exit 0 on success. Must exit 1 when the editor exits non-zero or a rename/delete fails.,92,False,1,complete_with_failures,rel14.0,1,
srd114,srd114-vidir,cmd/vidir: Edit a Directory in a Text Editor,cmd/vidir,R2.2,R2,Must handle SIGPIPE gracefully (exit 0) using pkg/sys.InstallSIGPIPEHandler.,76,False,1,complete_with_failures,rel14.0,1,
