task_id,git_commit_count,final_target,final_srd_id,total_cost_usd,total_duration_s,total_tokens_input,productive_commits,zero_loc_commits,git_wasted_cost_proxy,first_commit_at,last_commit_at,span_hours
78,1,pkg/testutils,,0.9164,232,477642,0,1,0.9164,2026-03-02T03:20:42+00:00,2026-03-02T03:20:42+00:00,0.0
86,1,pkg/testutils,,1.3779,409,794673,0,1,1.3779,2026-03-02T14:01:50+00:00,2026-03-02T14:01:50+00:00,0.0
87,1,pkg/format,,1.3298,444,772723,0,1,1.3298,2026-03-02T14:13:51+00:00,2026-03-02T14:13:51+00:00,0.0
88,1,pkg/sys,,0.7179,162,480869,0,1,0.7179,2026-03-02T14:19:27+00:00,2026-03-02T14:19:27+00:00,0.0
89,1,pkg/format,srd003,0.6589,149,513972,0,1,0.6589,2026-03-02T14:29:04+00:00,2026-03-02T14:29:04+00:00,0.0
90,1,pkg/sys,srd002,0.3568,113,219662,0,1,0.3568,2026-03-02T14:34:07+00:00,2026-03-02T14:34:07+00:00,0.0
91,1,pkg/testutils,srd001,0.5877,320,423545,0,1,0.5877,2026-03-02T14:44:27+00:00,2026-03-02T14:44:27+00:00,0.0
92,1,pkg/format,srd003,0.7943,151,584630,0,1,0.7943,2026-03-02T15:00:08+00:00,2026-03-02T15:00:08+00:00,0.0
93,1,cmd/version,srd011,0.7292,87,689110,0,1,0.7292,2026-03-02T15:04:02+00:00,2026-03-02T15:04:02+00:00,0.0
94,1,pkg/sys,srd002,0.7919,237,423250,0,1,0.7919,2026-03-02T15:10:09+00:00,2026-03-02T15:10:09+00:00,0.0
98,1,pkg/format,,1.1832,205,1368224,0,1,1.1832,2026-03-02T16:07:43+00:00,2026-03-02T16:07:43+00:00,0.0
99,1,pkg/sys,srd002,0.812,192,625924,0,1,0.812,2026-03-02T16:15:58+00:00,2026-03-02T16:15:58+00:00,0.0
100,1,pkg/testutils,,0.6509,112,535542,0,1,0.6509,2026-03-02T16:21:09+00:00,2026-03-02T16:21:09+00:00,0.0
101,1,pkg/testutils,srd001,1.9422,524,1079198,0,1,1.9422,2026-03-02T16:31:49+00:00,2026-03-02T16:31:49+00:00,0.0
102,1,pkg/format,srd003,0.736,116,512172,0,1,0.736,2026-03-02T16:36:06+00:00,2026-03-02T16:36:06+00:00,0.0
103,1,pkg/sys,srd002,0.5822,85,466824,0,1,0.5822,2026-03-02T16:39:28+00:00,2026-03-02T16:39:28+00:00,0.0
104,1,cmd/magefiles,srd011,0.8323,92,845073,0,1,0.8323,2026-03-02T16:42:57+00:00,2026-03-02T16:42:57+00:00,0.0
105,1,cmd/magefiles,srd011,0.4275,103,167459,0,1,0.4275,2026-03-02T16:46:27+00:00,2026-03-02T16:46:27+00:00,0.0
115,1,cmd/wc,,2.1262,709,1294613,0,1,2.1262,2026-03-02T18:10:27+00:00,2026-03-02T18:10:27+00:00,0.0
117,1,cmd/wc,srd005,1.0302,233,1112045,0,1,1.0302,2026-03-02T18:17:08+00:00,2026-03-02T18:17:08+00:00,0.0
118,1,cmd/cat,,1.4174,364,1009519,0,1,1.4174,2026-03-02T18:27:12+00:00,2026-03-02T18:27:12+00:00,0.0
119,1,pkg/format,,1.2768,461,545747,0,1,1.2768,2026-03-02T18:39:13+00:00,2026-03-02T18:39:13+00:00,0.0
120,1,cmd/cat,srd006,0.7618,134,612000,0,1,0.7618,2026-03-02T18:31:10+00:00,2026-03-02T18:31:10+00:00,0.0
121,1,pkg/format,,0.8761,209,773825,0,1,0.8761,2026-03-02T18:50:59+00:00,2026-03-02T18:50:59+00:00,0.0
122,1,cmd/sponge,,1.3673,328,1000664,0,1,1.3673,2026-03-02T18:41:36+00:00,2026-03-02T18:41:36+00:00,0.0
123,1,pkg/sys,,1.3516,337,1065534,0,1,1.3516,2026-03-02T19:05:40+00:00,2026-03-02T19:05:40+00:00,0.0
124,1,cmd/sponge,srd007,1.4359,373,730417,0,1,1.4359,2026-03-02T18:50:30+00:00,2026-03-02T18:50:30+00:00,0.0
125,1,pkg/sys,,0.4717,85,362203,0,1,0.4717,2026-03-02T19:12:54+00:00,2026-03-02T19:12:54+00:00,0.0
126,1,cmd/du,srd008,1.5771,423,1653089,0,1,1.5771,2026-03-02T19:23:57+00:00,2026-03-02T19:23:57+00:00,0.0
127,1,pkg/sys,srd003,0.9296,227,708728,0,1,0.9296,2026-03-02T19:22:57+00:00,2026-03-02T19:22:57+00:00,0.0
128,2,pkg/testutils,,1.0397,163,749109,0,2,1.0397,2026-03-02T19:31:38+00:00,2026-03-02T19:31:38+00:00,0.0
131,1,pkg/testutils,srd004,0.8594,156,634623,0,1,0.8594,2026-03-02T19:53:03+00:00,2026-03-02T19:53:03+00:00,0.0
132,1,cmd/du,srd008,0.962,186,883371,0,1,0.962,2026-03-02T19:28:47+00:00,2026-03-02T19:28:47+00:00,0.0
134,1,cmd/du,srd009,0.8859,138,749846,0,1,0.8859,2026-03-02T19:33:33+00:00,2026-03-02T19:33:33+00:00,0.0
137,1,cmd/du,srd009,0.8692,152,787691,0,1,0.8692,2026-03-02T19:41:17+00:00,2026-03-02T19:41:17+00:00,0.0
153,1,pkg/format,,2.7854,841,1868877,0,1,2.7854,2026-03-02T23:13:11+00:00,2026-03-02T23:13:11+00:00,0.0
155,1,pkg/sys,srd002,2.4261,491,2576150,0,1,2.4261,2026-03-02T23:27:34+00:00,2026-03-02T23:27:34+00:00,0.0
156,1,pkg/testutils,srd004,1.1563,357,418055,0,1,1.1563,2026-03-02T23:36:31+00:00,2026-03-02T23:36:31+00:00,0.0
157,1,cmd/magefiles,srd011,0.8521,165,610521,0,1,0.8521,2026-03-02T23:42:15+00:00,2026-03-02T23:42:15+00:00,0.0
158,1,cmd/wc,,2.7859,888,2067951,0,1,2.7859,2026-03-03T01:55:13+00:00,2026-03-03T01:55:13+00:00,0.0
159,1,cmd/cat,srd006,1.3866,448,760300,0,1,1.3866,2026-03-03T02:06:15+00:00,2026-03-03T02:06:15+00:00,0.0
160,1,cmd/sponge,srd007,0.9548,161,932984,0,1,0.9548,2026-03-03T02:10:46+00:00,2026-03-03T02:10:46+00:00,0.0
161,1,cmd/du,srd008,2.9741,796,2544819,0,1,2.9741,2026-03-03T02:25:49+00:00,2026-03-03T02:25:49+00:00,0.0
162,1,pkg/testutils,srd001,0.7889,158,494055,0,1,0.7889,2026-03-03T02:30:04+00:00,2026-03-03T02:30:04+00:00,0.0
163,1,cmd/wc,srd005,1.2226,404,343407,0,1,1.2226,2026-03-03T02:38:05+00:00,2026-03-03T02:38:05+00:00,0.0
164,1,cmd/cat,srd006,0.7637,125,554168,0,1,0.7637,2026-03-03T02:42:12+00:00,2026-03-03T02:42:12+00:00,0.0
165,1,cmd/sponge,srd007,1.9696,692,831272,0,1,1.9696,2026-03-03T02:55:16+00:00,2026-03-03T02:55:16+00:00,0.0
166,1,cmd/du,srd009,1.2623,376,710232,0,1,1.2623,2026-03-03T03:02:38+00:00,2026-03-03T03:02:38+00:00,0.0
183,1,pkg/testutils,,0.6795,139,469307,0,1,0.6795,2026-03-03T15:51:13+00:00,2026-03-03T15:51:13+00:00,0.0
184,1,pkg/testutils,srd001,2.0572,674,1020455,0,1,2.0572,2026-03-03T16:06:17+00:00,2026-03-03T16:06:17+00:00,0.0
185,1,pkg/sys,,1.0346,272,743106,0,1,1.0346,2026-03-03T16:16:12+00:00,2026-03-03T16:16:12+00:00,0.0
186,1,pkg/format,,1.0585,291,759532,0,1,1.0585,2026-03-03T16:26:08+00:00,2026-03-03T16:26:08+00:00,0.0
187,1,pkg/sys,srd002,0.6988,106,601877,0,1,0.6988,2026-03-03T16:33:26+00:00,2026-03-03T16:33:26+00:00,0.0
188,1,cmd/wc,,1.9955,687,1202185,0,1,1.9955,2026-03-03T16:49:32+00:00,2026-03-03T16:49:32+00:00,0.0
189,1,cmd/wc,srd005,0.6935,126,666734,0,1,0.6935,2026-03-03T16:53:44+00:00,2026-03-03T16:53:44+00:00,0.0
190,1,cmd/cat,,1.536,473,1141220,0,1,1.536,2026-03-03T17:06:42+00:00,2026-03-03T17:06:42+00:00,0.0
191,1,cmd/cat,srd006,0.6599,100,540339,0,1,0.6599,2026-03-03T17:11:15+00:00,2026-03-03T17:11:15+00:00,0.0
192,1,pkg/format,srd003,1.0209,242,756227,0,1,1.0209,2026-03-03T17:17:53+00:00,2026-03-03T17:17:53+00:00,0.0
193,1,pkg/format,srd003,1.0049,112,1009108,0,1,1.0049,2026-03-03T17:29:18+00:00,2026-03-03T17:29:18+00:00,0.0
194,1,cmd/sponge,,1.8721,525,1201464,0,1,1.8721,2026-03-03T17:46:50+00:00,2026-03-03T17:46:50+00:00,0.0
195,1,cmd/du,,2.86,724,1977240,0,1,2.86,2026-03-03T18:04:56+00:00,2026-03-03T18:04:56+00:00,0.0
196,1,cmd/sponge,srd007,0.8686,142,703175,0,1,0.8686,2026-03-03T18:10:39+00:00,2026-03-03T18:10:39+00:00,0.0
197,1,cmd/du,srd009,0.7298,122,538392,0,1,0.7298,2026-03-03T18:16:21+00:00,2026-03-03T18:16:21+00:00,0.0
198,1,pkg/format,srd003,0.4131,47,246681,0,1,0.4131,2026-03-03T18:20:35+00:00,2026-03-03T18:20:35+00:00,0.0
199,1,cmd/version,srd011,0.6428,93,619990,0,1,0.6428,2026-03-03T18:26:51+00:00,2026-03-03T18:26:51+00:00,0.0
200,2,cmd/version,srd011,1.1382,106,575773,0,2,1.1382,2026-03-03T18:34:47+00:00,2026-03-03T18:34:47+00:00,0.0
202,1,cmd/true,srd020,0.519,82,417401,0,1,0.519,2026-03-03T18:44:09+00:00,2026-03-03T18:44:09+00:00,0.0
203,1,cmd/false,srd021,1.2768,122,1129426,0,1,1.2768,2026-03-03T18:47:44+00:00,2026-03-03T18:47:44+00:00,0.0
204,2,cmd/true,srd020,0.7158,97,615000,0,2,0.7158,2026-03-03T18:52:11+00:00,2026-03-03T18:52:11+00:00,0.0
205,1,cmd/true,srd020,0.3628,40,239282,0,1,0.3628,2026-03-03T19:03:42+00:00,2026-03-03T19:03:42+00:00,0.0
225,1,pkg/testutils,,1.2755,474,753856,0,1,1.2755,2026-03-03T23:36:29+00:00,2026-03-03T23:36:29+00:00,0.0
226,1,pkg/testutils,srd001,1.1363,426,442202,0,1,1.1363,2026-03-03T23:46:55+00:00,2026-03-03T23:46:55+00:00,0.0
227,1,pkg/format,,2.1147,694,1483942,0,1,2.1147,2026-03-04T00:03:25+00:00,2026-03-04T00:03:25+00:00,0.0
228,1,pkg/sys,srd002,1.2486,305,994829,0,1,1.2486,2026-03-04T00:11:42+00:00,2026-03-04T00:11:42+00:00,0.0
229,1,pkg/format,srd003,0.5576,134,470577,0,1,0.5576,2026-03-04T00:20:09+00:00,2026-03-04T00:20:09+00:00,0.0
230,1,pkg/format,srd003,0.5674,98,367257,0,1,0.5674,2026-03-04T00:24:12+00:00,2026-03-04T00:24:12+00:00,0.0
231,1,pkg/format,srd003,0.5167,70,278912,0,1,0.5167,2026-03-04T00:28:34+00:00,2026-03-04T00:28:34+00:00,0.0
232,1,pkg/sys,srd002,0.568,115,221826,0,1,0.568,2026-03-04T00:47:39+00:00,2026-03-04T00:47:39+00:00,0.0
233,1,cmd/cat,,1.7871,439,1526718,0,1,1.7871,2026-03-04T01:03:33+00:00,2026-03-04T01:03:33+00:00,0.0
234,1,cmd/sponge,,1.8715,627,1264944,0,1,1.8715,2026-03-04T01:18:51+00:00,2026-03-04T01:18:51+00:00,0.0
235,1,cmd/cat,srd006,0.9926,250,663902,0,1,0.9926,2026-03-04T01:26:47+00:00,2026-03-04T01:26:47+00:00,0.0
236,1,cmd/sponge,srd007,0.4862,68,284313,0,1,0.4862,2026-03-04T01:30:56+00:00,2026-03-04T01:30:56+00:00,0.0
237,1,cmd/du,,1.9819,430,1934819,0,1,1.9819,2026-03-04T01:47:12+00:00,2026-03-04T01:47:12+00:00,0.0
238,1,cmd/du,srd009,0.4973,72,339849,0,1,0.4973,2026-03-04T02:06:57+00:00,2026-03-04T02:06:57+00:00,0.0
239,1,cmd/du,srd009,0.772,130,636437,0,1,0.772,2026-03-04T02:15:50+00:00,2026-03-04T02:15:50+00:00,0.0
240,1,cmd/wc,srd005,1.3092,444,714589,0,1,1.3092,2026-03-04T02:24:07+00:00,2026-03-04T02:24:07+00:00,0.0
241,1,cmd/wc,srd005,0.5937,83,418020,0,1,0.5937,2026-03-04T02:28:18+00:00,2026-03-04T02:28:18+00:00,0.0
242,1,cmd/version,srd011,0.553,98,422465,0,1,0.553,2026-03-04T02:40:30+00:00,2026-03-04T02:40:30+00:00,0.0
243,1,cmd/ls,srd008,2.1926,159,2854865,0,1,2.1926,2026-03-04T02:52:27+00:00,2026-03-04T02:52:27+00:00,0.0
244,1,cmd/ls,srd008,0.5485,75,440688,0,1,0.5485,2026-03-04T02:55:51+00:00,2026-03-04T02:55:51+00:00,0.0
245,1,cmd/ls,srd008,1.1512,201,1022794,0,1,1.1512,2026-03-04T03:09:07+00:00,2026-03-04T03:09:07+00:00,0.0
246,1,pkg/sys,srd002,0.3229,47,145566,0,1,0.3229,2026-03-04T03:28:08+00:00,2026-03-04T03:28:08+00:00,0.0
247,1,cmd/ls,srd008,3.2067,375,4065867,0,1,3.2067,2026-03-04T03:44:14+00:00,2026-03-04T03:44:14+00:00,0.0
248,1,cmd/cat,srd006,0.7214,99,732106,0,1,0.7214,2026-03-04T03:51:03+00:00,2026-03-04T03:51:03+00:00,0.0
249,1,pkg/testutils,srd001,0.4203,45,261573,0,1,0.4203,2026-03-04T04:00:05+00:00,2026-03-04T04:00:05+00:00,0.0
250,1,cmd/cat,srd006,0.5858,68,468323,0,1,0.5858,2026-03-04T04:06:50+00:00,2026-03-04T04:06:50+00:00,0.0
253,1,cmd/cat,srd006,0.9057,104,888800,0,1,0.9057,2026-03-04T04:18:53+00:00,2026-03-04T04:18:53+00:00,0.0
254,1,,,0.9275,56,473112,0,1,0.9275,2026-03-04T04:24:07+00:00,2026-03-04T04:24:07+00:00,0.0
255,1,cmd/true,srd012,0.6825,143,573076,0,1,0.6825,2026-03-04T04:29:19+00:00,2026-03-04T04:29:19+00:00,0.0
256,1,cmd/false,srd013,0.4127,39,275222,0,1,0.4127,2026-03-04T04:33:07+00:00,2026-03-04T04:33:07+00:00,0.0
257,1,cmd/true,srd012,0.3587,42,241328,0,1,0.3587,2026-03-04T04:35:44+00:00,2026-03-04T04:35:44+00:00,0.0
258,1,cmd/du,srd009,0.8018,117,807773,0,1,0.8018,2026-03-04T04:46:00+00:00,2026-03-04T04:46:00+00:00,0.0
259,1,cmd/du,srd009,0.6114,55,524861,0,1,0.6114,2026-03-04T04:51:18+00:00,2026-03-04T04:51:18+00:00,0.0
260,1,cmd/magefiles,srd011,0.3561,50,231561,0,1,0.3561,2026-03-04T04:58:07+00:00,2026-03-04T04:58:07+00:00,0.0
280,1,pkg/format,,2.881,856,2140710,0,1,2.881,2026-03-05T00:15:16+00:00,2026-03-05T00:15:16+00:00,0.0
282,1,pkg/testutils,,1.8269,681,1118741,0,1,1.8269,2026-03-05T13:22:09+00:00,2026-03-05T13:22:09+00:00,0.0
290,1,cmd/version,,4.5059,789,5992101,0,1,4.5059,2026-03-05T17:51:02+00:00,2026-03-05T17:51:02+00:00,0.0
293,1,cmd/cat,,2.3934,661,1801240,0,1,2.3934,2026-03-05T22:41:54+00:00,2026-03-05T22:41:54+00:00,0.0
295,1,pkg/sys,,1.8673,368,1767145,0,1,1.8673,2026-03-05T22:51:12+00:00,2026-03-05T22:51:12+00:00,0.0
297,1,cmd/cat,,1.3409,424,621754,0,1,1.3409,2026-03-05T23:02:19+00:00,2026-03-05T23:02:19+00:00,0.0
299,1,cmd/sponge,,2.7761,624,1787517,0,1,2.7761,2026-03-06T03:34:06+00:00,2026-03-06T03:34:06+00:00,0.0
304,1,cmd/du,,3.6839,876,2435259,0,1,3.6839,2026-03-06T03:57:19+00:00,2026-03-06T03:57:19+00:00,0.0
306,1,cmd/wc,,3.5945,404,5135655,0,1,3.5945,2026-03-06T04:14:30+00:00,2026-03-06T04:14:30+00:00,0.0
308,1,,,3.2625,607,2488838,0,1,3.2625,2026-03-06T04:35:09+00:00,2026-03-06T04:35:09+00:00,0.0
310,1,,,2.7698,615,2177761,0,1,2.7698,2026-03-06T04:58:17+00:00,2026-03-06T04:58:17+00:00,0.0
331,1,cmd/true,,1.151,225,901086,0,1,1.151,2026-03-06T15:47:38+00:00,2026-03-06T15:47:38+00:00,0.0
332,1,cmd/yes,,0.87,109,877212,0,1,0.87,2026-03-06T15:50:55+00:00,2026-03-06T15:50:55+00:00,0.0
333,1,cmd/basename,,1.3595,251,1201221,0,1,1.3595,2026-03-06T15:56:24+00:00,2026-03-06T15:56:24+00:00,0.0
340,1,cmd/tee,,1.3456,256,1385121,1,0,0.0,2026-03-06T16:56:49+00:00,2026-03-06T16:56:49+00:00,0.0
341,1,cmd/tee,,1.0039,193,834095,1,0,0.0,2026-03-06T17:02:31+00:00,2026-03-06T17:02:31+00:00,0.0
343,1,cmd/head,,2.6919,593,2376255,1,0,0.0,2026-03-06T17:17:48+00:00,2026-03-06T17:17:48+00:00,0.0
344,1,cmd/seq,,1.7183,210,2084314,1,0,0.0,2026-03-06T17:22:28+00:00,2026-03-06T17:22:28+00:00,0.0
346,1,cmd/echo,,1.0722,172,1018305,1,0,0.0,2026-03-06T17:28:34+00:00,2026-03-06T17:28:34+00:00,0.0
347,1,cmd/tac,,1.5985,468,966263,1,0,0.0,2026-03-06T17:37:34+00:00,2026-03-06T17:37:34+00:00,0.0
348,1,cmd/nl,,2.1406,353,2664730,1,0,0.0,2026-03-06T17:44:39+00:00,2026-03-06T17:44:39+00:00,0.0
349,1,cmd/fold,,3.4484,498,4466998,1,0,0.0,2026-03-06T17:53:58+00:00,2026-03-06T17:53:58+00:00,0.0
351,1,cmd/expand,,1.4857,258,1608580,1,0,0.0,2026-03-06T18:01:45+00:00,2026-03-06T18:01:45+00:00,0.0
352,1,cmd/unexpand,,1.8111,252,1924629,1,0,0.0,2026-03-06T18:07:06+00:00,2026-03-06T18:07:06+00:00,0.0
354,1,cmd/cut,,0.8224,154,497072,1,0,0.0,2026-03-06T18:15:28+00:00,2026-03-06T18:15:28+00:00,0.0
355,1,cmd/paste,,1.9446,254,2503766,1,0,0.0,2026-03-06T18:21:01+00:00,2026-03-06T18:21:01+00:00,0.0
357,1,cmd/uniq,,1.6075,250,1575475,1,0,0.0,2026-03-06T18:33:51+00:00,2026-03-06T18:33:51+00:00,0.0
358,1,cmd/comm,,2.1468,529,1719170,1,0,0.0,2026-03-06T18:44:12+00:00,2026-03-06T18:44:12+00:00,0.0
360,1,cmd/md5sum,,2.4632,619,1622980,1,0,0.0,2026-03-06T19:01:46+00:00,2026-03-06T19:01:46+00:00,0.0
361,2,cmd/md5sum,,2.4689,247,1789489,1,1,0.4339,2026-03-06T19:06:58+00:00,2026-03-06T19:06:58+00:00,0.0
365,2,,,2.3183,297,2093630,1,1,0.629,2026-03-06T19:23:56+00:00,2026-03-06T19:23:56+00:00,0.0
371,2,cmd/md5sum,,1.4602,158,1125493,0,2,1.4602,2026-03-06T19:41:35+00:00,2026-03-06T19:41:35+00:00,0.0
375,1,cmd/md5sum,,0.9424,163,723427,1,0,0.0,2026-03-06T19:52:38+00:00,2026-03-06T19:52:38+00:00,0.0
387,2,cmd/ts,,2.6494,615,43,1,1,0.5064,2026-03-07T00:13:43+00:00,2026-03-07T00:13:43+00:00,0.0
389,1,cmd/ts,srd004,1.0021,177,27,1,0,0.0,2026-03-07T00:21:21+00:00,2026-03-07T00:21:21+00:00,0.0
390,2,cmd/ts,,1.8357,498,31,0,2,1.8357,2026-03-07T00:30:18+00:00,2026-03-07T00:30:18+00:00,0.0
393,2,cmd/ts,,1.2765,185,36,1,1,0.5526,2026-03-07T00:40:30+00:00,2026-03-07T00:40:30+00:00,0.0
395,1,cmd/ts,,0.8337,142,24,1,0,0.0,2026-03-07T00:48:06+00:00,2026-03-07T00:48:06+00:00,0.0
396,2,cmd/ts,,1.6261,362,29,1,1,0.535,2026-03-07T00:55:19+00:00,2026-03-07T00:55:19+00:00,0.0
407,1,pkg/sys,srd002,1.1674,227,901083,1,0,0.0,2026-03-07T04:14:27+00:00,2026-03-07T04:14:27+00:00,0.0
408,1,pkg/testutils,srd001,0.8351,112,742964,1,0,0.0,2026-03-07T04:18:07+00:00,2026-03-07T04:18:07+00:00,0.0
409,1,pkg/format,srd003,0.8703,184,500880,1,0,0.0,2026-03-07T04:22:23+00:00,2026-03-07T04:22:23+00:00,0.0
410,1,cmd/magefiles,srd011,0.8226,70,655709,1,0,0.0,2026-03-07T04:24:42+00:00,2026-03-07T04:24:42+00:00,0.0
411,1,pkg/sys,srd002,0.6111,75,436890,1,0,0.0,2026-03-07T04:27:31+00:00,2026-03-07T04:27:31+00:00,0.0
412,2,pkg/format,srd003,1.6317,182,980630,1,1,0.4646,2026-03-07T12:33:59+00:00,2026-03-07T12:33:59+00:00,0.0
414,1,pkg/testutils,srd001,1.7426,236,1750692,1,0,0.0,2026-03-07T12:41:36+00:00,2026-03-07T12:41:36+00:00,0.0
415,2,pkg/testutils,srd001,1.2596,170,681578,1,1,0.5636,2026-03-07T12:45:25+00:00,2026-03-07T12:45:25+00:00,0.0
419,1,cmd/cat,,0.7777,119,688488,1,0,0.0,2026-03-07T12:55:58+00:00,2026-03-07T12:55:58+00:00,0.0
420,1,cmd/cat,,0.632,75,443460,1,0,0.0,2026-03-07T12:59:10+00:00,2026-03-07T12:59:10+00:00,0.0
422,1,cmd/sponge,,0.3869,45,217258,1,0,0.0,2026-03-07T13:02:42+00:00,2026-03-07T13:02:42+00:00,0.0
423,1,cmd/sponge,,0.8369,161,603042,1,0,0.0,2026-03-07T13:07:28+00:00,2026-03-07T13:07:28+00:00,0.0
425,1,cmd/du,srd009,1.2947,459,842681,1,0,0.0,2026-03-07T13:33:21+00:00,2026-03-07T13:33:21+00:00,0.0
426,1,cmd/du,srd009,1.0139,247,488314,1,0,0.0,2026-03-07T13:38:05+00:00,2026-03-07T13:38:05+00:00,0.0
429,1,cmd/true,,0.4055,42,283451,1,0,0.0,2026-03-07T13:43:53+00:00,2026-03-07T13:43:53+00:00,0.0
430,1,cmd/yes,,0.919,227,639711,1,0,0.0,2026-03-07T13:49:32+00:00,2026-03-07T13:49:32+00:00,0.0
431,1,cmd/basename,,0.6872,87,525216,1,0,0.0,2026-03-07T13:54:14+00:00,2026-03-07T13:54:14+00:00,0.0
432,1,cmd/dirname,,0.6709,88,585638,1,0,0.0,2026-03-07T13:56:38+00:00,2026-03-07T13:56:38+00:00,0.0
434,1,cmd/tee,,0.7729,98,701826,1,0,0.0,2026-03-07T14:03:45+00:00,2026-03-07T14:03:45+00:00,0.0
436,1,cmd/head,,1.1571,186,886575,1,0,0.0,2026-03-07T14:16:48+00:00,2026-03-07T14:16:48+00:00,0.0
437,1,cmd/seq,,2.2662,182,2529480,1,0,0.0,2026-03-07T14:21:45+00:00,2026-03-07T14:21:45+00:00,0.0
439,1,cmd/wc,,2.2371,674,1530435,1,0,0.0,2026-03-07T14:37:08+00:00,2026-03-07T14:37:08+00:00,0.0
441,1,cmd/ls,srd008,2.8965,805,2346452,1,0,0.0,2026-03-07T14:57:33+00:00,2026-03-07T14:57:33+00:00,0.0
442,1,cmd/ls,srd008,2.2653,297,2755845,1,0,0.0,2026-03-07T15:03:58+00:00,2026-03-07T15:03:58+00:00,0.0
444,1,cmd/ls,srd008,3.2435,830,2583781,1,0,0.0,2026-03-07T15:29:36+00:00,2026-03-07T15:29:36+00:00,0.0
445,1,cmd/ls,srd008,2.3001,293,2784262,1,0,0.0,2026-03-07T15:35:58+00:00,2026-03-07T15:35:58+00:00,0.0
446,1,cmd/ls,srd008,1.9042,343,1934036,1,0,0.0,2026-03-07T15:42:54+00:00,2026-03-07T15:42:54+00:00,0.0
448,1,cmd/echo,,0.4552,66,296684,1,0,0.0,2026-03-07T15:54:38+00:00,2026-03-07T15:54:38+00:00,0.0
449,1,cmd/tac,,1.2571,310,787862,1,0,0.0,2026-03-07T16:01:21+00:00,2026-03-07T16:01:21+00:00,0.0
450,1,cmd/nl,,2.4286,315,1489229,1,0,0.0,2026-03-07T16:08:10+00:00,2026-03-07T16:08:10+00:00,0.0
451,1,cmd/fold,,1.5963,369,1423829,1,0,0.0,2026-03-07T16:16:10+00:00,2026-03-07T16:16:10+00:00,0.0
453,1,cmd/expand,,0.9627,177,788790,1,0,0.0,2026-03-07T16:24:08+00:00,2026-03-07T16:24:08+00:00,0.0
454,1,cmd/unexpand,,0.863,141,701538,1,0,0.0,2026-03-07T16:27:32+00:00,2026-03-07T16:27:32+00:00,0.0
456,1,cmd/cut,,1.7745,250,1958618,1,0,0.0,2026-03-07T16:36:52+00:00,2026-03-07T16:36:52+00:00,0.0
457,1,cmd/paste,,2.1932,216,799539,1,0,0.0,2026-03-07T16:41:39+00:00,2026-03-07T16:41:39+00:00,0.0
459,1,cmd/uniq,,1.9312,183,2211519,1,0,0.0,2026-03-07T17:21:24+00:00,2026-03-07T17:21:24+00:00,0.0
460,2,cmd/comm,,2.5769,626,1573905,1,1,0.6932,2026-03-07T17:30:46+00:00,2026-03-07T17:30:46+00:00,0.0
464,1,cmd/md5sum,,1.2565,193,1154995,1,0,0.0,2026-03-07T17:44:18+00:00,2026-03-07T17:44:18+00:00,0.0
465,1,cmd/sha1sum,,0.6223,98,277879,1,0,0.0,2026-03-07T17:47:20+00:00,2026-03-07T17:47:20+00:00,0.0
466,1,cmd/sha256sum,,1.3054,149,1198630,1,0,0.0,2026-03-07T17:50:59+00:00,2026-03-07T17:50:59+00:00,0.0
467,1,cmd/sha512sum,,1.1045,194,873214,1,0,0.0,2026-03-07T17:55:11+00:00,2026-03-07T17:55:11+00:00,0.0
469,1,cmd/ts,,0.8948,183,539389,1,0,0.0,2026-03-07T18:01:13+00:00,2026-03-07T18:01:13+00:00,0.0
485,2,pkg/testutils,srd001,1.716,432,918040,1,1,0.3187,2026-03-07T20:54:34+00:00,2026-03-07T20:54:34+00:00,0.0
487,1,pkg/sys,srd002,1.2222,211,1210691,1,0,0.0,2026-03-07T21:00:51+00:00,2026-03-07T21:00:51+00:00,0.0
488,1,pkg/format,srd003,0.5634,89,365071,1,0,0.0,2026-03-07T21:03:43+00:00,2026-03-07T21:03:43+00:00,0.0
489,1,cmd/cat,srd004,1.0911,167,1071437,1,0,0.0,2026-03-07T21:09:07+00:00,2026-03-07T21:09:07+00:00,0.0
490,1,cmd/sponge,srd005,1.1373,216,966730,1,0,0.0,2026-03-07T21:16:15+00:00,2026-03-07T21:16:15+00:00,0.0
491,1,cmd/du,srd009,2.2375,545,1930378,1,0,0.0,2026-03-07T21:26:40+00:00,2026-03-07T21:26:40+00:00,0.0
492,1,,,1.2892,229,936264,1,0,0.0,2026-03-07T21:32:50+00:00,2026-03-07T21:32:50+00:00,0.0
493,2,pkg/testutils,srd001,2.3347,211,1950752,1,1,0.7949,2026-03-07T21:36:30+00:00,2026-03-07T21:36:30+00:00,0.0
499,1,cmd/tee,,0.8606,68,580853,1,0,0.0,2026-03-07T21:49:32+00:00,2026-03-07T21:49:32+00:00,0.0
500,1,cmd/head,,1.1705,155,1121617,1,0,0.0,2026-03-07T21:53:27+00:00,2026-03-07T21:53:27+00:00,0.0
501,2,cmd/tee,,1.5406,240,1164601,1,1,0.4264,2026-03-07T21:58:08+00:00,2026-03-07T21:58:08+00:00,0.0
503,1,cmd/seq,,1.0946,148,1026643,1,0,0.0,2026-03-07T22:06:15+00:00,2026-03-07T22:06:15+00:00,0.0
504,1,cmd/wc,,2.4447,367,2353456,1,0,0.0,2026-03-07T22:14:23+00:00,2026-03-07T22:14:23+00:00,0.0
505,1,cmd/ls,srd008,2.9736,468,3120139,1,0,0.0,2026-03-07T22:23:53+00:00,2026-03-07T22:23:53+00:00,0.0
506,1,cmd/ls,srd008,2.9692,503,1986835,1,0,0.0,2026-03-07T22:33:30+00:00,2026-03-07T22:33:30+00:00,0.0
507,1,cmd/echo,,0.8728,119,745391,1,0,0.0,2026-03-07T22:40:10+00:00,2026-03-07T22:40:10+00:00,0.0
508,1,cmd/tac,,3.0323,319,2912299,1,0,0.0,2026-03-07T22:46:58+00:00,2026-03-07T22:46:58+00:00,0.0
509,1,cmd/nl,,1.3272,226,1207433,1,0,0.0,2026-03-07T22:52:42+00:00,2026-03-07T22:52:42+00:00,0.0
511,1,cmd/fold,,0.9048,123,776802,1,0,0.0,2026-03-07T22:59:23+00:00,2026-03-07T22:59:23+00:00,0.0
512,1,cmd/expand,,0.7652,130,503377,1,0,0.0,2026-03-07T23:02:48+00:00,2026-03-07T23:02:48+00:00,0.0
513,2,cmd/unexpand,,1.115,129,614117,1,1,0.4701,2026-03-07T23:05:55+00:00,2026-03-07T23:05:55+00:00,0.0
515,1,cmd/cut,,1.2961,174,1261712,1,0,0.0,2026-03-07T23:11:43+00:00,2026-03-07T23:11:43+00:00,0.0
516,1,cmd/paste,,2.2788,212,1231405,1,0,0.0,2026-03-07T23:17:06+00:00,2026-03-07T23:17:06+00:00,0.0
517,1,cmd/uniq,,1.8404,403,1480734,1,0,0.0,2026-03-07T23:25:07+00:00,2026-03-07T23:25:07+00:00,0.0
518,1,cmd/comm,,2.3712,255,1117423,1,0,0.0,2026-03-07T23:30:27+00:00,2026-03-07T23:30:27+00:00,0.0
519,1,cmd/md5sum,,1.1632,155,1183222,1,0,0.0,2026-03-07T23:34:42+00:00,2026-03-07T23:34:42+00:00,0.0
521,1,cmd/sha1sum,,0.7409,96,557363,1,0,0.0,2026-03-07T23:40:22+00:00,2026-03-07T23:40:22+00:00,0.0
522,1,cmd/sha256sum,,0.6753,81,412574,1,0,0.0,2026-03-07T23:42:46+00:00,2026-03-07T23:42:46+00:00,0.0
523,1,cmd/sha512sum,,1.0234,133,906539,1,0,0.0,2026-03-07T23:46:28+00:00,2026-03-07T23:46:28+00:00,0.0
526,1,cmd/ts,,2.2132,494,2162793,1,0,0.0,2026-03-07T23:55:55+00:00,2026-03-07T23:55:55+00:00,0.0
527,1,cmd/mkdir,,1.7562,480,1202305,1,0,0.0,2026-03-08T00:05:07+00:00,2026-03-08T00:05:07+00:00,0.0
531,1,cmd/rmdir,,0.925,132,687192,1,0,0.0,2026-03-08T00:10:07+00:00,2026-03-08T00:10:07+00:00,0.0
532,1,cmd/mktemp,,2.241,681,932225,1,0,0.0,2026-03-08T00:22:37+00:00,2026-03-08T00:22:37+00:00,0.0
533,1,cmd/ln,,1.135,173,948369,1,0,0.0,2026-03-08T00:26:35+00:00,2026-03-08T00:26:35+00:00,0.0
534,1,cmd/unlink,,0.7638,118,585588,1,0,0.0,2026-03-08T00:29:25+00:00,2026-03-08T00:29:25+00:00,0.0
548,1,pkg/sys,srd002,0.5904,104,444973,1,0,0.0,2026-03-08T03:50:50+00:00,2026-03-08T03:50:50+00:00,0.0
549,1,pkg/testutils,srd001,1.1,249,709184,1,0,0.0,2026-03-08T03:56:24+00:00,2026-03-08T03:56:24+00:00,0.0
550,1,pkg/format,srd003,0.8168,156,567467,1,0,0.0,2026-03-08T04:00:16+00:00,2026-03-08T04:00:16+00:00,0.0
584,1,pkg/sys,srd002,0.7044,127,516728,1,0,0.0,2026-03-09T01:43:14+00:00,2026-03-09T01:43:14+00:00,0.0
585,1,,,1.0598,238,783859,1,0,0.0,2026-03-09T01:49:39+00:00,2026-03-09T01:49:39+00:00,0.0
586,1,,,1.1422,249,732487,1,0,0.0,2026-03-09T01:55:19+00:00,2026-03-09T01:55:19+00:00,0.0
587,1,cmd/du,srd009,3.4236,786,3900231,1,0,0.0,2026-03-09T02:09:35+00:00,2026-03-09T02:09:35+00:00,0.0
591,1,pkg/sys,srd002,0.7488,113,702571,1,0,0.0,2026-03-09T02:55:27+00:00,2026-03-09T02:55:27+00:00,0.0
592,1,cmd/cat,,0.8923,133,971143,1,0,0.0,2026-03-09T02:59:01+00:00,2026-03-09T02:59:01+00:00,0.0
593,1,cmd/sponge,,1.1278,313,647645,1,0,0.0,2026-03-09T03:05:03+00:00,2026-03-09T03:05:03+00:00,0.0
597,1,cmd/cat,,1.0259,174,975150,1,0,0.0,2026-03-09T03:56:28+00:00,2026-03-09T03:56:28+00:00,0.0
602,1,pkg/testutils,srd001,0.7967,121,663099,1,0,0.0,2026-03-09T11:45:51+00:00,2026-03-09T11:45:51+00:00,0.0
604,1,pkg/sys,srd002,0.621,105,396247,1,0,0.0,2026-03-09T11:49:00+00:00,2026-03-09T11:49:00+00:00,0.0
606,1,pkg/format,srd003,0.7646,122,507679,1,0,0.0,2026-03-09T11:52:27+00:00,2026-03-09T11:52:27+00:00,0.0
609,1,cmd/cat,,0.9289,98,869683,1,0,0.0,2026-03-09T11:57:38+00:00,2026-03-09T11:57:38+00:00,0.0
610,1,cmd/cat,,0.6827,98,540514,1,0,0.0,2026-03-09T11:59:31+00:00,2026-03-09T11:59:31+00:00,0.0
612,1,cmd/sponge,,0.8094,94,556769,1,0,0.0,2026-03-09T12:03:22+00:00,2026-03-09T12:03:22+00:00,0.0
614,1,cmd/du,,3.0537,542,3591823,1,0,0.0,2026-03-09T12:14:20+00:00,2026-03-09T12:14:20+00:00,0.0
616,2,pkg/testutils,,1.5813,168,1039107,1,1,0.4895,2026-03-09T12:18:11+00:00,2026-03-09T12:18:11+00:00,0.0
620,1,pkg/sys,srd002,1.3697,217,1058317,1,0,0.0,2026-03-09T12:51:15+00:00,2026-03-09T12:51:15+00:00,0.0
622,1,pkg/format,srd003,0.8232,164,602319,1,0,0.0,2026-03-09T12:55:27+00:00,2026-03-09T12:55:27+00:00,0.0
624,1,cmd/cat,,0.8426,125,669793,1,0,0.0,2026-03-09T13:00:15+00:00,2026-03-09T13:00:15+00:00,0.0
626,1,cmd/sponge,,0.6518,70,627739,0,1,0.6518,2026-03-09T13:03:02+00:00,2026-03-09T13:03:02+00:00,0.0
628,1,pkg/testutils,,1.2808,136,1202089,1,0,0.0,2026-03-09T13:06:55+00:00,2026-03-09T13:06:55+00:00,0.0
630,1,cmd/du,srd009,1.6057,394,1166630,1,0,0.0,2026-03-09T13:15:09+00:00,2026-03-09T13:15:09+00:00,0.0
638,1,pkg/sys,srd002,0.4905,72,304719,1,0,0.0,2026-03-09T19:37:25+00:00,2026-03-09T19:37:25+00:00,0.0
640,1,pkg/sys,srd002,0.421,56,277403,1,0,0.0,2026-03-09T19:39:57+00:00,2026-03-09T19:39:57+00:00,0.0
642,1,,srd001,1.6087,283,1470849,1,0,0.0,2026-03-09T19:46:09+00:00,2026-03-09T19:46:09+00:00,0.0
644,1,,srd003,0.4685,75,339015,1,0,0.0,2026-03-09T19:49:07+00:00,2026-03-09T19:49:07+00:00,0.0
646,1,,srd001,0.543,96,344044,1,0,0.0,2026-03-09T19:52:05+00:00,2026-03-09T19:52:05+00:00,0.0
648,1,,srd002,0.549,60,363813,1,0,0.0,2026-03-09T19:58:47+00:00,2026-03-09T19:58:47+00:00,0.0
650,1,,srd001,0.581,89,462899,1,0,0.0,2026-03-09T20:02:07+00:00,2026-03-09T20:02:07+00:00,0.0
652,1,,srd003,0.4355,87,221546,1,0,0.0,2026-03-09T20:06:43+00:00,2026-03-09T20:06:43+00:00,0.0
654,1,,srd003,0.5584,53,257630,1,0,0.0,2026-03-09T20:09:19+00:00,2026-03-09T20:09:19+00:00,0.0
656,1,,srd003,0.8386,95,692768,1,0,0.0,2026-03-09T20:12:55+00:00,2026-03-09T20:12:55+00:00,0.0
658,1,,srd001,0.7109,105,367249,1,0,0.0,2026-03-09T20:16:44+00:00,2026-03-09T20:16:44+00:00,0.0
660,1,,srd002,0.8091,93,534490,1,0,0.0,2026-03-09T20:20:41+00:00,2026-03-09T20:20:41+00:00,0.0
662,1,,srd002,0.6743,72,377622,1,0,0.0,2026-03-09T20:23:55+00:00,2026-03-09T20:23:55+00:00,0.0
664,1,,srd003,0.5365,102,292495,1,0,0.0,2026-03-09T20:27:18+00:00,2026-03-09T20:27:18+00:00,0.0
666,2,,srd001,1.5959,166,1068487,1,1,0.613,2026-03-09T20:30:49+00:00,2026-03-09T20:30:49+00:00,0.0
684,1,pkg/testutils,srd001,0.457,74,222821,1,0,0.0,2026-03-09T21:56:04+00:00,2026-03-09T21:56:04+00:00,0.0
686,2,pkg/testutils,srd001,1.052,175,647671,1,1,0.2486,2026-03-09T21:59:54+00:00,2026-03-09T21:59:54+00:00,0.0
689,1,pkg/testutils,srd001,0.4898,66,337996,1,0,0.0,2026-03-09T22:03:59+00:00,2026-03-09T22:03:59+00:00,0.0
691,1,pkg/testutils,srd001,0.5735,105,265726,1,0,0.0,2026-03-09T22:07:01+00:00,2026-03-09T22:07:01+00:00,0.0
693,1,pkg/testutils,srd001,1.267,279,970392,1,0,0.0,2026-03-09T22:19:57+00:00,2026-03-09T22:19:57+00:00,0.0
695,1,pkg/testutils,srd001,0.9651,198,800673,1,0,0.0,2026-03-09T22:24:39+00:00,2026-03-09T22:24:39+00:00,0.0
697,1,pkg/sys,srd002,0.4898,63,394114,1,0,0.0,2026-03-09T22:27:04+00:00,2026-03-09T22:27:04+00:00,0.0
699,1,pkg/sys,srd002,0.4294,54,309080,1,0,0.0,2026-03-09T22:29:17+00:00,2026-03-09T22:29:17+00:00,0.0
701,2,pkg/sys,srd002,0.8582,121,503296,1,1,0.3568,2026-03-09T22:31:51+00:00,2026-03-09T22:31:51+00:00,0.0
705,1,pkg/sys,srd002,0.7084,87,475058,1,0,0.0,2026-03-09T22:37:05+00:00,2026-03-09T22:37:05+00:00,0.0
708,2,pkg/format,srd003,0.8267,153,695005,1,1,0.3894,2026-03-09T22:41:00+00:00,2026-03-09T22:41:00+00:00,0.0
712,1,pkg/format,srd003,0.5109,71,366641,1,0,0.0,2026-03-09T22:44:21+00:00,2026-03-09T22:44:21+00:00,0.0
715,1,pkg/format,srd003,0.4826,57,332598,1,0,0.0,2026-03-09T22:46:34+00:00,2026-03-09T22:46:34+00:00,0.0
718,1,pkg/format,srd003,0.5673,99,288606,1,0,0.0,2026-03-09T22:49:26+00:00,2026-03-09T22:49:26+00:00,0.0
722,1,pkg/format,srd003,0.5471,114,260042,1,0,0.0,2026-03-09T22:54:16+00:00,2026-03-09T22:54:16+00:00,0.0
724,1,cmd/version,srd059,0.7801,55,513892,1,0,0.0,2026-03-09T22:56:42+00:00,2026-03-09T22:56:42+00:00,0.0
726,1,cmd/cat,srd006,0.8409,159,742639,1,0,0.0,2026-03-09T23:01:27+00:00,2026-03-09T23:01:27+00:00,0.0
728,1,cmd/cat,srd006,1.0112,159,950636,1,0,0.0,2026-03-09T23:05:59+00:00,2026-03-09T23:05:59+00:00,0.0
730,2,cmd/cat,srd006,1.3648,208,1116038,1,1,0.2811,2026-03-09T23:11:16+00:00,2026-03-09T23:11:16+00:00,0.0
736,1,cmd/cat,srd006,1.4279,263,1458694,1,0,0.0,2026-03-09T23:21:10+00:00,2026-03-09T23:21:10+00:00,0.0
738,1,cmd/cat,srd006,0.7841,85,760311,1,0,0.0,2026-03-09T23:24:13+00:00,2026-03-09T23:24:13+00:00,0.0
740,1,cmd/sponge,srd007,0.7456,94,663643,1,0,0.0,2026-03-09T23:27:41+00:00,2026-03-09T23:27:41+00:00,0.0
742,1,cmd/sponge,srd007,0.5543,81,360474,1,0,0.0,2026-03-09T23:30:28+00:00,2026-03-09T23:30:28+00:00,0.0
744,1,cmd/sponge,srd007,1.2448,264,1007905,1,0,0.0,2026-03-09T23:36:03+00:00,2026-03-09T23:36:03+00:00,0.0
746,1,cmd/sponge,srd007,1.0168,183,729546,1,0,0.0,2026-03-09T23:40:26+00:00,2026-03-09T23:40:26+00:00,0.0
748,1,cmd/sponge,srd007,1.4188,326,1013378,1,0,0.0,2026-03-09T23:47:18+00:00,2026-03-09T23:47:18+00:00,0.0
750,1,cmd/sponge,srd007,0.8024,113,715882,1,0,0.0,2026-03-10T00:06:09+00:00,2026-03-10T00:06:09+00:00,0.0
752,1,cmd/du,srd009,1.4702,554,595205,1,0,0.0,2026-03-10T00:16:50+00:00,2026-03-10T00:16:50+00:00,0.0
754,1,cmd/du,srd009,0.8051,142,676793,1,0,0.0,2026-03-10T00:20:46+00:00,2026-03-10T00:20:46+00:00,0.0
756,1,cmd/du,srd009,0.9569,148,869855,1,0,0.0,2026-03-10T00:24:37+00:00,2026-03-10T00:24:37+00:00,0.0
758,1,cmd/du,srd009,2.7332,716,2445732,1,0,0.0,2026-03-10T00:37:50+00:00,2026-03-10T00:37:50+00:00,0.0
760,1,cmd/du,srd009,0.8348,129,740371,1,0,0.0,2026-03-10T00:41:37+00:00,2026-03-10T00:41:37+00:00,0.0
762,2,cmd/true,srd013,0.8279,95,541661,1,1,0.2808,2026-03-10T00:44:50+00:00,2026-03-10T00:44:50+00:00,0.0
768,2,cmd/false,srd014,1.5295,313,1053203,1,1,0.9866,2026-03-10T00:51:18+00:00,2026-03-10T00:51:18+00:00,0.0
773,1,cmd/false,srd014,0.6527,139,422243,0,1,0.6527,2026-03-10T01:04:57+00:00,2026-03-10T01:04:57+00:00,0.0
775,1,,srd012,0.4442,45,412619,1,0,0.0,2026-03-10T01:08:13+00:00,2026-03-10T01:08:13+00:00,0.0
777,1,,srd012,0.5618,97,430479,1,0,0.0,2026-03-10T01:11:41+00:00,2026-03-10T01:11:41+00:00,0.0
801,1,pkg/testutils,srd001,0.2821,27,156958,1,0,0.0,2026-03-11T01:51:19+00:00,2026-03-11T01:51:19+00:00,0.0
803,1,pkg/testutils,srd001,0.687,120,548043,1,0,0.0,2026-03-11T01:54:51+00:00,2026-03-11T01:54:51+00:00,0.0
805,1,pkg/testutils,srd001,0.787,160,531921,1,0,0.0,2026-03-11T01:59:30+00:00,2026-03-11T01:59:30+00:00,0.0
807,1,pkg/testutils,srd001,1.3937,368,877810,1,0,0.0,2026-03-11T02:08:36+00:00,2026-03-11T02:08:36+00:00,0.0
809,1,pkg/testutils,srd001,1.2734,275,1015767,1,0,0.0,2026-03-11T10:25:16+00:00,2026-03-11T10:25:16+00:00,0.0
811,1,pkg/testutils,srd001,0.9574,181,697332,0,1,0.9574,2026-03-11T10:29:36+00:00,2026-03-11T10:29:36+00:00,0.0
813,1,pkg/sys,srd002,1.3342,303,977276,1,0,0.0,2026-03-11T10:38:45+00:00,2026-03-11T10:38:45+00:00,0.0
816,1,pkg/sys,srd002,0.4022,52,252894,1,0,0.0,2026-03-11T11:13:15+00:00,2026-03-11T11:13:15+00:00,0.0
818,1,pkg/sys,srd002,0.2729,22,123480,1,0,0.0,2026-03-11T11:17:59+00:00,2026-03-11T11:17:59+00:00,0.0
820,1,pkg/sys,srd002,0.8302,229,378091,1,0,0.0,2026-03-11T11:23:23+00:00,2026-03-11T11:23:23+00:00,0.0
823,1,pkg/sys,srd002,0.7047,106,515631,1,0,0.0,2026-03-11T15:08:56+00:00,2026-03-11T15:08:56+00:00,0.0
826,1,pkg/format,srd003,0.5523,80,405516,1,0,0.0,2026-03-11T15:12:03+00:00,2026-03-11T15:12:03+00:00,0.0
828,2,pkg/format,srd003,0.7724,123,400461,1,1,0.2642,2026-03-11T15:15:19+00:00,2026-03-11T15:15:19+00:00,0.0
832,2,pkg/format,srd003,1.1832,189,772815,1,1,0.3931,2026-03-11T15:21:09+00:00,2026-03-11T15:21:09+00:00,0.0
836,1,cmd/version,srd059,0.4447,25,275124,1,0,0.0,2026-03-11T16:29:58+00:00,2026-03-11T16:29:58+00:00,0.0
838,1,cmd/version,srd059,0.8037,203,418048,1,0,0.0,2026-03-11T16:35:04+00:00,2026-03-11T16:35:04+00:00,0.0
840,1,cmd/cat,srd006,0.5852,172,423971,1,0,0.0,2026-03-12T01:54:30+00:00,2026-03-12T01:54:30+00:00,0.0
842,1,,srd006,0.5171,106,179729,1,0,0.0,2026-03-12T01:57:38+00:00,2026-03-12T01:57:38+00:00,0.0
844,1,,srd006,0.6405,195,368805,0,1,0.6405,2026-03-12T02:02:52+00:00,2026-03-12T02:02:52+00:00,0.0
846,1,,srd006,0.7336,148,276327,1,0,0.0,2026-03-12T02:06:53+00:00,2026-03-12T02:06:53+00:00,0.0
848,1,,srd006,0.4994,90,384443,1,0,0.0,2026-03-12T02:09:54+00:00,2026-03-12T02:09:54+00:00,0.0
850,1,,srd006,1.0273,336,359759,1,0,0.0,2026-03-12T02:17:30+00:00,2026-03-12T02:17:30+00:00,0.0
852,1,,srd006,0.8062,143,486433,1,0,0.0,2026-03-12T02:22:03+00:00,2026-03-12T02:22:03+00:00,0.0
854,1,,srd007,0.5554,45,379115,1,0,0.0,2026-03-12T02:24:57+00:00,2026-03-12T02:24:57+00:00,0.0
856,1,,srd007,0.691,185,266022,1,0,0.0,2026-03-12T11:04:29+00:00,2026-03-12T11:04:29+00:00,0.0
858,1,,srd007,0.6718,192,367139,1,0,0.0,2026-03-12T11:12:17+00:00,2026-03-12T11:12:17+00:00,0.0
860,1,,srd007,0.7534,337,690839,1,0,0.0,2026-03-12T11:36:58+00:00,2026-03-12T11:36:58+00:00,0.0
864,1,,srd007,0.7664,168,489484,1,0,0.0,2026-03-12T11:41:40+00:00,2026-03-12T11:41:40+00:00,0.0
866,1,,srd007,1.4056,373,849322,1,0,0.0,2026-03-12T11:49:51+00:00,2026-03-12T11:49:51+00:00,0.0
868,1,,srd009,1.3074,373,617833,1,0,0.0,2026-03-12T11:59:09+00:00,2026-03-12T11:59:09+00:00,0.0
870,1,,srd009,0.768,183,320338,1,0,0.0,2026-03-13T00:36:03+00:00,2026-03-13T00:36:03+00:00,0.0
872,1,,srd009,1.0718,300,583764,1,0,0.0,2026-03-13T00:43:24+00:00,2026-03-13T00:43:24+00:00,0.0
874,1,,srd009,2.431,611,2165153,1,0,0.0,2026-03-13T03:13:26+00:00,2026-03-13T03:13:26+00:00,0.0
876,1,,srd009,0.8878,236,498846,1,0,0.0,2026-03-13T03:18:57+00:00,2026-03-13T03:18:57+00:00,0.0
878,1,,srd015,0.5918,84,422555,1,0,0.0,2026-03-13T03:22:05+00:00,2026-03-13T03:22:05+00:00,0.0
880,2,,srd015,0.9962,142,558176,1,1,0.3781,2026-03-13T03:25:22+00:00,2026-03-13T03:25:22+00:00,0.0
884,1,,srd015,0.8272,128,750367,1,0,0.0,2026-03-13T03:31:51+00:00,2026-03-13T03:31:51+00:00,0.0
886,1,,srd016,0.5021,60,317810,1,0,0.0,2026-03-13T03:34:58+00:00,2026-03-13T03:34:58+00:00,0.0
888,1,,srd016,0.5119,56,389835,1,0,0.0,2026-03-13T03:37:34+00:00,2026-03-13T03:37:34+00:00,0.0
890,1,,srd016,0.6408,115,463252,1,0,0.0,2026-03-13T03:41:01+00:00,2026-03-13T03:41:01+00:00,0.0
892,1,,srd016,0.6312,63,515359,1,0,0.0,2026-03-13T03:43:27+00:00,2026-03-13T03:43:27+00:00,0.0
894,1,,srd013,0.4404,47,258694,1,0,0.0,2026-03-13T03:45:57+00:00,2026-03-13T03:45:57+00:00,0.0
896,2,,srd013,0.9473,105,569599,1,1,0.3941,2026-03-13T03:48:28+00:00,2026-03-13T03:48:28+00:00,0.0
900,1,,srd014,0.3363,34,213581,1,0,0.0,2026-03-13T03:53:41+00:00,2026-03-13T03:53:41+00:00,0.0
902,1,,srd014,0.4006,49,260756,1,0,0.0,2026-03-13T03:55:57+00:00,2026-03-13T03:55:57+00:00,0.0
904,1,,srd014,0.5826,109,365907,1,0,0.0,2026-03-13T04:00:43+00:00,2026-03-13T04:00:43+00:00,0.0
906,1,,srd013,0.6899,103,551166,1,0,0.0,2026-03-13T04:04:57+00:00,2026-03-13T04:04:57+00:00,0.0
908,1,,srd012,0.7875,139,704044,1,0,0.0,2026-03-13T04:08:56+00:00,2026-03-13T04:08:56+00:00,0.0
910,1,,srd012,0.5801,75,423414,1,0,0.0,2026-03-13T04:11:45+00:00,2026-03-13T04:11:45+00:00,0.0
912,1,,srd012,0.5601,65,418595,1,0,0.0,2026-03-13T04:14:24+00:00,2026-03-13T04:14:24+00:00,0.0
914,1,,srd017,0.8376,154,532998,1,0,0.0,2026-03-13T04:18:34+00:00,2026-03-13T04:18:34+00:00,0.0
916,1,,srd017,0.6815,111,436018,1,0,0.0,2026-03-13T04:21:51+00:00,2026-03-13T04:21:51+00:00,0.0
918,1,,srd017,0.9314,257,467997,1,0,0.0,2026-03-13T04:27:40+00:00,2026-03-13T04:27:40+00:00,0.0
920,1,,srd017,1.218,237,1121707,1,0,0.0,2026-03-13T04:33:06+00:00,2026-03-13T04:33:06+00:00,0.0
922,1,,srd018,1.0061,125,985545,1,0,0.0,2026-03-13T04:37:05+00:00,2026-03-13T04:37:05+00:00,0.0
924,1,,srd018,1.0898,268,576153,1,0,0.0,2026-03-13T04:42:56+00:00,2026-03-13T04:42:56+00:00,0.0
926,1,,srd018,0.6656,125,429724,1,0,0.0,2026-03-13T04:46:17+00:00,2026-03-13T04:46:17+00:00,0.0
928,1,,srd018,1.1186,181,919588,1,0,0.0,2026-03-13T04:51:05+00:00,2026-03-13T04:51:05+00:00,0.0
930,1,,srd019,0.6809,94,606508,1,0,0.0,2026-03-13T04:55:11+00:00,2026-03-13T04:55:11+00:00,0.0
932,1,,srd018,0.6305,83,459664,1,0,0.0,2026-03-13T04:59:02+00:00,2026-03-13T04:59:02+00:00,0.0
934,1,,srd019,1.5166,245,1753633,1,0,0.0,2026-03-13T05:05:10+00:00,2026-03-13T05:05:10+00:00,0.0
936,1,,srd019,1.3006,336,834024,1,0,0.0,2026-03-13T05:12:41+00:00,2026-03-13T05:12:41+00:00,0.0
938,1,,srd019,0.7772,96,543444,1,0,0.0,2026-03-13T05:15:42+00:00,2026-03-13T05:15:42+00:00,0.0
940,1,,srd019,0.8979,112,854898,0,1,0.8979,2026-03-13T05:18:59+00:00,2026-03-13T05:18:59+00:00,0.0
942,1,,srd005,1.3055,217,1168306,1,0,0.0,2026-03-13T05:24:08+00:00,2026-03-13T05:24:08+00:00,0.0
944,1,,srd005,2.445,624,2266532,1,0,0.0,2026-03-13T05:35:52+00:00,2026-03-13T05:35:52+00:00,0.0
946,1,,srd005,0.6797,113,472729,1,0,0.0,2026-03-13T05:40:13+00:00,2026-03-13T05:40:13+00:00,0.0
948,1,,srd005,2.2243,537,1752938,1,0,0.0,2026-03-13T05:50:50+00:00,2026-03-13T05:50:50+00:00,0.0
950,1,,srd005,1.4849,272,1467738,1,0,0.0,2026-03-13T05:56:54+00:00,2026-03-13T05:56:54+00:00,0.0
952,1,,srd005,1.3392,280,1368538,1,0,0.0,2026-03-13T06:02:59+00:00,2026-03-13T06:02:59+00:00,0.0
954,1,,srd045,0.6763,93,609847,1,0,0.0,2026-03-13T06:06:09+00:00,2026-03-13T06:06:09+00:00,0.0
956,1,,srd045,0.463,82,255104,1,0,0.0,2026-03-13T06:08:55+00:00,2026-03-13T06:08:55+00:00,0.0
958,2,,srd048,1.3583,195,1292729,1,1,0.3491,2026-03-13T06:13:26+00:00,2026-03-13T06:13:26+00:00,0.0
962,1,,srd044,0.4416,57,320483,1,0,0.0,2026-03-13T06:17:49+00:00,2026-03-13T06:17:49+00:00,0.0
964,1,,srd044,1.427,260,1460624,1,0,0.0,2026-03-13T06:23:43+00:00,2026-03-13T06:23:43+00:00,0.0
966,1,,srd044,1.0062,137,996933,1,0,0.0,2026-03-13T06:27:21+00:00,2026-03-13T06:27:21+00:00,0.0
968,1,,srd044,0.5023,61,342133,1,0,0.0,2026-03-13T06:29:38+00:00,2026-03-13T06:29:38+00:00,0.0
970,1,,srd046,0.6425,74,525337,1,0,0.0,2026-03-13T06:32:36+00:00,2026-03-13T06:32:36+00:00,0.0
972,2,,srd046,0.9767,134,655671,1,1,0.4046,2026-03-13T06:35:19+00:00,2026-03-13T06:35:19+00:00,0.0
976,2,,srd047,0.8254,96,480742,1,1,0.3162,2026-03-13T06:40:29+00:00,2026-03-13T06:40:29+00:00,0.0
980,1,,srd008,0.6717,81,571021,1,0,0.0,2026-03-13T06:45:06+00:00,2026-03-13T06:45:06+00:00,0.0
982,1,,srd008,1.6194,277,1563394,1,0,0.0,2026-03-13T06:51:30+00:00,2026-03-13T06:51:30+00:00,0.0
984,1,,srd008,1.5615,362,1749999,1,0,0.0,2026-03-13T07:14:23+00:00,2026-03-13T07:14:23+00:00,0.0
986,1,,srd008,4.0209,823,4022808,1,0,0.0,2026-03-13T07:44:52+00:00,2026-03-13T07:44:52+00:00,0.0
988,1,,srd008,1.5748,242,1447496,1,0,0.0,2026-03-13T07:50:21+00:00,2026-03-13T07:50:21+00:00,0.0
990,1,,srd008,1.9666,257,2258034,1,0,0.0,2026-03-13T07:57:01+00:00,2026-03-13T07:57:01+00:00,0.0
992,1,,srd008,2.2719,307,2546694,1,0,0.0,2026-03-13T08:03:15+00:00,2026-03-13T08:03:15+00:00,0.0
994,1,,srd008,2.3355,475,2116851,1,0,0.0,2026-03-13T08:12:33+00:00,2026-03-13T08:12:33+00:00,0.0
996,1,,srd008,2.8505,460,3408866,1,0,0.0,2026-03-13T08:21:55+00:00,2026-03-13T08:21:55+00:00,0.0
998,1,,srd008,1.9838,269,2298952,1,0,0.0,2026-03-13T08:27:35+00:00,2026-03-13T08:27:35+00:00,0.0
1000,1,,srd008,1.2229,161,1103523,1,0,0.0,2026-03-13T08:31:54+00:00,2026-03-13T08:31:54+00:00,0.0
1002,1,,srd008,2.3901,464,2851240,1,0,0.0,2026-03-13T08:41:36+00:00,2026-03-13T08:41:36+00:00,0.0
1004,1,,srd008,1.7071,183,1767414,1,0,0.0,2026-03-13T08:46:21+00:00,2026-03-13T08:46:21+00:00,0.0
1006,1,,srd008,0.9858,121,914706,1,0,0.0,2026-03-13T08:50:00+00:00,2026-03-13T08:50:00+00:00,0.0
1008,1,,srd049,0.7416,151,601259,1,0,0.0,2026-03-13T08:54:31+00:00,2026-03-13T08:54:31+00:00,0.0
1010,1,,srd049,1.6107,418,1289367,1,0,0.0,2026-03-13T09:02:40+00:00,2026-03-13T09:02:40+00:00,0.0
1012,1,,srd049,0.7073,111,570384,1,0,0.0,2026-03-13T09:05:56+00:00,2026-03-13T09:05:56+00:00,0.0
1014,1,,srd049,1.1828,224,909150,1,0,0.0,2026-03-13T09:11:15+00:00,2026-03-13T09:11:15+00:00,0.0
1016,1,,srd050,0.6428,60,351257,1,0,0.0,2026-03-13T09:13:57+00:00,2026-03-13T09:13:57+00:00,0.0
1018,1,,srd050,1.0091,186,932219,1,0,0.0,2026-03-13T09:18:13+00:00,2026-03-13T09:18:13+00:00,0.0
1020,1,,srd050,0.6196,119,418610,1,0,0.0,2026-03-13T09:21:39+00:00,2026-03-13T09:21:39+00:00,0.0
1022,2,,srd051,0.9025,113,555168,1,1,0.4179,2026-03-13T09:24:55+00:00,2026-03-13T09:24:55+00:00,0.0
1026,1,,srd051,1.4889,343,1224498,1,0,0.0,2026-03-13T09:34:59+00:00,2026-03-13T09:34:59+00:00,0.0
1028,1,,srd051,0.5433,61,417252,1,0,0.0,2026-03-13T09:38:02+00:00,2026-03-13T09:38:02+00:00,0.0
1030,1,,srd052,1.0256,222,806231,1,0,0.0,2026-03-13T09:43:28+00:00,2026-03-13T09:43:28+00:00,0.0
1032,1,,srd052,0.6135,136,473548,1,0,0.0,2026-03-13T09:47:01+00:00,2026-03-13T09:47:01+00:00,0.0
1034,2,,srd053,0.9395,125,640931,1,1,0.3718,2026-03-13T09:49:43+00:00,2026-03-13T09:49:43+00:00,0.0
1038,1,,srd020,0.5048,86,247695,1,0,0.0,2026-03-13T09:56:40+00:00,2026-03-13T09:56:40+00:00,0.0
1040,1,,srd020,0.5764,86,386511,1,0,0.0,2026-03-13T09:59:03+00:00,2026-03-13T09:59:03+00:00,0.0
1042,2,,srd020,1.0346,125,694171,1,1,0.4603,2026-03-13T10:01:32+00:00,2026-03-13T10:01:32+00:00,0.0
1046,1,,srd021,0.921,140,860261,1,0,0.0,2026-03-13T10:07:20+00:00,2026-03-13T10:07:20+00:00,0.0
1048,1,,srd021,0.9441,229,426208,1,0,0.0,2026-03-13T10:12:47+00:00,2026-03-13T10:12:47+00:00,0.0
1050,1,,srd021,0.5475,105,274036,1,0,0.0,2026-03-13T10:16:04+00:00,2026-03-13T10:16:04+00:00,0.0
1052,1,,srd021,0.5014,54,327280,0,1,0.5014,2026-03-13T10:18:20+00:00,2026-03-13T10:18:20+00:00,0.0
1054,1,,srd022,0.887,143,940739,1,0,0.0,2026-03-13T10:22:12+00:00,2026-03-13T10:22:12+00:00,0.0
1056,1,,srd022,0.691,118,485863,1,0,0.0,2026-03-13T10:25:31+00:00,2026-03-13T10:25:31+00:00,0.0
1058,1,,srd022,0.8564,127,668854,1,0,0.0,2026-03-13T10:28:50+00:00,2026-03-13T10:28:50+00:00,0.0
1060,1,,srd022,1.8363,474,1423431,1,0,0.0,2026-03-13T10:38:11+00:00,2026-03-13T10:38:11+00:00,0.0
1062,2,,srd023,1.1068,163,664333,1,1,0.4404,2026-03-13T10:41:58+00:00,2026-03-13T10:41:58+00:00,0.0
1066,1,cmd/fold,srd023,0.5903,75,495220,1,0,0.0,2026-03-13T10:46:28+00:00,2026-03-13T10:46:28+00:00,0.0
1068,1,cmd/fold,srd023,0.8133,112,804001,1,0,0.0,2026-03-13T10:49:33+00:00,2026-03-13T10:49:33+00:00,0.0
1070,1,cmd/expand,srd024,0.6606,108,495485,1,0,0.0,2026-03-13T10:52:45+00:00,2026-03-13T10:52:45+00:00,0.0
1072,1,cmd/expand,srd024,1.0299,209,937272,1,0,0.0,2026-03-13T10:57:21+00:00,2026-03-13T10:57:21+00:00,0.0
1074,1,cmd/expand,srd024,0.8429,127,697110,1,0,0.0,2026-03-13T11:00:43+00:00,2026-03-13T11:00:43+00:00,0.0
1076,1,cmd/expand,srd024,0.4593,48,265983,1,0,0.0,2026-03-13T11:02:51+00:00,2026-03-13T11:02:51+00:00,0.0
1078,1,cmd/unexpand,srd025,0.703,89,510847,1,0,0.0,2026-03-13T11:05:50+00:00,2026-03-13T11:05:50+00:00,0.0
1080,1,cmd/unexpand,srd025,1.5247,505,532850,1,0,0.0,2026-03-13T11:15:16+00:00,2026-03-13T11:15:16+00:00,0.0
1082,1,cmd/unexpand,srd025,0.7822,80,732615,1,0,0.0,2026-03-13T11:18:13+00:00,2026-03-13T11:18:13+00:00,0.0
1084,1,cmd/unexpand,srd025,1.0889,121,1150427,1,0,0.0,2026-03-13T11:21:29+00:00,2026-03-13T11:21:29+00:00,0.0
1086,1,cmd/cut,srd026,0.8123,130,525295,1,0,0.0,2026-03-13T11:25:16+00:00,2026-03-13T11:25:16+00:00,0.0
1088,1,cmd/cut,srd026,0.6921,96,529952,1,0,0.0,2026-03-13T11:28:16+00:00,2026-03-13T11:28:16+00:00,0.0
1090,1,cmd/cut,srd026,0.5611,73,352279,1,0,0.0,2026-03-13T11:30:57+00:00,2026-03-13T11:30:57+00:00,0.0
1092,1,cmd/cut,srd026,0.5546,79,291517,1,0,0.0,2026-03-13T11:33:43+00:00,2026-03-13T11:33:43+00:00,0.0
1094,1,cmd/paste,srd027,0.7442,116,518902,1,0,0.0,2026-03-13T11:36:39+00:00,2026-03-13T11:36:39+00:00,0.0
1096,1,cmd/paste,srd027,0.8238,112,784710,1,0,0.0,2026-03-13T11:39:31+00:00,2026-03-13T11:39:31+00:00,0.0
1098,1,cmd/paste,srd027,0.5627,55,432639,1,0,0.0,2026-03-13T11:42:33+00:00,2026-03-13T11:42:33+00:00,0.0
1100,1,cmd/paste,srd027,0.8126,103,718454,1,0,0.0,2026-03-13T11:45:40+00:00,2026-03-13T11:45:40+00:00,0.0
1102,1,cmd/uniq,srd028,0.6492,100,399255,1,0,0.0,2026-03-13T11:49:07+00:00,2026-03-13T11:49:07+00:00,0.0
1104,1,cmd/uniq,srd028,0.9554,147,897152,1,0,0.0,2026-03-13T11:53:01+00:00,2026-03-13T11:53:01+00:00,0.0
1106,1,cmd/uniq,srd028,1.4383,186,1573918,1,0,0.0,2026-03-13T11:57:22+00:00,2026-03-13T11:57:22+00:00,0.0
1108,1,cmd/uniq,srd028,0.8082,91,749276,1,0,0.0,2026-03-13T12:00:09+00:00,2026-03-13T12:00:09+00:00,0.0
1110,1,cmd/comm,srd029,0.7344,105,499932,1,0,0.0,2026-03-13T12:03:10+00:00,2026-03-13T12:03:10+00:00,0.0
1112,1,cmd/comm,srd029,0.7626,96,613528,1,0,0.0,2026-03-13T12:06:09+00:00,2026-03-13T12:06:09+00:00,0.0
1114,1,cmd/comm,srd029,1.446,308,1144576,1,0,0.0,2026-03-13T12:12:47+00:00,2026-03-13T12:12:47+00:00,0.0
1116,1,cmd/comm,srd029,0.6986,90,539014,1,0,0.0,2026-03-13T12:15:30+00:00,2026-03-13T12:15:30+00:00,0.0
1118,1,cmd/md5sum,srd030,0.6129,78,342443,1,0,0.0,2026-03-13T12:18:27+00:00,2026-03-13T12:18:27+00:00,0.0
1120,1,cmd/md5sum,srd030,1.2028,216,988153,1,0,0.0,2026-03-13T12:23:33+00:00,2026-03-13T12:23:33+00:00,0.0
1122,1,cmd/md5sum,srd030,0.6724,105,420540,1,0,0.0,2026-03-13T12:26:45+00:00,2026-03-13T12:26:45+00:00,0.0
1124,1,cmd/md5sum,srd030,0.8355,102,677054,1,0,0.0,2026-03-13T12:36:47+00:00,2026-03-13T12:36:47+00:00,0.0
1126,1,cmd/sha1sum,srd031,0.7367,115,421237,1,0,0.0,2026-03-13T12:40:15+00:00,2026-03-13T12:40:15+00:00,0.0
1128,1,cmd/sha1sum,srd031,1.4555,207,1341036,1,0,0.0,2026-03-13T12:45:06+00:00,2026-03-13T12:45:06+00:00,0.0
1130,1,cmd/sha1sum,srd031,0.9006,170,713428,1,0,0.0,2026-03-13T12:49:29+00:00,2026-03-13T12:49:29+00:00,0.0
1132,1,cmd/sha1sum,srd031,0.8726,112,621646,1,0,0.0,2026-03-13T12:52:43+00:00,2026-03-13T12:52:43+00:00,0.0
1134,2,cmd/sha256sum,srd032,1.1472,127,760353,1,1,0.5558,2026-03-13T12:55:10+00:00,2026-03-13T12:55:10+00:00,0.0
1139,1,cmd/sha256sum,srd032,0.9701,159,571125,1,0,0.0,2026-03-13T14:07:48+00:00,2026-03-13T14:07:48+00:00,0.0
1142,1,cmd/sha256sum,srd032,1.3164,368,790642,1,0,0.0,2026-03-13T14:15:30+00:00,2026-03-13T14:15:30+00:00,0.0
1144,1,cmd/sha512sum,srd033,0.715,128,373161,1,0,0.0,2026-03-13T14:18:46+00:00,2026-03-13T14:18:46+00:00,0.0
1146,1,cmd/sha512sum,srd033,1.0523,137,806150,1,0,0.0,2026-03-13T14:22:26+00:00,2026-03-13T14:22:26+00:00,0.0
1148,1,cmd/sha512sum,srd033,1.6416,215,1846856,1,0,0.0,2026-03-13T14:27:49+00:00,2026-03-13T14:27:49+00:00,0.0
1150,1,cmd/sha512sum,srd033,1.2895,128,1342123,1,0,0.0,2026-03-13T14:31:16+00:00,2026-03-13T14:31:16+00:00,0.0
1152,1,cmd/ts,srd004,0.6054,74,494233,1,0,0.0,2026-03-13T14:34:03+00:00,2026-03-13T14:34:03+00:00,0.0
1154,1,cmd/ts,srd004,1.3245,365,814236,1,0,0.0,2026-03-13T14:41:35+00:00,2026-03-13T14:41:35+00:00,0.0
1156,1,cmd/ts,srd004,1.4525,285,1270062,1,0,0.0,2026-03-13T14:47:47+00:00,2026-03-13T14:47:47+00:00,0.0
1158,1,cmd/ts,srd004,1.4031,230,988831,1,0,0.0,2026-03-13T16:07:59+00:00,2026-03-13T16:07:59+00:00,0.0
1160,1,cmd/ts,srd004,0.9896,153,876079,1,0,0.0,2026-03-13T16:12:02+00:00,2026-03-13T16:12:02+00:00,0.0
1162,1,cmd/ts,srd004,3.3483,815,2970281,1,0,0.0,2026-03-13T16:27:02+00:00,2026-03-13T16:27:02+00:00,0.0
1164,1,cmd/ts,srd004,1.4932,233,1573583,1,0,0.0,2026-03-13T16:32:20+00:00,2026-03-13T16:32:20+00:00,0.0
1166,1,cmd/ts,srd004,1.1445,162,1182173,1,0,0.0,2026-03-13T16:36:35+00:00,2026-03-13T16:36:35+00:00,0.0
1168,1,cmd/mkdir,srd034,0.7929,143,501450,1,0,0.0,2026-03-13T21:51:28+00:00,2026-03-13T21:51:28+00:00,0.0
1170,1,cmd/mkdir,srd034,0.6896,88,536467,1,0,0.0,2026-03-13T21:54:41+00:00,2026-03-13T21:54:41+00:00,0.0
1172,1,cmd/mkdir,srd034,1.4669,384,869865,1,0,0.0,2026-03-13T22:02:45+00:00,2026-03-13T22:02:45+00:00,0.0
1174,1,cmd/mkdir,srd034,1.1591,260,895143,1,0,0.0,2026-03-13T22:08:17+00:00,2026-03-13T22:08:17+00:00,0.0
1176,1,cmd/rmdir,srd035,0.8942,118,769629,1,0,0.0,2026-03-13T22:11:34+00:00,2026-03-13T22:11:34+00:00,0.0
1178,1,cmd/rmdir,srd035,0.8893,282,857988,1,0,0.0,2026-03-13T22:17:32+00:00,2026-03-13T22:17:32+00:00,0.0
1180,1,cmd/rmdir,srd035,1.2822,267,1153443,1,0,0.0,2026-03-13T22:24:48+00:00,2026-03-13T22:24:48+00:00,0.0
1182,1,cmd/rmdir,srd035,1.2425,218,1262239,1,0,0.0,2026-03-13T22:31:22+00:00,2026-03-13T22:31:22+00:00,0.0
1184,1,cmd/ln,srd037,0.4898,38,262208,1,0,0.0,2026-03-13T22:34:06+00:00,2026-03-13T22:34:06+00:00,0.0
1186,1,cmd/ln,srd037,1.712,305,1499677,1,0,0.0,2026-03-13T22:40:29+00:00,2026-03-13T22:40:29+00:00,0.0
1188,1,cmd/ln,srd037,1.7454,450,966606,1,0,0.0,2026-03-13T22:49:23+00:00,2026-03-13T22:49:23+00:00,0.0
1190,1,cmd/ln,srd037,1.3707,226,1166886,1,0,0.0,2026-03-13T22:54:37+00:00,2026-03-13T22:54:37+00:00,0.0
1192,1,cmd/ln,srd037,0.8995,97,703703,1,0,0.0,2026-03-13T22:57:32+00:00,2026-03-13T22:57:32+00:00,0.0
1194,1,cmd/mktemp,srd036,0.692,76,704143,1,0,0.0,2026-03-13T23:00:30+00:00,2026-03-13T23:00:30+00:00,0.0
1196,1,cmd/mktemp,srd036,0.7791,161,441585,1,0,0.0,2026-03-13T23:04:25+00:00,2026-03-13T23:04:25+00:00,0.0
1198,1,cmd/mktemp,srd036,1.4849,441,826636,1,0,0.0,2026-03-13T23:13:50+00:00,2026-03-13T23:13:50+00:00,0.0
1200,1,cmd/mktemp,srd036,0.8873,169,567480,1,0,0.0,2026-03-14T00:55:26+00:00,2026-03-14T00:55:26+00:00,0.0
1202,1,cmd/mktemp,srd036,2.0177,318,1688560,1,0,0.0,2026-03-14T01:03:30+00:00,2026-03-14T01:03:30+00:00,0.0
1204,2,cmd/unlink,srd038,1.4821,224,1030629,1,1,0.4044,2026-03-14T01:08:02+00:00,2026-03-14T01:08:02+00:00,0.0
1209,1,cmd/unlink,srd038,0.7801,123,649774,1,0,0.0,2026-03-14T01:25:05+00:00,2026-03-14T01:25:05+00:00,0.0
1211,1,cmd/env,srd039,0.4811,61,300382,1,0,0.0,2026-03-14T01:27:15+00:00,2026-03-14T01:27:15+00:00,0.0
1213,1,cmd/env,srd039,1.7935,272,2108696,1,0,0.0,2026-03-14T01:33:04+00:00,2026-03-14T01:33:04+00:00,0.0
1215,1,cmd/env,srd039,0.8851,162,708427,1,0,0.0,2026-03-14T01:37:21+00:00,2026-03-14T01:37:21+00:00,0.0
1217,1,cmd/printenv,srd040,0.4566,47,331677,1,0,0.0,2026-03-14T01:39:34+00:00,2026-03-14T01:39:34+00:00,0.0
1219,1,cmd/printenv,srd040,0.5587,63,421095,1,0,0.0,2026-03-14T01:41:32+00:00,2026-03-14T01:41:32+00:00,0.0
1221,1,cmd/printenv,srd040,0.5911,62,519466,1,0,0.0,2026-03-14T01:43:27+00:00,2026-03-14T01:43:27+00:00,0.0
1223,2,cmd/groups,srd043,0.9973,132,702920,1,1,0.3607,2026-03-14T01:46:29+00:00,2026-03-14T01:46:29+00:00,0.0
1229,1,cmd/id,srd041,0.7478,118,646929,1,0,0.0,2026-03-14T01:53:45+00:00,2026-03-14T01:53:45+00:00,0.0
1231,1,cmd/id,srd041,0.9342,148,757796,1,0,0.0,2026-03-14T01:57:27+00:00,2026-03-14T01:57:27+00:00,0.0
1233,2,cmd/id,srd041,1.4524,283,1054568,1,1,0.5791,2026-03-14T02:01:22+00:00,2026-03-14T02:01:22+00:00,0.0
1237,1,cmd/whoami,srd042,0.4017,33,241835,1,0,0.0,2026-03-14T02:06:49+00:00,2026-03-14T02:06:49+00:00,0.0
1239,1,cmd/whoami,srd042,0.4768,74,258221,1,0,0.0,2026-03-14T02:09:38+00:00,2026-03-14T02:09:38+00:00,0.0
1244,1,cmd/sort,srd053,0.6361,104,340304,1,0,0.0,2026-03-14T02:34:16+00:00,2026-03-14T02:34:16+00:00,0.0
1246,1,cmd/sort,srd053,1.1359,110,1187434,1,0,0.0,2026-03-14T02:37:43+00:00,2026-03-14T02:37:43+00:00,0.0
1248,1,cmd/sort,srd053,2.0708,548,1392016,1,0,0.0,2026-03-14T02:48:13+00:00,2026-03-14T02:48:13+00:00,0.0
1250,1,cmd/sort,srd053,1.9628,524,1375385,1,0,0.0,2026-03-14T02:58:20+00:00,2026-03-14T02:58:20+00:00,0.0
1252,1,cmd/sort,srd053,3.4839,349,5008103,1,0,0.0,2026-03-14T03:06:01+00:00,2026-03-14T03:06:01+00:00,0.0
1254,1,cmd/tail,srd055,1.6161,207,1796240,1,0,0.0,2026-03-14T03:11:17+00:00,2026-03-14T03:11:17+00:00,0.0
1256,1,cmd/tail,srd055,0.9416,149,801723,1,0,0.0,2026-03-14T03:15:41+00:00,2026-03-14T03:15:41+00:00,0.0
1258,1,cmd/tail,srd055,0.5311,74,285467,1,0,0.0,2026-03-14T03:18:16+00:00,2026-03-14T03:18:16+00:00,0.0
1260,1,cmd/tail,srd055,1.2944,225,1271786,1,0,0.0,2026-03-14T03:23:30+00:00,2026-03-14T03:23:30+00:00,0.0
1262,1,cmd/tr,srd054,1.2619,253,920366,1,0,0.0,2026-03-14T03:29:09+00:00,2026-03-14T03:29:09+00:00,0.0
1264,1,cmd/tr,srd054,1.462,254,1479463,1,0,0.0,2026-03-14T03:34:46+00:00,2026-03-14T03:34:46+00:00,0.0
1266,1,cmd/tr,srd054,0.9397,148,700048,1,0,0.0,2026-03-14T03:39:00+00:00,2026-03-14T03:39:00+00:00,0.0
1268,1,cmd/tr,srd054,1.5029,169,1719136,1,0,0.0,2026-03-14T03:43:00+00:00,2026-03-14T03:43:00+00:00,0.0
1270,1,cmd/cp,srd056,1.3322,193,1472445,1,0,0.0,2026-03-14T03:47:37+00:00,2026-03-14T03:47:37+00:00,0.0
1272,1,cmd/cp,srd056,1.303,311,674504,1,0,0.0,2026-03-14T03:54:07+00:00,2026-03-14T03:54:07+00:00,0.0
1274,1,cmd/cp,srd056,1.8913,254,1969662,1,0,0.0,2026-03-14T03:59:40+00:00,2026-03-14T03:59:40+00:00,0.0
1276,1,cmd/cp,srd056,1.5108,226,1403816,1,0,0.0,2026-03-14T04:05:03+00:00,2026-03-14T04:05:03+00:00,0.0
1278,1,cmd/mv,srd057,1.6628,285,1371593,1,0,0.0,2026-03-14T04:11:39+00:00,2026-03-14T04:11:39+00:00,0.0
1280,1,cmd/mv,srd057,1.6101,326,1238527,1,0,0.0,2026-03-14T04:18:14+00:00,2026-03-14T04:18:14+00:00,0.0
1282,1,cmd/mv,srd057,1.5059,327,1025673,1,0,0.0,2026-03-14T04:24:56+00:00,2026-03-14T04:24:56+00:00,0.0
1284,1,cmd/mv,srd057,1.157,139,914255,1,0,0.0,2026-03-14T04:28:31+00:00,2026-03-14T04:28:31+00:00,0.0
1286,1,cmd/rm,srd058,1.08,196,759330,1,0,0.0,2026-03-14T04:33:06+00:00,2026-03-14T04:33:06+00:00,0.0
1288,1,cmd/rm,srd058,1.4888,444,521386,1,0,0.0,2026-03-14T04:41:32+00:00,2026-03-14T04:41:32+00:00,0.0
1290,1,cmd/rm,srd058,1.8183,571,716202,1,0,0.0,2026-03-14T04:52:39+00:00,2026-03-14T04:52:39+00:00,0.0
1292,1,cmd/rm,srd058,1.1599,134,1035646,1,0,0.0,2026-03-14T04:56:00+00:00,2026-03-14T04:56:00+00:00,0.0
1301,1,pkg/testutils,srd001,0.672,93,538905,1,0,0.0,2026-03-15T02:00:39+00:00,2026-03-15T02:00:39+00:00,0.0
1303,1,pkg/testutils,srd001,0.784,174,779771,1,0,0.0,2026-03-15T02:07:20+00:00,2026-03-15T02:07:20+00:00,0.0
1305,1,pkg/testutils,srd001,0.7847,103,731898,1,0,0.0,2026-03-15T02:21:20+00:00,2026-03-15T02:21:20+00:00,0.0
1307,1,pkg/testutils,srd001,0.8888,118,801950,1,0,0.0,2026-03-15T02:25:30+00:00,2026-03-15T02:25:30+00:00,0.0
1309,1,pkg/testutils,srd001,0.7155,138,404823,1,0,0.0,2026-03-15T02:29:29+00:00,2026-03-15T02:29:29+00:00,0.0
1311,1,pkg/testutils,srd001,0.8891,156,615852,1,0,0.0,2026-03-15T02:33:35+00:00,2026-03-15T02:33:35+00:00,0.0
1313,1,pkg/testutils,srd001,0.7326,116,647285,1,0,0.0,2026-03-15T02:36:58+00:00,2026-03-15T02:36:58+00:00,0.0
1315,1,pkg/sys,srd002,0.4226,68,213824,1,0,0.0,2026-03-15T02:41:53+00:00,2026-03-15T02:41:53+00:00,0.0
1317,1,pkg/sys,srd002,0.4447,67,343213,1,0,0.0,2026-03-15T02:44:15+00:00,2026-03-15T02:44:15+00:00,0.0
1319,2,pkg/sys,srd002,0.7555,117,436039,1,1,0.3246,2026-03-15T02:46:45+00:00,2026-03-15T02:46:45+00:00,0.0
1325,1,pkg/format,srd003,0.4108,72,263849,1,0,0.0,2026-03-15T02:53:04+00:00,2026-03-15T02:53:04+00:00,0.0
1333,1,pkg/testutils,srd001,0.4715,44,234182,1,0,0.0,2026-03-15T03:18:37+00:00,2026-03-15T03:18:37+00:00,0.0
1335,1,pkg/testutils,srd001,0.5102,54,242490,1,0,0.0,2026-03-15T03:20:59+00:00,2026-03-15T03:20:59+00:00,0.0
1337,1,pkg/testutils,srd001,0.4884,42,247908,1,0,0.0,2026-03-15T03:23:39+00:00,2026-03-15T03:23:39+00:00,0.0
1339,1,pkg/testutils,srd001,0.8323,118,534263,1,0,0.0,2026-03-15T03:26:59+00:00,2026-03-15T03:26:59+00:00,0.0
1342,1,pkg/testutils,srd001,1.1434,354,379046,1,0,0.0,2026-03-15T03:41:33+00:00,2026-03-15T03:41:33+00:00,0.0
1344,1,pkg/testutils,srd001,1.0833,157,867167,1,0,0.0,2026-03-15T03:48:30+00:00,2026-03-15T03:48:30+00:00,0.0
1346,1,pkg/testutils,srd001,0.753,115,506505,1,0,0.0,2026-03-15T03:50:37+00:00,2026-03-15T03:50:37+00:00,0.0
1348,1,pkg/sys,srd002,0.7119,101,344682,1,0,0.0,2026-03-15T03:52:31+00:00,2026-03-15T03:52:31+00:00,0.0
1350,1,pkg/sys,srd002,0.6122,58,344017,1,0,0.0,2026-03-15T03:57:36+00:00,2026-03-15T03:57:36+00:00,0.0
1354,1,pkg/sys,srd002,0.6297,104,312228,1,0,0.0,2026-03-15T04:02:21+00:00,2026-03-15T04:02:21+00:00,0.0
1356,1,pkg/sys,srd002,0.5652,76,247424,1,0,0.0,2026-03-15T04:03:48+00:00,2026-03-15T04:03:48+00:00,0.0
1359,1,pkg/sys,srd002,0.69,71,431792,1,0,0.0,2026-03-15T04:10:38+00:00,2026-03-15T04:10:38+00:00,0.0
1361,1,pkg/format,srd003,0.5839,67,358777,1,0,0.0,2026-03-15T04:11:59+00:00,2026-03-15T04:11:59+00:00,0.0
1363,1,pkg/format,srd003,0.6321,72,374489,1,0,0.0,2026-03-15T04:13:22+00:00,2026-03-15T04:13:22+00:00,0.0
1365,1,pkg/format,srd003,0.8889,111,639304,1,0,0.0,2026-03-15T04:18:41+00:00,2026-03-15T04:18:41+00:00,0.0
1367,1,pkg/format,srd003,0.917,121,742013,1,0,0.0,2026-03-15T04:22:57+00:00,2026-03-15T04:22:57+00:00,0.0
1370,1,pkg/format,srd003,1.0331,184,813901,1,0,0.0,2026-03-15T04:27:55+00:00,2026-03-15T04:27:55+00:00,0.0
1372,1,cmd/version,srd059,0.8046,113,667614,1,0,0.0,2026-03-15T04:29:59+00:00,2026-03-15T04:29:59+00:00,0.0
1374,1,cmd/true,srd013,0.8206,108,667485,1,0,0.0,2026-03-15T04:32:01+00:00,2026-03-15T04:32:01+00:00,0.0
1376,1,cmd/cat,srd006,0.5617,43,408995,1,0,0.0,2026-03-15T04:37:06+00:00,2026-03-15T04:37:06+00:00,0.0
1380,1,cmd/cat,srd006,1.4958,384,1044560,1,0,0.0,2026-03-15T04:48:45+00:00,2026-03-15T04:48:45+00:00,0.0
1384,1,cmd/cat,srd006,1.2551,224,938549,1,0,0.0,2026-03-15T04:56:47+00:00,2026-03-15T04:56:47+00:00,0.0
1388,1,cmd/cat,srd006,1.4236,226,1327757,1,0,0.0,2026-03-15T05:05:34+00:00,2026-03-15T05:05:34+00:00,0.0
1392,1,cmd/cat,srd006,0.763,69,565369,1,0,0.0,2026-03-15T05:12:10+00:00,2026-03-15T05:12:10+00:00,0.0
1414,1,pkg/testutils,srd001,0.575,59,369705,1,0,0.0,2026-03-15T18:42:29+00:00,2026-03-15T18:42:29+00:00,0.0
1416,1,pkg/testutils,srd001,0.584,61,320938,1,0,0.0,2026-03-15T18:44:56+00:00,2026-03-15T18:44:56+00:00,0.0
1418,2,pkg/testutils,srd001,1.1272,123,593068,1,1,0.4896,2026-03-15T18:47:43+00:00,2026-03-15T18:47:43+00:00,0.0
1422,1,pkg/testutils,srd001,0.6942,70,468352,1,0,0.0,2026-03-15T18:54:57+00:00,2026-03-15T18:54:57+00:00,0.0
1424,1,pkg/testutils,srd001,0.8909,145,703934,1,0,0.0,2026-03-15T18:58:28+00:00,2026-03-15T18:58:28+00:00,0.0
1427,1,pkg/testutils,srd001,1.4154,197,1409515,1,0,0.0,2026-03-15T19:03:58+00:00,2026-03-15T19:03:58+00:00,0.0
1429,1,pkg/sys,srd002,0.8067,132,360664,1,0,0.0,2026-03-15T19:20:44+00:00,2026-03-15T19:20:44+00:00,0.0
1432,1,pkg/sys,srd002,0.7492,91,518365,1,0,0.0,2026-03-15T19:23:42+00:00,2026-03-15T19:23:42+00:00,0.0
1435,1,pkg/sys,srd002,0.6566,124,390690,1,0,0.0,2026-03-15T19:26:57+00:00,2026-03-15T19:26:57+00:00,0.0
1438,1,pkg/sys,srd002,0.8688,140,565898,0,1,0.8688,2026-03-15T22:21:51+00:00,2026-03-15T22:21:51+00:00,0.0
1441,1,pkg/sys,srd002,0.7557,98,443596,1,0,0.0,2026-03-15T22:25:15+00:00,2026-03-15T22:25:15+00:00,0.0
1444,1,pkg/format,srd003,0.5162,43,295266,1,0,0.0,2026-03-15T22:27:14+00:00,2026-03-15T22:27:14+00:00,0.0
1447,1,pkg/format,srd003,0.5975,72,317866,1,0,0.0,2026-03-15T22:29:31+00:00,2026-03-15T22:29:31+00:00,0.0
1450,2,pkg/format,srd003,1.5041,166,961339,1,1,0.7313,2026-03-15T22:32:22+00:00,2026-03-15T22:32:22+00:00,0.0
1456,1,pkg/format,srd003,0.7972,124,502690,1,0,0.0,2026-03-15T22:53:16+00:00,2026-03-15T22:53:16+00:00,0.0
1459,1,cmd/version,srd059,0.6495,80,494044,1,0,0.0,2026-03-15T22:55:42+00:00,2026-03-15T22:55:42+00:00,0.0
1462,1,cmd/cat,srd006,0.5207,40,307337,1,0,0.0,2026-03-15T22:57:31+00:00,2026-03-15T22:57:31+00:00,0.0
1465,1,cmd/version,srd059,0.7633,192,451849,1,0,0.0,2026-03-15T23:03:23+00:00,2026-03-15T23:03:23+00:00,0.0
1468,1,cmd/cat,srd006,0.9341,128,688953,1,0,0.0,2026-03-15T23:06:39+00:00,2026-03-15T23:06:39+00:00,0.0
1471,1,cmd/cat,srd006,1.1875,153,1074915,1,0,0.0,2026-03-15T23:10:23+00:00,2026-03-15T23:10:23+00:00,0.0
1474,1,cmd/cat,srd006,1.5195,223,1465077,1,0,0.0,2026-03-15T23:46:23+00:00,2026-03-15T23:46:23+00:00,0.0
1477,1,cmd/cat,srd006,0.5749,41,342315,1,0,0.0,2026-03-15T23:49:01+00:00,2026-03-15T23:49:01+00:00,0.0
1480,1,cmd/cat,srd006,1.9633,500,1614980,1,0,0.0,2026-03-15T23:59:06+00:00,2026-03-15T23:59:06+00:00,0.0
1483,1,cmd/cat,srd006,1.0119,198,836044,1,0,0.0,2026-03-16T00:04:13+00:00,2026-03-16T00:04:13+00:00,0.0
1486,1,cmd/sponge,srd007,1.1506,237,656463,1,0,0.0,2026-03-16T00:09:41+00:00,2026-03-16T00:09:41+00:00,0.0
1489,1,cmd/sponge,srd007,0.9298,154,633076,1,0,0.0,2026-03-16T00:13:58+00:00,2026-03-16T00:13:58+00:00,0.0
1492,1,cmd/sponge,srd007,1.3278,307,862214,1,0,0.0,2026-03-16T00:20:26+00:00,2026-03-16T00:20:26+00:00,0.0
1495,1,cmd/sponge,srd007,0.983,130,710134,1,0,0.0,2026-03-16T00:24:09+00:00,2026-03-16T00:24:09+00:00,0.0
1498,1,cmd/sponge,srd007,1.2817,285,711149,1,0,0.0,2026-03-16T00:31:02+00:00,2026-03-16T00:31:02+00:00,0.0
1501,1,cmd/sponge,srd007,1.122,195,760950,1,0,0.0,2026-03-16T00:36:15+00:00,2026-03-16T00:36:15+00:00,0.0
1504,2,cmd/du,srd009,2.9979,734,1861631,1,1,0.611,2026-03-16T00:48:38+00:00,2026-03-16T00:48:38+00:00,0.0
1512,1,cmd/du,srd009,1.1556,156,1100107,1,0,0.0,2026-03-16T00:55:55+00:00,2026-03-16T00:55:55+00:00,0.0
1515,1,cmd/du,srd009,1.8694,348,1873762,1,0,0.0,2026-03-16T01:03:34+00:00,2026-03-16T01:03:34+00:00,0.0
1518,1,cmd/du,srd009,3.0702,469,3888227,1,0,0.0,2026-03-16T01:12:34+00:00,2026-03-16T01:12:34+00:00,0.0
1521,1,cmd/true,srd013,0.9407,77,843799,1,0,0.0,2026-03-16T01:15:39+00:00,2026-03-16T01:15:39+00:00,0.0
1524,2,cmd/true,srd013,1.2991,163,839849,1,1,0.4729,2026-03-16T01:18:59+00:00,2026-03-16T01:18:59+00:00,0.0
1530,1,cmd/false,srd014,0.8921,169,538741,1,0,0.0,2026-03-16T01:24:36+00:00,2026-03-16T01:24:36+00:00,0.0
1533,1,cmd/false,srd014,1.2998,231,1300139,1,0,0.0,2026-03-16T01:29:53+00:00,2026-03-16T01:29:53+00:00,0.0
1536,1,cmd/false,srd014,0.9276,138,732780,1,0,0.0,2026-03-16T01:33:44+00:00,2026-03-16T01:33:44+00:00,0.0
1539,1,cmd/basename,srd015,0.5102,39,303504,1,0,0.0,2026-03-16T01:35:29+00:00,2026-03-16T01:35:29+00:00,0.0
1542,1,cmd/basename,srd015,0.8086,103,595566,1,0,0.0,2026-03-16T01:38:40+00:00,2026-03-16T01:38:40+00:00,0.0
1545,1,cmd/basename,srd015,0.6273,80,394455,1,0,0.0,2026-03-16T01:41:30+00:00,2026-03-16T01:41:30+00:00,0.0
1548,1,cmd/basename,srd015,0.9174,83,762022,1,0,0.0,2026-03-16T01:44:27+00:00,2026-03-16T01:44:27+00:00,0.0
1551,1,cmd/dirname,srd016,0.6775,103,342013,1,0,0.0,2026-03-16T01:47:50+00:00,2026-03-16T01:47:50+00:00,0.0
1554,1,cmd/dirname,srd016,0.6457,93,408962,1,0,0.0,2026-03-16T01:56:57+00:00,2026-03-16T01:56:57+00:00,0.0
1557,2,cmd/dirname,srd016,1.2802,147,807511,1,1,0.53,2026-03-16T02:01:00+00:00,2026-03-16T02:01:00+00:00,0.0
1563,1,cmd/yes,srd012,1.0771,171,1013602,1,0,0.0,2026-03-16T02:07:03+00:00,2026-03-16T02:07:03+00:00,0.0
1566,1,cmd/yes,srd012,1.1541,296,1185484,1,0,0.0,2026-03-16T02:13:46+00:00,2026-03-16T02:13:46+00:00,0.0
1569,1,cmd/yes,srd012,0.8021,143,571301,1,0,0.0,2026-03-16T02:17:40+00:00,2026-03-16T02:17:40+00:00,0.0
1572,1,cmd/tee,srd017,1.0234,156,597669,1,0,0.0,2026-03-16T02:21:48+00:00,2026-03-16T02:21:48+00:00,0.0
1575,1,cmd/tee,srd017,0.798,96,553288,1,0,0.0,2026-03-16T02:24:31+00:00,2026-03-16T02:24:31+00:00,0.0
1578,1,cmd/tee,srd017,1.148,243,622804,1,0,0.0,2026-03-16T02:29:42+00:00,2026-03-16T02:29:42+00:00,0.0
1581,1,cmd/tee,srd017,1.1505,117,1074514,1,0,0.0,2026-03-16T02:33:03+00:00,2026-03-16T02:33:03+00:00,0.0
1584,1,cmd/head,srd018,2.1009,262,2204234,1,0,0.0,2026-03-16T02:38:54+00:00,2026-03-16T02:38:54+00:00,0.0
1587,1,cmd/head,srd018,0.8161,99,577519,1,0,0.0,2026-03-16T02:42:00+00:00,2026-03-16T02:42:00+00:00,0.0
1590,1,cmd/head,srd018,0.8221,144,519102,1,0,0.0,2026-03-16T02:45:36+00:00,2026-03-16T02:45:36+00:00,0.0
1593,2,cmd/head,srd018,1.5489,159,1064301,1,1,0.6034,2026-03-16T02:48:54+00:00,2026-03-16T02:48:54+00:00,0.0
1599,1,cmd/seq,srd019,1.7596,397,1289995,1,0,0.0,2026-03-16T02:59:53+00:00,2026-03-16T02:59:53+00:00,0.0
1602,1,cmd/seq,srd019,1.6592,500,526754,1,0,0.0,2026-03-16T03:09:55+00:00,2026-03-16T03:09:55+00:00,0.0
1605,1,cmd/seq,srd019,1.9663,309,1934540,1,0,0.0,2026-03-16T03:16:35+00:00,2026-03-16T03:16:35+00:00,0.0
1608,1,cmd/seq,srd019,0.9827,126,813274,1,0,0.0,2026-03-16T03:20:03+00:00,2026-03-16T03:20:03+00:00,0.0
1611,1,cmd/seq,srd019,0.7068,70,438550,1,0,0.0,2026-03-16T03:22:46+00:00,2026-03-16T03:22:46+00:00,0.0
1614,1,cmd/wc,srd005,2.8433,475,3232986,1,0,0.0,2026-03-16T03:31:50+00:00,2026-03-16T03:31:50+00:00,0.0
1617,1,cmd/wc,srd005,0.9511,145,746364,1,0,0.0,2026-03-16T03:36:13+00:00,2026-03-16T03:36:13+00:00,0.0
1620,1,cmd/wc,srd005,0.7036,86,430059,1,0,0.0,2026-03-16T03:39:24+00:00,2026-03-16T03:39:24+00:00,0.0
1623,1,cmd/uname,srd044,1.1401,156,1002068,1,0,0.0,2026-03-16T03:43:02+00:00,2026-03-16T03:43:02+00:00,0.0
1626,1,cmd/uname,srd044,2.0707,373,2409052,1,0,0.0,2026-03-16T03:50:22+00:00,2026-03-16T03:50:22+00:00,0.0
1629,1,cmd/wc,srd005,1.9009,200,2423923,1,0,0.0,2026-03-16T03:55:07+00:00,2026-03-16T03:55:07+00:00,0.0
1632,1,cmd/wc,srd005,1.633,199,1805511,1,0,0.0,2026-03-16T03:59:56+00:00,2026-03-16T03:59:56+00:00,0.0
1635,1,cmd/wc,srd005,0.8795,128,622568,1,0,0.0,2026-03-16T04:03:28+00:00,2026-03-16T04:03:28+00:00,0.0
1638,2,cmd/uname,srd044,2.7656,349,2969180,1,1,0.6559,2026-03-16T04:09:15+00:00,2026-03-16T04:09:15+00:00,0.0
1644,1,cmd/arch,srd045,0.6689,59,467517,1,0,0.0,2026-03-16T04:14:35+00:00,2026-03-16T04:14:35+00:00,0.0
1647,1,cmd/arch,srd045,0.6387,92,330930,1,0,0.0,2026-03-16T04:17:34+00:00,2026-03-16T04:17:34+00:00,0.0
1650,1,cmd/nproc,srd046,1.2868,183,1349653,1,0,0.0,2026-03-16T04:21:41+00:00,2026-03-16T04:21:41+00:00,0.0
1653,1,cmd/nproc,srd046,0.55,69,257585,1,0,0.0,2026-03-16T04:23:41+00:00,2026-03-16T04:23:41+00:00,0.0
1656,1,cmd/nproc,srd046,0.6332,86,334530,1,0,0.0,2026-03-16T04:26:11+00:00,2026-03-16T04:26:11+00:00,0.0
1659,2,cmd/hostname,srd047,1.0606,102,507159,1,1,0.5065,2026-03-16T04:27:53+00:00,2026-03-16T04:27:53+00:00,0.0
1665,1,cmd/hostid,srd048,0.8437,81,823173,1,0,0.0,2026-03-16T04:32:17+00:00,2026-03-16T04:32:17+00:00,0.0
1668,1,cmd/hostid,srd048,0.7673,92,611040,1,0,0.0,2026-03-16T04:34:49+00:00,2026-03-16T04:34:49+00:00,0.0
1671,1,cmd/ls,srd008,0.7299,65,511796,1,0,0.0,2026-03-16T04:37:38+00:00,2026-03-16T04:37:38+00:00,0.0
1674,1,cmd/ls,srd008,2.8021,739,2132235,1,0,0.0,2026-03-16T04:51:07+00:00,2026-03-16T04:51:07+00:00,0.0
1677,1,cmd/ls,srd008,1.4735,152,1542292,1,0,0.0,2026-03-16T04:54:47+00:00,2026-03-16T04:54:47+00:00,0.0
1680,2,cmd/ls,srd008,2.9119,629,1967637,1,1,0.7094,2026-03-16T05:05:24+00:00,2026-03-16T05:05:24+00:00,0.0
1686,1,cmd/ls,srd008,2.603,371,2732348,1,0,0.0,2026-03-16T05:15:50+00:00,2026-03-16T05:15:50+00:00,0.0
1689,1,cmd/ls,srd008,3.3512,796,3728996,1,0,0.0,2026-03-16T05:45:48+00:00,2026-03-16T05:45:48+00:00,0.0
1692,1,cmd/ls,srd008,1.6838,166,1889731,1,0,0.0,2026-03-16T05:50:05+00:00,2026-03-16T05:50:05+00:00,0.0
1695,1,cmd/ls,srd008,3.2802,539,3546202,1,0,0.0,2026-03-16T06:00:43+00:00,2026-03-16T06:00:43+00:00,0.0
1698,1,cmd/ls,srd008,3.69,588,4246177,1,0,0.0,2026-03-16T06:11:48+00:00,2026-03-16T06:11:48+00:00,0.0
1701,1,cmd/ls,srd008,1.2244,134,912488,1,0,0.0,2026-03-16T06:15:27+00:00,2026-03-16T06:15:27+00:00,0.0
1704,1,cmd/ls,srd008,2.7404,265,3577107,1,0,0.0,2026-03-16T06:21:31+00:00,2026-03-16T06:21:31+00:00,0.0
1707,1,cmd/ls,srd008,5.4986,789,7375171,1,0,0.0,2026-03-16T06:36:01+00:00,2026-03-16T06:36:01+00:00,0.0
1710,1,cmd/ls,srd008,1.5049,202,1341426,1,0,0.0,2026-03-16T06:40:34+00:00,2026-03-16T06:40:34+00:00,0.0
1713,1,cmd/ls,srd008,1.7838,149,1996248,1,0,0.0,2026-03-16T06:44:26+00:00,2026-03-16T06:44:26+00:00,0.0
1716,1,cmd/realpath,srd049,1.2161,154,1222517,1,0,0.0,2026-03-16T06:48:23+00:00,2026-03-16T06:48:23+00:00,0.0
1719,1,cmd/realpath,srd049,1.0037,207,567212,1,0,0.0,2026-03-16T06:53:07+00:00,2026-03-16T06:53:07+00:00,0.0
1722,1,cmd/realpath,srd049,1.4098,211,1410597,1,0,0.0,2026-03-16T06:58:10+00:00,2026-03-16T06:58:10+00:00,0.0
1725,1,cmd/realpath,srd049,0.8974,102,794394,1,0,0.0,2026-03-16T07:01:15+00:00,2026-03-16T07:01:15+00:00,0.0
1728,1,cmd/readlink,srd050,0.9257,130,717927,1,0,0.0,2026-03-16T07:04:28+00:00,2026-03-16T07:04:28+00:00,0.0
1731,1,cmd/readlink,srd050,1.3948,207,1308004,1,0,0.0,2026-03-16T07:09:07+00:00,2026-03-16T07:09:07+00:00,0.0
1734,1,cmd/readlink,srd050,1.5528,235,1703081,1,0,0.0,2026-03-16T07:14:37+00:00,2026-03-16T07:14:37+00:00,0.0
1737,1,cmd/readlink,srd050,1.1389,96,1129646,1,0,0.0,2026-03-16T07:17:43+00:00,2026-03-16T07:17:43+00:00,0.0
1740,1,cmd/pwd,srd051,0.8311,126,643781,1,0,0.0,2026-03-16T07:20:57+00:00,2026-03-16T07:20:57+00:00,0.0
1743,1,cmd/pwd,srd051,1.1038,152,952946,1,0,0.0,2026-03-16T07:24:36+00:00,2026-03-16T07:24:36+00:00,0.0
1746,2,cmd/tty,srd052,2.0377,317,1623191,1,1,0.5731,2026-03-16T07:30:17+00:00,2026-03-16T07:30:17+00:00,0.0
1755,1,cmd/logname,srd053,0.7463,46,478941,1,0,0.0,2026-03-16T07:36:20+00:00,2026-03-16T07:36:20+00:00,0.0
1758,1,cmd/logname,srd053,0.8998,139,753190,1,0,0.0,2026-03-16T07:40:23+00:00,2026-03-16T07:40:23+00:00,0.0
1761,1,cmd/logname,srd053,0.7783,113,546355,1,0,0.0,2026-03-16T07:43:53+00:00,2026-03-16T07:43:53+00:00,0.0
1764,1,cmd/echo,srd020,0.5237,63,313505,1,0,0.0,2026-03-16T07:46:34+00:00,2026-03-16T07:46:34+00:00,0.0
1767,1,cmd/echo,srd020,0.6884,87,447974,1,0,0.0,2026-03-16T07:49:11+00:00,2026-03-16T07:49:11+00:00,0.0
1770,1,cmd/echo,srd020,0.8806,166,804998,1,0,0.0,2026-03-16T07:53:34+00:00,2026-03-16T07:53:34+00:00,0.0
1773,1,cmd/echo,srd020,0.8259,107,631950,1,0,0.0,2026-03-16T07:56:48+00:00,2026-03-16T07:56:48+00:00,0.0
1776,1,cmd/tac,srd021,0.9044,119,669579,1,0,0.0,2026-03-16T07:59:59+00:00,2026-03-16T07:59:59+00:00,0.0
1781,1,cmd/tac,srd021,0.8985,160,495463,1,0,0.0,2026-03-16T08:04:10+00:00,2026-03-16T08:04:10+00:00,0.0
1784,1,cmd/tac,srd021,1.8013,285,2000769,1,0,0.0,2026-03-16T08:09:54+00:00,2026-03-16T08:09:54+00:00,0.0
1787,1,cmd/tac,srd021,0.9773,123,946827,1,0,0.0,2026-03-16T08:13:20+00:00,2026-03-16T08:13:20+00:00,0.0
1790,1,cmd/nl,srd022,1.2741,181,1201547,1,0,0.0,2026-03-16T08:17:52+00:00,2026-03-16T08:17:52+00:00,0.0
1793,1,cmd/nl,srd022,0.8028,103,550355,1,0,0.0,2026-03-16T08:21:03+00:00,2026-03-16T08:21:03+00:00,0.0
1796,1,cmd/nl,srd022,1.63,342,1389449,1,0,0.0,2026-03-16T08:28:06+00:00,2026-03-16T08:28:06+00:00,0.0
1799,1,cmd/nl,srd022,2.0648,477,2074074,1,0,0.0,2026-03-16T08:52:20+00:00,2026-03-16T08:52:20+00:00,0.0
1802,1,cmd/fold,srd023,0.7486,109,426958,1,0,0.0,2026-03-16T08:55:39+00:00,2026-03-16T08:55:39+00:00,0.0
1805,1,cmd/fold,srd023,1.7089,319,1754232,1,0,0.0,2026-03-16T09:02:28+00:00,2026-03-16T09:02:28+00:00,0.0
1808,1,cmd/fold,srd023,1.014,154,932318,1,0,0.0,2026-03-16T09:06:22+00:00,2026-03-16T09:06:22+00:00,0.0
1813,1,cmd/fold,srd023,0.7359,95,366807,1,0,0.0,2026-03-16T09:09:43+00:00,2026-03-16T09:09:43+00:00,0.0
1816,1,cmd/expand,srd024,0.9228,145,764114,1,0,0.0,2026-03-16T09:13:44+00:00,2026-03-16T09:13:44+00:00,0.0
1819,1,cmd/expand,srd024,1.4626,260,1370854,1,0,0.0,2026-03-16T09:19:18+00:00,2026-03-16T09:19:18+00:00,0.0
1822,1,cmd/expand,srd024,0.9788,134,787264,1,0,0.0,2026-03-16T09:22:47+00:00,2026-03-16T09:22:47+00:00,0.0
1825,1,cmd/expand,srd024,1.5186,237,1591497,1,0,0.0,2026-03-16T09:27:50+00:00,2026-03-16T09:27:50+00:00,0.0
1828,1,cmd/unexpand,srd025,1.3835,312,855576,1,0,0.0,2026-03-16T09:34:43+00:00,2026-03-16T09:34:43+00:00,0.0
1831,1,cmd/unexpand,srd025,1.0629,181,767116,1,0,0.0,2026-03-16T09:39:10+00:00,2026-03-16T09:39:10+00:00,0.0
1834,1,cmd/unexpand,srd025,0.8622,116,619317,1,0,0.0,2026-03-16T09:42:26+00:00,2026-03-16T09:42:26+00:00,0.0
1837,1,cmd/unexpand,srd025,2.0017,318,2080475,1,0,0.0,2026-03-16T09:48:49+00:00,2026-03-16T09:48:49+00:00,0.0
1840,1,cmd/cut,srd026,1.8945,270,2045176,1,0,0.0,2026-03-16T09:54:29+00:00,2026-03-16T09:54:29+00:00,0.0
1843,1,cmd/cut,srd026,0.8297,128,593399,1,0,0.0,2026-03-16T09:57:40+00:00,2026-03-16T09:57:40+00:00,0.0
1846,1,cmd/cut,srd026,0.7942,88,600478,1,0,0.0,2026-03-16T10:00:11+00:00,2026-03-16T10:00:11+00:00,0.0
1849,1,cmd/cut,srd026,3.1903,359,4386800,1,0,0.0,2026-03-16T10:07:17+00:00,2026-03-16T10:07:17+00:00,0.0
1852,1,cmd/paste,srd027,0.8463,110,480372,1,0,0.0,2026-03-16T10:10:16+00:00,2026-03-16T10:10:16+00:00,0.0
1855,1,cmd/paste,srd027,1.0847,160,869307,1,0,0.0,2026-03-16T10:14:27+00:00,2026-03-16T10:14:27+00:00,0.0
1858,1,cmd/paste,srd027,0.7079,74,486795,1,0,0.0,2026-03-16T10:17:04+00:00,2026-03-16T10:17:04+00:00,0.0
1861,1,cmd/paste,srd027,1.6824,189,1925106,1,0,0.0,2026-03-16T10:21:28+00:00,2026-03-16T10:21:28+00:00,0.0
1864,1,cmd/uniq,srd028,1.5241,169,1655253,1,0,0.0,2026-03-16T10:25:25+00:00,2026-03-16T10:25:25+00:00,0.0
1867,1,cmd/uniq,srd028,1.0142,216,521484,1,0,0.0,2026-03-16T10:30:33+00:00,2026-03-16T10:30:33+00:00,0.0
1870,1,cmd/uniq,srd028,1.2666,207,1073776,1,0,0.0,2026-03-16T10:35:28+00:00,2026-03-16T10:35:28+00:00,0.0
1873,1,cmd/uniq,srd028,2.6824,364,3248990,1,0,0.0,2026-03-16T10:42:58+00:00,2026-03-16T10:42:58+00:00,0.0
1876,1,cmd/comm,srd029,0.9592,143,506637,1,0,0.0,2026-03-16T10:46:31+00:00,2026-03-16T10:46:31+00:00,0.0
1879,1,cmd/comm,srd029,1.9467,334,1794302,1,0,0.0,2026-03-16T10:53:07+00:00,2026-03-16T10:53:07+00:00,0.0
1882,1,cmd/comm,srd029,1.3,162,1313953,1,0,0.0,2026-03-16T10:56:55+00:00,2026-03-16T10:56:55+00:00,0.0
1885,1,cmd/comm,srd029,1.911,243,1890365,1,0,0.0,2026-03-16T11:02:12+00:00,2026-03-16T11:02:12+00:00,0.0
1888,1,cmd/md5sum,srd030,1.0596,165,998352,1,0,0.0,2026-03-16T11:06:32+00:00,2026-03-16T11:06:32+00:00,0.0
1891,1,cmd/md5sum,srd030,1.2229,175,1147699,1,0,0.0,2026-03-16T11:10:39+00:00,2026-03-16T11:10:39+00:00,0.0
1894,1,cmd/md5sum,srd030,1.6101,213,1823920,1,0,0.0,2026-03-16T11:15:44+00:00,2026-03-16T11:15:44+00:00,0.0
1897,1,cmd/md5sum,srd030,1.1487,156,1111268,1,0,0.0,2026-03-16T11:19:20+00:00,2026-03-16T11:19:20+00:00,0.0
1900,1,cmd/sha1sum,srd031,0.7294,99,429095,1,0,0.0,2026-03-16T11:22:33+00:00,2026-03-16T11:22:33+00:00,0.0
1903,1,cmd/sha1sum,srd031,0.9074,158,467929,1,0,0.0,2026-03-16T11:26:13+00:00,2026-03-16T11:26:13+00:00,0.0
1906,1,cmd/sha1sum,srd031,1.3269,155,1329551,1,0,0.0,2026-03-16T11:29:56+00:00,2026-03-16T11:29:56+00:00,0.0
1909,1,cmd/sha1sum,srd031,1.2395,128,1231521,1,0,0.0,2026-03-16T11:33:22+00:00,2026-03-16T11:33:22+00:00,0.0
1912,1,cmd/sha256sum,srd032,0.728,112,364534,1,0,0.0,2026-03-16T11:36:23+00:00,2026-03-16T11:36:23+00:00,0.0
1915,1,cmd/sha256sum,srd032,0.8864,127,529354,1,0,0.0,2026-03-16T11:39:38+00:00,2026-03-16T11:39:38+00:00,0.0
1918,1,cmd/sha256sum,srd032,1.0377,114,919649,1,0,0.0,2026-03-16T11:42:33+00:00,2026-03-16T11:42:33+00:00,0.0
1921,1,cmd/sha256sum,srd032,1.2561,196,1293102,1,0,0.0,2026-03-16T11:46:57+00:00,2026-03-16T11:46:57+00:00,0.0
1924,1,cmd/sha512sum,srd033,0.9074,125,730812,1,0,0.0,2026-03-16T11:50:06+00:00,2026-03-16T11:50:06+00:00,0.0
1927,1,cmd/sha512sum,srd033,0.8436,121,462641,1,0,0.0,2026-03-16T11:53:13+00:00,2026-03-16T11:53:13+00:00,0.0
1932,1,cmd/sha512sum,srd033,1.0969,189,968231,1,0,0.0,2026-03-16T11:58:31+00:00,2026-03-16T11:58:31+00:00,0.0
1935,1,cmd/sha512sum,srd033,1.3686,166,1440470,1,0,0.0,2026-03-16T12:02:37+00:00,2026-03-16T12:02:37+00:00,0.0
1938,1,cmd/ts,srd004,1.0382,122,792102,1,0,0.0,2026-03-16T12:06:01+00:00,2026-03-16T12:06:01+00:00,0.0
1941,1,cmd/ts,srd004,1.0044,140,864907,1,0,0.0,2026-03-16T12:09:23+00:00,2026-03-16T12:09:23+00:00,0.0
1944,1,cmd/ts,srd004,0.9811,138,801114,1,0,0.0,2026-03-16T12:13:29+00:00,2026-03-16T12:13:29+00:00,0.0
1947,2,cmd/ts,srd004,1.8869,445,1526780,1,1,0.5508,2026-03-16T12:19:41+00:00,2026-03-16T12:19:41+00:00,0.0
1953,1,cmd/ts,srd004,0.7883,106,504278,1,0,0.0,2026-03-16T12:35:26+00:00,2026-03-16T12:35:26+00:00,0.0
1964,1,cmd/ts,srd004,1.7296,419,2245957,1,0,0.0,2026-03-16T18:20:50+00:00,2026-03-16T18:20:50+00:00,0.0
1971,1,cmd/ts,srd004,0.9634,103,818518,1,0,0.0,2026-03-16T18:25:14+00:00,2026-03-16T18:25:14+00:00,0.0
1974,1,cmd/ts,srd004,1.4033,162,1542821,1,0,0.0,2026-03-16T18:29:08+00:00,2026-03-16T18:29:08+00:00,0.0
1977,1,cmd/ts,srd004,1.0026,123,629511,1,0,0.0,2026-03-16T18:32:59+00:00,2026-03-16T18:32:59+00:00,0.0
1980,1,cmd/mkdir,srd034,2.24,569,1217087,1,0,0.0,2026-03-16T18:45:35+00:00,2026-03-16T18:45:35+00:00,0.0
1983,1,cmd/mkdir,srd034,0.9066,124,661276,1,0,0.0,2026-03-16T18:48:39+00:00,2026-03-16T18:48:39+00:00,0.0
1986,1,cmd/mkdir,srd034,1.0613,215,1307639,1,0,0.0,2026-03-16T18:53:53+00:00,2026-03-16T18:53:53+00:00,0.0
1991,1,cmd/mkdir,srd034,0.5649,92,633272,1,0,0.0,2026-03-16T18:57:27+00:00,2026-03-16T18:57:27+00:00,0.0
1996,1,cmd/rmdir,srd035,1.0518,154,838882,1,0,0.0,2026-03-16T19:01:20+00:00,2026-03-16T19:01:20+00:00,0.0
2000,1,cmd/rmdir,srd035,0.7111,92,473786,1,0,0.0,2026-03-16T19:04:35+00:00,2026-03-16T19:04:35+00:00,0.0
2003,1,cmd/rmdir,srd035,2.0154,235,2357115,1,0,0.0,2026-03-16T19:10:06+00:00,2026-03-16T19:10:06+00:00,0.0
2008,1,cmd/rmdir,srd035,0.5245,96,554618,1,0,0.0,2026-03-16T19:13:19+00:00,2026-03-16T19:13:19+00:00,0.0
2012,1,cmd/mktemp,srd036,1.4822,224,1346044,1,0,0.0,2026-03-16T19:18:54+00:00,2026-03-16T19:18:54+00:00,0.0
2017,1,cmd/mktemp,srd036,1.2676,203,1047098,1,0,0.0,2026-03-16T19:23:24+00:00,2026-03-16T19:23:24+00:00,0.0
2022,1,cmd/mktemp,srd036,0.8091,157,930827,1,0,0.0,2026-03-16T19:27:26+00:00,2026-03-16T19:27:26+00:00,0.0
2027,1,cmd/mktemp,srd036,1.3822,216,1783361,1,0,0.0,2026-03-16T19:32:44+00:00,2026-03-16T19:32:44+00:00,0.0
2032,1,cmd/mktemp,srd036,0.8408,187,849406,1,0,0.0,2026-03-16T19:37:30+00:00,2026-03-16T19:37:30+00:00,0.0
2037,1,cmd/ln,srd037,0.9698,155,533512,1,0,0.0,2026-03-16T19:41:36+00:00,2026-03-16T19:41:36+00:00,0.0
2040,1,cmd/ln,srd037,1.0662,206,902580,1,0,0.0,2026-03-16T19:46:22+00:00,2026-03-16T19:46:22+00:00,0.0
2045,1,cmd/ln,srd037,1.784,353,1605632,1,0,0.0,2026-03-16T22:21:11+00:00,2026-03-16T22:21:11+00:00,0.0
2053,1,cmd/ln,srd037,0.6593,115,657419,1,0,0.0,2026-03-16T22:24:34+00:00,2026-03-16T22:24:34+00:00,0.0
2059,1,cmd/ln,srd037,1.112,144,787890,1,0,0.0,2026-03-16T22:28:14+00:00,2026-03-16T22:28:14+00:00,0.0
2121,1,cmd/unlink,srd038,0.4153,69,647999,1,0,0.0,2026-03-17T02:37:21+00:00,2026-03-17T02:37:21+00:00,0.0
2134,5,cmd/unlink,srd038,6.8619,1256,9561320,5,0,5.5308,2026-03-17T02:18:08+00:00,2026-03-17T02:18:08+00:00,0.0
2615,1,pkg/testutils,srd001,0.8803,180,544650,1,0,0.0,2026-03-17T05:25:04+00:00,2026-03-17T05:25:04+00:00,0.0
2616,2,pkg/testutils,srd001,1.1464,112,657795,1,1,0.4842,2026-03-17T05:26:29+00:00,2026-03-17T05:26:29+00:00,0.0
2619,1,pkg/testutils,srd001,1.0782,186,790171,1,0,0.0,2026-03-17T05:35:25+00:00,2026-03-17T05:35:25+00:00,0.0
2621,1,pkg/testutils,srd001,1.011,224,686511,1,0,0.0,2026-03-17T05:42:25+00:00,2026-03-17T05:42:25+00:00,0.0
2632,1,pkg/testutils,srd001,0.4731,33,292914,1,0,0.0,2026-03-18T02:04:45+00:00,2026-03-18T02:04:45+00:00,0.0
2633,1,pkg/sys,srd002,0.5506,41,419064,1,0,0.0,2026-03-18T02:05:37+00:00,2026-03-18T02:05:37+00:00,0.0
2634,1,pkg/format,srd003,0.4219,28,179698,1,0,0.0,2026-03-18T02:06:18+00:00,2026-03-18T02:06:18+00:00,0.0
2636,1,pkg/testutils,srd001,0.9442,135,791345,1,0,0.0,2026-03-18T02:10:45+00:00,2026-03-18T02:10:45+00:00,0.0
2637,1,pkg/sys,srd002,0.7302,130,398562,1,0,0.0,2026-03-18T02:13:08+00:00,2026-03-18T02:13:08+00:00,0.0
2638,1,pkg/testutils,srd001,0.8046,103,625479,1,0,0.0,2026-03-18T02:15:04+00:00,2026-03-18T02:15:04+00:00,0.0
2640,1,pkg/testutils,srd001,0.9494,195,431082,1,0,0.0,2026-03-18T02:20:40+00:00,2026-03-18T02:20:40+00:00,0.0
2641,1,pkg/sys,srd002,0.7297,76,637894,1,0,0.0,2026-03-18T02:22:08+00:00,2026-03-18T02:22:08+00:00,0.0
2642,2,pkg/format,srd003,1.2611,165,666085,1,1,0.4532,2026-03-18T02:24:43+00:00,2026-03-18T02:24:43+00:00,0.0
2645,1,pkg/sys,srd002,0.6788,67,381216,1,0,0.0,2026-03-18T02:28:41+00:00,2026-03-18T02:28:41+00:00,0.0
2646,1,pkg/format,srd003,0.8707,79,765876,1,0,0.0,2026-03-18T02:30:13+00:00,2026-03-18T02:30:13+00:00,0.0
2657,1,pkg/sys,srd002,0.5864,66,371697,1,0,0.0,2026-03-18T04:18:52+00:00,2026-03-18T04:18:52+00:00,0.0
2658,1,pkg/sys,srd002,0.5873,70,321688,1,0,0.0,2026-03-18T04:20:15+00:00,2026-03-18T04:20:15+00:00,0.0
2659,1,pkg/testutils,srd001,1.2603,304,721593,1,0,0.0,2026-03-18T04:25:31+00:00,2026-03-18T04:25:31+00:00,0.0
2661,1,pkg/format,srd003,0.4747,39,240988,1,0,0.0,2026-03-18T04:28:22+00:00,2026-03-18T04:28:22+00:00,0.0
2662,1,pkg/sys,srd002,0.5617,57,367449,0,1,0.5617,2026-03-18T04:29:30+00:00,2026-03-18T04:29:30+00:00,0.0
2664,1,pkg/sys,srd002,0.8025,102,602829,1,0,0.0,2026-03-18T04:33:34+00:00,2026-03-18T04:33:34+00:00,0.0
2665,2,pkg/format,srd003,1.0531,122,504302,1,1,0.505,2026-03-18T04:34:54+00:00,2026-03-18T04:34:54+00:00,0.0
2668,1,pkg/testutils,srd001,0.8251,160,306775,1,0,0.0,2026-03-18T04:40:35+00:00,2026-03-18T04:40:35+00:00,0.0
2670,1,pkg/testutils,srd001,0.6695,92,346798,1,0,0.0,2026-03-18T04:44:17+00:00,2026-03-18T04:44:17+00:00,0.0
2671,1,pkg/testutils,srd001,0.7145,86,427796,1,0,0.0,2026-03-18T04:45:57+00:00,2026-03-18T04:45:57+00:00,0.0
2672,1,pkg/format,srd003,0.8711,148,604977,1,0,0.0,2026-03-18T04:48:38+00:00,2026-03-18T04:48:38+00:00,0.0
2674,1,pkg/testutils,srd001,1.4331,156,1410412,1,0,0.0,2026-03-18T21:39:54+00:00,2026-03-18T21:39:54+00:00,0.0
2675,1,pkg/format,srd003,0.8292,145,388953,1,0,0.0,2026-03-18T21:42:32+00:00,2026-03-18T21:42:32+00:00,0.0
2676,1,pkg/format,srd003,0.8166,101,528248,1,0,0.0,2026-03-18T21:44:26+00:00,2026-03-18T21:44:26+00:00,0.0
2678,1,pkg/format,srd003,0.7877,91,534442,1,0,0.0,2026-03-18T21:49:01+00:00,2026-03-18T21:49:01+00:00,0.0
2679,1,cmd/cat,srd006,0.5706,43,430346,1,0,0.0,2026-03-18T21:49:56+00:00,2026-03-18T21:49:56+00:00,0.0
2681,1,cmd/version,srd059,0.4797,35,299885,1,0,0.0,2026-03-18T21:54:25+00:00,2026-03-18T21:54:25+00:00,0.0
2682,1,cmd/version,srd059,0.5401,44,319976,1,0,0.0,2026-03-18T21:55:21+00:00,2026-03-18T21:55:21+00:00,0.0
2684,1,cmd/cat,srd006,0.8115,164,339449,1,0,0.0,2026-03-18T22:00:26+00:00,2026-03-18T22:00:26+00:00,0.0
2686,1,cmd/cat,srd006,1.3034,317,698576,1,0,0.0,2026-03-18T22:08:05+00:00,2026-03-18T22:08:05+00:00,0.0
2688,1,cmd/cat,srd006,1.0308,216,527080,1,0,0.0,2026-03-18T22:13:38+00:00,2026-03-18T22:13:38+00:00,0.0
2690,2,cmd/cat,srd006,1.1554,106,629547,1,1,0.4432,2026-03-18T22:50:50+00:00,2026-03-18T22:50:50+00:00,0.0
2695,1,cmd/cat,srd006,1.2323,231,978373,1,0,0.0,2026-03-18T22:58:21+00:00,2026-03-18T22:58:21+00:00,0.0
2697,1,cmd/cat,srd006,1.1973,130,1301335,1,0,0.0,2026-03-18T23:03:54+00:00,2026-03-18T23:03:54+00:00,0.0
2698,1,cmd/sponge,srd007,1.2783,272,703523,1,0,0.0,2026-03-18T23:08:41+00:00,2026-03-18T23:08:41+00:00,0.0
2700,1,cmd/sponge,srd007,1.2797,290,493206,1,0,0.0,2026-03-19T00:47:29+00:00,2026-03-19T00:47:29+00:00,0.0
2702,1,cmd/sponge,srd007,1.2996,372,508443,1,0,0.0,2026-03-19T00:56:35+00:00,2026-03-19T00:56:35+00:00,0.0
2704,1,cmd/sponge,srd007,0.9516,121,770562,1,0,0.0,2026-03-19T01:00:41+00:00,2026-03-19T01:00:41+00:00,0.0
2706,1,cmd/sponge,srd007,1.3468,310,775821,1,0,0.0,2026-03-19T01:08:02+00:00,2026-03-19T01:08:02+00:00,0.0
2707,1,cmd/du,srd009,1.4781,423,623157,1,0,0.0,2026-03-19T01:15:17+00:00,2026-03-19T01:15:17+00:00,0.0
2709,1,cmd/sponge,srd007,0.9354,99,785863,1,0,0.0,2026-03-19T01:18:50+00:00,2026-03-19T01:18:50+00:00,0.0
2710,1,cmd/du,srd009,1.5323,419,756253,1,0,0.0,2026-03-19T01:26:03+00:00,2026-03-19T01:26:03+00:00,0.0
2712,1,cmd/du,srd009,0.9702,189,449653,1,0,0.0,2026-03-19T01:31:24+00:00,2026-03-19T01:31:24+00:00,0.0
2714,1,cmd/du,srd009,1.0801,310,392119,1,0,0.0,2026-03-19T01:38:39+00:00,2026-03-19T01:38:39+00:00,0.0
2715,1,cmd/yes,srd012,0.7334,78,680223,1,0,0.0,2026-03-19T01:40:07+00:00,2026-03-19T01:40:07+00:00,0.0
2717,1,cmd/du,srd009,1.0477,131,908449,1,0,0.0,2026-03-19T01:48:04+00:00,2026-03-19T01:48:04+00:00,0.0
2718,1,cmd/yes,srd012,0.8124,156,491137,1,0,0.0,2026-03-19T01:50:52+00:00,2026-03-19T01:50:52+00:00,0.0
2720,1,cmd/yes,srd012,0.6407,74,449862,1,0,0.0,2026-03-19T01:54:57+00:00,2026-03-19T01:54:57+00:00,0.0
2721,1,cmd/true,srd013,0.575,58,383338,1,0,0.0,2026-03-19T01:56:08+00:00,2026-03-19T01:56:08+00:00,0.0
2723,1,cmd/true,srd013,0.7127,85,485535,1,0,0.0,2026-03-19T02:00:53+00:00,2026-03-19T02:00:53+00:00,0.0
2724,2,cmd/false,srd014,1.2993,142,872613,1,1,0.5641,2026-03-19T02:02:29+00:00,2026-03-19T02:02:29+00:00,0.0
2730,1,cmd/basename,srd015,0.6529,95,440805,1,0,0.0,2026-03-19T02:11:53+00:00,2026-03-19T02:11:53+00:00,0.0
2732,1,cmd/basename,srd015,0.737,135,342949,1,0,0.0,2026-03-19T02:16:24+00:00,2026-03-19T02:16:24+00:00,0.0
2733,1,cmd/dirname,srd016,0.8928,127,766879,1,0,0.0,2026-03-19T02:18:42+00:00,2026-03-19T02:18:42+00:00,0.0
2735,1,cmd/basename,srd015,0.6554,65,513338,1,0,0.0,2026-03-19T02:21:53+00:00,2026-03-19T02:21:53+00:00,0.0
2736,1,cmd/dirname,srd016,0.6664,86,460052,1,0,0.0,2026-03-19T02:23:31+00:00,2026-03-19T02:23:31+00:00,0.0
2738,1,cmd/basename,srd015,0.612,60,339452,1,0,0.0,2026-03-19T02:26:21+00:00,2026-03-19T02:26:21+00:00,0.0
2739,1,cmd/dirname,srd016,0.6631,64,478655,1,0,0.0,2026-03-19T02:27:37+00:00,2026-03-19T02:27:37+00:00,0.0
2741,1,cmd/dirname,srd016,1.0021,151,827792,1,0,0.0,2026-03-19T02:32:26+00:00,2026-03-19T02:32:26+00:00,0.0
2742,1,cmd/tee,srd017,0.5993,73,334205,1,0,0.0,2026-03-19T02:33:50+00:00,2026-03-19T02:33:50+00:00,0.0
2744,1,cmd/tee,srd017,0.5652,60,317009,1,0,0.0,2026-03-19T02:36:44+00:00,2026-03-19T02:36:44+00:00,0.0
2746,1,cmd/tee,srd017,0.5994,63,322777,1,0,0.0,2026-03-19T02:40:00+00:00,2026-03-19T02:40:00+00:00,0.0
2747,1,cmd/head,srd018,0.7822,85,571562,1,0,0.0,2026-03-19T02:41:35+00:00,2026-03-19T02:41:35+00:00,0.0
2749,1,cmd/tee,srd017,1.2741,251,905256,1,0,0.0,2026-03-19T02:47:31+00:00,2026-03-19T02:47:31+00:00,0.0
2750,1,cmd/head,srd018,1.0183,242,440723,1,0,0.0,2026-03-19T02:51:45+00:00,2026-03-19T02:51:45+00:00,0.0
2752,1,cmd/head,srd018,1.777,348,1525339,1,0,0.0,2026-03-19T02:59:45+00:00,2026-03-19T02:59:45+00:00,0.0
2754,1,cmd/head,srd018,1.293,271,831156,1,0,0.0,2026-03-19T03:06:18+00:00,2026-03-19T03:06:18+00:00,0.0
2755,1,cmd/seq,srd019,1.5839,421,704430,1,0,0.0,2026-03-19T03:13:34+00:00,2026-03-19T03:13:34+00:00,0.0
2757,1,cmd/seq,srd019,0.9264,169,637630,1,0,0.0,2026-03-19T03:18:44+00:00,2026-03-19T03:18:44+00:00,0.0
2759,1,cmd/head,srd018,0.7702,68,442411,1,0,0.0,2026-03-19T03:22:05+00:00,2026-03-19T03:22:05+00:00,0.0
2760,1,cmd/seq,srd019,2.4807,736,1503807,1,0,0.0,2026-03-19T03:34:32+00:00,2026-03-19T03:34:32+00:00,0.0
2762,1,cmd/seq,srd019,1.5876,192,1778434,1,0,0.0,2026-03-19T03:40:27+00:00,2026-03-19T03:40:27+00:00,0.0
2763,1,cmd/wc,srd005,1.4893,414,727558,1,0,0.0,2026-03-19T03:47:33+00:00,2026-03-19T03:47:33+00:00,0.0
2765,1,cmd/seq,srd019,0.9236,101,772400,1,0,0.0,2026-03-19T03:51:22+00:00,2026-03-19T03:51:22+00:00,0.0
2766,1,cmd/wc,srd005,1.9622,471,1444971,1,0,0.0,2026-03-19T03:59:25+00:00,2026-03-19T03:59:25+00:00,0.0
2768,1,cmd/wc,srd005,1.0959,220,562227,1,0,0.0,2026-03-19T04:05:07+00:00,2026-03-19T04:05:07+00:00,0.0
2770,1,cmd/wc,srd005,1.5695,207,1722401,1,0,0.0,2026-03-19T04:10:38+00:00,2026-03-19T04:10:38+00:00,0.0
2772,1,cmd/wc,srd005,2.1969,595,1334244,1,0,0.0,2026-03-19T04:23:20+00:00,2026-03-19T04:23:20+00:00,0.0
2773,1,cmd/arch,srd045,0.8599,103,698442,1,0,0.0,2026-03-19T04:25:15+00:00,2026-03-19T04:25:15+00:00,0.0
2775,1,cmd/wc,srd005,1.5584,248,1552773,1,0,0.0,2026-03-19T04:31:41+00:00,2026-03-19T04:31:41+00:00,0.0
2776,1,cmd/arch,srd045,0.6085,52,400009,1,0,0.0,2026-03-19T04:32:45+00:00,2026-03-19T04:32:45+00:00,0.0
2777,1,cmd/uname,srd044,0.651,77,402639,1,0,0.0,2026-03-19T04:34:14+00:00,2026-03-19T04:34:14+00:00,0.0
2779,1,cmd/uname,srd044,0.6667,101,326405,1,0,0.0,2026-03-19T04:38:23+00:00,2026-03-19T04:38:23+00:00,0.0
2780,2,cmd/uname,srd044,2.5344,449,2335184,1,1,0.5025,2026-03-19T04:45:25+00:00,2026-03-19T04:45:25+00:00,0.0
2783,1,cmd/uname,srd044,0.6627,66,417874,1,0,0.0,2026-03-19T04:50:41+00:00,2026-03-19T04:50:41+00:00,0.0
2784,1,cmd/nproc,srd046,0.8298,76,755924,1,0,0.0,2026-03-19T04:52:10+00:00,2026-03-19T04:52:10+00:00,0.0
2786,1,cmd/nproc,srd046,0.7767,132,420460,1,0,0.0,2026-03-19T04:57:51+00:00,2026-03-19T04:57:51+00:00,0.0
2787,1,cmd/hostname,srd047,0.9172,107,799385,1,0,0.0,2026-03-19T04:59:49+00:00,2026-03-19T04:59:49+00:00,0.0
2788,1,cmd/hostid,srd048,0.8178,95,631230,1,0,0.0,2026-03-19T05:01:35+00:00,2026-03-19T05:01:35+00:00,0.0
2790,1,cmd/nproc,srd046,0.8851,126,710005,1,0,0.0,2026-03-19T05:05:48+00:00,2026-03-19T05:05:48+00:00,0.0
2791,1,cmd/hostname,srd047,0.5653,53,330688,1,0,0.0,2026-03-19T05:06:53+00:00,2026-03-19T05:06:53+00:00,0.0
2792,1,cmd/hostid,srd048,0.6144,70,400809,1,0,0.0,2026-03-19T05:08:14+00:00,2026-03-19T05:08:14+00:00,0.0
2794,1,cmd/ls,srd008,0.7675,145,288264,1,0,0.0,2026-03-19T05:13:42+00:00,2026-03-19T05:13:42+00:00,0.0
2795,1,cmd/ls,srd008,1.3929,447,429144,1,0,0.0,2026-03-19T05:21:19+00:00,2026-03-19T05:21:19+00:00,0.0
2797,1,cmd/ls,srd008,1.0221,224,394564,1,0,0.0,2026-03-19T05:27:39+00:00,2026-03-19T05:27:39+00:00,0.0
2800,1,cmd/ls,srd008,1.2824,325,511106,1,0,0.0,2026-03-19T05:36:01+00:00,2026-03-19T05:36:01+00:00,0.0
2803,1,cmd/ls,srd008,1.9884,573,957709,1,0,0.0,2026-03-19T05:47:33+00:00,2026-03-19T05:47:33+00:00,0.0
2805,1,cmd/ls,srd008,1.0932,142,855728,1,0,0.0,2026-03-19T05:51:46+00:00,2026-03-19T05:51:46+00:00,0.0
2807,1,cmd/ls,srd008,1.6838,368,1177961,1,0,0.0,2026-03-19T06:00:40+00:00,2026-03-19T06:00:40+00:00,0.0
2809,1,cmd/ls,srd008,1.7759,461,650572,1,0,0.0,2026-03-19T21:06:02+00:00,2026-03-19T21:06:02+00:00,0.0
2811,1,cmd/ls,srd008,2.4301,753,790635,1,0,0.0,2026-03-19T21:21:39+00:00,2026-03-19T21:21:39+00:00,0.0
2813,1,cmd/ls,srd008,2.4125,460,1966049,1,0,0.0,2026-03-19T21:31:32+00:00,2026-03-19T21:31:32+00:00,0.0
2815,1,cmd/ls,srd008,3.1666,697,2748847,1,0,0.0,2026-03-19T21:45:20+00:00,2026-03-19T21:45:20+00:00,0.0
2817,1,cmd/ls,srd008,2.846,590,2549009,1,0,0.0,2026-03-19T21:57:08+00:00,2026-03-19T21:57:08+00:00,0.0
2819,1,cmd/ls,srd008,3.3144,763,2931826,1,0,0.0,2026-03-19T22:12:35+00:00,2026-03-19T22:12:35+00:00,0.0
2821,1,cmd/ls,srd008,2.6144,285,3249420,1,0,0.0,2026-03-19T22:22:27+00:00,2026-03-19T22:22:27+00:00,0.0
2822,1,cmd/logname,srd053,0.8512,106,755665,1,0,0.0,2026-03-19T22:24:27+00:00,2026-03-19T22:24:27+00:00,0.0
2824,1,cmd/ls,srd008,1.853,183,1930530,1,0,0.0,2026-03-19T22:29:46+00:00,2026-03-19T22:29:46+00:00,0.0
2825,1,cmd/logname,srd053,0.5079,52,251740,1,0,0.0,2026-03-19T22:30:53+00:00,2026-03-19T22:30:53+00:00,0.0
2826,1,cmd/echo,srd020,0.7921,96,582120,1,0,0.0,2026-03-19T22:32:44+00:00,2026-03-19T22:32:44+00:00,0.0
2828,1,cmd/tty,srd052,0.8065,119,498416,1,0,0.0,2026-03-19T22:37:32+00:00,2026-03-19T22:37:32+00:00,0.0
2829,1,cmd/pwd,srd051,0.6842,78,414778,1,0,0.0,2026-03-19T22:39:21+00:00,2026-03-19T22:39:21+00:00,0.0
2831,1,cmd/pwd,srd051,1.1649,217,1013982,1,0,0.0,2026-03-19T22:46:32+00:00,2026-03-19T22:46:32+00:00,0.0
2832,1,cmd/tty,srd052,0.6592,86,456766,1,0,0.0,2026-03-19T22:48:11+00:00,2026-03-19T22:48:11+00:00,0.0
2834,1,cmd/realpath,srd049,1.8604,553,1005783,1,0,0.0,2026-03-20T03:49:24+00:00,2026-03-20T03:49:24+00:00,0.0
2836,1,cmd/realpath,srd049,1.0319,129,820525,1,0,0.0,2026-03-20T03:53:42+00:00,2026-03-20T03:53:42+00:00,0.0
2838,1,cmd/readlink,srd050,1.2759,195,1033898,1,0,0.0,2026-03-20T03:59:56+00:00,2026-03-20T03:59:56+00:00,0.0
2839,1,cmd/realpath,srd049,0.8003,109,628421,1,0,0.0,2026-03-20T04:01:59+00:00,2026-03-20T04:01:59+00:00,0.0
2841,1,cmd/readlink,srd050,0.8628,106,627958,1,0,0.0,2026-03-20T04:05:41+00:00,2026-03-20T04:05:41+00:00,0.0
2843,1,cmd/readlink,srd050,0.9206,144,671778,1,0,0.0,2026-03-20T04:10:33+00:00,2026-03-20T04:10:33+00:00,0.0
2844,1,cmd/echo,srd020,0.9104,133,638989,1,0,0.0,2026-03-20T04:12:58+00:00,2026-03-20T04:12:58+00:00,0.0
2846,2,cmd/realpath,srd049,1.2157,122,640072,1,1,0.4966,2026-03-20T04:16:38+00:00,2026-03-20T04:16:38+00:00,0.0
2848,1,cmd/pwd,srd051,0.5885,60,272223,1,0,0.0,2026-03-20T04:18:38+00:00,2026-03-20T04:18:38+00:00,0.0
2850,1,cmd/echo,srd020,0.9779,190,743086,1,0,0.0,2026-03-20T04:23:57+00:00,2026-03-20T04:23:57+00:00,0.0
2851,1,cmd/tac,srd021,0.8704,107,666080,1,0,0.0,2026-03-20T04:25:56+00:00,2026-03-20T04:25:56+00:00,0.0
2853,1,cmd/echo,srd020,0.6553,64,429591,1,0,0.0,2026-03-20T04:28:57+00:00,2026-03-20T04:28:57+00:00,0.0
2854,1,cmd/tac,srd021,1.7814,571,773988,1,0,0.0,2026-03-20T04:38:48+00:00,2026-03-20T04:38:48+00:00,0.0
2856,1,cmd/tac,srd021,1.0982,188,769284,1,0,0.0,2026-03-20T04:44:10+00:00,2026-03-20T04:44:10+00:00,0.0
2857,1,cmd/nl,srd022,1.5371,304,1408583,1,0,0.0,2026-03-20T04:49:27+00:00,2026-03-20T04:49:27+00:00,0.0
2859,1,cmd/tac,srd021,0.5997,64,283327,1,0,0.0,2026-03-20T04:52:27+00:00,2026-03-20T04:52:27+00:00,0.0
2860,1,cmd/nl,srd022,1.933,626,760102,1,0,0.0,2026-03-20T05:03:07+00:00,2026-03-20T05:03:07+00:00,0.0
2862,1,cmd/nl,srd022,0.9027,153,456680,1,0,0.0,2026-03-20T05:07:38+00:00,2026-03-20T05:07:38+00:00,0.0
2863,1,cmd/fold,srd023,1.5405,397,845053,1,0,0.0,2026-03-20T05:14:27+00:00,2026-03-20T05:14:27+00:00,0.0
2865,1,cmd/nl,srd022,1.814,367,1512162,1,0,0.0,2026-03-20T05:22:27+00:00,2026-03-20T05:22:27+00:00,0.0
2866,1,cmd/fold,srd023,1.4211,226,1286976,1,0,0.0,2026-03-20T05:26:25+00:00,2026-03-20T05:26:25+00:00,0.0
2868,1,cmd/fold,srd023,1.3316,227,1183206,1,0,0.0,2026-03-20T05:32:28+00:00,2026-03-20T05:32:28+00:00,0.0
2869,1,cmd/expand,srd024,0.7529,123,427073,1,0,0.0,2026-03-20T05:34:43+00:00,2026-03-20T05:34:43+00:00,0.0
2871,1,cmd/fold,srd023,0.8926,100,749716,1,0,0.0,2026-03-20T05:38:45+00:00,2026-03-20T05:38:45+00:00,0.0
2872,1,cmd/expand,srd024,1.1093,189,875007,1,0,0.0,2026-03-20T05:42:07+00:00,2026-03-20T05:42:07+00:00,0.0
2874,1,cmd/expand,srd024,1.2992,154,1413036,1,0,0.0,2026-03-20T05:47:33+00:00,2026-03-20T05:47:33+00:00,0.0
2875,1,cmd/unexpand,srd025,1.0156,224,532531,1,0,0.0,2026-03-20T05:51:34+00:00,2026-03-20T05:51:34+00:00,0.0
2877,1,cmd/expand,srd024,0.6139,71,351668,1,0,0.0,2026-03-20T05:54:58+00:00,2026-03-20T05:54:58+00:00,0.0
2878,1,cmd/unexpand,srd025,0.8557,155,439899,1,0,0.0,2026-03-20T05:57:45+00:00,2026-03-20T05:57:45+00:00,0.0
2880,1,cmd/unexpand,srd025,1.1459,160,1003022,1,0,0.0,2026-03-20T06:02:11+00:00,2026-03-20T06:02:11+00:00,0.0
2881,1,cmd/cut,srd026,0.7077,86,421160,1,0,0.0,2026-03-20T06:03:52+00:00,2026-03-20T06:03:52+00:00,0.0
2883,1,cmd/unexpand,srd025,1.6736,205,2076137,1,0,0.0,2026-03-20T06:08:49+00:00,2026-03-20T06:08:49+00:00,0.0
2884,1,cmd/cut,srd026,0.9754,137,682869,1,0,0.0,2026-03-20T06:11:20+00:00,2026-03-20T06:11:20+00:00,0.0
2886,1,cmd/cut,srd026,1.0057,136,569096,1,0,0.0,2026-03-20T06:15:31+00:00,2026-03-20T06:15:31+00:00,0.0
2887,1,cmd/paste,srd027,1.1851,293,493753,1,0,0.0,2026-03-20T06:20:37+00:00,2026-03-20T06:20:37+00:00,0.0
2889,1,cmd/cut,srd026,1.097,101,1100824,1,0,0.0,2026-03-20T06:24:03+00:00,2026-03-20T06:24:03+00:00,0.0
2890,1,cmd/paste,srd027,0.709,86,419533,1,0,0.0,2026-03-20T06:25:42+00:00,2026-03-20T06:25:42+00:00,0.0
2892,1,cmd/paste,srd027,0.7701,104,433172,1,0,0.0,2026-03-20T06:29:19+00:00,2026-03-20T06:29:19+00:00,0.0
2893,1,cmd/uniq,srd028,0.6468,67,357258,1,0,0.0,2026-03-20T06:30:38+00:00,2026-03-20T06:30:38+00:00,0.0
2895,1,cmd/paste,srd027,1.1047,117,1133888,1,0,0.0,2026-03-20T06:34:00+00:00,2026-03-20T06:34:00+00:00,0.0
2896,1,cmd/uniq,srd028,0.7591,113,426527,1,0,0.0,2026-03-20T06:36:06+00:00,2026-03-20T06:36:06+00:00,0.0
2898,1,cmd/uniq,srd028,1.075,222,474228,1,0,0.0,2026-03-20T06:42:29+00:00,2026-03-20T06:42:29+00:00,0.0
2899,1,cmd/comm,srd029,0.855,91,610229,1,0,0.0,2026-03-20T06:44:11+00:00,2026-03-20T06:44:11+00:00,0.0
2901,1,cmd/uniq,srd028,1.3793,235,1247015,1,0,0.0,2026-03-20T06:49:47+00:00,2026-03-20T06:49:47+00:00,0.0
2902,1,cmd/comm,srd029,0.7774,114,433172,1,0,0.0,2026-03-20T06:51:52+00:00,2026-03-20T06:51:52+00:00,0.0
2904,1,cmd/comm,srd029,2.7844,560,2829026,1,0,0.0,2026-03-20T07:03:03+00:00,2026-03-20T07:03:03+00:00,0.0
2905,1,cmd/md5sum,srd030,1.1664,128,1201556,1,0,0.0,2026-03-20T07:05:24+00:00,2026-03-20T07:05:24+00:00,0.0
2907,1,cmd/comm,srd029,1.4757,234,1417692,1,0,0.0,2026-03-20T07:10:53+00:00,2026-03-20T07:10:53+00:00,0.0
2908,1,cmd/md5sum,srd030,1.1379,198,833814,1,0,0.0,2026-03-20T07:14:23+00:00,2026-03-20T07:14:23+00:00,0.0
2909,1,cmd/sha1sum,srd031,0.674,66,365850,1,0,0.0,2026-03-20T07:15:42+00:00,2026-03-20T07:15:42+00:00,0.0
2911,1,cmd/md5sum,srd030,0.7302,73,511481,1,0,0.0,2026-03-20T07:19:11+00:00,2026-03-20T07:19:11+00:00,0.0
2912,1,cmd/sha1sum,srd031,0.9575,135,629845,1,0,0.0,2026-03-20T07:21:39+00:00,2026-03-20T07:21:39+00:00,0.0
2914,1,cmd/md5sum,srd030,0.7339,72,517441,1,0,0.0,2026-03-20T07:24:47+00:00,2026-03-20T07:24:47+00:00,0.0
2915,1,cmd/sha1sum,srd031,0.8192,70,562440,1,0,0.0,2026-03-20T07:26:09+00:00,2026-03-20T07:26:09+00:00,0.0
2916,1,cmd/sha256sum,srd032,0.9801,109,749031,1,0,0.0,2026-03-20T07:28:10+00:00,2026-03-20T07:28:10+00:00,0.0
2918,1,cmd/sha256sum,srd032,1.0403,149,648401,1,0,0.0,2026-03-20T07:32:44+00:00,2026-03-20T07:32:44+00:00,0.0
2919,1,cmd/sha512sum,srd033,0.9633,126,690787,1,0,0.0,2026-03-20T07:35:03+00:00,2026-03-20T07:35:03+00:00,0.0
2921,1,cmd/sha256sum,srd032,1.2661,144,1231032,1,0,0.0,2026-03-20T07:39:26+00:00,2026-03-20T07:39:26+00:00,0.0
2922,2,cmd/sha512sum,srd033,1.4481,172,815170,1,1,0.5434,2026-03-20T07:41:47+00:00,2026-03-20T07:41:47+00:00,0.0
2925,1,cmd/sha512sum,srd033,0.9709,76,842679,1,0,0.0,2026-03-20T07:47:35+00:00,2026-03-20T07:47:35+00:00,0.0
2927,1,cmd/ts,srd004,0.9475,87,806480,1,0,0.0,2026-03-20T07:52:19+00:00,2026-03-20T07:52:19+00:00,0.0
2929,1,cmd/ts,srd004,1.1232,247,549802,1,0,0.0,2026-03-20T07:58:13+00:00,2026-03-20T07:58:13+00:00,0.0
2931,1,cmd/ts,srd004,1.4121,258,1071434,1,0,0.0,2026-03-20T08:04:31+00:00,2026-03-20T08:04:31+00:00,0.0
2933,1,cmd/ts,srd004,1.3053,249,965574,1,0,0.0,2026-03-20T08:10:49+00:00,2026-03-20T08:10:49+00:00,0.0
2935,1,cmd/ts,srd004,0.9118,117,692471,1,0,0.0,2026-03-20T08:14:43+00:00,2026-03-20T08:14:43+00:00,0.0
2946,1,cmd/mkdir,srd034,0.773,116,354689,1,0,0.0,2026-03-20T14:23:25+00:00,2026-03-20T14:23:25+00:00,0.0
2947,1,cmd/mkdir,srd034,1.7836,491,692712,1,0,0.0,2026-03-20T14:31:55+00:00,2026-03-20T14:31:55+00:00,0.0
2950,2,cmd/mkdir,srd034,1.4522,263,637360,1,1,0.5487,2026-03-20T14:37:53+00:00,2026-03-20T14:37:53+00:00,0.0
2955,1,cmd/mkdir,srd034,1.0541,245,532066,1,0,0.0,2026-03-20T14:45:53+00:00,2026-03-20T14:45:53+00:00,0.0
2957,1,cmd/rmdir,srd035,0.5494,56,267066,1,0,0.0,2026-03-20T14:47:17+00:00,2026-03-20T14:47:17+00:00,0.0
2959,1,cmd/rmdir,srd035,1.4008,373,575473,1,0,0.0,2026-03-20T14:55:07+00:00,2026-03-20T14:55:07+00:00,0.0
2961,1,cmd/rmdir,srd035,1.5374,336,1315422,1,0,0.0,2026-03-20T15:02:52+00:00,2026-03-20T15:02:52+00:00,0.0
2962,1,cmd/mktemp,srd036,1.1932,290,732877,1,0,0.0,2026-03-20T15:07:57+00:00,2026-03-20T15:07:57+00:00,0.0
2964,1,cmd/rmdir,srd035,1.7376,335,1851336,1,0,0.0,2026-03-20T15:16:09+00:00,2026-03-20T15:16:09+00:00,0.0
2965,1,cmd/mktemp,srd036,1.0028,298,464728,1,0,0.0,2026-03-20T15:21:23+00:00,2026-03-20T15:21:23+00:00,0.0
2967,1,cmd/mktemp,srd036,1.2871,307,509177,1,0,0.0,2026-03-20T15:29:11+00:00,2026-03-20T15:29:11+00:00,0.0
2969,1,cmd/mktemp,srd036,1.3349,324,612962,1,0,0.0,2026-03-20T15:36:39+00:00,2026-03-20T15:36:39+00:00,0.0
2970,1,cmd/unlink,srd038,0.97,138,744578,1,0,0.0,2026-03-20T15:39:13+00:00,2026-03-20T15:39:13+00:00,0.0
2972,1,cmd/ln,srd037,0.6895,73,476903,1,0,0.0,2026-03-20T15:41:56+00:00,2026-03-20T15:41:56+00:00,0.0
2974,1,cmd/mktemp,srd036,1.5212,387,554445,1,0,0.0,2026-03-20T15:50:16+00:00,2026-03-20T15:50:16+00:00,0.0
2975,2,cmd/ln,srd037,1.9802,424,1388998,1,1,0.5363,2026-03-20T15:55:47+00:00,2026-03-20T15:55:47+00:00,0.0
2978,1,cmd/ln,srd037,2.0096,511,1378416,1,0,0.0,2026-03-20T16:08:54+00:00,2026-03-20T16:08:54+00:00,0.0
2980,1,cmd/ln,srd037,1.8433,496,987061,1,0,0.0,2026-03-20T21:38:26+00:00,2026-03-20T21:38:26+00:00,0.0
2981,1,cmd/env,srd039,2.1573,750,1082573,1,0,0.0,2026-03-20T21:51:09+00:00,2026-03-20T21:51:09+00:00,0.0
2983,1,cmd/ln,srd037,1.1999,166,985936,1,0,0.0,2026-03-20T21:56:18+00:00,2026-03-20T21:56:18+00:00,0.0
2984,1,cmd/env,srd039,0.9199,202,450304,1,0,0.0,2026-03-20T21:59:53+00:00,2026-03-20T21:59:53+00:00,0.0
2986,1,cmd/env,srd039,1.2331,338,575702,1,0,0.0,2026-03-20T22:07:28+00:00,2026-03-20T22:07:28+00:00,0.0
2987,1,cmd/printenv,srd040,0.619,77,347184,1,0,0.0,2026-03-20T22:08:59+00:00,2026-03-20T22:08:59+00:00,0.0
2989,1,cmd/printenv,srd040,0.6888,114,416786,1,0,0.0,2026-03-20T22:13:11+00:00,2026-03-20T22:13:11+00:00,0.0
2990,1,cmd/id,srd041,1.4156,391,968017,1,0,0.0,2026-03-20T22:19:59+00:00,2026-03-20T22:19:59+00:00,0.0
2992,1,cmd/id,srd041,1.0616,178,873938,1,0,0.0,2026-03-20T22:25:09+00:00,2026-03-20T22:25:09+00:00,0.0
2994,1,cmd/printenv,srd040,0.6861,85,483469,1,0,0.0,2026-03-20T22:29:00+00:00,2026-03-20T22:29:00+00:00,0.0
2995,1,cmd/id,srd041,1.0005,184,626931,1,0,0.0,2026-03-20T22:32:17+00:00,2026-03-20T22:32:17+00:00,0.0
2997,1,cmd/whoami,srd042,1.0073,116,974833,1,0,0.0,2026-03-20T22:36:15+00:00,2026-03-20T22:36:15+00:00,0.0
2998,1,cmd/groups,srd043,0.926,121,815625,1,0,0.0,2026-03-20T22:38:33+00:00,2026-03-20T22:38:33+00:00,0.0
3000,1,cmd/groups,srd043,0.6416,89,411230,1,0,0.0,2026-03-20T22:42:10+00:00,2026-03-20T22:42:10+00:00,0.0
3001,1,cmd/id,srd041,1.5159,263,1353669,1,0,0.0,2026-03-20T22:46:47+00:00,2026-03-20T22:46:47+00:00,0.0
3003,1,cmd/groups,srd043,0.5526,83,321869,1,0,0.0,2026-03-20T23:02:06+00:00,2026-03-20T23:02:06+00:00,0.0
3004,1,cmd/sort,srd053,0.8891,107,633268,1,0,0.0,2026-03-20T23:04:06+00:00,2026-03-20T23:04:06+00:00,0.0
3006,1,cmd/sort,srd053,1.4563,489,518283,1,0,0.0,2026-03-21T01:12:57+00:00,2026-03-21T01:12:57+00:00,0.0
3008,1,cmd/sort,srd053,2.0642,699,1209095,1,0,0.0,2026-03-21T01:41:57+00:00,2026-03-21T01:41:57+00:00,0.0
3010,1,cmd/sort,srd053,2.7943,697,2007851,1,0,0.0,2026-03-21T01:55:20+00:00,2026-03-21T01:55:20+00:00,0.0
3011,1,cmd/tr,srd054,2.6229,840,852759,1,0,0.0,2026-03-21T02:09:34+00:00,2026-03-21T02:09:34+00:00,0.0
3013,1,cmd/sort,srd053,1.8475,187,2119150,1,0,0.0,2026-03-21T02:14:14+00:00,2026-03-21T02:14:14+00:00,0.0
3014,1,cmd/tr,srd054,2.149,711,829395,1,0,0.0,2026-03-21T02:26:20+00:00,2026-03-21T02:26:20+00:00,0.0
3016,1,cmd/tr,srd054,0.8506,118,544182,1,0,0.0,2026-03-21T02:30:23+00:00,2026-03-21T02:30:23+00:00,0.0
3017,1,cmd/tail,srd055,0.8339,113,476444,1,0,0.0,2026-03-21T02:32:30+00:00,2026-03-21T02:32:30+00:00,0.0
3019,1,cmd/tr,srd054,0.9264,90,782701,1,0,0.0,2026-03-21T02:35:22+00:00,2026-03-21T02:35:22+00:00,0.0
3020,1,cmd/tail,srd055,0.8467,125,449610,1,0,0.0,2026-03-21T02:37:40+00:00,2026-03-21T02:37:40+00:00,0.0
3022,1,cmd/tail,srd055,0.8578,91,626108,1,0,0.0,2026-03-21T02:41:06+00:00,2026-03-21T02:41:06+00:00,0.0
3023,1,cmd/cp,srd056,2.2201,572,1552196,1,0,0.0,2026-03-21T02:50:52+00:00,2026-03-21T02:50:52+00:00,0.0
3025,1,cmd/tail,srd055,1.2757,151,1162438,1,0,0.0,2026-03-21T02:55:16+00:00,2026-03-21T02:55:16+00:00,0.0
3026,1,cmd/cp,srd056,1.247,206,769953,1,0,0.0,2026-03-21T02:58:54+00:00,2026-03-21T02:58:54+00:00,0.0
3028,1,cmd/cp,srd056,2.8424,841,1438764,1,0,0.0,2026-03-21T03:15:01+00:00,2026-03-21T03:15:01+00:00,0.0
3029,1,cmd/mv,srd057,1.1329,226,718512,1,0,0.0,2026-03-21T03:19:03+00:00,2026-03-21T03:19:03+00:00,0.0
3031,1,cmd/cp,srd056,2.3458,595,1628019,1,0,0.0,2026-03-21T03:31:11+00:00,2026-03-21T03:31:11+00:00,0.0
3032,1,cmd/mv,srd057,1.9194,511,1227296,1,0,0.0,2026-03-21T03:39:56+00:00,2026-03-21T03:39:56+00:00,0.0
3034,1,cmd/mv,srd057,1.99,657,581225,1,0,0.0,2026-03-21T03:53:21+00:00,2026-03-21T03:53:21+00:00,0.0
3035,1,cmd/rm,srd058,0.9834,145,556265,1,0,0.0,2026-03-21T03:56:00+00:00,2026-03-21T03:56:00+00:00,0.0
3037,1,cmd/mv,srd057,1.1969,219,837420,1,0,0.0,2026-03-21T04:01:19+00:00,2026-03-21T04:01:19+00:00,0.0
3038,1,cmd/rm,srd058,1.1244,171,800432,1,0,0.0,2026-03-21T04:04:25+00:00,2026-03-21T04:04:25+00:00,0.0
3040,1,cmd/rm,srd058,2.1808,599,1155636,1,0,0.0,2026-03-21T04:16:30+00:00,2026-03-21T04:16:30+00:00,0.0
3041,1,cmd/date,srd060,1.8617,622,668707,1,0,0.0,2026-03-21T04:27:06+00:00,2026-03-21T04:27:06+00:00,0.0
3043,1,cmd/rm,srd058,1.5151,232,1446392,1,0,0.0,2026-03-21T04:32:42+00:00,2026-03-21T04:32:42+00:00,0.0
3044,1,cmd/date,srd060,1.7793,398,1197268,1,0,0.0,2026-03-21T04:39:36+00:00,2026-03-21T04:39:36+00:00,0.0
3046,1,cmd/date,srd060,1.304,210,952130,1,0,0.0,2026-03-21T04:45:14+00:00,2026-03-21T04:45:14+00:00,0.0
3047,1,cmd/sleep,srd061,0.8137,79,691167,1,0,0.0,2026-03-21T04:46:45+00:00,2026-03-21T04:46:45+00:00,0.0
3049,1,cmd/date,srd060,0.9266,102,729375,1,0,0.0,2026-03-21T04:49:55+00:00,2026-03-21T04:49:55+00:00,0.0
3050,1,cmd/sleep,srd061,0.734,113,421733,1,0,0.0,2026-03-21T04:52:02+00:00,2026-03-21T04:52:02+00:00,0.0
3052,1,cmd/sleep,srd061,0.9722,134,804606,1,0,0.0,2026-03-21T04:56:24+00:00,2026-03-21T04:56:24+00:00,0.0
3053,1,cmd/touch,srd062,1.0918,115,948689,1,0,0.0,2026-03-21T04:58:34+00:00,2026-03-21T04:58:34+00:00,0.0
3055,1,cmd/sleep,srd061,0.7886,94,578838,1,0,0.0,2026-03-21T05:01:54+00:00,2026-03-21T05:01:54+00:00,0.0
3056,1,cmd/touch,srd062,1.578,484,532294,1,0,0.0,2026-03-21T05:10:18+00:00,2026-03-21T05:10:18+00:00,0.0
3058,1,cmd/touch,srd062,3.6206,861,2646107,1,0,0.0,2026-03-21T05:26:59+00:00,2026-03-21T05:26:59+00:00,0.0
3059,1,cmd/timeout,srd063,1.1047,276,468105,1,0,0.0,2026-03-21T05:31:49+00:00,2026-03-21T05:31:49+00:00,0.0
3061,1,cmd/touch,srd062,0.9276,104,661427,1,0,0.0,2026-03-21T05:35:28+00:00,2026-03-21T05:35:28+00:00,0.0
3062,1,cmd/timeout,srd063,2.1648,801,1056535,1,0,0.0,2026-03-21T06:04:22+00:00,2026-03-21T06:04:22+00:00,0.0
3064,1,cmd/timeout,srd063,2.571,576,2202490,1,0,0.0,2026-03-21T06:16:01+00:00,2026-03-21T06:16:01+00:00,0.0
3065,1,cmd/shuf,srd064,0.8977,110,671010,1,0,0.0,2026-03-21T06:18:05+00:00,2026-03-21T06:18:05+00:00,0.0
3067,1,cmd/timeout,srd063,0.836,124,466386,1,0,0.0,2026-03-21T06:22:00+00:00,2026-03-21T06:22:00+00:00,0.0
3068,1,cmd/shuf,srd064,1.4319,210,1239111,1,0,0.0,2026-03-21T06:25:44+00:00,2026-03-21T06:25:44+00:00,0.0
3069,1,cmd/factor,srd065,0.6478,63,357337,1,0,0.0,2026-03-21T06:27:01+00:00,2026-03-21T06:27:01+00:00,0.0
3071,1,cmd/shuf,srd064,1.1151,214,507117,1,0,0.0,2026-03-21T06:32:24+00:00,2026-03-21T06:32:24+00:00,0.0
3072,1,cmd/factor,srd065,1.5403,477,781360,1,0,0.0,2026-03-21T06:40:36+00:00,2026-03-21T06:40:36+00:00,0.0
3074,1,cmd/shuf,srd064,1.6651,399,785984,1,0,0.0,2026-03-21T06:49:07+00:00,2026-03-21T06:49:07+00:00,0.0
3075,1,cmd/factor,srd065,0.8129,89,642896,1,0,0.0,2026-03-21T06:50:58+00:00,2026-03-21T06:50:58+00:00,0.0
3077,1,cmd/factor,srd065,0.8174,92,647726,1,0,0.0,2026-03-21T06:54:35+00:00,2026-03-21T06:54:35+00:00,0.0
3078,1,cmd/expr,srd066,1.5436,374,860056,1,0,0.0,2026-03-21T07:01:02+00:00,2026-03-21T07:01:02+00:00,0.0
3080,2,cmd/expr,srd066,2.3163,566,949659,1,1,0.5835,2026-03-21T07:11:09+00:00,2026-03-21T07:11:09+00:00,0.0
3083,1,cmd/split,srd067,1.4898,398,590249,1,0,0.0,2026-03-21T07:20:55+00:00,2026-03-21T07:20:55+00:00,0.0
3085,1,cmd/expr,srd066,1.2521,155,1140571,1,0,0.0,2026-03-21T07:25:21+00:00,2026-03-21T07:25:21+00:00,0.0
3086,1,cmd/split,srd067,1.7413,276,1570032,1,0,0.0,2026-03-21T07:30:12+00:00,2026-03-21T07:30:12+00:00,0.0
3088,1,cmd/split,srd067,1.703,379,1039178,1,0,0.0,2026-03-21T07:38:34+00:00,2026-03-21T07:38:34+00:00,0.0
3089,1,cmd/csplit,srd068,1.9891,662,719777,1,0,0.0,2026-03-21T07:49:53+00:00,2026-03-21T07:49:53+00:00,0.0
3091,1,cmd/split,srd067,0.8853,80,675745,1,0,0.0,2026-03-21T07:53:18+00:00,2026-03-21T07:53:18+00:00,0.0
3092,1,cmd/csplit,srd068,2.6406,887,2058465,1,0,0.0,2026-03-21T08:54:28+00:00,2026-03-21T08:54:28+00:00,0.0
3094,1,cmd/csplit,srd068,1.9326,466,1591948,1,0,0.0,2026-03-21T09:04:00+00:00,2026-03-21T09:04:00+00:00,0.0
3095,1,cmd/join,srd069,1.14,239,575633,1,0,0.0,2026-03-21T09:08:12+00:00,2026-03-21T09:08:12+00:00,0.0
3097,1,cmd/csplit,srd068,1.2181,425,781599,1,0,0.0,2026-03-21T09:16:41+00:00,2026-03-21T09:16:41+00:00,0.0
3098,1,cmd/join,srd069,1.2743,277,676234,1,0,0.0,2026-03-21T09:21:33+00:00,2026-03-21T09:21:33+00:00,0.0
3100,1,cmd/join,srd069,1.1455,194,586016,1,0,0.0,2026-03-21T09:26:45+00:00,2026-03-21T09:26:45+00:00,0.0
3101,1,cmd/fmt,srd070,2.7871,440,3701305,1,0,0.0,2026-03-21T09:49:35+00:00,2026-03-21T09:49:35+00:00,0.0
3103,1,cmd/join,srd069,1.8309,650,1104795,1,0,0.0,2026-03-21T10:32:47+00:00,2026-03-21T10:32:47+00:00,0.0
3104,1,cmd/fmt,srd070,2.2723,677,1218705,1,0,0.0,2026-03-21T10:44:16+00:00,2026-03-21T10:44:16+00:00,0.0
3107,1,cmd/numfmt,srd071,2.6115,754,1331034,1,0,0.0,2026-03-21T12:05:38+00:00,2026-03-21T12:05:38+00:00,0.0
3110,1,cmd/numfmt,srd071,2.2291,721,841979,1,0,0.0,2026-03-21T12:19:12+00:00,2026-03-21T12:19:12+00:00,0.0
3112,1,cmd/fmt,srd070,1.6049,278,1357018,1,0,0.0,2026-03-21T12:25:43+00:00,2026-03-21T12:25:43+00:00,0.0
3113,1,cmd/numfmt,srd071,2.1386,599,1053826,1,0,0.0,2026-03-21T12:35:56+00:00,2026-03-21T12:35:56+00:00,0.0
3115,1,cmd/numfmt,srd071,2.247,551,1567249,1,0,0.0,2026-03-21T12:48:45+00:00,2026-03-21T12:48:45+00:00,0.0
3118,1,cmd/printf,srd073,0.6552,43,331370,1,0,0.0,2026-03-21T13:38:07+00:00,2026-03-21T13:38:07+00:00,0.0
3119,1,cmd/printf,srd073,2.6433,748,1357080,1,0,0.0,2026-03-21T13:50:50+00:00,2026-03-21T13:50:50+00:00,0.0
3120,1,cmd/printf,srd073,1.7128,250,1619778,1,0,0.0,2026-03-21T13:55:18+00:00,2026-03-21T13:55:18+00:00,0.0
3122,1,cmd/printf,srd073,1.4087,224,1386280,1,0,0.0,2026-03-21T14:00:39+00:00,2026-03-21T14:00:39+00:00,0.0
3124,1,cmd/printf,srd073,1.8537,229,2095589,1,0,0.0,2026-03-21T14:05:50+00:00,2026-03-21T14:05:50+00:00,0.0
3126,1,cmd/od,srd072,0.689,68,493687,1,0,0.0,2026-03-21T14:09:16+00:00,2026-03-21T14:09:16+00:00,0.0
3161,1,pkg/testutils,srd001,0.5139,43,320902,1,0,0.0,2026-03-23T13:20:17+00:00,2026-03-23T13:20:17+00:00,0.0
3163,1,pkg/sys,srd002,0.6063,46,458240,1,0,0.0,2026-03-23T13:22:44+00:00,2026-03-23T13:22:44+00:00,0.0
3165,1,pkg/encutil,srd088,0.4534,23,198090,1,0,0.0,2026-03-23T13:25:59+00:00,2026-03-23T13:25:59+00:00,0.0
3167,1,pkg/testutils,srd001,0.906,134,656307,1,0,0.0,2026-03-23T13:29:56+00:00,2026-03-23T13:29:56+00:00,0.0
3168,1,pkg/testutils,srd001,0.7242,74,506796,1,0,0.0,2026-03-23T13:31:31+00:00,2026-03-23T13:31:31+00:00,0.0
3169,1,pkg/sys,srd002,0.8546,139,436981,1,0,0.0,2026-03-23T13:38:14+00:00,2026-03-23T13:38:14+00:00,0.0
3170,1,pkg/sys,srd002,0.9542,151,921958,1,0,0.0,2026-03-23T13:41:04+00:00,2026-03-23T13:41:04+00:00,0.0
3173,1,pkg/testutils,srd001,0.7385,88,468328,1,0,0.0,2026-03-23T13:46:54+00:00,2026-03-23T13:46:54+00:00,0.0
3174,1,pkg/sys,srd002,0.7151,76,393924,1,0,0.0,2026-03-23T13:48:28+00:00,2026-03-23T13:48:28+00:00,0.0
3175,1,pkg/format,srd003,0.7887,66,562736,1,0,0.0,2026-03-23T13:49:55+00:00,2026-03-23T13:49:55+00:00,0.0
3177,1,pkg/format,srd003,0.7067,58,411896,1,0,0.0,2026-03-23T14:47:47+00:00,2026-03-23T14:47:47+00:00,0.0
3178,1,pkg/format,srd003,0.7369,82,334089,1,0,0.0,2026-03-23T14:49:26+00:00,2026-03-23T14:49:26+00:00,0.0
3179,1,cmd/hashutil,srd086,0.8097,70,503181,1,0,0.0,2026-03-23T18:48:16+00:00,2026-03-23T18:48:16+00:00,0.0
3180,1,cmd/hashutil,srd086,1.0692,134,760663,1,0,0.0,2026-03-23T18:50:48+00:00,2026-03-23T18:50:48+00:00,0.0
3182,1,pkg/sizeparse,srd087,0.7408,37,517704,1,0,0.0,2026-03-23T18:53:58+00:00,2026-03-23T18:53:58+00:00,0.0
3183,1,pkg/sizeparse,srd087,1.1713,185,745816,1,0,0.0,2026-03-23T18:57:21+00:00,2026-03-23T18:57:21+00:00,0.0
3184,1,pkg/encutil,srd088,0.7275,36,443417,1,0,0.0,2026-03-23T18:58:15+00:00,2026-03-23T18:58:15+00:00,0.0
3185,1,pkg/encutil,srd088,1.1758,176,907478,1,0,0.0,2026-03-23T19:01:29+00:00,2026-03-23T19:01:29+00:00,0.0
3188,1,cmd/version,srd059,0.782,40,536247,1,0,0.0,2026-03-23T19:06:27+00:00,2026-03-23T19:06:27+00:00,0.0
3189,1,cmd/version,srd059,0.6466,56,421410,1,0,0.0,2026-03-23T19:07:43+00:00,2026-03-23T19:07:43+00:00,0.0
3190,1,cmd/cat,srd006,0.5973,51,342558,1,0,0.0,2026-03-23T19:08:52+00:00,2026-03-23T19:08:52+00:00,0.0
3192,2,cmd/cat,srd006,1.9468,371,1028944,1,1,0.6427,2026-03-23T19:15:36+00:00,2026-03-23T19:15:36+00:00,0.0
3194,1,cmd/cat,srd006,0.8716,107,671197,1,0,0.0,2026-03-23T19:19:12+00:00,2026-03-23T19:19:12+00:00,0.0
3195,2,cmd/cat,srd006,1.553,227,1093259,1,1,0.5637,2026-03-23T19:22:28+00:00,2026-03-23T19:22:28+00:00,0.0
3202,2,pkg/testutils,srd001,1.2001,89,568113,1,1,0.4822,2026-03-23T19:31:22+00:00,2026-03-23T19:31:22+00:00,0.0
3204,1,pkg/sys,srd002,0.877,90,555127,1,0,0.0,2026-03-23T19:33:50+00:00,2026-03-23T19:33:50+00:00,0.0
3205,2,pkg/sys,srd002,1.2387,114,646784,1,1,0.5108,2026-03-23T19:35:17+00:00,2026-03-23T19:35:17+00:00,0.0
3212,1,cmd/sponge,srd007,0.7507,73,582808,1,0,0.0,2026-03-23T21:44:38+00:00,2026-03-23T21:44:38+00:00,0.0
3213,1,cmd/sponge,srd007,0.3466,84,353477,1,0,0.0,2026-03-23T22:03:52+00:00,2026-03-23T22:03:52+00:00,0.0
3214,1,cmd/sponge,srd007,0.8019,111,514625,1,0,0.0,2026-03-23T22:05:59+00:00,2026-03-23T22:05:59+00:00,0.0
3215,1,cmd/sponge,srd007,0.6679,63,435917,1,0,0.0,2026-03-23T22:07:19+00:00,2026-03-23T22:07:19+00:00,0.0
3217,1,cmd/du,srd009,2.1651,566,1350015,1,0,0.0,2026-03-23T22:20:05+00:00,2026-03-23T22:20:05+00:00,0.0
3218,1,cmd/du,srd009,1.2865,325,623664,1,0,0.0,2026-03-23T22:25:47+00:00,2026-03-23T22:25:47+00:00,0.0
3219,1,cmd/du,srd009,1.278,329,768524,1,0,0.0,2026-03-23T22:31:34+00:00,2026-03-23T22:31:34+00:00,0.0
3220,1,cmd/du,srd009,1.5441,185,1609968,1,0,0.0,2026-03-23T22:34:57+00:00,2026-03-23T22:34:57+00:00,0.0
3222,1,cmd/true,srd013,0.6255,43,426228,1,0,0.0,2026-03-23T22:40:53+00:00,2026-03-23T22:40:53+00:00,0.0
3223,1,cmd/true,srd013,1.0443,152,926524,1,0,0.0,2026-03-23T22:43:43+00:00,2026-03-23T22:43:43+00:00,0.0
3224,1,cmd/false,srd014,0.5647,38,337631,1,0,0.0,2026-03-23T22:44:37+00:00,2026-03-23T22:44:37+00:00,0.0
3225,1,cmd/false,srd014,0.8308,97,600056,1,0,0.0,2026-03-23T22:46:30+00:00,2026-03-23T22:46:30+00:00,0.0
3227,1,cmd/yes,srd012,0.654,49,480042,1,0,0.0,2026-03-23T22:49:47+00:00,2026-03-23T22:49:47+00:00,0.0
3228,1,cmd/yes,srd012,0.9152,162,397090,1,0,0.0,2026-03-23T22:52:46+00:00,2026-03-23T22:52:46+00:00,0.0
3229,1,cmd/basename,srd015,0.7939,146,361428,1,0,0.0,2026-03-23T22:55:28+00:00,2026-03-23T22:55:28+00:00,0.0
3230,1,cmd/basename,srd015,1.1012,125,949502,1,0,0.0,2026-03-23T22:57:50+00:00,2026-03-23T22:57:50+00:00,0.0
3232,1,cmd/basename,srd015,0.7811,92,518647,1,0,0.0,2026-03-23T23:01:38+00:00,2026-03-23T23:01:38+00:00,0.0
3233,1,cmd/dirname,srd016,0.6209,68,350042,1,0,0.0,2026-03-23T23:03:02+00:00,2026-03-23T23:03:02+00:00,0.0
3234,1,cmd/dirname,srd016,0.6116,93,352501,1,0,0.0,2026-03-23T23:04:51+00:00,2026-03-23T23:04:51+00:00,0.0
3235,1,cmd/dirname,srd016,0.7728,88,521428,1,0,0.0,2026-03-23T23:06:36+00:00,2026-03-23T23:06:36+00:00,0.0
3237,1,cmd/tee,srd017,0.718,83,428192,1,0,0.0,2026-03-23T23:10:55+00:00,2026-03-23T23:10:55+00:00,0.0
3238,1,cmd/tee,srd017,0.8654,140,515674,1,0,0.0,2026-03-23T23:13:31+00:00,2026-03-23T23:13:31+00:00,0.0
3239,1,cmd/tee,srd017,1.5019,234,1316901,1,0,0.0,2026-03-23T23:17:41+00:00,2026-03-23T23:17:41+00:00,0.0
3240,1,cmd/head,srd018,1.2199,299,577719,1,0,0.0,2026-03-23T23:22:56+00:00,2026-03-23T23:22:56+00:00,0.0
3242,1,cmd/head,srd018,1.204,258,738451,1,0,0.0,2026-03-23T23:30:36+00:00,2026-03-23T23:30:36+00:00,0.0
3243,1,cmd/head,srd018,0.8952,88,649862,1,0,0.0,2026-03-23T23:32:21+00:00,2026-03-23T23:32:21+00:00,0.0
3244,1,cmd/seq,srd019,0.8785,106,675620,1,0,0.0,2026-03-23T23:34:24+00:00,2026-03-23T23:34:24+00:00,0.0
3245,1,cmd/seq,srd019,0.6821,82,360577,1,0,0.0,2026-03-23T23:36:02+00:00,2026-03-23T23:36:02+00:00,0.0
3247,1,cmd/head,srd018,1.6254,410,847970,1,0,0.0,2026-03-23T23:45:41+00:00,2026-03-23T23:45:41+00:00,0.0
3248,1,cmd/seq,srd019,0.8572,81,646242,1,0,0.0,2026-03-23T23:47:20+00:00,2026-03-23T23:47:20+00:00,0.0
3249,1,cmd/wc,srd005,1.3184,337,516679,1,0,0.0,2026-03-23T23:53:12+00:00,2026-03-23T23:53:12+00:00,0.0
3250,1,cmd/wc,srd005,0.9266,138,461939,1,0,0.0,2026-03-23T23:55:46+00:00,2026-03-23T23:55:46+00:00,0.0
3252,1,cmd/wc,srd005,2.8652,592,2631441,1,0,0.0,2026-03-24T00:09:58+00:00,2026-03-24T00:09:58+00:00,0.0
3253,1,cmd/wc,srd005,1.5275,363,993296,1,0,0.0,2026-03-24T00:16:18+00:00,2026-03-24T00:16:18+00:00,0.0
3254,1,cmd/arch,srd045,0.9755,94,888750,1,0,0.0,2026-03-24T00:18:08+00:00,2026-03-24T00:18:08+00:00,0.0
3255,2,cmd/hostid,srd048,1.5159,193,1099659,1,1,0.5493,2026-03-24T00:20:44+00:00,2026-03-24T00:20:44+00:00,0.0
3259,1,cmd/uname,srd044,0.6016,49,346204,1,0,0.0,2026-03-24T00:27:02+00:00,2026-03-24T00:27:02+00:00,0.0
3260,1,cmd/uname,srd044,1.439,243,1301189,1,0,0.0,2026-03-24T00:31:24+00:00,2026-03-24T00:31:24+00:00,0.0
3262,1,cmd/uname,srd044,1.0841,191,724820,1,0,0.0,2026-03-24T00:37:25+00:00,2026-03-24T00:37:25+00:00,0.0
3263,1,cmd/nproc,srd046,0.6321,52,412270,1,0,0.0,2026-03-24T00:38:34+00:00,2026-03-24T00:38:34+00:00,0.0
3264,1,cmd/nproc,srd046,1.018,122,852582,1,0,0.0,2026-03-24T00:40:53+00:00,2026-03-24T00:40:53+00:00,0.0
3265,1,cmd/hostname,srd047,0.6936,52,444739,1,0,0.0,2026-03-24T00:42:01+00:00,2026-03-24T00:42:01+00:00,0.0
3267,1,cmd/ls,srd008,2.9458,310,4095466,1,0,0.0,2026-03-24T00:49:57+00:00,2026-03-24T00:49:57+00:00,0.0
3269,1,cmd/ls,srd008,2.2602,591,1047235,1,0,0.0,2026-03-24T01:00:11+00:00,2026-03-24T01:00:11+00:00,0.0
3272,1,cmd/ls,srd008,1.0785,165,849751,1,0,0.0,2026-03-24T01:04:41+00:00,2026-03-24T01:04:41+00:00,0.0
3273,1,cmd/ls,srd008,1.3981,240,1103944,1,0,0.0,2026-03-24T01:08:57+00:00,2026-03-24T01:08:57+00:00,0.0
3274,1,cmd/ls,srd008,1.4687,201,1317386,1,0,0.0,2026-03-24T01:12:36+00:00,2026-03-24T01:12:36+00:00,0.0
3275,2,cmd/ls,srd008,3.6292,889,2319534,1,1,1.0173,2026-03-24T01:25:32+00:00,2026-03-24T01:25:32+00:00,0.0
3278,1,cmd/ls,srd008,1.5607,407,788903,1,0,0.0,2026-03-24T01:37:48+00:00,2026-03-24T01:37:48+00:00,0.0
3282,1,cmd/ls,srd008,2.0111,392,1576147,1,0,0.0,2026-03-24T01:46:30+00:00,2026-03-24T01:46:30+00:00,0.0
3283,1,cmd/pwd,srd051,1.2266,165,1158200,1,0,0.0,2026-03-24T01:49:34+00:00,2026-03-24T01:49:34+00:00,0.0
3284,1,cmd/pwd,srd051,1.137,178,1015653,1,0,0.0,2026-03-24T01:52:49+00:00,2026-03-24T01:52:49+00:00,0.0
3285,1,cmd/tty,srd052,1.7396,494,759755,1,0,0.0,2026-03-24T02:01:19+00:00,2026-03-24T02:01:19+00:00,0.0
3287,1,cmd/logname,srd053,0.6046,44,406699,1,0,0.0,2026-03-24T02:05:36+00:00,2026-03-24T02:05:36+00:00,0.0
3288,1,cmd/logname,srd053,1.0523,82,1020976,1,0,0.0,2026-03-24T02:07:14+00:00,2026-03-24T02:07:14+00:00,0.0
3289,1,cmd/realpath,srd049,0.9022,168,514667,1,0,0.0,2026-03-24T02:10:21+00:00,2026-03-24T02:10:21+00:00,0.0
3290,1,cmd/realpath,srd049,1.0567,236,467216,1,0,0.0,2026-03-24T02:14:33+00:00,2026-03-24T02:14:33+00:00,0.0
3292,1,cmd/readlink,srd050,0.9977,137,756739,1,0,0.0,2026-03-24T02:19:00+00:00,2026-03-24T02:19:00+00:00,0.0
3293,1,cmd/readlink,srd050,0.7976,117,452212,1,0,0.0,2026-03-24T02:21:15+00:00,2026-03-24T02:21:15+00:00,0.0
3294,1,cmd/readlink,srd050,1.0975,156,803513,1,0,0.0,2026-03-24T02:24:08+00:00,2026-03-24T02:24:08+00:00,0.0
3295,1,cmd/echo,srd020,0.9998,116,997002,1,0,0.0,2026-03-24T02:26:21+00:00,2026-03-24T02:26:21+00:00,0.0
3297,1,cmd/echo,srd020,0.733,89,567754,1,0,0.0,2026-03-24T02:29:58+00:00,2026-03-24T02:29:58+00:00,0.0
3298,1,cmd/echo,srd020,0.7465,87,525920,1,0,0.0,2026-03-24T02:31:41+00:00,2026-03-24T02:31:41+00:00,0.0
3299,1,cmd/tac,srd021,1.2098,172,1074464,1,0,0.0,2026-03-24T02:34:52+00:00,2026-03-24T02:34:52+00:00,0.0
3300,1,cmd/tac,srd021,0.6487,74,282920,1,0,0.0,2026-03-24T02:36:24+00:00,2026-03-24T02:36:24+00:00,0.0
3302,1,cmd/tac,srd021,0.704,75,390658,1,0,0.0,2026-03-24T02:39:56+00:00,2026-03-24T02:39:56+00:00,0.0
3303,1,cmd/nl,srd022,1.2118,248,743483,1,0,0.0,2026-03-24T02:44:20+00:00,2026-03-24T02:44:20+00:00,0.0
3304,1,cmd/nl,srd022,1.2818,227,984391,1,0,0.0,2026-03-24T02:48:26+00:00,2026-03-24T02:48:26+00:00,0.0
3305,1,cmd/nl,srd022,2.29,507,1989627,1,0,0.0,2026-03-24T02:57:09+00:00,2026-03-24T02:57:09+00:00,0.0
3307,1,cmd/fold,srd023,1.1508,255,581589,1,0,0.0,2026-03-24T03:03:43+00:00,2026-03-24T03:03:43+00:00,0.0
3308,1,cmd/fold,srd023,1.6312,457,667214,1,0,0.0,2026-03-24T03:11:38+00:00,2026-03-24T03:11:38+00:00,0.0
3309,1,cmd/fold,srd023,1.3652,184,1293484,1,0,0.0,2026-03-24T03:14:58+00:00,2026-03-24T03:14:58+00:00,0.0
3310,1,cmd/expand,srd024,1.0144,220,481639,1,0,0.0,2026-03-24T03:18:54+00:00,2026-03-24T03:18:54+00:00,0.0
3312,1,cmd/expand,srd024,0.9972,130,899294,1,0,0.0,2026-03-24T03:22:47+00:00,2026-03-24T03:22:47+00:00,0.0
3313,1,cmd/expand,srd024,0.9777,195,703713,1,0,0.0,2026-03-24T03:26:19+00:00,2026-03-24T03:26:19+00:00,0.0
3314,1,cmd/unexpand,srd025,0.9073,160,531624,1,0,0.0,2026-03-24T03:29:18+00:00,2026-03-24T03:29:18+00:00,0.0
3315,1,cmd/unexpand,srd025,0.9469,135,640586,1,0,0.0,2026-03-24T03:31:51+00:00,2026-03-24T03:31:51+00:00,0.0
3317,1,cmd/cut,srd026,1.7834,476,687821,1,0,0.0,2026-03-24T03:42:16+00:00,2026-03-24T03:42:16+00:00,0.0
3318,1,cmd/cut,srd026,0.6829,67,450217,1,0,0.0,2026-03-24T03:43:40+00:00,2026-03-24T03:43:40+00:00,0.0
3319,1,cmd/cut,srd026,0.9647,93,686300,1,0,0.0,2026-03-24T03:45:29+00:00,2026-03-24T03:45:29+00:00,0.0
3320,1,cmd/paste,srd027,1.2833,309,698211,1,0,0.0,2026-03-24T03:50:57+00:00,2026-03-24T03:50:57+00:00,0.0
3322,1,cmd/paste,srd027,1.3559,348,599842,1,0,0.0,2026-03-24T03:59:17+00:00,2026-03-24T03:59:17+00:00,0.0
3323,1,cmd/paste,srd027,0.7551,67,471377,1,0,0.0,2026-03-24T04:00:40+00:00,2026-03-24T04:00:40+00:00,0.0
3324,1,cmd/uniq,srd028,1.0166,178,561821,1,0,0.0,2026-03-24T04:03:57+00:00,2026-03-24T04:03:57+00:00,0.0
3325,1,cmd/uniq,srd028,1.2667,332,503497,1,0,0.0,2026-03-24T04:09:45+00:00,2026-03-24T04:09:45+00:00,0.0
3327,1,cmd/comm,srd029,1.3589,183,1203582,1,0,0.0,2026-03-24T04:15:58+00:00,2026-03-24T04:15:58+00:00,0.0
3328,1,cmd/comm,srd029,1.8545,481,1278324,1,0,0.0,2026-03-24T04:24:16+00:00,2026-03-24T04:24:16+00:00,0.0
3329,1,cmd/comm,srd029,1.3392,141,1319949,1,0,0.0,2026-03-24T04:26:58+00:00,2026-03-24T04:26:58+00:00,0.0
3331,1,cmd/md5sum,srd030,0.8644,81,698351,1,0,0.0,2026-03-24T04:31:15+00:00,2026-03-24T04:31:15+00:00,0.0
3332,1,cmd/md5sum,srd030,1.159,192,966537,1,0,0.0,2026-03-24T04:34:44+00:00,2026-03-24T04:34:44+00:00,0.0
3333,1,cmd/md5sum,srd030,2.3528,303,2734565,1,0,0.0,2026-03-24T04:40:07+00:00,2026-03-24T04:40:07+00:00,0.0
3334,1,cmd/sha1sum,srd031,0.7014,77,502961,1,0,0.0,2026-03-24T04:41:40+00:00,2026-03-24T04:41:40+00:00,0.0
3336,1,cmd/sha1sum,srd031,1.0577,198,732625,1,0,0.0,2026-03-24T04:47:18+00:00,2026-03-24T04:47:18+00:00,0.0
3337,1,cmd/sha1sum,srd031,1.3953,242,1129249,1,0,0.0,2026-03-24T04:51:36+00:00,2026-03-24T04:51:36+00:00,0.0
3338,1,cmd/sha256sum,srd032,0.8291,83,597223,1,0,0.0,2026-03-24T04:53:15+00:00,2026-03-24T04:53:15+00:00,0.0
3339,1,cmd/sha256sum,srd032,1.1947,159,1076699,0,1,1.1947,2026-03-24T04:56:13+00:00,2026-03-24T04:56:13+00:00,0.0
3341,1,cmd/sha256sum,srd032,0.8479,84,562025,1,0,0.0,2026-03-24T04:59:43+00:00,2026-03-24T04:59:43+00:00,0.0
3342,1,cmd/sha512sum,srd033,0.7876,74,593524,1,0,0.0,2026-03-24T05:01:13+00:00,2026-03-24T05:01:13+00:00,0.0
3343,1,cmd/sha512sum,srd033,0.9552,153,638746,1,0,0.0,2026-03-24T05:04:04+00:00,2026-03-24T05:04:04+00:00,0.0
3344,1,cmd/sha512sum,srd033,1.3133,136,1356758,1,0,0.0,2026-03-24T19:13:18+00:00,2026-03-24T19:13:18+00:00,0.0
3346,1,cmd/unlink,srd038,0.6033,50,348954,1,0,0.0,2026-03-24T19:16:43+00:00,2026-03-24T19:16:43+00:00,0.0
3347,1,cmd/unlink,srd038,1.2675,245,921940,1,0,0.0,2026-03-24T19:21:07+00:00,2026-03-24T19:21:07+00:00,0.0
3348,1,cmd/mkdir,srd034,0.7166,82,431839,1,0,0.0,2026-03-24T19:22:50+00:00,2026-03-24T19:22:50+00:00,0.0
3349,1,cmd/mkdir,srd034,0.7293,90,432513,1,0,0.0,2026-03-24T19:24:39+00:00,2026-03-24T19:24:39+00:00,0.0
3351,1,cmd/rmdir,srd035,1.2006,158,944621,1,0,0.0,2026-03-24T19:29:58+00:00,2026-03-24T19:29:58+00:00,0.0
3352,1,cmd/rmdir,srd035,1.2386,192,952172,1,0,0.0,2026-03-24T19:33:30+00:00,2026-03-24T19:33:30+00:00,0.0
3353,1,cmd/rmdir,srd035,0.9974,145,679440,1,0,0.0,2026-03-24T19:36:17+00:00,2026-03-24T19:36:17+00:00,0.0
3354,1,cmd/mktemp,srd036,1.6525,368,1086331,1,0,0.0,2026-03-24T19:42:42+00:00,2026-03-24T19:42:42+00:00,0.0
3356,1,cmd/mktemp,srd036,1.3337,313,539033,1,0,0.0,2026-03-24T19:50:23+00:00,2026-03-24T19:50:23+00:00,0.0
3357,1,cmd/mktemp,srd036,1.7739,431,1007457,1,0,0.0,2026-03-24T19:57:53+00:00,2026-03-24T19:57:53+00:00,0.0
3358,1,cmd/ln,srd037,1.2761,197,934318,1,0,0.0,2026-03-24T20:01:27+00:00,2026-03-24T20:01:27+00:00,0.0
3359,1,cmd/ln,srd037,1.8259,484,808803,1,0,0.0,2026-03-24T20:09:55+00:00,2026-03-24T20:09:55+00:00,0.0
3360,1,cmd/ln,srd037,1.5432,268,892314,1,0,0.0,2026-03-24T20:16:51+00:00,2026-03-24T20:16:51+00:00,0.0
3361,1,cmd/mkdir,srd034,1.6469,340,1107572,1,0,0.0,2026-03-24T20:22:51+00:00,2026-03-24T20:22:51+00:00,0.0
3362,1,cmd/env,srd039,2.3899,656,1503297,1,0,0.0,2026-03-24T20:34:02+00:00,2026-03-24T20:34:02+00:00,0.0
3363,1,cmd/env,srd039,0.8991,195,483880,1,0,0.0,2026-03-24T20:37:36+00:00,2026-03-24T20:37:36+00:00,0.0
3365,1,cmd/printenv,srd040,0.7441,95,504997,1,0,0.0,2026-03-24T20:42:45+00:00,2026-03-24T20:42:45+00:00,0.0
3366,1,cmd/printenv,srd040,0.749,120,428071,1,0,0.0,2026-03-24T20:45:04+00:00,2026-03-24T20:45:04+00:00,0.0
3368,1,cmd/whoami,srd042,0.5809,45,342544,1,0,0.0,2026-03-24T20:46:11+00:00,2026-03-24T20:46:11+00:00,0.0
3370,1,cmd/id,srd041,1.4816,317,749336,1,0,0.0,2026-03-24T20:54:32+00:00,2026-03-24T20:54:32+00:00,0.0
3371,1,cmd/id,srd041,0.9994,183,475650,1,0,0.0,2026-03-24T20:57:55+00:00,2026-03-24T20:57:55+00:00,0.0
3372,1,cmd/id,srd041,1.0882,104,1046601,1,0,0.0,2026-03-24T20:59:57+00:00,2026-03-24T20:59:57+00:00,0.0
3373,1,cmd/groups,srd043,0.8424,70,491522,1,0,0.0,2026-03-24T21:01:27+00:00,2026-03-24T21:01:27+00:00,0.0
3375,1,cmd/tr,srd054,2.0106,546,608181,1,0,0.0,2026-03-24T21:13:40+00:00,2026-03-24T21:13:40+00:00,0.0
3376,1,cmd/tr,srd054,1.2983,291,694612,1,0,0.0,2026-03-24T21:18:49+00:00,2026-03-24T21:18:49+00:00,0.0
3377,1,cmd/tr,srd054,0.9247,168,559318,1,0,0.0,2026-03-24T21:21:56+00:00,2026-03-24T21:21:56+00:00,0.0
3378,1,cmd/tr,srd054,0.9608,96,702002,1,0,0.0,2026-03-24T21:23:51+00:00,2026-03-24T21:23:51+00:00,0.0
3380,1,cmd/sort,srd053,0.9187,113,631734,1,0,0.0,2026-03-24T21:28:04+00:00,2026-03-24T21:28:04+00:00,0.0
3381,1,cmd/sort,srd053,1.8149,479,775912,1,0,0.0,2026-03-24T21:36:21+00:00,2026-03-24T21:36:21+00:00,0.0
3382,1,cmd/sort,srd053,1.2794,444,585418,1,0,0.0,2026-03-24T21:59:24+00:00,2026-03-24T21:59:24+00:00,0.0
3383,1,cmd/sort,srd053,1.7704,403,1000882,1,0,0.0,2026-03-24T22:06:26+00:00,2026-03-24T22:06:26+00:00,0.0
3385,1,cmd/tail,srd055,0.6581,64,432532,1,0,0.0,2026-03-24T22:09:59+00:00,2026-03-24T22:09:59+00:00,0.0
3386,1,cmd/tail,srd055,0.9027,104,629440,1,0,0.0,2026-03-24T22:12:02+00:00,2026-03-24T22:12:02+00:00,0.0
3387,1,cmd/tail,srd055,1.5898,416,820187,1,0,0.0,2026-03-24T22:19:18+00:00,2026-03-24T22:19:18+00:00,0.0
3388,1,cmd/tail,srd055,0.8467,117,505217,1,0,0.0,2026-03-24T22:21:36+00:00,2026-03-24T22:21:36+00:00,0.0
3390,1,cmd/cp,srd056,0.921,138,554645,1,0,0.0,2026-03-24T22:26:33+00:00,2026-03-24T22:26:33+00:00,0.0
3391,1,cmd/cp,srd056,1.4022,456,621037,1,0,0.0,2026-03-24T22:34:27+00:00,2026-03-24T22:34:27+00:00,0.0
3392,1,cmd/cp,srd056,1.1581,199,857127,1,0,0.0,2026-03-24T22:38:04+00:00,2026-03-24T22:38:04+00:00,0.0
3393,1,cmd/mv,srd057,1.049,177,648309,1,0,0.0,2026-03-24T22:41:21+00:00,2026-03-24T22:41:21+00:00,0.0
3395,1,cmd/mv,srd057,1.3053,162,1243521,1,0,0.0,2026-03-24T22:47:00+00:00,2026-03-24T22:47:00+00:00,0.0
3396,1,cmd/mv,srd057,1.8798,287,1819520,1,0,0.0,2026-03-24T22:52:05+00:00,2026-03-24T22:52:05+00:00,0.0
3397,1,cmd/rm,srd058,1.1835,230,707763,1,0,0.0,2026-03-24T22:56:12+00:00,2026-03-24T22:56:12+00:00,0.0
3398,1,cmd/rm,srd058,2.1411,594,1026166,1,0,0.0,2026-03-24T23:06:24+00:00,2026-03-24T23:06:24+00:00,0.0
3400,1,cmd/rm,srd058,1.305,144,1149028,1,0,0.0,2026-03-24T23:11:14+00:00,2026-03-24T23:11:14+00:00,0.0
3401,1,cmd/sleep,srd061,0.5843,52,341484,1,0,0.0,2026-03-24T23:12:24+00:00,2026-03-24T23:12:24+00:00,0.0
3402,1,cmd/sleep,srd061,0.7356,107,358788,1,0,0.0,2026-03-24T23:14:28+00:00,2026-03-24T23:14:28+00:00,0.0
3403,1,cmd/sleep,srd061,0.8818,107,556700,1,0,0.0,2026-03-24T23:16:32+00:00,2026-03-24T23:16:32+00:00,0.0
3405,1,cmd/factor,srd065,0.6319,54,362965,1,0,0.0,2026-03-24T23:19:49+00:00,2026-03-24T23:19:49+00:00,0.0
3406,1,cmd/factor,srd065,0.7922,135,438937,1,0,0.0,2026-03-24T23:22:22+00:00,2026-03-24T23:22:22+00:00,0.0
3407,1,cmd/factor,srd065,0.7635,69,538637,1,0,0.0,2026-03-24T23:23:49+00:00,2026-03-24T23:23:49+00:00,0.0
3408,1,cmd/date,srd060,1.5257,314,966094,1,0,0.0,2026-03-24T23:29:23+00:00,2026-03-24T23:29:23+00:00,0.0
3410,1,cmd/date,srd060,1.5636,394,737287,1,0,0.0,2026-03-24T23:38:08+00:00,2026-03-24T23:38:08+00:00,0.0
3411,1,cmd/date,srd060,1.3012,148,1144016,1,0,0.0,2026-03-24T23:40:53+00:00,2026-03-24T23:40:53+00:00,0.0
3412,1,cmd/touch,srd062,0.8241,99,463177,1,0,0.0,2026-03-24T23:42:49+00:00,2026-03-24T23:42:49+00:00,0.0
3413,1,cmd/touch,srd062,1.1502,208,813711,1,0,0.0,2026-03-24T23:46:33+00:00,2026-03-24T23:46:33+00:00,0.0
3415,1,cmd/touch,srd062,1.7819,428,942160,1,0,0.0,2026-03-24T23:56:01+00:00,2026-03-24T23:56:01+00:00,0.0
3416,1,cmd/timeout,srd063,1.0259,222,391355,1,0,0.0,2026-03-24T23:59:59+00:00,2026-03-24T23:59:59+00:00,0.0
3417,1,cmd/timeout,srd063,1.0215,204,484556,1,0,0.0,2026-03-25T00:03:42+00:00,2026-03-25T00:03:42+00:00,0.0
3418,1,cmd/timeout,srd063,2.3468,630,1517689,1,0,0.0,2026-03-25T00:14:30+00:00,2026-03-25T00:14:30+00:00,0.0
3420,1,cmd/shuf,srd064,0.7346,89,378719,1,0,0.0,2026-03-25T00:18:25+00:00,2026-03-25T00:18:25+00:00,0.0
3421,1,cmd/shuf,srd064,1.3339,289,679260,1,0,0.0,2026-03-25T00:23:33+00:00,2026-03-25T00:23:33+00:00,0.0
3422,1,cmd/shuf,srd064,1.152,261,868368,1,0,0.0,2026-03-25T00:28:13+00:00,2026-03-25T00:28:13+00:00,0.0
3423,2,cmd/expr,srd066,1.9472,479,703701,1,1,0.5714,2026-03-25T00:35:45+00:00,2026-03-25T00:35:45+00:00,0.0
3426,1,cmd/expr,srd066,1.1664,132,1066722,1,0,0.0,2026-03-25T00:41:09+00:00,2026-03-25T00:41:09+00:00,0.0
3427,1,cmd/split,srd067,1.6252,351,1021418,1,0,0.0,2026-03-25T00:47:17+00:00,2026-03-25T00:47:17+00:00,0.0
3428,1,cmd/split,srd067,1.9504,612,676250,1,0,0.0,2026-03-25T00:57:51+00:00,2026-03-25T00:57:51+00:00,0.0
3430,1,cmd/split,srd067,1.2506,168,1006300,1,0,0.0,2026-03-25T01:02:54+00:00,2026-03-25T01:02:54+00:00,0.0
3431,1,cmd/csplit,srd068,2.2595,792,1397197,1,0,0.0,2026-03-25T01:31:42+00:00,2026-03-25T01:31:42+00:00,0.0
3432,1,cmd/csplit,srd068,1.572,422,742791,1,0,0.0,2026-03-25T01:39:00+00:00,2026-03-25T01:39:00+00:00,0.0
3433,1,cmd/csplit,srd068,1.7503,294,1387130,1,0,0.0,2026-03-25T01:44:12+00:00,2026-03-25T01:44:12+00:00,0.0
3435,1,cmd/join,srd069,1.6309,399,1106737,1,0,0.0,2026-03-25T01:53:02+00:00,2026-03-25T01:53:02+00:00,0.0
3436,1,cmd/join,srd069,3.0493,880,1592648,1,0,0.0,2026-03-25T02:08:02+00:00,2026-03-25T02:08:02+00:00,0.0
3437,1,cmd/join,srd069,1.2538,125,1068167,1,0,0.0,2026-03-25T02:10:26+00:00,2026-03-25T02:10:26+00:00,0.0
3438,1,cmd/fmt,srd070,1.4709,401,446097,1,0,0.0,2026-03-25T02:17:24+00:00,2026-03-25T02:17:24+00:00,0.0
3440,1,cmd/fmt,srd070,1.0099,241,398684,1,0,0.0,2026-03-25T02:23:23+00:00,2026-03-25T02:23:23+00:00,0.0
3441,1,cmd/fmt,srd070,2.8322,846,2211948,1,0,0.0,2026-03-25T03:55:54+00:00,2026-03-25T03:55:54+00:00,0.0
3442,1,cmd/numfmt,srd071,3.4446,869,2513517,1,0,0.0,2026-03-25T04:10:42+00:00,2026-03-25T04:10:42+00:00,0.0
3443,1,cmd/numfmt,srd071,2.1626,614,862217,1,0,0.0,2026-03-25T04:21:14+00:00,2026-03-25T04:21:14+00:00,0.0
3445,1,cmd/numfmt,srd071,1.0707,121,674858,1,0,0.0,2026-03-25T04:25:30+00:00,2026-03-25T04:25:30+00:00,0.0
3446,1,cmd/od,srd072,2.4577,890,1258623,1,0,0.0,2026-03-25T05:11:15+00:00,2026-03-25T05:11:15+00:00,0.0
3447,1,cmd/od,srd072,1.0122,162,728250,1,0,0.0,2026-03-25T05:14:15+00:00,2026-03-25T05:14:15+00:00,0.0
3448,1,cmd/od,srd072,4.069,779,4716856,1,0,0.0,2026-03-25T05:27:32+00:00,2026-03-25T05:27:32+00:00,0.0
3450,1,cmd/printf,srd073,2.1971,537,1326744,1,0,0.0,2026-03-25T05:38:49+00:00,2026-03-25T05:38:49+00:00,0.0
3451,1,cmd/printf,srd073,1.1219,219,740432,1,0,0.0,2026-03-25T05:42:45+00:00,2026-03-25T05:42:45+00:00,0.0
3452,1,cmd/printf,srd073,1.3341,138,1249273,1,0,0.0,2026-03-25T05:45:22+00:00,2026-03-25T05:45:22+00:00,0.0
3453,1,cmd/sha224sum,srd074,0.6548,61,363014,1,0,0.0,2026-03-25T05:46:39+00:00,2026-03-25T05:46:39+00:00,0.0
3455,1,cmd/sha224sum,srd074,1.6385,210,1683607,1,0,0.0,2026-03-25T05:52:29+00:00,2026-03-25T05:52:29+00:00,0.0
3456,1,cmd/sha384sum,srd075,0.8006,80,606506,1,0,0.0,2026-03-25T05:54:06+00:00,2026-03-25T05:54:06+00:00,0.0
3457,1,cmd/sha384sum,srd075,1.2286,269,639554,1,0,0.0,2026-03-25T05:58:53+00:00,2026-03-25T05:58:53+00:00,0.0
3458,1,cmd/b2sum,srd076,1.2535,231,1065509,1,0,0.0,2026-03-25T06:03:00+00:00,2026-03-25T06:03:00+00:00,0.0
3460,1,cmd/b2sum,srd076,0.8904,110,575447,1,0,0.0,2026-03-25T06:07:32+00:00,2026-03-25T06:07:32+00:00,0.0
3461,1,cmd/b2sum,srd076,1.3846,260,987405,1,0,0.0,2026-03-25T06:12:10+00:00,2026-03-25T06:12:10+00:00,0.0
3462,1,cmd/cksum,srd077,1.4205,346,1060143,1,0,0.0,2026-03-25T06:18:14+00:00,2026-03-25T06:18:14+00:00,0.0
3463,1,cmd/cksum,srd077,0.9534,148,572337,1,0,0.0,2026-03-25T06:21:00+00:00,2026-03-25T06:21:00+00:00,0.0
3465,1,cmd/sum,srd078,1.3941,179,1286271,1,0,0.0,2026-03-25T06:26:13+00:00,2026-03-25T06:26:13+00:00,0.0
3466,1,cmd/sum,srd078,1.0066,105,740594,1,0,0.0,2026-03-25T06:28:17+00:00,2026-03-25T06:28:17+00:00,0.0
3467,1,cmd/base32,srd079,1.5648,310,1551629,1,0,0.0,2026-03-25T06:33:44+00:00,2026-03-25T06:33:44+00:00,0.0
3468,1,cmd/base32,srd079,1.0399,140,832840,1,0,0.0,2026-03-25T06:36:23+00:00,2026-03-25T06:36:23+00:00,0.0
3470,1,cmd/base64,srd080,0.9493,145,773457,1,0,0.0,2026-03-25T06:41:01+00:00,2026-03-25T06:41:01+00:00,0.0
3471,1,cmd/base64,srd080,1.0692,162,824401,1,0,0.0,2026-03-25T06:44:01+00:00,2026-03-25T06:44:01+00:00,0.0
3472,1,cmd/basenc,srd081,2.5027,793,1665037,1,0,0.0,2026-03-25T07:28:16+00:00,2026-03-25T07:28:16+00:00,0.0
3473,1,cmd/basenc,srd081,1.1095,144,927507,1,0,0.0,2026-03-25T07:31:00+00:00,2026-03-25T07:31:00+00:00,0.0
3475,1,cmd/stat,srd082,2.0386,324,1567790,1,0,0.0,2026-03-25T07:41:14+00:00,2026-03-25T07:41:14+00:00,0.0
3477,1,cmd/truncate,srd083,1.8636,249,1829566,1,0,0.0,2026-03-25T12:41:33+00:00,2026-03-25T12:41:33+00:00,0.0
3478,1,cmd/truncate,srd083,1.5606,374,868197,1,0,0.0,2026-03-25T12:48:08+00:00,2026-03-25T12:48:08+00:00,0.0
3480,1,cmd/stat,srd082,1.2262,321,537479,1,0,0.0,2026-03-25T13:10:58+00:00,2026-03-25T13:10:58+00:00,0.0
3481,1,cmd/stat,srd082,1.2865,256,679082,1,0,0.0,2026-03-25T13:15:35+00:00,2026-03-25T13:15:35+00:00,0.0
3482,1,cmd/link,srd084,0.8997,84,761839,1,0,0.0,2026-03-25T13:17:18+00:00,2026-03-25T13:17:18+00:00,0.0
3483,1,cmd/link,srd084,1.0688,133,950344,1,0,0.0,2026-03-25T13:19:50+00:00,2026-03-25T13:19:50+00:00,0.0
3485,1,cmd/sync,srd085,1.2497,310,655473,1,0,0.0,2026-03-25T13:27:11+00:00,2026-03-25T13:27:11+00:00,0.0
3486,1,cmd/sync,srd085,0.8477,100,627034,1,0,0.0,2026-03-25T13:29:10+00:00,2026-03-25T13:29:10+00:00,0.0
3487,1,cmd/chmod,srd089,0.9261,165,518299,1,0,0.0,2026-03-25T13:32:15+00:00,2026-03-25T13:32:15+00:00,0.0
3488,2,cmd/chmod,srd089,2.4819,599,1079352,1,1,0.6137,2026-03-25T13:41:31+00:00,2026-03-25T13:41:31+00:00,0.0
3491,1,cmd/chmod,srd089,1.6619,256,1338508,1,0,0.0,2026-03-25T13:49:39+00:00,2026-03-25T13:49:39+00:00,0.0
3492,1,cmd/chgrp,srd090,0.9174,93,840718,1,0,0.0,2026-03-25T13:51:30+00:00,2026-03-25T13:51:30+00:00,0.0
3493,1,cmd/chgrp,srd090,0.9431,143,636927,1,0,0.0,2026-03-25T13:54:12+00:00,2026-03-25T13:54:12+00:00,0.0
3495,1,cmd/chgrp,srd090,1.2925,170,1170935,1,0,0.0,2026-03-25T13:59:28+00:00,2026-03-25T13:59:28+00:00,0.0
3496,1,cmd/chown,srd091,2.3466,530,1898907,1,0,0.0,2026-03-25T14:08:36+00:00,2026-03-25T14:08:36+00:00,0.0
3497,1,cmd/chown,srd091,1.7215,293,1215644,1,0,0.0,2026-03-25T14:13:50+00:00,2026-03-25T14:13:50+00:00,0.0
3498,1,cmd/chown,srd091,1.1267,109,778755,1,0,0.0,2026-03-25T14:16:04+00:00,2026-03-25T14:16:04+00:00,0.0
3500,1,cmd/mkfifo,srd092,0.6268,54,359313,1,0,0.0,2026-03-25T14:19:35+00:00,2026-03-25T14:19:35+00:00,0.0
3501,1,cmd/mkfifo,srd092,1.2971,142,1253705,1,0,0.0,2026-03-25T14:22:18+00:00,2026-03-25T14:22:18+00:00,0.0
3502,1,cmd/mknod,srd093,0.7144,79,431209,1,0,0.0,2026-03-25T14:23:56+00:00,2026-03-25T14:23:56+00:00,0.0
3503,1,cmd/mknod,srd093,1.5298,214,1582462,1,0,0.0,2026-03-25T14:27:49+00:00,2026-03-25T14:27:49+00:00,0.0
3505,1,cmd/nice,srd094,1.0485,257,406602,1,0,0.0,2026-03-25T14:34:28+00:00,2026-03-25T14:34:28+00:00,0.0
3506,1,cmd/nice,srd094,0.852,150,473691,1,0,0.0,2026-03-25T14:37:19+00:00,2026-03-25T14:37:19+00:00,0.0
3507,1,cmd/nohup,srd095,0.8201,111,469414,1,0,0.0,2026-03-25T14:39:30+00:00,2026-03-25T14:39:30+00:00,0.0
3508,1,cmd/nohup,srd095,1.8726,573,703043,1,0,0.0,2026-03-25T14:49:23+00:00,2026-03-25T14:49:23+00:00,0.0
3510,1,cmd/users,srd096,0.9853,201,600852,1,0,0.0,2026-03-25T14:55:09+00:00,2026-03-25T14:55:09+00:00,0.0
3511,1,cmd/users,srd096,0.7614,97,523277,1,0,0.0,2026-03-25T14:57:06+00:00,2026-03-25T14:57:06+00:00,0.0
3512,1,cmd/who,srd097,1.7303,629,903498,1,0,0.0,2026-03-25T15:23:23+00:00,2026-03-25T15:23:23+00:00,0.0
3513,1,cmd/who,srd097,0.9607,223,317075,1,0,0.0,2026-03-25T15:27:28+00:00,2026-03-25T15:27:28+00:00,0.0
3515,1,cmd/who,srd097,1.2266,200,1014718,1,0,0.0,2026-03-25T15:32:35+00:00,2026-03-25T15:32:35+00:00,0.0
3516,1,cmd/pinky,srd098,3.4163,627,4009085,1,0,0.0,2026-03-25T15:43:25+00:00,2026-03-25T15:43:25+00:00,0.0
3517,1,cmd/pinky,srd098,1.0732,288,316463,1,0,0.0,2026-03-25T15:48:34+00:00,2026-03-25T15:48:34+00:00,0.0
3518,1,cmd/pinky,srd098,0.6976,58,388324,1,0,0.0,2026-03-25T15:49:53+00:00,2026-03-25T15:49:53+00:00,0.0
3520,1,cmd/shred,srd099,1.0244,191,631830,1,0,0.0,2026-03-25T17:34:10+00:00,2026-03-25T17:34:10+00:00,0.0
3521,1,cmd/shred,srd099,0.8497,166,462905,1,0,0.0,2026-03-25T17:37:16+00:00,2026-03-25T17:37:16+00:00,0.0
3522,1,cmd/shred,srd099,0.9267,120,586358,1,0,0.0,2026-03-25T17:39:35+00:00,2026-03-25T17:39:35+00:00,0.0
3523,1,cmd/chroot,srd100,0.6297,86,218142,1,0,0.0,2026-03-25T17:41:23+00:00,2026-03-25T17:41:23+00:00,0.0
3525,1,cmd/chroot,srd100,0.8614,156,301975,1,0,0.0,2026-03-25T17:46:26+00:00,2026-03-25T17:46:26+00:00,0.0
3526,1,cmd/install,srd101,1.2984,279,703520,1,0,0.0,2026-03-25T17:51:22+00:00,2026-03-25T17:51:22+00:00,0.0
3527,1,cmd/install,srd101,1.5955,447,654890,1,0,0.0,2026-03-25T17:59:09+00:00,2026-03-25T17:59:09+00:00,0.0
3528,1,cmd/install,srd101,1.5881,432,584783,1,0,0.0,2026-03-25T18:06:41+00:00,2026-03-25T18:06:41+00:00,0.0
3530,1,cmd/tsort,srd102,1.3916,339,1867953,1,0,0.0,2026-03-25T18:30:00+00:00,2026-03-25T18:30:00+00:00,0.0
3531,1,cmd/tsort,srd102,0.6257,115,845493,1,0,0.0,2026-03-25T18:47:38+00:00,2026-03-25T18:47:38+00:00,0.0
3532,1,cmd/pathchk,srd103,1.4405,355,579744,1,0,0.0,2026-03-25T18:53:52+00:00,2026-03-25T18:53:52+00:00,0.0
3533,1,cmd/pathchk,srd103,1.3267,357,778480,1,0,0.0,2026-03-25T19:00:06+00:00,2026-03-25T19:00:06+00:00,0.0
3535,1,cmd/test,srd104,1.1757,296,561699,1,0,0.0,2026-03-25T19:07:39+00:00,2026-03-25T19:07:39+00:00,0.0
3536,1,cmd/test,srd104,1.971,546,1016448,1,0,0.0,2026-03-25T19:17:04+00:00,2026-03-25T19:17:04+00:00,0.0
3538,1,cmd/stty,srd105,2.2249,853,834857,1,0,0.0,2026-03-25T21:34:42+00:00,2026-03-25T21:34:42+00:00,0.0
3540,1,cmd/stty,srd105,1.3993,390,429437,1,0,0.0,2026-03-25T21:44:00+00:00,2026-03-25T21:44:00+00:00,0.0
3541,1,cmd/stty,srd105,1.0372,121,849030,1,0,0.0,2026-03-25T21:46:20+00:00,2026-03-25T21:46:20+00:00,0.0
3542,1,cmd/df,srd106,1.5641,367,892265,1,0,0.0,2026-03-25T21:52:44+00:00,2026-03-25T21:52:44+00:00,0.0
3543,1,cmd/df,srd106,0.9715,177,486273,1,0,0.0,2026-03-25T21:55:58+00:00,2026-03-25T21:55:58+00:00,0.0
3545,1,cmd/df,srd106,1.3146,202,1041016,1,0,0.0,2026-03-25T22:01:28+00:00,2026-03-25T22:01:28+00:00,0.0
3546,1,cmd/df,srd106,1.313,181,1063200,1,0,0.0,2026-03-25T22:04:49+00:00,2026-03-25T22:04:49+00:00,0.0
3547,1,cmd/df,srd106,1.4456,129,1658187,1,0,0.0,2026-03-25T22:07:17+00:00,2026-03-25T22:07:17+00:00,0.0
3548,1,cmd/dir,srd107,2.3186,581,1340627,1,0,0.0,2026-03-25T22:17:15+00:00,2026-03-25T22:17:15+00:00,0.0
3550,1,cmd/dir,srd107,2.9092,700,2122630,1,0,0.0,2026-03-25T22:31:10+00:00,2026-03-25T22:31:10+00:00,0.0
3551,1,cmd/dir,srd107,2.0112,337,1507165,1,0,0.0,2026-03-25T22:37:06+00:00,2026-03-25T22:37:06+00:00,0.0
3552,1,cmd/vdir,srd108,1.9799,209,2223411,1,0,0.0,2026-03-25T22:40:56+00:00,2026-03-25T22:40:56+00:00,0.0
3553,1,cmd/vdir,srd108,3.0204,455,3683232,1,0,0.0,2026-03-25T22:48:50+00:00,2026-03-25T22:48:50+00:00,0.0
3555,1,cmd/dircolors,srd109,1.9872,518,1142052,1,0,0.0,2026-03-25T22:59:30+00:00,2026-03-25T22:59:30+00:00,0.0
3556,1,cmd/dircolors,srd109,1.6113,386,1016019,1,0,0.0,2026-03-25T23:06:14+00:00,2026-03-25T23:06:14+00:00,0.0
3557,1,cmd/dircolors,srd109,1.7698,457,993112,1,0,0.0,2026-03-25T23:14:08+00:00,2026-03-25T23:14:08+00:00,0.0
3558,1,cmd/dircolors,srd109,1.9832,525,1063330,1,0,0.0,2026-03-25T23:23:12+00:00,2026-03-25T23:23:12+00:00,0.0
3562,1,cmd/pr,srd110,1.956,299,1717734,1,0,0.0,2026-03-26T01:04:12+00:00,2026-03-26T01:04:12+00:00,0.0
3565,1,cmd/pr,srd110,1.4837,351,1003564,1,0,0.0,2026-03-26T02:42:11+00:00,2026-03-26T02:42:11+00:00,0.0
3576,1,cmd/chronic,srd112,0.663,68,482760,1,0,0.0,2026-03-27T16:02:15+00:00,2026-03-27T16:02:15+00:00,0.0
3577,1,cmd/chronic,srd112,1.7141,471,969993,1,0,0.0,2026-03-27T16:10:24+00:00,2026-03-27T16:10:24+00:00,0.0
3578,1,cmd/pee,srd113,0.6647,52,547220,1,0,0.0,2026-03-27T16:11:35+00:00,2026-03-27T16:11:35+00:00,0.0
3579,1,cmd/pee,srd113,0.7293,63,580404,1,0,0.0,2026-03-27T16:12:57+00:00,2026-03-27T16:12:57+00:00,0.0
3581,1,cmd/vidir,srd114,0.9645,88,675471,1,0,0.0,2026-03-27T16:16:19+00:00,2026-03-27T16:16:19+00:00,0.0
3582,1,cmd/vidir,srd114,1.8011,286,1806094,1,0,0.0,2026-03-27T16:21:26+00:00,2026-03-27T16:21:26+00:00,0.0
3657,1,cmd/users,srd096,0.7061,99,466398,1,0,0.0,2026-03-29T00:48:25+00:00,2026-03-29T00:48:25+00:00,0.0
3658,1,cmd/users,srd096,0.7711,104,611461,1,0,0.0,2026-03-29T00:50:25+00:00,2026-03-29T00:50:25+00:00,0.0
3659,1,cmd/users,srd096,0.7394,155,411337,1,0,0.0,2026-03-29T00:53:16+00:00,2026-03-29T00:53:16+00:00,0.0
3660,1,cmd/who,srd097,0.6809,63,534808,1,0,0.0,2026-03-29T00:54:33+00:00,2026-03-29T00:54:33+00:00,0.0
3667,1,pkg/testutils,srd001,0.538,43,385436,1,0,0.0,2026-03-29T01:04:54+00:00,2026-03-29T01:04:54+00:00,0.0
3668,1,pkg/testutils,srd001,0.7602,82,492783,1,0,0.0,2026-03-29T01:06:33+00:00,2026-03-29T01:06:33+00:00,0.0
3669,1,pkg/sys,srd002,0.6182,46,420764,1,0,0.0,2026-03-29T01:07:34+00:00,2026-03-29T01:07:34+00:00,0.0
3670,1,pkg/sys,srd002,0.765,101,489884,1,0,0.0,2026-03-29T01:09:30+00:00,2026-03-29T01:09:30+00:00,0.0
3672,1,pkg/sys,srd002,0.5994,70,338395,1,0,0.0,2026-03-29T01:12:17+00:00,2026-03-29T01:12:17+00:00,0.0
3673,1,pkg/sys,srd002,0.5252,40,277864,1,0,0.0,2026-03-29T01:13:13+00:00,2026-03-29T01:13:13+00:00,0.0
3674,1,pkg/testutils,srd001,0.8205,70,657702,1,0,0.0,2026-03-29T01:14:37+00:00,2026-03-29T01:14:37+00:00,0.0
3675,1,pkg/testutils,srd001,0.646,58,362815,1,0,0.0,2026-03-29T01:15:53+00:00,2026-03-29T01:15:53+00:00,0.0
3677,1,pkg/testutils,srd001,1.286,211,973674,1,0,0.0,2026-03-29T01:22:00+00:00,2026-03-29T01:22:00+00:00,0.0
3678,1,pkg/testutils,srd001,0.7497,96,445013,1,0,0.0,2026-03-29T01:23:54+00:00,2026-03-29T01:23:54+00:00,0.0
3679,1,pkg/format,srd003,0.5926,39,459391,1,0,0.0,2026-03-29T01:24:50+00:00,2026-03-29T01:24:50+00:00,0.0
3680,1,pkg/format,srd003,0.7692,84,555761,1,0,0.0,2026-03-29T01:26:29+00:00,2026-03-29T01:26:29+00:00,0.0
3682,1,pkg/format,srd003,0.6814,88,359581,1,0,0.0,2026-03-29T01:30:20+00:00,2026-03-29T01:30:20+00:00,0.0
3683,1,pkg/format,srd003,0.7104,86,498270,1,0,0.0,2026-03-29T01:32:01+00:00,2026-03-29T01:32:01+00:00,0.0
3684,1,pkg/format,srd003,0.7843,79,629616,1,0,0.0,2026-03-29T01:33:35+00:00,2026-03-29T01:33:35+00:00,0.0
3685,1,pkg/hashutil,srd086,0.5632,38,395663,1,0,0.0,2026-03-29T01:34:26+00:00,2026-03-29T01:34:26+00:00,0.0
3687,1,pkg/sizeparse,srd087,0.5909,24,324748,1,0,0.0,2026-03-29T01:38:11+00:00,2026-03-29T01:38:11+00:00,0.0
3688,1,pkg/encutil,srd088,0.5456,23,241863,1,0,0.0,2026-03-29T01:38:51+00:00,2026-03-29T01:38:51+00:00,0.0
3689,1,pkg/hashutil,srd086,0.8328,66,600292,1,0,0.0,2026-03-29T01:40:11+00:00,2026-03-29T01:40:11+00:00,0.0
3690,1,pkg/hashutil,srd086,0.8258,57,604561,1,0,0.0,2026-03-29T01:41:24+00:00,2026-03-29T01:41:24+00:00,0.0
3692,1,pkg/sizeparse,srd087,1.2687,142,1189035,1,0,0.0,2026-03-29T01:46:24+00:00,2026-03-29T01:46:24+00:00,0.0
3693,1,pkg/sizeparse,srd087,0.7737,101,577232,1,0,0.0,2026-03-29T01:48:22+00:00,2026-03-29T01:48:22+00:00,0.0
3694,1,pkg/encutil,srd088,0.7801,63,449157,1,0,0.0,2026-03-29T01:49:39+00:00,2026-03-29T01:49:39+00:00,0.0
3695,1,pkg/encutil,srd088,0.915,66,727729,1,0,0.0,2026-03-29T01:51:02+00:00,2026-03-29T01:51:02+00:00,0.0
3698,1,pkg/hashutil,srd086,0.9289,77,650243,1,0,0.0,2026-03-29T01:57:24+00:00,2026-03-29T01:57:24+00:00,0.0
3699,1,cmd/cat,srd006,0.6057,48,470693,1,0,0.0,2026-03-29T01:58:27+00:00,2026-03-29T01:58:27+00:00,0.0
3700,1,cmd/cat,srd006,0.8496,99,711003,1,0,0.0,2026-03-29T02:00:22+00:00,2026-03-29T02:00:22+00:00,0.0
3702,1,cmd/cat,srd006,0.8723,110,594225,1,0,0.0,2026-03-29T02:04:26+00:00,2026-03-29T02:04:26+00:00,0.0
3703,1,cmd/cat,srd006,0.8069,123,448086,1,0,0.0,2026-03-29T02:06:46+00:00,2026-03-29T02:06:46+00:00,0.0
3704,1,cmd/cat,srd006,0.7476,58,593590,1,0,0.0,2026-03-29T02:08:01+00:00,2026-03-29T02:08:01+00:00,0.0
3705,1,cmd/cat,srd006,1.6665,392,1192190,1,0,0.0,2026-03-29T02:14:50+00:00,2026-03-29T02:14:50+00:00,0.0
3707,1,cmd/cat,srd006,1.1392,136,1105253,1,0,0.0,2026-03-29T02:19:09+00:00,2026-03-29T02:19:09+00:00,0.0
3708,1,cmd/sponge,srd007,1.0081,113,957426,1,0,0.0,2026-03-29T02:21:18+00:00,2026-03-29T02:21:18+00:00,0.0
3709,1,cmd/sponge,srd007,1.3028,348,505412,1,0,0.0,2026-03-29T02:27:23+00:00,2026-03-29T02:27:23+00:00,0.0
3710,1,cmd/sponge,srd007,1.2308,280,503899,1,0,0.0,2026-03-29T02:32:21+00:00,2026-03-29T02:32:21+00:00,0.0
3712,1,cmd/sponge,srd007,0.873,91,704287,1,0,0.0,2026-03-29T02:37:43+00:00,2026-03-29T02:37:43+00:00,0.0
3713,1,cmd/sponge,srd007,1.0519,191,500333,1,0,0.0,2026-03-29T02:41:15+00:00,2026-03-29T02:41:15+00:00,0.0
3714,1,cmd/sponge,srd007,0.9878,131,668082,1,0,0.0,2026-03-29T02:43:48+00:00,2026-03-29T02:43:48+00:00,0.0
3715,1,cmd/version,srd059,0.6293,53,467819,1,0,0.0,2026-03-29T02:45:00+00:00,2026-03-29T02:45:00+00:00,0.0
3717,1,cmd/version,srd059,0.6576,58,536096,1,0,0.0,2026-03-29T02:48:40+00:00,2026-03-29T02:48:40+00:00,0.0
3718,1,cmd/du,srd009,1.1254,233,613336,1,0,0.0,2026-03-29T02:52:48+00:00,2026-03-29T02:52:48+00:00,0.0
3719,1,cmd/du,srd009,0.8864,178,377229,1,0,0.0,2026-03-29T02:56:01+00:00,2026-03-29T02:56:01+00:00,0.0
3720,1,cmd/du,srd009,1.0359,370,628966,1,0,0.0,2026-03-29T03:02:30+00:00,2026-03-29T03:02:30+00:00,0.0
3722,1,cmd/du,srd009,0.9395,197,461688,1,0,0.0,2026-03-29T03:08:38+00:00,2026-03-29T03:08:38+00:00,0.0
3723,1,cmd/du,srd009,0.7925,132,371084,1,0,0.0,2026-03-29T03:11:06+00:00,2026-03-29T03:11:06+00:00,0.0
3724,1,cmd/true,srd013,1.381,139,1607511,1,0,0.0,2026-03-29T03:13:40+00:00,2026-03-29T03:13:40+00:00,0.0
3725,1,cmd/true,srd013,0.7061,89,483329,1,0,0.0,2026-03-29T03:15:25+00:00,2026-03-29T03:15:25+00:00,0.0
3727,1,cmd/true,srd013,0.5823,62,341991,1,0,0.0,2026-03-29T03:18:35+00:00,2026-03-29T03:18:35+00:00,0.0
3728,1,cmd/false,srd014,0.7571,111,491883,1,0,0.0,2026-03-29T03:20:40+00:00,2026-03-29T03:20:40+00:00,0.0
3729,1,cmd/false,srd014,0.6072,55,346961,1,0,0.0,2026-03-29T03:21:52+00:00,2026-03-29T03:21:52+00:00,0.0
3730,1,cmd/false,srd014,0.964,126,805793,1,0,0.0,2026-03-29T03:24:15+00:00,2026-03-29T03:24:15+00:00,0.0
3732,1,cmd/yes,srd012,0.9651,139,873566,1,0,0.0,2026-03-29T03:28:46+00:00,2026-03-29T03:28:46+00:00,0.0
3733,1,cmd/yes,srd012,1.12,234,915898,1,0,0.0,2026-03-29T03:33:17+00:00,2026-03-29T03:33:17+00:00,0.0
3734,1,cmd/yes,srd012,1.1797,236,924859,1,0,0.0,2026-03-29T03:37:50+00:00,2026-03-29T03:37:50+00:00,0.0
3735,1,cmd/basename,srd015,1.0007,109,958210,1,0,0.0,2026-03-29T03:40:15+00:00,2026-03-29T03:40:15+00:00,0.0
3737,1,cmd/basename,srd015,0.896,122,589789,1,0,0.0,2026-03-29T03:44:31+00:00,2026-03-29T03:44:31+00:00,0.0
3738,1,cmd/basename,srd015,0.645,57,429611,1,0,0.0,2026-03-29T03:45:45+00:00,2026-03-29T03:45:45+00:00,0.0
3739,1,cmd/basename,srd015,0.6277,51,428612,1,0,0.0,2026-03-29T03:46:52+00:00,2026-03-29T03:46:52+00:00,0.0
3740,2,cmd/dirname,srd016,1.6199,148,1343961,1,1,0.4672,2026-03-29T03:49:09+00:00,2026-03-29T03:49:09+00:00,0.0
3744,1,cmd/dirname,srd016,0.599,58,350214,1,0,0.0,2026-03-29T03:53:02+00:00,2026-03-29T03:53:02+00:00,0.0
3745,1,cmd/tee,srd017,0.8639,83,733998,1,0,0.0,2026-03-29T03:54:41+00:00,2026-03-29T03:54:41+00:00,0.0
3747,1,cmd/tee,srd017,0.6534,78,351874,1,0,0.0,2026-03-29T03:58:23+00:00,2026-03-29T03:58:23+00:00,0.0
3748,1,cmd/tee,srd017,0.6853,83,423139,1,0,0.0,2026-03-29T04:00:01+00:00,2026-03-29T04:00:01+00:00,0.0
3749,1,cmd/tee,srd017,1.2153,265,822488,1,0,0.0,2026-03-29T04:04:44+00:00,2026-03-29T04:04:44+00:00,0.0
3750,1,cmd/head,srd018,1.4432,193,1501450,1,0,0.0,2026-03-29T04:08:13+00:00,2026-03-29T04:08:13+00:00,0.0
3752,1,cmd/head,srd018,0.9236,117,743934,1,0,0.0,2026-03-29T04:13:07+00:00,2026-03-29T04:13:07+00:00,0.0
3753,1,cmd/head,srd018,0.968,180,557950,1,0,0.0,2026-03-29T04:16:22+00:00,2026-03-29T04:16:22+00:00,0.0
3754,1,cmd/head,srd018,1.0101,170,646497,1,0,0.0,2026-03-29T04:19:28+00:00,2026-03-29T04:19:28+00:00,0.0
3755,1,cmd/head,srd018,1.0956,155,756424,1,0,0.0,2026-03-29T04:22:19+00:00,2026-03-29T04:22:19+00:00,0.0
3757,1,cmd/seq,srd019,1.1691,197,804572,1,0,0.0,2026-03-29T04:27:38+00:00,2026-03-29T04:27:38+00:00,0.0
3758,1,cmd/seq,srd019,0.9557,103,875353,1,0,0.0,2026-03-29T04:29:37+00:00,2026-03-29T04:29:37+00:00,0.0
3759,1,cmd/seq,srd019,0.9714,169,570339,1,0,0.0,2026-03-29T04:32:41+00:00,2026-03-29T04:32:41+00:00,0.0
3760,1,cmd/seq,srd019,0.8352,103,627036,1,0,0.0,2026-03-29T04:34:40+00:00,2026-03-29T04:34:40+00:00,0.0
3762,1,cmd/version,srd011,0.6272,60,412150,1,0,0.0,2026-03-29T04:37:48+00:00,2026-03-29T04:37:48+00:00,0.0
3763,1,cmd/version,srd011,0.6627,77,417183,1,0,0.0,2026-03-29T04:39:22+00:00,2026-03-29T04:39:22+00:00,0.0
3764,1,cmd/seq,srd019,0.8522,76,696175,1,0,0.0,2026-03-29T04:40:56+00:00,2026-03-29T04:40:56+00:00,0.0
3765,1,cmd/wc,srd005,1.0609,217,554522,1,0,0.0,2026-03-29T04:44:50+00:00,2026-03-29T04:44:50+00:00,0.0
3767,1,cmd/wc,srd005,1.8559,258,1900856,1,0,0.0,2026-03-29T04:51:23+00:00,2026-03-29T04:51:23+00:00,0.0
3768,1,cmd/wc,srd005,2.498,674,1530051,1,0,0.0,2026-03-29T05:02:56+00:00,2026-03-29T05:02:56+00:00,0.0
3769,1,cmd/wc,srd005,2.5375,574,2350873,1,0,0.0,2026-03-29T05:12:48+00:00,2026-03-29T05:12:48+00:00,0.0
3770,1,cmd/wc,srd005,2.1499,631,1087794,1,0,0.0,2026-03-29T05:23:37+00:00,2026-03-29T05:23:37+00:00,0.0
3772,1,cmd/wc,srd005,1.1027,203,778217,1,0,0.0,2026-03-29T05:29:38+00:00,2026-03-29T05:29:38+00:00,0.0
3773,1,cmd/arch,srd045,1.0117,95,1107215,1,0,0.0,2026-03-29T05:31:31+00:00,2026-03-29T05:31:31+00:00,0.0
3774,1,cmd/arch,srd045,0.6459,54,434584,1,0,0.0,2026-03-29T05:32:40+00:00,2026-03-29T05:32:40+00:00,0.0
3775,1,cmd/hostid,srd048,0.8708,72,943859,1,0,0.0,2026-03-29T05:34:09+00:00,2026-03-29T05:34:09+00:00,0.0
3777,1,cmd/uname,srd044,0.7604,62,682995,1,0,0.0,2026-03-29T05:37:21+00:00,2026-03-29T05:37:21+00:00,0.0
3778,1,cmd/uname,srd044,0.5868,62,339699,1,0,0.0,2026-03-29T05:38:40+00:00,2026-03-29T05:38:40+00:00,0.0
3779,1,cmd/uname,srd044,0.689,73,486894,1,0,0.0,2026-03-29T05:40:09+00:00,2026-03-29T05:40:09+00:00,0.0
3780,1,cmd/uname,srd044,1.5551,186,1786819,1,0,0.0,2026-03-29T05:43:31+00:00,2026-03-29T05:43:31+00:00,0.0
3782,1,cmd/nproc,srd046,0.64,50,481865,1,0,0.0,2026-03-29T05:46:55+00:00,2026-03-29T05:46:55+00:00,0.0
3783,1,cmd/nproc,srd046,0.6337,58,419699,1,0,0.0,2026-03-29T05:48:09+00:00,2026-03-29T05:48:09+00:00,0.0
3784,1,cmd/nproc,srd046,0.5603,45,339782,1,0,0.0,2026-03-29T05:49:09+00:00,2026-03-29T05:49:09+00:00,0.0
3785,1,cmd/hostname,srd047,0.7018,57,557158,1,0,0.0,2026-03-29T05:50:22+00:00,2026-03-29T05:50:22+00:00,0.0
3787,1,cmd/hostname,srd047,0.4901,29,265451,1,0,0.0,2026-03-29T05:53:34+00:00,2026-03-29T05:53:34+00:00,0.0
3788,1,cmd/hostid,srd048,0.847,66,824372,1,0,0.0,2026-03-29T05:54:54+00:00,2026-03-29T05:54:54+00:00,0.0
3789,1,cmd/ls,srd008,0.9885,94,690340,1,0,0.0,2026-03-29T05:56:43+00:00,2026-03-29T05:56:43+00:00,0.0
3790,1,cmd/ls,srd008,1.7887,549,660581,1,0,0.0,2026-03-29T11:57:45+00:00,2026-03-29T11:57:45+00:00,0.0
3792,1,cmd/ls,srd008,1.0735,257,330432,1,0,0.0,2026-03-29T12:03:25+00:00,2026-03-29T12:03:25+00:00,0.0
3793,1,cmd/ls,srd008,0.7033,91,312427,1,0,0.0,2026-03-29T12:05:12+00:00,2026-03-29T12:05:12+00:00,0.0
3794,2,cmd/ls,srd008,1.3854,179,557815,1,1,0.6538,2026-03-29T12:06:56+00:00,2026-03-29T12:06:56+00:00,0.0
3797,1,cmd/ls,srd008,1.0752,206,595680,1,0,0.0,2026-03-29T12:14:02+00:00,2026-03-29T12:14:02+00:00,0.0
3798,1,cmd/ls,srd008,1.6257,435,597998,1,0,0.0,2026-03-29T12:21:34+00:00,2026-03-29T12:21:34+00:00,0.0
3799,1,cmd/ls,srd008,1.0457,106,877883,1,0,0.0,2026-03-29T12:23:38+00:00,2026-03-29T12:23:38+00:00,0.0
3800,1,cmd/ls,srd008,2.1672,449,2310816,1,0,0.0,2026-03-29T12:31:24+00:00,2026-03-29T12:31:24+00:00,0.0
3802,1,cmd/ls,srd008,2.1575,210,2648073,1,0,0.0,2026-03-29T12:36:35+00:00,2026-03-29T12:36:35+00:00,0.0
3803,1,cmd/ls,srd008,1.4143,154,1396671,1,0,0.0,2026-03-29T12:39:27+00:00,2026-03-29T12:39:27+00:00,0.0
3804,1,cmd/ls,srd008,2.4628,474,2217994,1,0,0.0,2026-03-29T12:47:39+00:00,2026-03-29T12:47:39+00:00,0.0
3805,1,cmd/ls,srd008,1.1073,92,994025,1,0,0.0,2026-03-29T12:49:30+00:00,2026-03-29T12:49:30+00:00,0.0
3807,1,cmd/ls,srd008,1.1292,81,1115703,1,0,0.0,2026-03-29T12:53:34+00:00,2026-03-29T12:53:34+00:00,0.0
3808,1,cmd/realpath,srd049,1.1848,162,996949,1,0,0.0,2026-03-29T12:56:33+00:00,2026-03-29T12:56:33+00:00,0.0
3809,1,cmd/realpath,srd049,1.0032,141,765874,1,0,0.0,2026-03-29T12:59:11+00:00,2026-03-29T12:59:11+00:00,0.0
3810,2,cmd/realpath,srd049,1.7275,197,1279781,1,1,0.9059,2026-03-29T13:01:38+00:00,2026-03-29T13:01:38+00:00,0.0
3813,1,cmd/realpath,srd049,0.6252,60,367180,0,1,0.6252,2026-03-29T13:06:22+00:00,2026-03-29T13:06:22+00:00,0.0
3814,2,cmd/readlink,srd050,1.9047,205,1566579,1,1,0.5475,2026-03-29T13:09:27+00:00,2026-03-29T13:09:27+00:00,0.0
3818,1,cmd/readlink,srd050,0.5164,37,272759,0,1,0.5164,2026-03-29T13:13:55+00:00,2026-03-29T13:13:55+00:00,0.0
3819,1,cmd/readlink,srd050,0.8808,90,754902,1,0,0.0,2026-03-29T13:15:42+00:00,2026-03-29T13:15:42+00:00,0.0
3820,1,cmd/pwd,srd051,0.981,59,853134,1,0,0.0,2026-03-29T13:16:55+00:00,2026-03-29T13:16:55+00:00,0.0
3822,1,cmd/pwd,srd051,0.6328,49,476041,1,0,0.0,2026-03-29T13:20:25+00:00,2026-03-29T13:20:25+00:00,0.0
3823,1,cmd/pwd,srd051,0.9145,119,702962,1,0,0.0,2026-03-29T13:22:40+00:00,2026-03-29T13:22:40+00:00,0.0
3824,1,cmd/pwd,srd051,1.0774,102,1120708,1,0,0.0,2026-03-29T13:24:40+00:00,2026-03-29T13:24:40+00:00,0.0
3825,1,cmd/tty,srd052,0.5507,43,278953,1,0,0.0,2026-03-29T13:25:39+00:00,2026-03-29T13:25:39+00:00,0.0
3827,1,cmd/tty,srd052,1.1224,198,998471,1,0,0.0,2026-03-29T13:30:50+00:00,2026-03-29T13:30:50+00:00,0.0
3828,1,cmd/tty,srd052,0.7326,61,582691,1,0,0.0,2026-03-29T13:32:08+00:00,2026-03-29T13:32:08+00:00,0.0
3829,1,cmd/logname,srd053,0.5374,43,273324,1,0,0.0,2026-03-29T13:33:05+00:00,2026-03-29T13:33:05+00:00,0.0
3830,1,cmd/logname,srd053,0.68,64,549581,1,0,0.0,2026-03-29T13:34:25+00:00,2026-03-29T13:34:25+00:00,0.0
3832,1,cmd/logname,srd053,1.0709,117,1160597,1,0,0.0,2026-03-29T13:38:11+00:00,2026-03-29T13:38:11+00:00,0.0
3833,1,cmd/echo,srd020,0.525,35,331204,1,0,0.0,2026-03-29T13:39:02+00:00,2026-03-29T13:39:02+00:00,0.0
3834,1,cmd/echo,srd020,0.6289,59,412597,1,0,0.0,2026-03-29T13:40:18+00:00,2026-03-29T13:40:18+00:00,0.0
3835,1,cmd/echo,srd020,0.9934,119,883578,1,0,0.0,2026-03-29T13:42:33+00:00,2026-03-29T13:42:33+00:00,0.0
3837,1,cmd/echo,srd020,1.0324,142,997884,1,0,0.0,2026-03-29T13:46:55+00:00,2026-03-29T13:46:55+00:00,0.0
3838,1,cmd/echo,srd020,0.7748,103,456408,1,0,0.0,2026-03-29T13:48:56+00:00,2026-03-29T13:48:56+00:00,0.0
3839,1,cmd/tac,srd021,0.5894,45,407228,1,0,0.0,2026-03-29T13:49:56+00:00,2026-03-29T13:49:56+00:00,0.0
3840,1,cmd/tac,srd021,1.0783,185,781368,1,0,0.0,2026-03-29T13:53:18+00:00,2026-03-29T13:53:18+00:00,0.0
3842,1,cmd/nl,srd022,0.8515,100,719623,1,0,0.0,2026-03-29T13:56:41+00:00,2026-03-29T13:56:41+00:00,0.0
3843,1,cmd/tac,srd021,1.0356,207,468052,1,0,0.0,2026-03-29T14:00:25+00:00,2026-03-29T14:00:25+00:00,0.0
3844,1,cmd/tac,srd021,0.9056,155,618137,1,0,0.0,2026-03-29T14:03:17+00:00,2026-03-29T14:03:17+00:00,0.0
3845,1,cmd/tac,srd021,0.6107,68,357389,0,1,0.6107,2026-03-29T14:04:43+00:00,2026-03-29T14:04:43+00:00,0.0
3847,1,cmd/nl,srd022,1.2466,238,817576,1,0,0.0,2026-03-29T14:10:39+00:00,2026-03-29T14:10:39+00:00,0.0
3848,1,cmd/nl,srd022,1.2666,300,885888,1,0,0.0,2026-03-29T14:15:56+00:00,2026-03-29T14:15:56+00:00,0.0
3849,1,cmd/nl,srd022,1.0227,134,863473,1,0,0.0,2026-03-29T14:18:29+00:00,2026-03-29T14:18:29+00:00,0.0
3850,1,cmd/nl,srd022,1.7233,370,1486345,1,0,0.0,2026-03-29T14:24:57+00:00,2026-03-29T14:24:57+00:00,0.0
3852,1,cmd/fold,srd023,1.9526,613,979505,1,0,0.0,2026-03-29T14:36:44+00:00,2026-03-29T14:36:44+00:00,0.0
3853,1,cmd/fold,srd023,0.6964,72,425482,1,0,0.0,2026-03-29T14:38:13+00:00,2026-03-29T14:38:13+00:00,0.0
3854,1,cmd/fold,srd023,0.8421,116,654002,1,0,0.0,2026-03-29T14:40:26+00:00,2026-03-29T14:40:26+00:00,0.0
3855,1,cmd/fold,srd023,1.1513,121,1123612,1,0,0.0,2026-03-29T14:42:44+00:00,2026-03-29T14:42:44+00:00,0.0
3857,1,cmd/expand,srd024,0.9233,85,835176,1,0,0.0,2026-03-29T14:46:33+00:00,2026-03-29T14:46:33+00:00,0.0
3858,1,cmd/expand,srd024,1.1201,182,901659,1,0,0.0,2026-03-29T14:49:53+00:00,2026-03-29T14:49:53+00:00,0.0
3859,1,cmd/expand,srd024,1.3704,360,765285,1,0,0.0,2026-03-29T14:56:10+00:00,2026-03-29T14:56:10+00:00,0.0
3860,1,cmd/expand,srd024,1.5379,226,1510113,1,0,0.0,2026-03-29T15:00:14+00:00,2026-03-29T15:00:14+00:00,0.0
3862,1,cmd/fold,srd023,0.7187,72,512322,1,0,0.0,2026-03-29T15:03:52+00:00,2026-03-29T15:03:52+00:00,0.0
3863,1,cmd/fold,srd023,1.2999,157,1365381,1,0,0.0,2026-03-29T15:06:47+00:00,2026-03-29T15:06:47+00:00,0.0
3864,1,cmd/fold,srd023,0.766,109,459037,1,0,0.0,2026-03-29T15:08:55+00:00,2026-03-29T15:08:55+00:00,0.0
3865,1,cmd/unexpand,srd025,1.1839,220,805716,1,0,0.0,2026-03-29T15:12:51+00:00,2026-03-29T15:12:51+00:00,0.0
3867,1,cmd/fold,srd023,0.9028,134,707205,1,0,0.0,2026-03-29T15:16:38+00:00,2026-03-29T15:16:38+00:00,0.0
3868,1,cmd/unexpand,srd025,0.9616,128,759778,1,0,0.0,2026-03-29T15:19:05+00:00,2026-03-29T15:19:05+00:00,0.0
3869,1,cmd/unexpand,srd025,1.1755,151,975724,1,0,0.0,2026-03-29T15:21:53+00:00,2026-03-29T15:21:53+00:00,0.0
3870,1,cmd/unexpand,srd025,0.9904,117,930177,1,0,0.0,2026-03-29T15:24:08+00:00,2026-03-29T15:24:08+00:00,0.0
3872,1,cmd/cut,srd026,1.0355,212,631517,1,0,0.0,2026-03-29T15:29:47+00:00,2026-03-29T15:29:47+00:00,0.0
3873,1,cmd/cut,srd026,0.7782,111,447496,1,0,0.0,2026-03-29T15:31:54+00:00,2026-03-29T15:31:54+00:00,0.0
3874,1,cmd/cut,srd026,1.0557,209,570699,1,0,0.0,2026-03-29T15:35:39+00:00,2026-03-29T15:35:39+00:00,0.0
3875,1,cmd/cut,srd026,1.3571,359,528182,1,0,0.0,2026-03-29T15:41:55+00:00,2026-03-29T15:41:55+00:00,0.0
3877,1,cmd/paste,srd027,1.2541,298,601533,1,0,0.0,2026-03-29T15:48:48+00:00,2026-03-29T15:48:48+00:00,0.0
3878,1,cmd/paste,srd027,0.7339,80,501835,1,0,0.0,2026-03-29T15:50:25+00:00,2026-03-29T15:50:25+00:00,0.0
3879,1,cmd/paste,srd027,0.8547,133,478637,1,0,0.0,2026-03-29T15:52:55+00:00,2026-03-29T15:52:55+00:00,0.0
3880,1,cmd/paste,srd027,0.7161,82,381198,1,0,0.0,2026-03-29T15:54:34+00:00,2026-03-29T15:54:34+00:00,0.0
3882,1,cmd/uniq,srd028,0.9377,98,741911,1,0,0.0,2026-03-29T15:58:05+00:00,2026-03-29T15:58:05+00:00,0.0
3883,1,cmd/uniq,srd028,0.9895,154,684210,1,0,0.0,2026-03-29T16:00:57+00:00,2026-03-29T16:00:57+00:00,0.0
3884,1,cmd/uniq,srd028,0.9557,129,615054,1,0,0.0,2026-03-29T16:03:25+00:00,2026-03-29T16:03:25+00:00,0.0
3885,1,cmd/uniq,srd028,0.9914,178,562151,1,0,0.0,2026-03-29T16:06:42+00:00,2026-03-29T16:06:42+00:00,0.0
3887,1,cmd/comm,srd029,1.0943,264,496022,1,0,0.0,2026-03-29T16:13:10+00:00,2026-03-29T16:13:10+00:00,0.0
3888,1,cmd/comm,srd029,0.8393,101,591098,1,0,0.0,2026-03-29T16:15:09+00:00,2026-03-29T16:15:09+00:00,0.0
3889,1,cmd/comm,srd029,2.1568,369,1947233,1,0,0.0,2026-03-29T16:21:36+00:00,2026-03-29T16:21:36+00:00,0.0
3890,1,cmd/comm,srd029,1.295,204,1067271,1,0,0.0,2026-03-29T16:25:16+00:00,2026-03-29T16:25:16+00:00,0.0
3892,1,cmd/md5sum,srd030,0.6355,52,484301,1,0,0.0,2026-03-29T16:29:09+00:00,2026-03-29T16:29:09+00:00,0.0
3893,2,cmd/md5sum,srd030,1.386,158,873847,1,1,0.7738,2026-03-29T16:30:15+00:00,2026-03-29T16:30:15+00:00,0.0
3895,1,cmd/md5sum,srd030,1.2115,172,994176,1,0,0.0,2026-03-29T16:35:28+00:00,2026-03-29T16:35:28+00:00,0.0
3897,1,cmd/sha1sum,srd031,0.6578,63,422696,1,0,0.0,2026-03-29T16:39:04+00:00,2026-03-29T16:39:04+00:00,0.0
3898,1,cmd/sha1sum,srd031,0.607,56,422954,1,0,0.0,2026-03-29T16:40:16+00:00,2026-03-29T16:40:16+00:00,0.0
3899,1,cmd/sha1sum,srd031,1.0543,197,803076,1,0,0.0,2026-03-29T16:43:50+00:00,2026-03-29T16:43:50+00:00,0.0
3902,1,cmd/sha256sum,srd032,0.5792,39,345145,1,0,0.0,2026-03-29T16:46:28+00:00,2026-03-29T16:46:28+00:00,0.0
3903,1,cmd/sha256sum,srd032,0.71,70,519440,1,0,0.0,2026-03-29T16:47:54+00:00,2026-03-29T16:47:54+00:00,0.0
3904,1,cmd/sha256sum,srd032,1.4831,298,1050373,1,0,0.0,2026-03-29T16:53:10+00:00,2026-03-29T16:53:10+00:00,0.0
3905,1,cmd/sha512sum,srd033,0.639,51,425913,1,0,0.0,2026-03-29T16:54:19+00:00,2026-03-29T16:54:19+00:00,0.0
3907,1,cmd/sha512sum,srd033,0.7762,77,530499,1,0,0.0,2026-03-29T16:57:41+00:00,2026-03-29T16:57:41+00:00,0.0
3908,1,cmd/sha512sum,srd033,0.8493,106,478049,1,0,0.0,2026-03-29T16:59:46+00:00,2026-03-29T16:59:46+00:00,0.0
3909,1,cmd/mkdir,srd034,1.5183,389,937437,1,0,0.0,2026-03-29T17:06:34+00:00,2026-03-29T17:06:34+00:00,0.0
3910,1,cmd/mkdir,srd034,1.8872,386,1470000,1,0,0.0,2026-03-29T17:13:18+00:00,2026-03-29T17:13:18+00:00,0.0
3912,1,cmd/mkdir,srd034,1.3891,323,704596,1,0,0.0,2026-03-29T17:21:06+00:00,2026-03-29T17:21:06+00:00,0.0
3913,1,cmd/mkdir,srd034,0.7811,86,538590,1,0,0.0,2026-03-29T17:22:50+00:00,2026-03-29T17:22:50+00:00,0.0
3914,1,cmd/rmdir,srd035,0.9439,94,797287,1,0,0.0,2026-03-29T17:24:44+00:00,2026-03-29T17:24:44+00:00,0.0
3915,1,cmd/rmdir,srd035,1.3116,315,590303,1,0,0.0,2026-03-29T17:30:16+00:00,2026-03-29T17:30:16+00:00,0.0
3917,1,cmd/rmdir,srd035,1.3627,210,1021081,1,0,0.0,2026-03-29T17:36:14+00:00,2026-03-29T17:36:14+00:00,0.0
3918,1,cmd/rmdir,srd035,0.9932,159,799542,1,0,0.0,2026-03-29T17:39:08+00:00,2026-03-29T17:39:08+00:00,0.0
3919,1,cmd/mktemp,srd036,1.8927,513,998733,1,0,0.0,2026-03-29T17:47:58+00:00,2026-03-29T17:47:58+00:00,0.0
3920,1,cmd/mktemp,srd036,0.818,135,450319,1,0,0.0,2026-03-29T17:50:30+00:00,2026-03-29T17:50:30+00:00,0.0
3922,1,cmd/mktemp,srd036,1.5726,379,547418,1,0,0.0,2026-03-29T17:58:43+00:00,2026-03-29T17:58:43+00:00,0.0
3923,1,cmd/mktemp,srd036,1.3305,234,708339,1,0,0.0,2026-03-29T18:02:56+00:00,2026-03-29T18:02:56+00:00,0.0
3924,1,cmd/mktemp,srd036,1.3186,132,1430456,1,0,0.0,2026-03-29T18:05:27+00:00,2026-03-29T18:05:27+00:00,0.0
3925,1,cmd/unlink,srd038,1.1506,121,1090046,1,0,0.0,2026-03-29T18:07:46+00:00,2026-03-29T18:07:46+00:00,0.0
3927,1,cmd/unlink,srd038,0.7082,77,500025,1,0,0.0,2026-03-29T18:11:04+00:00,2026-03-29T18:11:04+00:00,0.0
3928,1,cmd/unlink,srd038,0.7215,95,429887,1,0,0.0,2026-03-29T18:12:54+00:00,2026-03-29T18:12:54+00:00,0.0
3929,1,cmd/ln,srd037,0.898,93,671625,1,0,0.0,2026-03-29T18:14:44+00:00,2026-03-29T18:14:44+00:00,0.0
3930,1,cmd/ln,srd037,1.1117,213,482494,1,0,0.0,2026-03-29T18:18:34+00:00,2026-03-29T18:18:34+00:00,0.0
3932,1,cmd/ln,srd037,1.7837,478,706830,1,0,0.0,2026-03-29T18:28:55+00:00,2026-03-29T18:28:55+00:00,0.0
3933,1,cmd/ln,srd037,1.6917,415,760166,1,0,0.0,2026-03-29T18:36:10+00:00,2026-03-29T18:36:10+00:00,0.0
3934,1,cmd/ln,srd037,1.4185,146,1407091,1,0,0.0,2026-03-29T18:38:56+00:00,2026-03-29T18:38:56+00:00,0.0
3935,1,cmd/whoami,srd042,0.9382,90,840542,1,0,0.0,2026-03-29T18:40:44+00:00,2026-03-29T18:40:44+00:00,0.0
3937,1,cmd/whoami,srd042,0.6199,68,415411,1,0,0.0,2026-03-29T18:46:02+00:00,2026-03-29T18:46:02+00:00,0.0
3938,1,cmd/groups,srd043,1.0247,104,1009765,1,0,0.0,2026-03-29T18:48:02+00:00,2026-03-29T18:48:02+00:00,0.0
3939,1,cmd/groups,srd043,0.7132,60,558382,1,0,0.0,2026-03-29T18:49:20+00:00,2026-03-29T18:49:20+00:00,0.0
3940,1,cmd/groups,srd043,0.5721,50,345694,0,1,0.5721,2026-03-29T18:50:28+00:00,2026-03-29T18:50:28+00:00,0.0
3942,1,cmd/env,srd039,1.4742,382,804396,1,0,0.0,2026-03-29T19:00:22+00:00,2026-03-29T19:00:22+00:00,0.0
3943,1,cmd/env,srd039,1.0561,134,923719,1,0,0.0,2026-03-29T19:02:55+00:00,2026-03-29T19:02:55+00:00,0.0
3944,1,cmd/env,srd039,0.7894,112,519394,1,0,0.0,2026-03-29T19:05:06+00:00,2026-03-29T19:05:06+00:00,0.0
3945,1,cmd/printenv,srd040,0.8495,89,613057,1,0,0.0,2026-03-29T19:06:55+00:00,2026-03-29T19:06:55+00:00,0.0
3947,1,cmd/printenv,srd040,0.662,57,489984,1,0,0.0,2026-03-29T19:09:41+00:00,2026-03-29T19:09:41+00:00,0.0
3948,1,cmd/printenv,srd040,0.6513,76,422551,1,0,0.0,2026-03-29T19:11:14+00:00,2026-03-29T19:11:14+00:00,0.0
3949,1,cmd/id,srd041,1.0586,113,1050567,1,0,0.0,2026-03-29T19:13:23+00:00,2026-03-29T19:13:23+00:00,0.0
3950,1,cmd/id,srd041,0.7284,88,432910,1,0,0.0,2026-03-29T19:15:11+00:00,2026-03-29T19:15:11+00:00,0.0
3952,1,cmd/id,srd041,1.0013,159,699588,1,0,0.0,2026-03-29T19:20:00+00:00,2026-03-29T19:20:00+00:00,0.0
3953,1,cmd/id,srd041,0.8126,128,532665,1,0,0.0,2026-03-29T19:22:28+00:00,2026-03-29T19:22:28+00:00,0.0
3954,1,cmd/tr,srd054,2.1421,626,953616,1,0,0.0,2026-03-29T19:33:10+00:00,2026-03-29T19:33:10+00:00,0.0
3955,1,cmd/tr,srd054,1.5538,420,551754,1,0,0.0,2026-03-29T19:40:29+00:00,2026-03-29T19:40:29+00:00,0.0
3957,1,cmd/tr,srd054,2.2171,481,1839915,1,0,0.0,2026-03-29T19:50:38+00:00,2026-03-29T19:50:38+00:00,0.0
3958,1,cmd/tr,srd054,1.6012,163,1776431,1,0,0.0,2026-03-29T19:53:37+00:00,2026-03-29T19:53:37+00:00,0.0
3959,1,cmd/sort,srd053,1.1543,246,746058,1,0,0.0,2026-03-29T19:57:59+00:00,2026-03-29T19:57:59+00:00,0.0
3960,1,cmd/tail,srd055,1.0779,174,609130,1,0,0.0,2026-03-29T20:01:09+00:00,2026-03-29T20:01:09+00:00,0.0
3962,1,cmd/sort,srd053,1.1956,229,735004,1,0,0.0,2026-03-29T20:06:42+00:00,2026-03-29T20:06:42+00:00,0.0
3963,1,cmd/sort,srd053,1.8011,528,576179,1,0,0.0,2026-03-29T20:15:48+00:00,2026-03-29T20:15:48+00:00,0.0
3964,1,cmd/tail,srd055,1.0416,159,720530,1,0,0.0,2026-03-29T20:18:44+00:00,2026-03-29T20:18:44+00:00,0.0
3965,1,cmd/tail,srd055,0.7826,71,609368,1,0,0.0,2026-03-29T20:20:12+00:00,2026-03-29T20:20:12+00:00,0.0
3967,1,cmd/sort,srd053,2.6793,777,1277263,1,0,0.0,2026-03-29T20:34:54+00:00,2026-03-29T20:34:54+00:00,0.0
3968,1,cmd/sort,srd053,2.1266,215,2600364,1,0,0.0,2026-03-30T00:24:09+00:00,2026-03-30T00:24:09+00:00,0.0
3969,1,cmd/tail,srd055,0.8102,81,619777,1,0,0.0,2026-03-30T00:25:46+00:00,2026-03-30T00:25:46+00:00,0.0
3970,1,cmd/cp,srd056,1.0976,138,886740,1,0,0.0,2026-03-30T00:28:21+00:00,2026-03-30T00:28:21+00:00,0.0
3972,1,cmd/cp,srd056,1.8822,508,918544,1,0,0.0,2026-03-30T00:38:54+00:00,2026-03-30T00:38:54+00:00,0.0
3973,1,cmd/cp,srd056,3.1568,911,1788948,1,0,0.0,2026-03-30T00:54:23+00:00,2026-03-30T00:54:23+00:00,0.0
3974,1,cmd/cp,srd056,1.0515,137,778225,1,0,0.0,2026-03-30T00:56:58+00:00,2026-03-30T00:56:58+00:00,0.0
3975,1,cmd/mv,srd057,1.4065,221,1014129,1,0,0.0,2026-03-30T01:00:56+00:00,2026-03-30T01:00:56+00:00,0.0
3977,1,cmd/mv,srd057,2.1029,585,1067615,1,0,0.0,2026-03-30T01:12:38+00:00,2026-03-30T01:12:38+00:00,0.0
3978,1,cmd/mv,srd057,0.9385,127,655052,1,0,0.0,2026-03-30T01:15:05+00:00,2026-03-30T01:15:05+00:00,0.0
3979,1,cmd/mv,srd057,1.0016,178,759989,1,0,0.0,2026-03-30T01:18:21+00:00,2026-03-30T01:18:21+00:00,0.0
3980,1,cmd/rm,srd058,1.2328,177,1006107,1,0,0.0,2026-03-30T01:21:36+00:00,2026-03-30T01:21:36+00:00,0.0
3982,1,cmd/rm,srd058,1.0315,137,863288,1,0,0.0,2026-03-30T01:25:51+00:00,2026-03-30T01:25:51+00:00,0.0
3983,1,cmd/rm,srd058,2.1117,504,1434713,1,0,0.0,2026-03-30T01:34:35+00:00,2026-03-30T01:34:35+00:00,0.0
3984,1,cmd/rm,srd058,1.1744,147,1105476,1,0,0.0,2026-03-30T01:37:22+00:00,2026-03-30T01:37:22+00:00,0.0
3985,1,cmd/sleep,srd061,1.016,110,951761,1,0,0.0,2026-03-30T01:39:33+00:00,2026-03-30T01:39:33+00:00,0.0
3987,1,cmd/sleep,srd061,0.756,93,466774,1,0,0.0,2026-03-30T01:43:00+00:00,2026-03-30T01:43:00+00:00,0.0
3988,1,cmd/sleep,srd061,0.657,58,380646,1,0,0.0,2026-03-30T01:44:15+00:00,2026-03-30T01:44:15+00:00,0.0
3989,1,cmd/sleep,srd061,0.7269,80,436370,1,0,0.0,2026-03-30T01:45:54+00:00,2026-03-30T01:45:54+00:00,0.0
3990,1,cmd/date,srd060,1.8111,530,670410,1,0,0.0,2026-03-30T01:55:01+00:00,2026-03-30T01:55:01+00:00,0.0
3992,1,cmd/date,srd060,1.2187,170,1138476,1,0,0.0,2026-03-30T01:59:32+00:00,2026-03-30T01:59:32+00:00,0.0
3993,1,cmd/date,srd060,1.0057,106,907186,1,0,0.0,2026-03-30T02:01:37+00:00,2026-03-30T02:01:37+00:00,0.0
3994,1,cmd/date,srd060,0.7995,79,619497,1,0,0.0,2026-03-30T02:03:17+00:00,2026-03-30T02:03:17+00:00,0.0
3995,1,cmd/touch,srd062,1.0069,132,691869,1,0,0.0,2026-03-30T02:05:47+00:00,2026-03-30T02:05:47+00:00,0.0
3997,1,cmd/touch,srd062,1.49,320,958638,1,0,0.0,2026-03-30T02:12:49+00:00,2026-03-30T02:12:49+00:00,0.0
3998,1,cmd/touch,srd062,2.1772,563,1262846,1,0,0.0,2026-03-30T02:22:34+00:00,2026-03-30T02:22:34+00:00,0.0
3999,1,cmd/touch,srd062,0.8373,103,570126,1,0,0.0,2026-03-30T02:24:38+00:00,2026-03-30T02:24:38+00:00,0.0
4000,1,cmd/timeout,srd063,0.9263,124,748728,1,0,0.0,2026-03-30T02:27:01+00:00,2026-03-30T02:27:01+00:00,0.0
4002,1,cmd/timeout,srd063,3.8548,1064,2736943,1,0,0.0,2026-03-30T02:46:27+00:00,2026-03-30T02:46:27+00:00,0.0
4003,1,cmd/timeout,srd063,1.7012,307,1422305,1,0,0.0,2026-03-30T02:51:56+00:00,2026-03-30T02:51:56+00:00,0.0
4004,1,cmd/timeout,srd063,1.7399,256,1539980,1,0,0.0,2026-03-30T02:56:31+00:00,2026-03-30T02:56:31+00:00,0.0
4005,1,cmd/shuf,srd064,1.0185,101,756964,1,0,0.0,2026-03-30T02:58:30+00:00,2026-03-30T02:58:30+00:00,0.0
4007,1,cmd/shuf,srd064,1.67,1062,94690,1,0,0.0,2026-03-30T03:18:00+00:00,2026-03-30T03:18:00+00:00,0.0
4008,1,cmd/shuf,srd064,1.5054,380,554783,1,0,0.0,2026-03-30T03:24:45+00:00,2026-03-30T03:24:45+00:00,0.0
4009,1,cmd/shuf,srd064,0.8586,87,651422,1,0,0.0,2026-03-30T03:26:36+00:00,2026-03-30T03:26:36+00:00,0.0
4010,1,cmd/factor,srd065,0.7258,72,513341,1,0,0.0,2026-03-30T03:28:09+00:00,2026-03-30T03:28:09+00:00,0.0
4012,1,cmd/factor,srd065,1.5548,384,1091239,1,0,0.0,2026-03-30T03:36:23+00:00,2026-03-30T03:36:23+00:00,0.0
4013,1,cmd/factor,srd065,1.2467,152,1307048,1,0,0.0,2026-03-30T03:39:13+00:00,2026-03-30T03:39:13+00:00,0.0
4014,1,cmd/factor,srd065,0.9514,110,820462,1,0,0.0,2026-03-30T03:41:22+00:00,2026-03-30T03:41:22+00:00,0.0
4015,1,cmd/expr,srd066,1.8135,352,1477908,1,0,0.0,2026-03-30T03:47:31+00:00,2026-03-30T03:47:31+00:00,0.0
4017,1,cmd/expr,srd066,1.4276,349,616255,1,0,0.0,2026-03-30T03:55:12+00:00,2026-03-30T03:55:12+00:00,0.0
4018,1,cmd/expr,srd066,0.8884,86,764406,1,0,0.0,2026-03-30T03:56:55+00:00,2026-03-30T03:56:55+00:00,0.0
4019,1,cmd/expr,srd066,1.0063,134,791239,1,0,0.0,2026-03-30T03:59:27+00:00,2026-03-30T03:59:27+00:00,0.0
4020,1,cmd/split,srd067,1.2514,351,567116,1,0,0.0,2026-03-30T04:05:38+00:00,2026-03-30T04:05:38+00:00,0.0
4022,1,cmd/split,srd067,3.7257,1071,2244246,1,0,0.0,2026-03-30T04:25:20+00:00,2026-03-30T04:25:20+00:00,0.0
4023,1,cmd/split,srd067,1.3104,291,530893,1,0,0.0,2026-03-30T04:30:30+00:00,2026-03-30T04:30:30+00:00,0.0
4024,1,cmd/split,srd067,0.8346,73,639835,1,0,0.0,2026-03-30T04:32:03+00:00,2026-03-30T04:32:03+00:00,0.0
4025,1,cmd/csplit,srd068,2.7433,889,1386749,1,0,0.0,2026-03-30T04:47:10+00:00,2026-03-30T04:47:10+00:00,0.0
4027,1,cmd/csplit,srd068,3.1779,961,2054873,1,0,0.0,2026-03-30T05:05:09+00:00,2026-03-30T05:05:09+00:00,0.0
4028,1,cmd/csplit,srd068,0.8002,69,618042,1,0,0.0,2026-03-30T05:06:38+00:00,2026-03-30T05:06:38+00:00,0.0
4029,1,cmd/csplit,srd068,1.3903,165,1494600,1,0,0.0,2026-03-30T05:09:42+00:00,2026-03-30T05:09:42+00:00,0.0
4030,1,cmd/join,srd069,1.2614,260,763972,1,0,0.0,2026-03-30T05:14:18+00:00,2026-03-30T05:14:18+00:00,0.0
4032,1,cmd/join,srd069,0.9603,138,624341,1,0,0.0,2026-03-30T05:18:51+00:00,2026-03-30T05:18:51+00:00,0.0
4033,1,cmd/join,srd069,1.0476,172,520802,1,0,0.0,2026-03-30T05:22:04+00:00,2026-03-30T05:22:04+00:00,0.0
4034,1,cmd/join,srd069,2.354,709,1502353,1,0,0.0,2026-03-30T05:34:12+00:00,2026-03-30T05:34:12+00:00,0.0
4035,1,cmd/fmt,srd070,1.1752,198,969265,1,0,0.0,2026-03-30T05:37:48+00:00,2026-03-30T05:37:48+00:00,0.0
4037,1,cmd/fmt,srd070,2.9989,919,1553855,1,0,0.0,2026-03-30T05:55:13+00:00,2026-03-30T05:55:13+00:00,0.0
4038,1,cmd/fmt,srd070,4.5082,1443,2265249,1,0,0.0,2026-03-30T06:19:34+00:00,2026-03-30T06:19:34+00:00,0.0
4039,1,cmd/fmt,srd070,0.7425,83,541796,1,0,0.0,2026-03-30T06:21:17+00:00,2026-03-30T06:21:17+00:00,0.0
4040,1,cmd/numfmt,srd071,1.6545,368,1131167,1,0,0.0,2026-03-30T06:27:43+00:00,2026-03-30T06:27:43+00:00,0.0
4042,1,cmd/numfmt,srd071,2.3914,842,647057,1,0,0.0,2026-03-30T06:43:43+00:00,2026-03-30T06:43:43+00:00,0.0
4043,1,cmd/numfmt,srd071,2.0409,505,1314193,1,0,0.0,2026-03-30T06:52:25+00:00,2026-03-30T06:52:25+00:00,0.0
4044,1,cmd/numfmt,srd071,1.3969,331,641672,1,0,0.0,2026-03-30T06:58:14+00:00,2026-03-30T06:58:14+00:00,0.0
4045,1,cmd/od,srd072,3.1882,1094,1414524,1,0,0.0,2026-03-30T07:16:45+00:00,2026-03-30T07:16:45+00:00,0.0
4047,1,cmd/od,srd072,1.476,374,623158,1,0,0.0,2026-03-30T07:24:57+00:00,2026-03-30T07:24:57+00:00,0.0
4048,1,cmd/od,srd072,1.3122,312,624894,1,0,0.0,2026-03-30T07:30:27+00:00,2026-03-30T07:30:27+00:00,0.0
4049,1,cmd/od,srd072,1.5039,247,1383662,1,0,0.0,2026-03-30T07:34:53+00:00,2026-03-30T07:34:53+00:00,0.0
4050,1,cmd/printf,srd073,2.4473,834,868211,1,0,0.0,2026-03-30T07:49:06+00:00,2026-03-30T07:49:06+00:00,0.0
4052,1,cmd/printf,srd073,1.1601,247,501970,1,0,0.0,2026-03-30T07:55:09+00:00,2026-03-30T07:55:09+00:00,0.0
4053,1,cmd/printf,srd073,0.8655,95,695970,1,0,0.0,2026-03-30T07:57:07+00:00,2026-03-30T07:57:07+00:00,0.0
4054,1,cmd/printf,srd073,1.7425,280,1643903,1,0,0.0,2026-03-30T08:02:06+00:00,2026-03-30T08:02:06+00:00,0.0
4055,2,cmd/sha224sum,srd074,1.3486,136,698306,1,1,0.5013,2026-03-30T08:04:07+00:00,2026-03-30T08:04:07+00:00,0.0
4058,1,cmd/sha224sum,srd074,0.997,171,873896,1,0,0.0,2026-03-30T08:10:05+00:00,2026-03-30T08:10:05+00:00,0.0
4059,1,cmd/sha384sum,srd075,0.6763,71,379040,1,0,0.0,2026-03-30T08:11:37+00:00,2026-03-30T08:11:37+00:00,0.0
4060,2,cmd/sha384sum,srd075,1.3799,123,769877,1,1,0.627,2026-03-30T08:13:08+00:00,2026-03-30T08:13:08+00:00,0.0
4063,1,cmd/b2sum,srd076,1.3571,268,979061,1,0,0.0,2026-03-30T08:21:20+00:00,2026-03-30T08:21:20+00:00,0.0
4064,1,cmd/b2sum,srd076,1.1446,130,1025601,1,0,0.0,2026-03-30T08:23:51+00:00,2026-03-30T08:23:51+00:00,0.0
4065,1,cmd/b2sum,srd076,1.4961,240,1421234,1,0,0.0,2026-03-30T08:28:12+00:00,2026-03-30T08:28:12+00:00,0.0
4067,1,cmd/b2sum,srd076,0.8598,90,705894,1,0,0.0,2026-03-30T08:31:44+00:00,2026-03-30T08:31:44+00:00,0.0
4068,1,cmd/cksum,srd077,0.7882,91,531762,1,0,0.0,2026-03-30T08:33:37+00:00,2026-03-30T08:33:37+00:00,0.0
4069,1,cmd/cksum,srd077,2.2415,688,996113,1,0,0.0,2026-03-30T08:45:26+00:00,2026-03-30T08:45:26+00:00,0.0
4070,1,cmd/cksum,srd077,0.7158,65,520829,1,0,0.0,2026-03-30T08:46:54+00:00,2026-03-30T08:46:54+00:00,0.0
4072,1,cmd/sum,srd078,0.8735,94,634128,1,0,0.0,2026-03-30T08:51:22+00:00,2026-03-30T08:51:22+00:00,0.0
4073,1,cmd/sum,srd078,0.656,60,361429,1,0,0.0,2026-03-30T08:52:41+00:00,2026-03-30T08:52:41+00:00,0.0
4074,1,cmd/sum,srd078,0.678,53,508406,1,0,0.0,2026-03-30T08:53:54+00:00,2026-03-30T08:53:54+00:00,0.0
4075,1,cmd/base32,srd079,1.7408,212,2001043,1,0,0.0,2026-03-30T08:57:44+00:00,2026-03-30T08:57:44+00:00,0.0
4077,1,cmd/base32,srd079,1.1331,129,1143303,1,0,0.0,2026-03-30T09:01:47+00:00,2026-03-30T09:01:47+00:00,0.0
4078,1,cmd/base32,srd079,1.028,178,932871,1,0,0.0,2026-03-30T09:05:03+00:00,2026-03-30T09:05:03+00:00,0.0
4079,1,cmd/base64,srd080,0.7558,101,450255,1,0,0.0,2026-03-30T09:07:04+00:00,2026-03-30T09:07:04+00:00,0.0
4080,1,cmd/base64,srd080,0.9463,109,905447,1,0,0.0,2026-03-30T09:09:12+00:00,2026-03-30T09:09:12+00:00,0.0
4082,1,cmd/base64,srd080,0.7878,82,660997,1,0,0.0,2026-03-30T09:12:31+00:00,2026-03-30T09:12:31+00:00,0.0
4083,1,cmd/basenc,srd081,0.9515,123,707729,1,0,0.0,2026-03-30T09:14:53+00:00,2026-03-30T09:14:53+00:00,0.0
4084,1,cmd/basenc,srd081,1.6038,441,815394,1,0,0.0,2026-03-30T09:22:34+00:00,2026-03-30T09:22:34+00:00,0.0
4085,1,cmd/basenc,srd081,0.812,74,616788,1,0,0.0,2026-03-30T09:24:08+00:00,2026-03-30T09:24:08+00:00,0.0
4087,2,cmd/link,srd084,1.0958,96,613633,1,1,0.4864,2026-03-30T09:28:32+00:00,2026-03-30T09:28:32+00:00,0.0
4089,1,cmd/link,srd084,0.6559,62,425032,1,0,0.0,2026-03-30T09:30:42+00:00,2026-03-30T09:30:42+00:00,0.0
4090,1,cmd/sync,srd085,0.7371,116,356752,1,0,0.0,2026-03-30T09:32:59+00:00,2026-03-30T09:32:59+00:00,0.0
4092,1,cmd/stat,srd082,4.0288,1247,3450934,1,0,0.0,2026-03-30T10:27:51+00:00,2026-03-30T10:27:51+00:00,0.0
4093,1,cmd/stat,srd082,2.5241,753,1412603,1,0,0.0,2026-03-30T10:40:44+00:00,2026-03-30T10:40:44+00:00,0.0
4094,1,cmd/stat,srd082,1.5212,217,1576666,1,0,0.0,2026-03-30T10:44:41+00:00,2026-03-30T10:44:41+00:00,0.0
4095,1,cmd/sync,srd085,1.1635,234,937759,1,0,0.0,2026-03-30T10:48:53+00:00,2026-03-30T10:48:53+00:00,0.0
4097,1,cmd/truncate,srd083,1.1799,207,755463,1,0,0.0,2026-03-30T10:55:03+00:00,2026-03-30T10:55:03+00:00,0.0
4098,1,cmd/truncate,srd083,0.7317,83,438362,1,0,0.0,2026-03-30T10:56:46+00:00,2026-03-30T10:56:46+00:00,0.0
4099,1,cmd/truncate,srd083,1.0493,157,658365,1,0,0.0,2026-03-30T10:59:41+00:00,2026-03-30T10:59:41+00:00,0.0
4100,1,cmd/chmod,srd089,1.3819,304,857100,1,0,0.0,2026-03-30T11:05:05+00:00,2026-03-30T11:05:05+00:00,0.0
4102,1,cmd/chmod,srd089,1.9689,328,1867272,1,0,0.0,2026-03-30T11:13:00+00:00,2026-03-30T11:13:00+00:00,0.0
4103,1,cmd/chmod,srd089,1.2285,198,846078,1,0,0.0,2026-03-30T11:16:38+00:00,2026-03-30T11:16:38+00:00,0.0
4104,1,cmd/chmod,srd089,0.7239,48,542853,1,0,0.0,2026-03-30T11:17:47+00:00,2026-03-30T11:17:47+00:00,0.0
4105,1,cmd/chgrp,srd090,1.3732,162,1355555,1,0,0.0,2026-03-30T11:20:49+00:00,2026-03-30T11:20:49+00:00,0.0
4107,1,cmd/chgrp,srd090,2.1511,330,2227616,1,0,0.0,2026-03-30T11:28:37+00:00,2026-03-30T11:28:37+00:00,0.0
4108,1,cmd/chgrp,srd090,1.498,243,1467289,1,0,0.0,2026-03-30T11:33:01+00:00,2026-03-30T11:33:01+00:00,0.0
4109,1,cmd/chown,srd091,1.5013,300,921651,1,0,0.0,2026-03-30T11:38:22+00:00,2026-03-30T11:38:22+00:00,0.0
4110,1,cmd/chown,srd091,1.3046,211,746733,1,0,0.0,2026-03-30T11:42:18+00:00,2026-03-30T11:42:18+00:00,0.0
4112,1,cmd/chown,srd091,1.1184,107,1099416,1,0,0.0,2026-03-30T11:46:18+00:00,2026-03-30T11:46:18+00:00,0.0
4113,1,cmd/mkfifo,srd092,0.9455,111,719740,1,0,0.0,2026-03-30T11:48:31+00:00,2026-03-30T11:48:31+00:00,0.0
4114,1,cmd/mkfifo,srd092,0.7073,64,508989,1,0,0.0,2026-03-30T11:49:57+00:00,2026-03-30T11:49:57+00:00,0.0
4115,1,cmd/mknod,srd093,1.4788,400,627010,1,0,0.0,2026-03-30T11:56:57+00:00,2026-03-30T11:56:57+00:00,0.0
4117,1,cmd/mknod,srd093,0.8429,82,740322,1,0,0.0,2026-03-30T12:00:20+00:00,2026-03-30T12:00:20+00:00,0.0
4118,1,cmd/nice,srd094,1.0638,235,495543,1,0,0.0,2026-03-30T12:04:33+00:00,2026-03-30T12:04:33+00:00,0.0
4119,1,cmd/nice,srd094,1.0746,129,1124586,1,0,0.0,2026-03-30T12:07:01+00:00,2026-03-30T12:07:01+00:00,0.0
4120,1,cmd/nohup,srd095,1.0746,183,749094,1,0,0.0,2026-03-30T12:10:23+00:00,2026-03-30T12:10:23+00:00,0.0
4122,1,cmd/nohup,srd095,1.0601,111,878491,1,0,0.0,2026-03-30T12:14:54+00:00,2026-03-30T12:14:54+00:00,0.0
4123,1,cmd/users,srd096,0.8232,53,562293,1,0,0.0,2026-03-30T12:16:05+00:00,2026-03-30T12:16:05+00:00,0.0
4124,1,cmd/users,srd096,1.5116,168,1877845,1,0,0.0,2026-03-30T12:19:16+00:00,2026-03-30T12:19:16+00:00,0.0
4125,1,cmd/who,srd097,1.2443,163,987614,1,0,0.0,2026-03-30T12:22:18+00:00,2026-03-30T12:22:18+00:00,0.0
4127,1,cmd/who,srd097,2.1259,536,1357043,1,0,0.0,2026-03-30T12:33:22+00:00,2026-03-30T12:33:22+00:00,0.0
4128,1,cmd/who,srd097,1.7236,476,1032257,1,0,0.0,2026-03-30T12:41:39+00:00,2026-03-30T12:41:39+00:00,0.0
4129,1,cmd/pinky,srd098,4.2183,1239,2904242,1,0,0.0,2026-03-30T13:02:37+00:00,2026-03-30T13:02:37+00:00,0.0
4130,1,cmd/pinky,srd098,1.2573,231,983653,1,0,0.0,2026-03-30T13:06:49+00:00,2026-03-30T13:06:49+00:00,0.0
4132,1,cmd/pinky,srd098,0.9678,173,699883,1,0,0.0,2026-03-30T13:11:56+00:00,2026-03-30T13:11:56+00:00,0.0
4133,1,cmd/shred,srd099,2.0097,388,1765767,1,0,0.0,2026-03-30T13:18:47+00:00,2026-03-30T13:18:47+00:00,0.0
4134,1,cmd/shred,srd099,1.5578,390,707868,1,0,0.0,2026-03-30T13:25:40+00:00,2026-03-30T13:25:40+00:00,0.0
4135,1,cmd/shred,srd099,0.8888,97,712289,1,0,0.0,2026-03-30T13:27:39+00:00,2026-03-30T13:27:39+00:00,0.0
4137,1,cmd/chroot,srd100,0.796,90,578856,1,0,0.0,2026-03-30T13:31:44+00:00,2026-03-30T13:31:44+00:00,0.0
4138,1,cmd/chroot,srd100,0.6436,99,286018,0,1,0.6436,2026-03-30T13:33:45+00:00,2026-03-30T13:33:45+00:00,0.0
4139,1,cmd/chroot,srd100,0.8204,121,528409,1,0,0.0,2026-03-30T13:36:06+00:00,2026-03-30T13:36:06+00:00,0.0
4140,1,cmd/install,srd101,1.5397,371,617665,1,0,0.0,2026-03-30T13:42:37+00:00,2026-03-30T13:42:37+00:00,0.0
4142,1,cmd/install,srd101,1.1593,202,899634,1,0,0.0,2026-03-30T13:48:09+00:00,2026-03-30T13:48:09+00:00,0.0
4143,1,cmd/install,srd101,1.5144,252,1220064,1,0,0.0,2026-03-30T13:52:42+00:00,2026-03-30T13:52:42+00:00,0.0
4144,1,cmd/tsort,srd102,2.1997,260,2772640,1,0,0.0,2026-03-30T13:57:23+00:00,2026-03-30T13:57:23+00:00,0.0
4145,1,cmd/tsort,srd102,2.294,475,2116906,1,0,0.0,2026-03-30T14:05:38+00:00,2026-03-30T14:05:38+00:00,0.0
4147,1,cmd/pathchk,srd103,0.5621,82,350753,1,0,0.0,2026-03-30T14:09:40+00:00,2026-03-30T14:09:40+00:00,0.0
4148,1,cmd/pathchk,srd103,1.3815,416,425414,1,0,0.0,2026-03-30T14:16:59+00:00,2026-03-30T14:16:59+00:00,0.0
4149,1,cmd/pathchk,srd103,0.8269,118,588137,1,0,0.0,2026-03-30T14:19:20+00:00,2026-03-30T14:19:20+00:00,0.0
4150,1,cmd/pathchk,srd103,1.1959,262,716978,1,0,0.0,2026-03-30T14:24:04+00:00,2026-03-30T14:24:04+00:00,0.0
4152,1,cmd/test,srd104,0.8348,108,598921,1,0,0.0,2026-03-30T14:28:23+00:00,2026-03-30T14:28:23+00:00,0.0
4153,2,cmd/test,srd104,1.7249,300,917497,1,1,0.6696,2026-03-30T14:31:52+00:00,2026-03-30T14:31:52+00:00,0.0
4157,1,cmd/df,srd106,1.6043,433,992061,1,0,0.0,2026-03-30T14:44:12+00:00,2026-03-30T14:44:12+00:00,0.0
4158,1,cmd/df,srd106,1.288,257,922084,1,0,0.0,2026-03-30T14:48:50+00:00,2026-03-30T14:48:50+00:00,0.0
4159,1,cmd/df,srd106,1.394,270,891803,1,0,0.0,2026-03-30T14:53:42+00:00,2026-03-30T14:53:42+00:00,0.0
4160,1,cmd/df,srd106,0.9673,184,585529,1,0,0.0,2026-03-30T14:57:07+00:00,2026-03-30T14:57:07+00:00,0.0
4162,1,cmd/df,srd106,1.6868,428,1362280,1,0,0.0,2026-03-30T15:06:57+00:00,2026-03-30T15:06:57+00:00,0.0
4163,1,cmd/dir,srd107,3.5472,891,2860547,1,0,0.0,2026-03-30T15:22:10+00:00,2026-03-30T15:22:10+00:00,0.0
4164,1,cmd/dir,srd107,2.6039,713,1710069,1,0,0.0,2026-03-30T15:34:26+00:00,2026-03-30T15:34:26+00:00,0.0
4165,1,cmd/dir,srd107,0.9101,80,752947,1,0,0.0,2026-03-30T20:06:34+00:00,2026-03-30T20:06:34+00:00,0.0
4168,1,cmd/vdir,srd108,1.4357,287,906146,1,0,0.0,2026-03-30T20:13:51+00:00,2026-03-30T20:13:51+00:00,0.0
4169,1,cmd/vdir,srd108,1.1864,149,998629,1,0,0.0,2026-03-30T20:16:40+00:00,2026-03-30T20:16:40+00:00,0.0
4170,1,cmd/vdir,srd108,1.5599,255,1340644,1,0,0.0,2026-03-30T20:21:16+00:00,2026-03-30T20:21:16+00:00,0.0
4171,1,cmd/dircolors,srd109,0.803,89,592042,1,0,0.0,2026-03-30T20:23:03+00:00,2026-03-30T20:23:03+00:00,0.0
4173,1,cmd/dircolors,srd109,2.7903,726,2188444,1,0,0.0,2026-03-30T20:37:15+00:00,2026-03-30T20:37:15+00:00,0.0
4174,1,cmd/dircolors,srd109,1.3058,162,1333679,1,0,0.0,2026-03-30T20:40:16+00:00,2026-03-30T20:40:16+00:00,0.0
4175,1,cmd/dircolors,srd109,1.8455,224,2243220,1,0,0.0,2026-03-30T20:44:20+00:00,2026-03-30T20:44:20+00:00,0.0
4176,1,cmd/chronic,srd112,1.1442,186,997906,1,0,0.0,2026-03-30T20:47:45+00:00,2026-03-30T20:47:45+00:00,0.0
4178,1,cmd/chronic,srd112,1.2125,145,1223096,1,0,0.0,2026-03-30T20:52:18+00:00,2026-03-30T20:52:18+00:00,0.0
4179,1,cmd/pee,srd113,0.9845,73,778299,1,0,0.0,2026-03-30T20:53:54+00:00,2026-03-30T20:53:54+00:00,0.0
4180,1,cmd/pee,srd113,0.6593,49,493949,1,0,0.0,2026-03-30T20:55:03+00:00,2026-03-30T20:55:03+00:00,0.0
4181,1,cmd/vidir,srd114,1.6639,249,1351393,1,0,0.0,2026-03-30T20:59:28+00:00,2026-03-30T20:59:28+00:00,0.0
4183,1,cmd/vidir,srd114,0.8547,122,597316,1,0,0.0,2026-03-30T21:03:41+00:00,2026-03-30T21:03:41+00:00,0.0
4184,1,cmd/ts,srd004,1.7542,424,1154748,1,0,0.0,2026-03-30T21:11:04+00:00,2026-03-30T21:11:04+00:00,0.0
4185,1,cmd/ts,srd004,1.2516,160,1145340,1,0,0.0,2026-03-30T21:14:04+00:00,2026-03-30T21:14:04+00:00,0.0
4186,1,cmd/ts,srd004,1.5636,314,1164618,1,0,0.0,2026-03-30T21:19:38+00:00,2026-03-30T21:19:38+00:00,0.0
4188,1,cmd/ts,srd004,1.2078,228,989523,1,0,0.0,2026-03-30T21:25:32+00:00,2026-03-30T21:25:32+00:00,0.0
4189,1,cmd/ts,srd004,1.2735,356,528816,1,0,0.0,2026-03-30T21:31:47+00:00,2026-03-30T21:31:47+00:00,0.0
4190,1,cmd/ts,srd004,2.8952,854,1862895,1,0,0.0,2026-03-30T21:46:22+00:00,2026-03-30T21:46:22+00:00,0.0
4191,1,cmd/ts,srd004,0.8374,95,579482,1,0,0.0,2026-03-30T21:48:17+00:00,2026-03-30T21:48:17+00:00,0.0
4193,1,cmd/ts,srd004,1.2523,275,547959,1,0,0.0,2026-03-30T21:54:41+00:00,2026-03-30T21:54:41+00:00,0.0
4194,1,cmd/stty,srd105,3.432,1139,2282309,1,0,0.0,2026-03-30T22:29:37+00:00,2026-03-30T22:29:37+00:00,0.0
4195,1,cmd/stty,srd105,2.7423,817,1303462,1,0,0.0,2026-03-30T22:43:34+00:00,2026-03-30T22:43:34+00:00,0.0
4196,1,cmd/stty,srd105,0.7763,61,496682,1,0,0.0,2026-03-30T22:44:54+00:00,2026-03-30T22:44:54+00:00,0.0
4198,1,cmd/pr,srd110,1.1207,254,709870,1,0,0.0,2026-03-30T22:51:05+00:00,2026-03-30T22:51:05+00:00,0.0
4199,1,cmd/pr,srd110,1.6074,843,1160892,1,0,0.0,2026-03-30T23:06:07+00:00,2026-03-30T23:06:07+00:00,0.0
4200,1,cmd/pr,srd110,3.3293,967,2667869,1,0,0.0,2026-03-30T23:22:34+00:00,2026-03-30T23:22:34+00:00,0.0
4201,1,cmd/ptx,srd111,1.5045,418,712767,1,0,0.0,2026-03-30T23:29:50+00:00,2026-03-30T23:29:50+00:00,0.0
4204,1,cmd/ptx,srd111,0.9829,317,502591,1,0,0.0,2026-03-31T00:02:51+00:00,2026-03-31T00:02:51+00:00,0.0
4205,1,cmd/ptx,srd111,3.0852,992,2500498,1,0,0.0,2026-03-31T01:38:34+00:00,2026-03-31T01:38:34+00:00,0.0
4411,1,pkg/sizeparse,srd087,0.4634,22,259091,1,0,0.0,2026-04-06T23:20:12+00:00,2026-04-06T23:20:12+00:00,0.0
4412,1,pkg/testutils,srd001,0.6723,53,542428,1,0,0.0,2026-04-06T23:21:22+00:00,2026-04-06T23:21:22+00:00,0.0
4413,1,pkg/sizeparse,srd087,1.1062,201,749245,1,0,0.0,2026-04-06T23:24:59+00:00,2026-04-06T23:24:59+00:00,0.0
4414,1,pkg/sizeparse,srd087,0.8705,141,591398,1,0,0.0,2026-04-06T23:27:39+00:00,2026-04-06T23:27:39+00:00,0.0
4416,1,pkg/sys,srd002,0.6785,47,542336,1,0,0.0,2026-04-06T23:31:13+00:00,2026-04-06T23:31:13+00:00,0.0
4417,1,pkg/testutils,srd001,0.658,94,284501,1,0,0.0,2026-04-06T23:33:02+00:00,2026-04-06T23:33:02+00:00,0.0
4418,1,pkg/testutils,srd001,0.677,75,432987,1,0,0.0,2026-04-06T23:34:34+00:00,2026-04-06T23:34:34+00:00,0.0
4419,1,pkg/testutils,srd001,0.8672,85,739978,1,0,0.0,2026-04-06T23:36:15+00:00,2026-04-06T23:36:15+00:00,0.0
4421,1,pkg/testutils,srd001,0.8298,75,684694,1,0,0.0,2026-04-06T23:40:15+00:00,2026-04-06T23:40:15+00:00,0.0
4422,1,pkg/testutils,srd001,0.6753,69,507153,1,0,0.0,2026-04-06T23:41:39+00:00,2026-04-06T23:41:39+00:00,0.0
4423,1,pkg/testutils,srd001,0.7248,87,376363,1,0,0.0,2026-04-06T23:43:22+00:00,2026-04-06T23:43:22+00:00,0.0
4424,1,pkg/sys,srd002,0.7747,121,424644,1,0,0.0,2026-04-06T23:45:38+00:00,2026-04-06T23:45:38+00:00,0.0
4426,1,pkg/sys,srd002,0.9044,79,741632,1,0,0.0,2026-04-06T23:49:49+00:00,2026-04-06T23:49:49+00:00,0.0
4427,1,pkg/sys,srd002,1.6715,692,95891,1,0,0.0,2026-04-07T00:01:38+00:00,2026-04-07T00:01:38+00:00,0.0
4428,1,pkg/sys,srd002,0.8521,115,717380,1,0,0.0,2026-04-07T00:03:50+00:00,2026-04-07T00:03:50+00:00,0.0
4429,1,pkg/sys,srd002,0.8841,110,671797,1,0,0.0,2026-04-07T00:06:00+00:00,2026-04-07T00:06:00+00:00,0.0
4431,1,pkg/format,srd003,0.423,21,192712,1,0,0.0,2026-04-07T00:09:11+00:00,2026-04-07T00:09:11+00:00,0.0
4432,1,pkg/format,srd003,0.7957,90,691661,1,0,0.0,2026-04-07T00:11:21+00:00,2026-04-07T00:11:21+00:00,0.0
4433,1,pkg/format,srd003,0.6321,68,350354,1,0,0.0,2026-04-07T00:12:45+00:00,2026-04-07T00:12:45+00:00,0.0
4434,1,pkg/format,srd003,0.7696,57,661599,1,0,0.0,2026-04-07T00:13:59+00:00,2026-04-07T00:13:59+00:00,0.0
4436,2,pkg/format,srd003,1.429,145,979138,1,1,0.5052,2026-04-07T00:18:07+00:00,2026-04-07T00:18:07+00:00,0.0
4438,1,pkg/hashutil,srd086,0.7443,40,516419,1,0,0.0,2026-04-07T00:20:01+00:00,2026-04-07T00:20:01+00:00,0.0
4439,1,pkg/hashutil,srd086,0.6478,64,416673,1,0,0.0,2026-04-07T00:21:24+00:00,2026-04-07T00:21:24+00:00,0.0
4441,1,pkg/hashutil,srd086,0.8277,111,576327,1,0,0.0,2026-04-07T00:25:32+00:00,2026-04-07T00:25:32+00:00,0.0
4442,1,pkg/hashutil,srd086,0.7011,59,512798,1,0,0.0,2026-04-07T00:26:48+00:00,2026-04-07T00:26:48+00:00,0.0
4443,1,pkg/encutil,srd088,0.5963,24,262552,1,0,0.0,2026-04-07T00:27:31+00:00,2026-04-07T00:27:31+00:00,0.0
4444,1,pkg/encutil,srd088,0.6202,66,408295,1,0,0.0,2026-04-07T00:28:56+00:00,2026-04-07T00:28:56+00:00,0.0
4446,1,pkg/encutil,srd088,0.6947,86,420442,1,0,0.0,2026-04-07T00:33:10+00:00,2026-04-07T00:33:10+00:00,0.0
4447,1,pkg/encutil,srd088,0.6736,76,487097,1,0,0.0,2026-04-07T00:48:21+00:00,2026-04-07T00:48:21+00:00,0.0
4448,1,cmd/cat,srd006,0.6342,45,476251,1,0,0.0,2026-04-07T00:49:22+00:00,2026-04-07T00:49:22+00:00,0.0
4449,1,cmd/cat,srd006,0.6873,109,352579,1,0,0.0,2026-04-07T00:51:28+00:00,2026-04-07T00:51:28+00:00,0.0
4451,1,cmd/cat,srd006,0.8457,272,520175,1,0,0.0,2026-04-07T01:01:51+00:00,2026-04-07T01:01:51+00:00,0.0
4452,1,cmd/cat,srd006,0.9442,146,677999,1,0,0.0,2026-04-07T01:04:35+00:00,2026-04-07T01:04:35+00:00,0.0
4453,1,cmd/cat,srd006,0.6666,80,430358,1,0,0.0,2026-04-07T01:06:12+00:00,2026-04-07T01:06:12+00:00,0.0
4454,1,cmd/cat,srd006,0.7087,89,364637,1,0,0.0,2026-04-07T01:07:59+00:00,2026-04-07T01:07:59+00:00,0.0
4456,1,cmd/cat,srd006,1.0278,665,81581,1,0,0.0,2026-04-07T01:22:06+00:00,2026-04-07T01:22:06+00:00,0.0
4457,1,cmd/sponge,srd007,1.2827,290,757128,1,0,0.0,2026-04-07T01:27:16+00:00,2026-04-07T01:27:16+00:00,0.0
4458,1,cmd/sponge,srd007,1.5279,384,741881,1,0,0.0,2026-04-07T01:34:00+00:00,2026-04-07T01:34:00+00:00,0.0
4459,1,cmd/sponge,srd007,1.2622,298,532553,1,0,0.0,2026-04-07T01:39:16+00:00,2026-04-07T01:39:16+00:00,0.0
4461,1,cmd/version,srd011,0.5687,45,398057,1,0,0.0,2026-04-07T01:42:48+00:00,2026-04-07T01:42:48+00:00,0.0
4462,1,cmd/sponge,srd007,0.6831,73,504075,1,0,0.0,2026-04-07T01:44:20+00:00,2026-04-07T01:44:20+00:00,0.0
4463,1,cmd/sponge,srd007,0.6966,71,505516,1,0,0.0,2026-04-07T01:45:49+00:00,2026-04-07T01:45:49+00:00,0.0
4464,1,cmd/sponge,srd007,0.8681,122,622705,1,0,0.0,2026-04-07T01:48:09+00:00,2026-04-07T01:48:09+00:00,0.0
4466,1,cmd/du,,0.5561,43,287005,1,0,0.0,2026-04-07T01:52:52+00:00,2026-04-07T01:52:52+00:00,0.0
4467,1,cmd/du,srd009,1.67,580,650764,1,0,0.0,2026-04-07T02:02:49+00:00,2026-04-07T02:02:49+00:00,0.0
4468,1,cmd/du,srd009,1.4383,173,1446614,1,0,0.0,2026-04-07T02:05:59+00:00,2026-04-07T02:05:59+00:00,0.0
4469,1,cmd/du,srd009,1.8825,527,868646,1,0,0.0,2026-04-07T02:15:05+00:00,2026-04-07T02:15:05+00:00,0.0
4471,1,cmd/du,srd009,0.9977,192,727330,1,0,0.0,2026-04-07T02:20:59+00:00,2026-04-07T02:20:59+00:00,0.0
4472,2,cmd/du,srd009,1.4796,224,696855,1,1,0.4299,2026-04-07T02:24:42+00:00,2026-04-07T02:24:42+00:00,0.0
4474,1,cmd/version,srd059,0.7928,86,606896,1,0,0.0,2026-04-07T02:27:04+00:00,2026-04-07T02:27:04+00:00,0.0
4476,1,cmd/version,srd059,1.0703,225,689141,1,0,0.0,2026-04-07T02:34:01+00:00,2026-04-07T02:34:01+00:00,0.0
4477,1,cmd/true,srd013,0.7692,77,612828,1,0,0.0,2026-04-07T02:35:35+00:00,2026-04-07T02:35:35+00:00,0.0
4478,1,cmd/true,srd013,0.8124,85,759551,1,0,0.0,2026-04-07T02:37:18+00:00,2026-04-07T02:37:18+00:00,0.0
4479,1,cmd/true,srd013,0.6024,68,343163,1,0,0.0,2026-04-07T02:38:44+00:00,2026-04-07T02:38:44+00:00,0.0
4481,1,cmd/false,srd014,0.5893,53,403204,1,0,0.0,2026-04-07T02:45:04+00:00,2026-04-07T02:45:04+00:00,0.0
4483,1,cmd/false,srd014,0.8486,71,738117,1,0,0.0,2026-04-07T02:47:23+00:00,2026-04-07T02:47:23+00:00,0.0
4484,1,cmd/yes,srd012,0.5753,43,402324,1,0,0.0,2026-04-07T02:52:16+00:00,2026-04-07T02:52:16+00:00,0.0
4486,1,cmd/yes,srd012,0.6527,44,542005,1,0,0.0,2026-04-07T02:55:19+00:00,2026-04-07T02:55:19+00:00,0.0
4487,1,cmd/yes,srd012,0.9314,97,886152,1,0,0.0,2026-04-07T02:57:12+00:00,2026-04-07T02:57:12+00:00,0.0
4488,1,cmd/basename,srd015,0.7886,97,656850,1,0,0.0,2026-04-07T02:59:06+00:00,2026-04-07T02:59:06+00:00,0.0
4489,1,cmd/basename,srd015,0.7628,101,565298,1,0,0.0,2026-04-07T03:01:04+00:00,2026-04-07T03:01:04+00:00,0.0
4491,1,cmd/basename,srd015,1.0785,226,579564,1,0,0.0,2026-04-07T03:07:04+00:00,2026-04-07T03:07:04+00:00,0.0
4492,1,cmd/basename,srd015,0.9162,126,628646,1,0,0.0,2026-04-07T03:09:28+00:00,2026-04-07T03:09:28+00:00,0.0
4493,1,cmd/dirname,srd016,0.6484,53,443346,1,0,0.0,2026-04-07T03:10:37+00:00,2026-04-07T03:10:37+00:00,0.0
4494,1,cmd/dirname,srd016,0.6156,53,362510,1,0,0.0,2026-04-07T03:11:48+00:00,2026-04-07T03:11:48+00:00,0.0
4496,1,cmd/dirname,srd016,0.7913,112,613813,1,0,0.0,2026-04-07T03:16:04+00:00,2026-04-07T03:16:04+00:00,0.0
4497,1,cmd/dirname,srd016,0.5965,59,352149,1,0,0.0,2026-04-07T03:17:20+00:00,2026-04-07T03:17:20+00:00,0.0
4498,1,cmd/tee,srd017,0.8714,71,818043,1,0,0.0,2026-04-07T03:18:49+00:00,2026-04-07T03:18:49+00:00,0.0
4499,1,cmd/tee,srd017,0.6819,105,419736,1,0,0.0,2026-04-07T03:20:51+00:00,2026-04-07T03:20:51+00:00,0.0
4501,1,cmd/tee,srd017,0.6036,78,346762,1,0,0.0,2026-04-07T03:24:33+00:00,2026-04-07T03:24:33+00:00,0.0
4502,1,cmd/tee,srd017,1.2443,132,1290261,1,0,0.0,2026-04-07T03:27:03+00:00,2026-04-07T03:27:03+00:00,0.0
4503,1,cmd/head,srd018,0.8746,131,517160,1,0,0.0,2026-04-07T03:29:33+00:00,2026-04-07T03:29:33+00:00,0.0
4504,1,cmd/head,srd018,1.0482,218,545812,1,0,0.0,2026-04-07T03:33:31+00:00,2026-04-07T03:33:31+00:00,0.0
4506,1,cmd/head,srd018,1.337,157,1372184,1,0,0.0,2026-04-07T03:38:58+00:00,2026-04-07T03:38:58+00:00,0.0
4507,1,cmd/head,srd018,0.9836,178,788135,1,0,0.0,2026-04-07T03:42:14+00:00,2026-04-07T03:42:14+00:00,0.0
4508,1,cmd/seq,srd019,1.1143,276,511051,1,0,0.0,2026-04-07T03:47:07+00:00,2026-04-07T03:47:07+00:00,0.0
4509,1,cmd/seq,srd019,1.1359,282,485802,1,0,0.0,2026-04-07T03:52:09+00:00,2026-04-07T03:52:09+00:00,0.0
4511,1,cmd/head,srd018,1.2071,135,1189845,1,0,0.0,2026-04-07T03:56:50+00:00,2026-04-07T03:56:50+00:00,0.0
4512,1,cmd/seq,srd019,1.7566,334,1438278,1,0,0.0,2026-04-07T04:02:40+00:00,2026-04-07T04:02:40+00:00,0.0
4513,1,cmd/seq,srd019,0.9245,97,806507,1,0,0.0,2026-04-07T04:04:35+00:00,2026-04-07T04:04:35+00:00,0.0
4514,1,cmd/seq,srd019,0.8387,96,569513,1,0,0.0,2026-04-07T04:06:30+00:00,2026-04-07T04:06:30+00:00,0.0
4516,1,cmd/wc,srd005,0.5902,51,349966,1,0,0.0,2026-04-07T04:09:07+00:00,2026-04-07T04:09:07+00:00,0.0
4517,1,cmd/wc,srd005,0.6096,57,358700,1,0,0.0,2026-04-07T04:10:24+00:00,2026-04-07T04:10:24+00:00,0.0
4518,1,cmd/wc,srd005,1.049,129,1001334,1,0,0.0,2026-04-07T04:12:49+00:00,2026-04-07T04:12:49+00:00,0.0
4519,1,cmd/wc,srd005,1.1955,285,738664,0,1,1.1955,2026-04-07T04:17:52+00:00,2026-04-07T04:17:52+00:00,0.0
4521,1,cmd/wc,srd005,0.7453,87,376506,1,0,0.0,2026-04-07T04:22:55+00:00,2026-04-07T04:22:55+00:00,0.0
4522,1,cmd/wc,srd005,1.0624,240,402324,1,0,0.0,2026-04-07T11:04:36+00:00,2026-04-07T11:04:36+00:00,0.0
4523,1,cmd/wc,srd005,0.7356,90,448513,1,0,0.0,2026-04-07T11:06:24+00:00,2026-04-07T11:06:24+00:00,0.0
4526,1,cmd/arch,srd045,0.9158,99,857144,1,0,0.0,2026-04-07T11:10:09+00:00,2026-04-07T11:10:09+00:00,0.0
4527,1,cmd/arch,srd045,0.5983,32,366939,1,0,0.0,2026-04-07T11:11:01+00:00,2026-04-07T11:11:01+00:00,0.0
4528,1,cmd/hostid,srd048,0.8307,76,723982,1,0,0.0,2026-04-07T11:12:35+00:00,2026-04-07T11:12:35+00:00,0.0
4529,1,cmd/hostid,srd048,0.596,43,367173,1,0,0.0,2026-04-07T11:13:37+00:00,2026-04-07T11:13:37+00:00,0.0
4531,1,cmd/uname,srd044,0.5997,72,345434,1,0,0.0,2026-04-07T11:17:39+00:00,2026-04-07T11:17:39+00:00,0.0
4532,1,cmd/uname,srd044,0.6125,68,411193,1,0,0.0,2026-04-07T11:19:05+00:00,2026-04-07T11:19:05+00:00,0.0
4533,1,cmd/uname,srd044,0.6574,72,419528,1,0,0.0,2026-04-07T11:20:35+00:00,2026-04-07T11:20:35+00:00,0.0
4534,1,cmd/uname,srd044,1.5,192,1590050,1,0,0.0,2026-04-07T11:24:04+00:00,2026-04-07T11:24:04+00:00,0.0
4536,1,cmd/nproc,srd046,0.6634,56,492369,1,0,0.0,2026-04-07T11:27:29+00:00,2026-04-07T11:27:29+00:00,0.0
4537,1,cmd/nproc,srd046,0.6322,58,410005,1,0,0.0,2026-04-07T11:28:45+00:00,2026-04-07T11:28:45+00:00,0.0
4538,1,cmd/nproc,srd046,0.9026,77,764671,1,0,0.0,2026-04-07T11:30:20+00:00,2026-04-07T11:30:20+00:00,0.0
4539,1,cmd/hostname,srd047,0.7922,64,703924,1,0,0.0,2026-04-07T11:31:42+00:00,2026-04-07T11:31:42+00:00,0.0
4541,1,cmd/hostname,srd047,0.6869,58,516995,1,0,0.0,2026-04-07T11:35:46+00:00,2026-04-07T11:35:46+00:00,0.0
4542,1,cmd/ls,srd008,1.2442,105,1128759,1,0,0.0,2026-04-07T11:37:49+00:00,2026-04-07T11:37:49+00:00,0.0
4543,1,cmd/ls,srd008,1.3986,362,467069,1,0,0.0,2026-04-07T11:44:10+00:00,2026-04-07T11:44:10+00:00,0.0
4544,1,cmd/ls,srd008,1.9502,509,1115198,1,0,0.0,2026-04-07T11:53:00+00:00,2026-04-07T11:53:00+00:00,0.0
4546,1,cmd/ls,srd008,1.6693,433,782506,1,0,0.0,2026-04-07T12:02:15+00:00,2026-04-07T12:02:15+00:00,0.0
4547,1,cmd/ls,srd008,1.4605,370,586854,1,0,0.0,2026-04-07T12:08:45+00:00,2026-04-07T12:08:45+00:00,0.0
4548,1,cmd/ls,srd008,2.0425,223,2304765,1,0,0.0,2026-04-07T12:12:49+00:00,2026-04-07T12:12:49+00:00,0.0
4549,1,cmd/ls,srd008,2.1736,555,1148129,1,0,0.0,2026-04-07T12:22:24+00:00,2026-04-07T12:22:24+00:00,0.0
4551,1,cmd/ls,srd008,2.6313,524,2479913,1,0,0.0,2026-04-07T12:33:11+00:00,2026-04-07T12:33:11+00:00,0.0
4552,1,cmd/ls,srd008,1.4219,151,1328099,1,0,0.0,2026-04-07T12:36:05+00:00,2026-04-07T12:36:05+00:00,0.0
4553,1,cmd/ls,srd008,2.314,279,2746364,1,0,0.0,2026-04-07T12:41:08+00:00,2026-04-07T12:41:08+00:00,0.0
4554,1,cmd/ls,srd008,1.5514,206,1518284,1,0,0.0,2026-04-07T12:45:03+00:00,2026-04-07T12:45:03+00:00,0.0
4556,1,cmd/ls,srd008,3.1902,672,3295008,1,0,0.0,2026-04-07T12:59:15+00:00,2026-04-07T12:59:15+00:00,0.0
4557,1,cmd/ls,srd008,1.7458,203,1770953,1,0,0.0,2026-04-07T13:03:05+00:00,2026-04-07T13:03:05+00:00,0.0
4558,1,cmd/ls,srd008,1.1101,95,901099,1,0,0.0,2026-04-07T13:05:08+00:00,2026-04-07T13:05:08+00:00,0.0
4560,1,cmd/logname,srd053,0.7394,32,460372,1,0,0.0,2026-04-07T13:08:30+00:00,2026-04-07T13:08:30+00:00,0.0
4561,1,cmd/logname,srd053,0.586,34,362020,1,0,0.0,2026-04-08T00:13:06+00:00,2026-04-08T00:13:06+00:00,0.0
4562,1,cmd/tty,srd052,0.9379,71,752380,1,0,0.0,2026-04-08T00:14:34+00:00,2026-04-08T00:14:34+00:00,0.0
4563,1,cmd/tty,srd052,0.6092,51,366714,1,0,0.0,2026-04-08T00:15:42+00:00,2026-04-08T00:15:42+00:00,0.0
4565,1,cmd/pwd,srd051,0.6835,68,548762,1,0,0.0,2026-04-08T00:21:01+00:00,2026-04-08T00:21:01+00:00,0.0
4566,1,cmd/pwd,srd051,0.8188,122,607772,1,0,0.0,2026-04-08T00:23:22+00:00,2026-04-08T00:23:22+00:00,0.0
4567,1,cmd/realpath,srd049,0.588,58,344484,1,0,0.0,2026-04-08T00:24:37+00:00,2026-04-08T00:24:37+00:00,0.0
4568,1,cmd/realpath,srd049,0.6508,75,418805,1,0,0.0,2026-04-08T00:26:10+00:00,2026-04-08T00:26:10+00:00,0.0
4570,1,cmd/realpath,srd049,1.1186,203,742594,1,0,0.0,2026-04-08T00:31:59+00:00,2026-04-08T00:31:59+00:00,0.0
4571,1,cmd/realpath,srd049,1.1258,159,917262,1,0,0.0,2026-04-08T00:34:58+00:00,2026-04-08T00:34:58+00:00,0.0
4572,1,cmd/pwd,srd051,0.5803,49,358709,1,0,0.0,2026-04-08T00:36:03+00:00,2026-04-08T00:36:03+00:00,0.0
4573,1,cmd/readlink,srd050,1.1101,214,629524,1,0,0.0,2026-04-08T00:39:53+00:00,2026-04-08T00:39:53+00:00,0.0
4575,1,cmd/readlink,srd050,0.6495,51,488128,1,0,0.0,2026-04-08T00:43:03+00:00,2026-04-08T00:43:03+00:00,0.0
4576,1,cmd/readlink,srd050,0.663,89,353302,1,0,0.0,2026-04-08T00:44:48+00:00,2026-04-08T00:44:48+00:00,0.0
4577,1,cmd/readlink,srd050,1.1161,158,782475,1,0,0.0,2026-04-08T00:47:43+00:00,2026-04-08T00:47:43+00:00,0.0
4578,1,cmd/echo,srd020,0.5278,46,270726,1,0,0.0,2026-04-08T00:48:46+00:00,2026-04-08T00:48:46+00:00,0.0
4580,1,cmd/echo,srd020,0.6291,61,412583,1,0,0.0,2026-04-08T00:52:09+00:00,2026-04-08T00:52:09+00:00,0.0
4581,1,cmd/echo,srd020,0.5647,55,344719,1,0,0.0,2026-04-08T00:53:23+00:00,2026-04-08T00:53:23+00:00,0.0
4582,1,cmd/echo,srd020,0.6397,72,375088,1,0,0.0,2026-04-08T00:54:53+00:00,2026-04-08T00:54:53+00:00,0.0
4583,1,cmd/tac,srd021,0.9052,93,808840,1,0,0.0,2026-04-08T00:56:44+00:00,2026-04-08T00:56:44+00:00,0.0
4585,1,cmd/tac,srd021,2.4122,759,872582,1,0,0.0,2026-04-08T01:11:43+00:00,2026-04-08T01:11:43+00:00,0.0
4586,1,cmd/tac,srd021,0.7155,97,433274,1,0,0.0,2026-04-08T01:13:37+00:00,2026-04-08T01:13:37+00:00,0.0
4587,1,cmd/tac,srd021,1.2119,171,1062398,1,0,0.0,2026-04-08T01:16:46+00:00,2026-04-08T01:16:46+00:00,0.0
4588,1,cmd/nl,srd022,1.6265,311,1563825,1,0,0.0,2026-04-08T01:22:13+00:00,2026-04-08T01:22:13+00:00,0.0
4590,1,cmd/nl,srd022,0.8943,122,733959,1,0,0.0,2026-04-08T01:26:24+00:00,2026-04-08T01:26:24+00:00,0.0
4591,1,cmd/nl,srd022,0.7359,78,443703,1,0,0.0,2026-04-08T01:27:59+00:00,2026-04-08T01:27:59+00:00,0.0
4592,1,cmd/nl,srd022,2.1851,699,995065,1,0,0.0,2026-04-08T01:39:55+00:00,2026-04-08T01:39:55+00:00,0.0
4593,1,cmd/fold,srd023,0.7113,88,441936,1,0,0.0,2026-04-08T01:41:39+00:00,2026-04-08T01:41:39+00:00,0.0
4595,1,cmd/fold,srd023,0.5949,84,350756,0,1,0.5949,2026-04-08T01:44:48+00:00,2026-04-08T01:44:48+00:00,0.0
4596,1,cmd/fold,srd023,0.6959,101,431515,1,0,0.0,2026-04-08T01:46:47+00:00,2026-04-08T01:46:47+00:00,0.0
4597,1,cmd/fold,srd023,1.2153,209,988579,1,0,0.0,2026-04-08T01:50:34+00:00,2026-04-08T01:50:34+00:00,0.0
4598,1,cmd/expand,srd024,0.7625,79,650945,1,0,0.0,2026-04-08T02:48:55+00:00,2026-04-08T02:48:55+00:00,0.0
4600,1,cmd/expand,srd024,1.5165,395,1022273,1,0,0.0,2026-04-08T02:57:53+00:00,2026-04-08T02:57:53+00:00,0.0
4601,1,cmd/expand,srd024,0.8208,136,471159,1,0,0.0,2026-04-08T03:00:26+00:00,2026-04-08T03:00:26+00:00,0.0
4603,1,cmd/unexpand,srd025,2.0483,618,1035462,1,0,0.0,2026-04-08T03:12:06+00:00,2026-04-08T03:12:06+00:00,0.0
4605,1,cmd/unexpand,srd025,0.7727,121,446397,1,0,0.0,2026-04-08T03:16:50+00:00,2026-04-08T03:16:50+00:00,0.0
4606,1,cmd/unexpand,srd025,0.7357,86,450774,1,0,0.0,2026-04-08T03:18:35+00:00,2026-04-08T03:18:35+00:00,0.0
4607,1,cmd/unexpand,srd025,0.9775,100,982864,1,0,0.0,2026-04-08T03:20:32+00:00,2026-04-08T03:20:32+00:00,0.0
4608,1,cmd/cut,srd026,0.9502,117,759744,1,0,0.0,2026-04-08T03:22:47+00:00,2026-04-08T03:22:47+00:00,0.0
4610,1,cmd/cut,srd026,0.8524,121,609016,1,0,0.0,2026-04-08T03:27:05+00:00,2026-04-08T03:27:05+00:00,0.0
4611,1,cmd/cut,srd026,1.3098,351,498404,1,0,0.0,2026-04-08T03:33:15+00:00,2026-04-08T03:33:15+00:00,0.0
4612,1,cmd/cut,srd026,2.5821,676,1848374,1,0,0.0,2026-04-08T03:44:50+00:00,2026-04-08T03:44:50+00:00,0.0
4613,1,cmd/paste,srd027,0.9447,113,840128,1,0,0.0,2026-04-08T03:47:01+00:00,2026-04-08T03:47:01+00:00,0.0
4615,1,cmd/paste,srd027,1.1848,149,1002730,1,0,0.0,2026-04-08T03:51:38+00:00,2026-04-08T03:51:38+00:00,0.0
4616,1,cmd/paste,srd027,0.7806,70,626357,1,0,0.0,2026-04-08T03:53:08+00:00,2026-04-08T03:53:08+00:00,0.0
4617,1,cmd/paste,srd027,1.529,268,1521934,1,0,0.0,2026-04-08T03:57:54+00:00,2026-04-08T03:57:54+00:00,0.0
4618,1,cmd/uniq,srd028,2.0578,510,1433993,1,0,0.0,2026-04-08T04:06:41+00:00,2026-04-08T04:06:41+00:00,0.0
4620,1,cmd/comm,srd029,1.414,255,1124007,1,0,0.0,2026-04-08T04:13:21+00:00,2026-04-08T04:13:21+00:00,0.0
4621,1,cmd/uniq,srd028,0.8934,87,820159,1,0,0.0,2026-04-08T04:15:06+00:00,2026-04-08T04:15:06+00:00,0.0
4622,1,cmd/uniq,srd028,0.7301,84,455119,1,0,0.0,2026-04-08T04:16:49+00:00,2026-04-08T04:16:49+00:00,0.0
4623,1,cmd/uniq,srd028,1.9926,467,1420541,1,0,0.0,2026-04-08T04:24:55+00:00,2026-04-08T04:24:55+00:00,0.0
4625,1,cmd/comm,srd029,0.8365,85,645021,1,0,0.0,2026-04-08T04:28:45+00:00,2026-04-08T04:28:45+00:00,0.0
4626,1,cmd/comm,srd029,1.5191,389,944657,1,0,0.0,2026-04-08T04:35:32+00:00,2026-04-08T04:35:32+00:00,0.0
4627,1,cmd/comm,srd029,1.1233,171,1009110,1,0,0.0,2026-04-08T04:38:42+00:00,2026-04-08T04:38:42+00:00,0.0
4628,1,cmd/md5sum,srd030,0.6937,73,462406,1,0,0.0,2026-04-08T04:40:14+00:00,2026-04-08T04:40:14+00:00,0.0
4630,1,cmd/md5sum,srd030,0.7171,119,371537,0,1,0.7171,2026-04-08T04:44:49+00:00,2026-04-08T04:44:49+00:00,0.0
4631,1,cmd/md5sum,srd030,0.7059,88,441434,1,0,0.0,2026-04-08T04:46:35+00:00,2026-04-08T04:46:35+00:00,0.0
4632,1,cmd/md5sum,srd030,1.078,178,812327,1,0,0.0,2026-04-08T04:49:50+00:00,2026-04-08T04:49:50+00:00,0.0
4633,1,cmd/sha1sum,srd031,0.6107,51,412637,1,0,0.0,2026-04-08T04:50:58+00:00,2026-04-08T04:50:58+00:00,0.0
4635,1,cmd/sha1sum,srd031,0.701,92,503574,0,1,0.701,2026-04-08T04:54:54+00:00,2026-04-08T04:54:54+00:00,0.0
4636,1,cmd/sha1sum,srd031,0.6164,53,366460,0,1,0.6164,2026-04-08T10:38:42+00:00,2026-04-08T10:38:42+00:00,0.0
4637,1,cmd/sha1sum,srd031,0.9204,130,637626,1,0,0.0,2026-04-08T10:41:11+00:00,2026-04-08T10:41:11+00:00,0.0
4638,1,cmd/sha256sum,srd032,0.6074,59,355197,1,0,0.0,2026-04-08T10:42:30+00:00,2026-04-08T10:42:30+00:00,0.0
4640,1,cmd/sha256sum,srd032,0.6291,81,373937,0,1,0.6291,2026-04-08T10:46:09+00:00,2026-04-08T10:46:09+00:00,0.0
4641,1,cmd/sha256sum,srd032,0.7296,119,381500,1,0,0.0,2026-04-08T10:48:28+00:00,2026-04-08T10:48:28+00:00,0.0
4642,1,cmd/sha256sum,srd032,1.0282,165,685606,1,0,0.0,2026-04-08T10:51:32+00:00,2026-04-08T10:51:32+00:00,0.0
4643,1,cmd/sha512sum,srd033,0.6354,57,370296,1,0,0.0,2026-04-08T10:52:46+00:00,2026-04-08T10:52:46+00:00,0.0
4645,1,cmd/sha512sum,srd033,0.7075,70,458254,1,0,0.0,2026-04-08T10:56:23+00:00,2026-04-08T10:56:23+00:00,0.0
4646,1,cmd/sha512sum,srd033,0.8181,77,688235,0,1,0.8181,2026-04-08T10:58:00+00:00,2026-04-08T10:58:00+00:00,0.0
4647,1,cmd/sha512sum,srd033,1.5339,202,1610634,1,0,0.0,2026-04-08T11:01:45+00:00,2026-04-08T11:01:45+00:00,0.0
4648,1,cmd/mkdir,srd034,0.6103,59,349735,1,0,0.0,2026-04-08T11:03:04+00:00,2026-04-08T11:03:04+00:00,0.0
4650,1,cmd/mkdir,srd034,0.916,85,579356,1,0,0.0,2026-04-08T11:06:56+00:00,2026-04-08T11:06:56+00:00,0.0
4651,1,cmd/mkdir,srd034,1.5172,344,654999,1,0,0.0,2026-04-08T11:13:00+00:00,2026-04-08T11:13:00+00:00,0.0
4652,1,cmd/mkdir,srd034,1.981,352,1521436,1,0,0.0,2026-04-08T11:19:11+00:00,2026-04-08T11:19:11+00:00,0.0
4653,1,cmd/rmdir,srd035,0.8899,59,589804,1,0,0.0,2026-04-08T11:20:28+00:00,2026-04-08T11:20:28+00:00,0.0
4655,1,cmd/rmdir,srd035,0.6938,60,560462,1,0,0.0,2026-04-08T11:23:31+00:00,2026-04-08T11:23:31+00:00,0.0
4656,1,cmd/rmdir,srd035,0.6275,68,352757,1,0,0.0,2026-04-08T11:24:59+00:00,2026-04-08T11:24:59+00:00,0.0
4657,1,cmd/rmdir,srd035,1.0233,122,866712,1,0,0.0,2026-04-08T11:27:20+00:00,2026-04-08T11:27:20+00:00,0.0
4658,1,cmd/mktemp,srd036,0.5953,67,288414,1,0,0.0,2026-04-08T11:28:45+00:00,2026-04-08T11:28:45+00:00,0.0
4660,1,cmd/mktemp,srd036,1.022,163,775420,1,0,0.0,2026-04-08T11:34:19+00:00,2026-04-08T11:34:19+00:00,0.0
4661,1,cmd/mktemp,srd036,0.9358,181,687728,1,0,0.0,2026-04-08T11:37:39+00:00,2026-04-08T11:37:39+00:00,0.0
4662,1,cmd/mktemp,srd036,0.7753,96,587313,1,0,0.0,2026-04-08T11:39:35+00:00,2026-04-08T11:39:35+00:00,0.0
4663,1,cmd/mktemp,srd036,1.872,594,586622,1,0,0.0,2026-04-08T11:49:47+00:00,2026-04-08T11:49:47+00:00,0.0
4665,1,cmd/ln,srd037,0.6462,670,440200,1,0,0.0,2026-04-08T12:04:18+00:00,2026-04-08T12:04:18+00:00,0.0
4666,1,cmd/ln,srd037,0.8395,116,650122,1,0,0.0,2026-04-08T12:06:35+00:00,2026-04-08T12:06:35+00:00,0.0
4667,1,cmd/unlink,srd038,0.6737,49,555282,1,0,0.0,2026-04-08T12:07:42+00:00,2026-04-08T12:07:42+00:00,0.0
4668,1,cmd/unlink,srd038,0.5772,61,339673,1,0,0.0,2026-04-08T12:09:01+00:00,2026-04-08T12:09:01+00:00,0.0
4670,1,cmd/ln,srd037,1.7484,311,1662307,1,0,0.0,2026-04-08T12:16:59+00:00,2026-04-08T12:16:59+00:00,0.0
4671,1,cmd/ln,srd037,1.5966,486,563479,1,0,0.0,2026-04-08T12:25:25+00:00,2026-04-08T12:25:25+00:00,0.0
4672,1,cmd/ln,srd037,1.3791,270,827785,1,0,0.0,2026-04-08T12:30:17+00:00,2026-04-08T12:30:17+00:00,0.0
4673,1,cmd/unlink,srd038,1.2391,132,1246038,1,0,0.0,2026-04-08T13:35:05+00:00,2026-04-08T13:35:05+00:00,0.0
4675,1,cmd/groups,srd043,0.7273,65,624468,1,0,0.0,2026-04-08T13:39:04+00:00,2026-04-08T13:39:04+00:00,0.0
4676,1,cmd/groups,srd043,0.6653,56,549673,0,1,0.6653,2026-04-08T13:40:22+00:00,2026-04-08T13:40:22+00:00,0.0
4677,1,cmd/whoami,srd042,0.5548,35,340390,1,0,0.0,2026-04-08T13:41:15+00:00,2026-04-08T13:41:15+00:00,0.0
4678,1,cmd/whoami,srd042,0.5888,43,363832,1,0,0.0,2026-04-08T13:42:18+00:00,2026-04-08T13:42:18+00:00,0.0
4680,1,cmd/groups,srd043,0.8481,125,612677,1,0,0.0,2026-04-08T13:47:40+00:00,2026-04-08T13:47:40+00:00,0.0
4681,1,cmd/env,srd039,0.6116,61,346247,1,0,0.0,2026-04-08T13:48:59+00:00,2026-04-08T13:48:59+00:00,0.0
4682,1,cmd/env,srd039,0.6294,72,351237,1,0,0.0,2026-04-08T13:50:31+00:00,2026-04-08T13:50:31+00:00,0.0
4683,1,cmd/env,srd039,1.3263,269,1034957,1,0,0.0,2026-04-08T13:55:20+00:00,2026-04-08T13:55:20+00:00,0.0
4685,1,cmd/printenv,srd040,0.6203,50,423888,1,0,0.0,2026-04-08T13:58:48+00:00,2026-04-08T13:58:48+00:00,0.0
4686,1,cmd/printenv,srd040,0.5923,52,409610,0,1,0.5923,2026-04-08T14:00:01+00:00,2026-04-08T14:00:01+00:00,0.0
4687,1,cmd/printenv,srd040,0.6711,75,389064,1,0,0.0,2026-04-08T14:01:38+00:00,2026-04-08T14:01:38+00:00,0.0
4688,1,cmd/env,srd039,1.0132,151,755705,1,0,0.0,2026-04-08T14:04:30+00:00,2026-04-08T14:04:30+00:00,0.0
4690,1,cmd/id,srd041,0.6907,81,361088,1,0,0.0,2026-04-08T14:08:44+00:00,2026-04-08T14:08:44+00:00,0.0
4691,1,cmd/id,srd041,0.7828,133,374209,1,0,0.0,2026-04-08T14:11:20+00:00,2026-04-08T14:11:20+00:00,0.0
4692,1,cmd/id,srd041,0.8576,113,675563,1,0,0.0,2026-04-08T14:13:36+00:00,2026-04-08T14:13:36+00:00,0.0
4693,1,cmd/id,srd041,1.2581,224,790390,1,0,0.0,2026-04-08T14:17:44+00:00,2026-04-08T14:17:44+00:00,0.0
4695,1,cmd/tail,srd055,1.2771,193,1267885,1,0,0.0,2026-04-08T14:23:30+00:00,2026-04-08T14:23:30+00:00,0.0
4696,1,cmd/tail,srd055,0.7824,131,388865,0,1,0.7824,2026-04-08T14:26:04+00:00,2026-04-08T14:26:04+00:00,0.0
4697,1,cmd/tail,srd055,1.67,204,1868870,1,0,0.0,2026-04-08T14:29:51+00:00,2026-04-08T14:29:51+00:00,0.0
4698,1,cmd/tail,srd055,1.1688,150,875313,1,0,0.0,2026-04-08T14:32:44+00:00,2026-04-08T14:32:44+00:00,0.0
4700,1,cmd/sort,srd053,0.8989,93,493857,1,0,0.0,2026-04-08T14:37:21+00:00,2026-04-08T14:37:21+00:00,0.0
4701,1,cmd/sort,srd053,0.7631,65,616732,1,0,0.0,2026-04-08T14:38:46+00:00,2026-04-08T14:38:46+00:00,0.0
4702,1,cmd/tr,srd054,1.0956,130,795352,1,0,0.0,2026-04-10T11:00:12+00:00,2026-04-10T11:00:12+00:00,0.0
4703,1,cmd/tr,srd054,1.1271,161,958099,1,0,0.0,2026-04-10T11:03:11+00:00,2026-04-10T11:03:11+00:00,0.0
4705,1,cmd/sort,srd053,0.715,84,464896,1,0,0.0,2026-04-10T11:06:56+00:00,2026-04-10T11:06:56+00:00,0.0
4706,1,cmd/sort,srd053,2.1629,580,1286726,1,0,0.0,2026-04-10T11:16:56+00:00,2026-04-10T11:16:56+00:00,0.0
4707,1,cmd/tr,srd054,0.8676,97,646693,1,0,0.0,2026-04-10T11:18:52+00:00,2026-04-10T11:18:52+00:00,0.0
4708,1,cmd/tr,srd054,1.5979,216,1648204,1,0,0.0,2026-04-10T11:22:48+00:00,2026-04-10T11:22:48+00:00,0.0
4710,1,cmd/sort,srd053,3.3095,980,1901451,1,0,0.0,2026-04-10T11:42:16+00:00,2026-04-10T11:42:16+00:00,0.0
4711,1,cmd/sort,srd053,1.7122,387,1191028,1,0,0.0,2026-04-10T11:49:01+00:00,2026-04-10T11:49:01+00:00,0.0
4712,1,cmd/tr,srd054,0.9165,83,810462,1,0,0.0,2026-04-10T11:50:42+00:00,2026-04-10T11:50:42+00:00,0.0
4713,2,cmd/cp,srd056,1.6697,161,1089390,1,1,0.7507,2026-04-10T11:52:28+00:00,2026-04-10T11:52:28+00:00,0.0
4717,1,cmd/cp,srd056,2.3857,722,1216264,1,0,0.0,2026-04-10T12:09:56+00:00,2026-04-10T12:09:56+00:00,0.0
4718,2,cmd/cp,srd056,2.276,471,1186885,1,1,0.7411,2026-04-10T12:17:07+00:00,2026-04-10T12:17:07+00:00,0.0
4723,2,cmd/sort,srd053,1.7505,210,1155147,1,1,0.7371,2026-04-10T12:27:48+00:00,2026-04-10T12:27:48+00:00,0.0
4728,2,cmd/cp,srd056,3.5436,770,2037431,1,1,0.8533,2026-04-10T12:47:17+00:00,2026-04-10T12:47:17+00:00,0.0
4731,1,cmd/cp,srd056,0.9211,101,685509,1,0,0.0,2026-04-10T12:53:15+00:00,2026-04-10T12:53:15+00:00,0.0
4732,1,cmd/mv,srd057,2.1958,656,1126414,1,0,0.0,2026-04-10T13:04:28+00:00,2026-04-10T13:04:28+00:00,0.0
4733,1,cmd/mv,srd057,1.8118,468,972136,1,0,0.0,2026-04-10T13:12:34+00:00,2026-04-10T13:12:34+00:00,0.0
4735,1,cmd/sort,srd053,1.7458,366,1299489,1,0,0.0,2026-04-10T13:21:02+00:00,2026-04-10T13:21:02+00:00,0.0
4736,1,cmd/mv,srd057,1.8616,486,894759,1,0,0.0,2026-04-10T13:29:27+00:00,2026-04-10T13:29:27+00:00,0.0
4737,1,cmd/mv,srd057,0.9393,90,695357,1,0,0.0,2026-04-10T13:31:16+00:00,2026-04-10T13:31:16+00:00,0.0
4738,1,cmd/rm,srd058,1.5922,297,1212681,1,0,0.0,2026-04-10T13:36:31+00:00,2026-04-10T13:36:31+00:00,0.0
4740,1,cmd/rm,srd058,0.9434,172,475251,1,0,0.0,2026-04-10T13:41:50+00:00,2026-04-10T13:41:50+00:00,0.0
4741,1,cmd/rm,srd058,2.3609,521,1877820,1,0,0.0,2026-04-10T13:50:48+00:00,2026-04-10T13:50:48+00:00,0.0
4742,1,cmd/rm,srd058,0.9607,105,756307,1,0,0.0,2026-04-10T13:52:52+00:00,2026-04-10T13:52:52+00:00,0.0
4744,1,cmd/date,srd060,1.7767,533,855897,1,0,0.0,2026-04-10T14:05:13+00:00,2026-04-10T14:05:13+00:00,0.0
4745,1,cmd/date,srd060,1.7136,221,2093758,1,0,0.0,2026-04-10T14:09:14+00:00,2026-04-10T14:09:14+00:00,0.0
4746,1,cmd/date,srd060,1.3663,143,1526330,1,0,0.0,2026-04-10T14:11:58+00:00,2026-04-10T14:11:58+00:00,0.0
4747,1,cmd/date,srd060,0.829,120,553957,1,0,0.0,2026-04-10T14:14:18+00:00,2026-04-10T14:14:18+00:00,0.0
4749,1,cmd/sleep,srd061,1.1305,133,1082274,1,0,0.0,2026-04-10T14:18:52+00:00,2026-04-10T14:18:52+00:00,0.0
4750,1,cmd/sleep,srd061,0.7156,102,430618,1,0,0.0,2026-04-10T14:20:55+00:00,2026-04-10T14:20:55+00:00,0.0
4751,1,cmd/sleep,srd061,0.8554,142,534753,1,0,0.0,2026-04-10T14:23:39+00:00,2026-04-10T14:23:39+00:00,0.0
4752,1,cmd/sleep,srd061,0.9062,85,883143,1,0,0.0,2026-04-10T14:25:25+00:00,2026-04-10T14:25:25+00:00,0.0
4754,1,cmd/touch,srd062,0.6294,65,354264,1,0,0.0,2026-04-10T14:28:42+00:00,2026-04-10T14:28:42+00:00,0.0
4755,1,cmd/touch,srd062,1.0405,206,553367,1,0,0.0,2026-04-10T14:32:26+00:00,2026-04-10T14:32:26+00:00,0.0
4756,1,cmd/touch,srd062,0.9944,220,395320,1,0,0.0,2026-04-10T14:36:27+00:00,2026-04-10T14:36:27+00:00,0.0
4757,1,cmd/touch,srd062,2.2599,297,2842745,1,0,0.0,2026-04-10T14:41:42+00:00,2026-04-10T14:41:42+00:00,0.0
4759,1,cmd/timeout,srd063,2.0996,600,1321019,1,0,0.0,2026-04-10T14:54:00+00:00,2026-04-10T14:54:00+00:00,0.0
4760,1,cmd/timeout,srd063,2.4003,865,1054813,1,0,0.0,2026-04-10T15:08:45+00:00,2026-04-10T15:08:45+00:00,0.0
4761,1,cmd/timeout,srd063,1.8035,329,2085773,1,0,0.0,2026-04-10T15:14:36+00:00,2026-04-10T15:14:36+00:00,0.0
4762,1,cmd/timeout,srd063,1.5678,334,1447076,1,0,0.0,2026-04-10T15:20:33+00:00,2026-04-10T15:20:33+00:00,0.0
4764,1,cmd/shuf,srd064,0.6379,54,383669,1,0,0.0,2026-04-10T15:24:01+00:00,2026-04-10T15:24:01+00:00,0.0
4765,1,cmd/shuf,srd064,0.8607,161,446202,1,0,0.0,2026-04-10T15:27:03+00:00,2026-04-10T15:27:03+00:00,0.0
4766,1,cmd/shuf,srd064,1.1603,248,488449,1,0,0.0,2026-04-10T16:46:25+00:00,2026-04-10T16:46:25+00:00,0.0
4767,1,cmd/shuf,srd064,1.1435,249,513049,1,0,0.0,2026-04-10T16:50:50+00:00,2026-04-10T16:50:50+00:00,0.0
4769,1,cmd/factor,srd065,0.6137,49,365832,1,0,0.0,2026-04-10T16:54:07+00:00,2026-04-10T16:54:07+00:00,0.0
4770,1,cmd/factor,srd065,0.5718,46,342940,1,0,0.0,2026-04-10T16:55:10+00:00,2026-04-10T16:55:10+00:00,0.0
4771,1,cmd/factor,srd065,0.7555,65,632856,1,0,0.0,2026-04-10T16:56:31+00:00,2026-04-10T16:56:31+00:00,0.0
4772,1,cmd/factor,srd065,1.2455,141,1216127,1,0,0.0,2026-04-10T16:59:09+00:00,2026-04-10T16:59:09+00:00,0.0
4774,1,cmd/expr,,0.5672,45,348154,1,0,0.0,2026-04-10T17:02:29+00:00,2026-04-10T17:02:29+00:00,0.0
4775,1,cmd/expr,srd066,1.5797,442,897009,1,0,0.0,2026-04-10T17:10:09+00:00,2026-04-10T17:10:09+00:00,0.0
4776,1,cmd/expr,srd066,0.6953,80,444694,0,1,0.6953,2026-04-10T17:11:47+00:00,2026-04-10T17:11:47+00:00,0.0
4777,1,cmd/expr,srd066,0.8942,120,543015,1,0,0.0,2026-04-10T17:14:05+00:00,2026-04-10T17:14:05+00:00,0.0
4779,1,cmd/expr,srd066,1.4464,217,1398461,1,0,0.0,2026-04-10T18:31:46+00:00,2026-04-10T18:31:46+00:00,0.0
4780,1,cmd/split,,0.622,71,301578,1,0,0.0,2026-04-10T18:27:53+00:00,2026-04-10T18:27:53+00:00,0.0
4781,1,cmd/split,srd067,2.3687,660,1690559,1,0,0.0,2026-04-10T18:43:04+00:00,2026-04-10T18:43:04+00:00,0.0
4782,1,cmd/split,srd067,1.9758,508,1075598,1,0,0.0,2026-04-10T18:51:50+00:00,2026-04-10T18:51:50+00:00,0.0
4784,1,cmd/split,srd067,1.0053,127,711895,1,0,0.0,2026-04-10T18:56:07+00:00,2026-04-10T18:56:07+00:00,0.0
4785,1,cmd/split,srd067,1.6202,164,1465899,1,0,0.0,2026-04-10T18:59:09+00:00,2026-04-10T18:59:09+00:00,0.0
4786,1,cmd/csplit,srd068,0.8339,124,421163,1,0,0.0,2026-04-10T19:01:31+00:00,2026-04-10T19:01:31+00:00,0.0
4787,1,cmd/csplit,srd068,1.1711,269,702026,1,0,0.0,2026-04-10T19:06:16+00:00,2026-04-10T19:06:16+00:00,0.0
4789,1,cmd/csplit,srd068,3.2302,1189,1381992,1,0,0.0,2026-04-10T19:28:18+00:00,2026-04-10T19:28:18+00:00,0.0
4790,1,cmd/csplit,srd068,0.8709,109,583219,1,0,0.0,2026-04-10T19:30:26+00:00,2026-04-10T19:30:26+00:00,0.0
4791,1,cmd/csplit,srd068,0.9303,216,428073,1,0,0.0,2026-04-10T19:34:19+00:00,2026-04-10T19:34:19+00:00,0.0
4792,1,cmd/join,srd069,0.8749,104,578236,1,0,0.0,2026-04-10T19:36:22+00:00,2026-04-10T19:36:22+00:00,0.0
4794,1,cmd/join,srd069,1.8129,397,1320341,1,0,0.0,2026-04-10T19:45:14+00:00,2026-04-10T19:45:14+00:00,0.0
4795,1,cmd/join,srd069,0.807,89,546881,1,0,0.0,2026-04-10T19:47:04+00:00,2026-04-10T19:47:04+00:00,0.0
4796,1,cmd/join,srd069,0.8902,115,570897,1,0,0.0,2026-04-10T19:49:18+00:00,2026-04-10T19:49:18+00:00,0.0
4797,1,cmd/join,srd069,3.2724,1408,1507502,1,0,0.0,2026-04-10T20:38:25+00:00,2026-04-10T20:38:25+00:00,0.0
4799,1,cmd/fmt,srd070,0.6782,72,386344,1,0,0.0,2026-04-10T20:42:11+00:00,2026-04-10T20:42:11+00:00,0.0
4800,1,cmd/fmt,srd070,1.1553,221,797265,1,0,0.0,2026-04-10T20:46:09+00:00,2026-04-10T20:46:09+00:00,0.0
4801,1,cmd/fmt,srd070,0.8008,102,523064,1,0,0.0,2026-04-10T20:48:07+00:00,2026-04-10T20:48:07+00:00,0.0
4802,1,cmd/fmt,srd070,3.8797,1331,2420376,1,0,0.0,2026-04-10T21:10:34+00:00,2026-04-10T21:10:34+00:00,0.0
4804,1,cmd/numfmt,srd071,1.6933,416,918266,1,0,0.0,2026-04-10T21:19:57+00:00,2026-04-10T21:19:57+00:00,0.0
4805,1,cmd/numfmt,srd071,3.0705,878,2401272,1,0,0.0,2026-04-10T21:34:53+00:00,2026-04-10T21:34:53+00:00,0.0
4806,1,cmd/numfmt,srd071,1.3669,315,627153,1,0,0.0,2026-04-10T21:41:06+00:00,2026-04-10T21:41:06+00:00,0.0
4807,1,cmd/numfmt,srd071,2.3715,617,1592052,1,0,0.0,2026-04-10T21:51:40+00:00,2026-04-10T21:51:40+00:00,0.0
4810,1,cmd/od,srd072,3.1848,1061,1662710,1,0,0.0,2026-04-11T03:31:27+00:00,2026-04-11T03:31:27+00:00,0.0
4811,1,cmd/od,srd072,0.9143,109,683429,1,0,0.0,2026-04-11T03:33:33+00:00,2026-04-11T03:33:33+00:00,0.0
4812,2,cmd/od,srd072,2.6952,641,1443892,1,1,0.6382,2026-04-11T03:43:39+00:00,2026-04-11T03:43:39+00:00,0.0
4815,1,cmd/printf,srd073,0.9664,135,711903,1,0,0.0,2026-04-11T03:50:08+00:00,2026-04-11T03:50:08+00:00,0.0
4816,1,cmd/printf,srd073,0.8288,98,620032,1,0,0.0,2026-04-11T03:52:02+00:00,2026-04-11T03:52:02+00:00,0.0
4817,1,cmd/printf,srd073,0.7142,77,386575,1,0,0.0,2026-04-11T03:53:36+00:00,2026-04-11T03:53:36+00:00,0.0
4819,1,cmd/printf,srd073,0.9926,208,641689,1,0,0.0,2026-04-11T03:59:09+00:00,2026-04-11T03:59:09+00:00,0.0
4820,1,cmd/printf,srd073,1.3467,258,1006915,1,0,0.0,2026-04-11T04:03:44+00:00,2026-04-11T04:03:44+00:00,0.0
4821,1,cmd/sha224sum,srd074,0.7072,73,394266,1,0,0.0,2026-04-11T04:05:13+00:00,2026-04-11T04:05:13+00:00,0.0
4822,2,cmd/sha224sum,srd074,1.2928,109,774826,1,1,0.5359,2026-04-11T04:06:49+00:00,2026-04-11T04:06:49+00:00,0.0
4827,1,cmd/sha384sum,srd075,0.7307,89,389815,1,0,0.0,2026-04-11T04:15:00+00:00,2026-04-11T04:15:00+00:00,0.0
4834,1,cmd/b2sum,srd076,0.855,95,690872,1,0,0.0,2026-04-11T04:26:30+00:00,2026-04-11T04:26:30+00:00,0.0
4835,1,cmd/b2sum,srd076,0.9664,110,886756,1,0,0.0,2026-04-11T04:29:17+00:00,2026-04-11T04:29:17+00:00,0.0
4836,1,cmd/b2sum,srd076,1.1521,233,777596,1,0,0.0,2026-04-11T04:33:26+00:00,2026-04-11T04:33:26+00:00,0.0
4837,1,cmd/b2sum,srd076,0.9535,112,685412,1,0,0.0,2026-04-11T04:35:34+00:00,2026-04-11T04:35:34+00:00,0.0
4839,1,cmd/cksum,srd077,0.7587,102,460949,1,0,0.0,2026-04-11T04:40:03+00:00,2026-04-11T04:40:03+00:00,0.0
4840,1,cmd/cksum,srd077,1.3155,335,544810,1,0,0.0,2026-04-11T04:45:55+00:00,2026-04-11T04:45:55+00:00,0.0
4841,1,cmd/cksum,srd077,1.5597,365,1048450,1,0,0.0,2026-04-11T04:52:16+00:00,2026-04-11T04:52:16+00:00,0.0
4842,1,cmd/sum,srd078,0.9762,146,696077,1,0,0.0,2026-04-11T04:54:58+00:00,2026-04-11T04:54:58+00:00,0.0
4844,1,cmd/sum,srd078,0.6744,52,450348,1,0,0.0,2026-04-11T04:58:43+00:00,2026-04-11T04:58:43+00:00,0.0
4845,1,cmd/sum,srd078,0.9361,94,801221,1,0,0.0,2026-04-11T05:00:33+00:00,2026-04-11T05:00:33+00:00,0.0
4846,1,cmd/base32,srd079,1.516,420,796587,1,0,0.0,2026-04-11T05:07:49+00:00,2026-04-11T05:07:49+00:00,0.0
4847,1,cmd/base32,srd079,1.0433,140,896466,1,0,0.0,2026-04-11T05:10:27+00:00,2026-04-11T05:10:27+00:00,0.0
4849,1,cmd/base32,srd079,1.7629,510,1005408,1,0,0.0,2026-04-11T05:21:01+00:00,2026-04-11T05:21:01+00:00,0.0
4850,1,cmd/base64,srd080,1.3216,192,1254925,1,0,0.0,2026-04-11T05:24:29+00:00,2026-04-11T05:24:29+00:00,0.0
4851,1,cmd/base64,srd080,0.8686,109,550450,1,0,0.0,2026-04-11T05:26:36+00:00,2026-04-11T05:26:36+00:00,0.0
4852,1,cmd/base64,srd080,1.5179,313,1143982,1,0,0.0,2026-04-11T05:32:05+00:00,2026-04-11T05:32:05+00:00,0.0
4854,1,cmd/basenc,srd081,0.8018,99,536069,1,0,0.0,2026-04-11T05:36:17+00:00,2026-04-11T05:36:17+00:00,0.0
4855,1,cmd/basenc,srd081,0.6628,70,385115,1,0,0.0,2026-04-11T05:37:43+00:00,2026-04-11T05:37:43+00:00,0.0
4856,1,cmd/basenc,srd081,1.003,135,691141,1,0,0.0,2026-04-11T05:40:14+00:00,2026-04-11T05:40:14+00:00,0.0
4857,2,cmd/link,srd084,1.3058,130,690752,1,1,0.5579,2026-04-11T05:41:58+00:00,2026-04-11T05:41:58+00:00,0.0
4860,1,cmd/sync,srd085,1.6642,419,1177626,1,0,0.0,2026-04-11T05:52:28+00:00,2026-04-11T05:52:28+00:00,0.0
4861,1,cmd/sync,srd085,1.1576,325,578149,1,0,0.0,2026-04-11T05:58:09+00:00,2026-04-11T05:58:09+00:00,0.0
4862,1,cmd/truncate,srd083,2.3717,591,1864368,1,0,0.0,2026-04-11T06:08:21+00:00,2026-04-11T06:08:21+00:00,0.0
4864,1,cmd/stat,srd082,3.146,1174,1846904,1,0,0.0,2026-04-11T07:38:35+00:00,2026-04-11T07:38:35+00:00,0.0
4865,1,cmd/stat,srd082,4.4131,1087,4231188,1,0,0.0,2026-04-11T07:57:26+00:00,2026-04-11T07:57:26+00:00,0.0
4866,1,cmd/stat,srd082,1.3814,177,1415663,1,0,0.0,2026-04-11T08:00:40+00:00,2026-04-11T08:00:40+00:00,0.0
4867,1,cmd/truncate,srd083,1.066,270,445577,1,0,0.0,2026-04-11T07:03:09+00:00,2026-04-11T07:03:09+00:00,0.0
4869,1,cmd/truncate,srd083,0.7074,50,484099,1,0,0.0,2026-04-11T08:04:23+00:00,2026-04-11T08:04:23+00:00,0.0
4870,1,cmd/chmod,srd089,0.6738,86,360907,1,0,0.0,2026-04-11T08:06:05+00:00,2026-04-11T08:06:05+00:00,0.0
4871,1,cmd/chmod,srd089,2.5672,648,1614196,1,0,0.0,2026-04-11T08:17:10+00:00,2026-04-11T08:17:10+00:00,0.0
4872,1,cmd/chmod,srd089,1.6273,446,677224,1,0,0.0,2026-04-11T08:24:53+00:00,2026-04-11T08:24:53+00:00,0.0
4875,1,cmd/chmod,srd089,1.273,356,454715,1,0,0.0,2026-04-11T08:34:55+00:00,2026-04-11T08:34:55+00:00,0.0
4876,1,cmd/chmod,srd089,0.6626,77,379248,1,0,0.0,2026-04-11T08:36:28+00:00,2026-04-11T08:36:28+00:00,0.0
4877,1,cmd/chgrp,srd090,0.6329,74,300654,1,0,0.0,2026-04-11T08:37:58+00:00,2026-04-11T08:37:58+00:00,0.0
4878,1,cmd/chgrp,srd090,0.8569,117,561245,1,0,0.0,2026-04-11T08:40:11+00:00,2026-04-11T08:40:11+00:00,0.0
4880,1,cmd/chgrp,srd090,0.8323,142,409974,1,0,0.0,2026-04-11T08:45:06+00:00,2026-04-11T08:45:06+00:00,0.0
4881,1,cmd/chgrp,srd090,1.9177,421,1305052,1,0,0.0,2026-04-11T08:52:25+00:00,2026-04-11T08:52:25+00:00,0.0
4882,2,cmd/chown,srd091,1.706,243,1116594,1,1,0.8291,2026-04-11T08:55:01+00:00,2026-04-11T08:55:01+00:00,0.0
4886,1,cmd/chown,srd091,1.5944,435,1430743,1,0,0.0,2026-04-11T09:08:11+00:00,2026-04-11T09:08:11+00:00,0.0
4887,1,cmd/mkfifo,srd092,0.6647,79,366233,1,0,0.0,2026-04-11T09:09:47+00:00,2026-04-11T09:09:47+00:00,0.0
4888,1,cmd/mknod,srd093,0.779,91,468220,1,0,0.0,2026-04-11T09:11:34+00:00,2026-04-11T09:11:34+00:00,0.0
4890,1,cmd/mkfifo,srd092,0.694,63,572502,0,1,0.694,2026-04-11T09:16:22+00:00,2026-04-11T09:16:22+00:00,0.0
4891,1,cmd/mknod,srd093,0.8383,68,764780,1,0,0.0,2026-04-11T09:17:45+00:00,2026-04-11T09:17:45+00:00,0.0
4892,1,cmd/nice,srd094,0.5592,49,285530,1,0,0.0,2026-04-11T09:18:53+00:00,2026-04-11T09:18:53+00:00,0.0
4893,1,cmd/nohup,srd095,0.5217,65,275412,1,0,0.0,2026-04-11T09:20:14+00:00,2026-04-11T09:20:14+00:00,0.0
4895,1,cmd/nice,srd094,0.597,91,348166,1,0,0.0,2026-04-11T09:24:12+00:00,2026-04-11T09:24:12+00:00,0.0
4896,1,cmd/nohup,srd095,0.7189,82,557828,1,0,0.0,2026-04-11T09:25:49+00:00,2026-04-11T09:25:49+00:00,0.0
4897,1,cmd/mkfifo,srd092,0.7892,95,478194,1,0,0.0,2026-04-11T09:27:38+00:00,2026-04-11T09:27:38+00:00,0.0
4898,1,cmd/mknod,srd093,1.0837,177,673877,1,0,0.0,2026-04-11T09:30:50+00:00,2026-04-11T09:30:50+00:00,0.0
4900,1,cmd/nice,srd094,1.7534,268,1844549,1,0,0.0,2026-04-11T09:37:30+00:00,2026-04-11T09:37:30+00:00,0.0
4901,1,cmd/nohup,srd095,0.8249,87,633265,1,0,0.0,2026-04-11T09:39:13+00:00,2026-04-11T09:39:13+00:00,0.0
4902,1,cmd/users,srd096,0.9088,158,655247,1,0,0.0,2026-04-11T09:42:07+00:00,2026-04-11T09:42:07+00:00,0.0
4903,1,cmd/users,srd096,0.7021,62,529647,1,0,0.0,2026-04-11T09:43:53+00:00,2026-04-11T09:43:53+00:00,0.0
4905,1,cmd/who,srd097,0.8572,122,723195,1,0,0.0,2026-04-11T09:48:25+00:00,2026-04-11T09:48:25+00:00,0.0
4906,1,cmd/who,srd097,0.6872,75,491519,1,0,0.0,2026-04-11T09:49:58+00:00,2026-04-11T09:49:58+00:00,0.0
4907,1,cmd/who,srd097,0.7912,139,369429,1,0,0.0,2026-04-11T09:52:34+00:00,2026-04-11T09:52:34+00:00,0.0
4908,1,cmd/who,srd097,2.1944,1054,1130878,1,0,0.0,2026-04-11T10:10:26+00:00,2026-04-11T10:10:26+00:00,0.0
4910,1,cmd/pinky,srd098,0.8118,115,526879,1,0,0.0,2026-04-11T10:14:50+00:00,2026-04-11T10:14:50+00:00,0.0
4911,1,cmd/pinky,srd098,1.0716,210,491903,1,0,0.0,2026-04-11T10:18:41+00:00,2026-04-11T10:18:41+00:00,0.0
4912,1,cmd/pinky,srd098,0.7395,95,383829,1,0,0.0,2026-04-11T10:20:32+00:00,2026-04-11T10:20:32+00:00,0.0
4913,1,cmd/pinky,srd098,1.8743,485,1262032,1,0,0.0,2026-04-11T10:28:57+00:00,2026-04-11T10:28:57+00:00,0.0
4915,2,cmd/chroot,srd100,1.5117,237,813840,1,1,0.5618,2026-04-11T10:35:57+00:00,2026-04-11T10:35:57+00:00,0.0
4918,1,cmd/shred,srd099,1.2147,260,686650,1,0,0.0,2026-04-11T10:41:28+00:00,2026-04-11T10:41:28+00:00,0.0
4920,1,cmd/shred,srd099,1.1241,230,663774,1,0,0.0,2026-04-11T10:47:40+00:00,2026-04-11T10:47:40+00:00,0.0
4921,1,cmd/shred,srd099,1.6551,564,972413,1,0,0.0,2026-04-11T10:57:22+00:00,2026-04-11T10:57:22+00:00,0.0
4922,1,cmd/install,srd101,1.0416,177,603360,1,0,0.0,2026-04-11T11:00:35+00:00,2026-04-11T11:00:35+00:00,0.0
4923,1,cmd/install,srd101,0.8315,147,389567,1,0,0.0,2026-04-11T11:03:22+00:00,2026-04-11T11:03:22+00:00,0.0
4925,1,cmd/install,srd101,1.6387,184,1759173,1,0,0.0,2026-04-11T11:08:57+00:00,2026-04-11T11:08:57+00:00,0.0
4926,1,cmd/tsort,srd102,2.5368,854,1318795,1,0,0.0,2026-04-11T11:23:29+00:00,2026-04-11T11:23:29+00:00,0.0
4927,1,cmd/tsort,srd102,1.1585,218,844817,1,0,0.0,2026-04-11T11:27:25+00:00,2026-04-11T11:27:25+00:00,0.0
4928,1,cmd/pathchk,srd103,1.1589,186,895720,1,0,0.0,2026-04-11T11:30:49+00:00,2026-04-11T11:30:49+00:00,0.0
4930,1,cmd/pathchk,srd103,2.0796,705,925858,1,0,0.0,2026-04-11T11:45:20+00:00,2026-04-11T11:45:20+00:00,0.0
4931,1,cmd/test,srd104,1.5924,177,1595105,1,0,0.0,2026-04-11T11:48:33+00:00,2026-04-11T11:48:33+00:00,0.0
4932,1,cmd/test,srd104,2.2717,757,980021,1,0,0.0,2026-04-11T12:01:26+00:00,2026-04-11T12:01:26+00:00,0.0
4934,1,cmd/df,srd106,3.7952,1026,3175641,1,0,0.0,2026-04-11T12:22:51+00:00,2026-04-11T12:22:51+00:00,0.0
4935,1,cmd/df,srd106,2.4774,750,1357271,1,0,0.0,2026-04-11T12:35:39+00:00,2026-04-11T12:35:39+00:00,0.0
4936,1,cmd/df,srd106,4.2936,1003,3942749,1,0,0.0,2026-04-11T12:52:41+00:00,2026-04-11T12:52:41+00:00,0.0
4937,1,cmd/df,srd106,1.5436,258,1274201,1,0,0.0,2026-04-11T12:57:19+00:00,2026-04-11T12:57:19+00:00,0.0
4939,1,cmd/df,srd106,1.5321,224,1560562,1,0,0.0,2026-04-11T13:04:10+00:00,2026-04-11T13:04:10+00:00,0.0
4940,1,cmd/dir,srd107,2.9825,552,3228222,1,0,0.0,2026-04-11T13:13:41+00:00,2026-04-11T13:13:41+00:00,0.0
4941,1,cmd/dir,srd107,1.3978,200,1301314,1,0,0.0,2026-04-11T13:17:54+00:00,2026-04-11T13:17:54+00:00,0.0
4942,1,cmd/dir,srd107,0.8228,113,476818,1,0,0.0,2026-04-11T13:20:04+00:00,2026-04-11T13:20:04+00:00,0.0
4944,1,cmd/vdir,srd108,2.4167,364,2553646,1,0,0.0,2026-04-11T13:28:59+00:00,2026-04-11T13:28:59+00:00,0.0
4945,1,cmd/vdir,srd108,1.2154,170,1040733,1,0,0.0,2026-04-11T13:32:05+00:00,2026-04-11T13:32:05+00:00,0.0
4946,1,cmd/vdir,srd108,0.9255,106,727582,1,0,0.0,2026-04-11T13:34:09+00:00,2026-04-11T13:34:09+00:00,0.0
4947,1,cmd/dircolors,srd109,0.9304,119,765698,1,0,0.0,2026-04-11T13:36:24+00:00,2026-04-11T13:36:24+00:00,0.0
4949,1,cmd/dircolors,srd109,2.4249,458,2462526,1,0,0.0,2026-04-11T13:47:37+00:00,2026-04-11T13:47:37+00:00,0.0
4950,1,cmd/dircolors,srd109,1.3017,333,702271,1,0,0.0,2026-04-11T13:53:27+00:00,2026-04-11T13:53:27+00:00,0.0
4951,1,cmd/dircolors,srd109,2.3923,634,1529209,1,0,0.0,2026-04-11T14:13:56+00:00,2026-04-11T14:13:56+00:00,0.0
4952,1,cmd/chronic,srd112,1.95,558,1341206,1,0,0.0,2026-04-11T14:03:02+00:00,2026-04-11T14:03:02+00:00,0.0
4954,1,cmd/chronic,srd112,1.237,303,826613,1,0,0.0,2026-04-11T14:21:45+00:00,2026-04-11T14:21:45+00:00,0.0
4955,1,cmd/pee,srd113,0.6753,75,443077,1,0,0.0,2026-04-11T14:23:18+00:00,2026-04-11T14:23:18+00:00,0.0
4956,1,cmd/pee,srd113,0.9508,190,675974,1,0,0.0,2026-04-11T14:26:45+00:00,2026-04-11T14:26:45+00:00,0.0
4957,1,cmd/vidir,srd114,1.6775,503,841383,1,0,0.0,2026-04-11T14:35:25+00:00,2026-04-11T14:35:25+00:00,0.0
4959,1,cmd/vidir,srd114,1.0557,199,855117,1,0,0.0,2026-04-11T14:42:35+00:00,2026-04-11T14:42:35+00:00,0.0
4960,1,cmd/ts,srd004,1.229,249,761425,1,0,0.0,2026-04-11T14:47:03+00:00,2026-04-11T14:47:03+00:00,0.0
4961,1,cmd/ts,srd004,1.5797,512,648481,1,0,0.0,2026-04-11T14:55:55+00:00,2026-04-11T14:55:55+00:00,0.0
4962,1,cmd/ts,srd004,1.3086,292,868269,1,0,0.0,2026-04-11T15:01:05+00:00,2026-04-11T15:01:05+00:00,0.0
4964,1,cmd/ts,srd004,1.5478,317,1190075,1,0,0.0,2026-04-11T15:08:38+00:00,2026-04-11T15:08:38+00:00,0.0
4965,1,cmd/ts,srd004,1.7521,238,2011060,1,0,0.0,2026-04-11T15:12:56+00:00,2026-04-11T15:12:56+00:00,0.0
4966,1,cmd/ts,srd004,2.9586,969,1659184,1,0,0.0,2026-04-11T15:29:24+00:00,2026-04-11T15:29:24+00:00,0.0
4967,1,cmd/ts,srd004,1.6792,159,2004856,1,0,0.0,2026-04-11T15:32:21+00:00,2026-04-11T15:32:21+00:00,0.0
4969,1,cmd/ts,srd004,1.7924,359,1418462,1,0,0.0,2026-04-11T15:41:01+00:00,2026-04-11T15:41:01+00:00,0.0
4970,1,cmd/stty,srd105,0.6359,74,415807,1,0,0.0,2026-04-11T15:42:35+00:00,2026-04-11T15:42:35+00:00,0.0
4971,1,cmd/stty,srd105,4.3607,1406,3575089,1,0,0.0,2026-04-11T16:47:20+00:00,2026-04-11T16:47:20+00:00,0.0
4972,1,cmd/stty,srd105,2.8302,1020,1218608,1,0,0.0,2026-04-11T17:04:38+00:00,2026-04-11T17:04:38+00:00,0.0
4974,1,cmd/stty,srd105,1.3522,127,1502959,1,0,0.0,2026-04-11T17:09:22+00:00,2026-04-11T17:09:22+00:00,0.0
4975,1,cmd/pr,srd110,0.7214,95,389316,1,0,0.0,2026-04-11T17:11:15+00:00,2026-04-11T17:11:15+00:00,0.0
4976,1,cmd/ptx,srd111,0.6414,63,376367,1,0,0.0,2026-04-11T17:13:37+00:00,2026-04-11T17:13:37+00:00,0.0
4977,1,cmd/pr,srd110,2.6167,791,1763490,1,0,0.0,2026-04-11T17:27:05+00:00,2026-04-11T17:27:05+00:00,0.0
4979,1,cmd/pr,srd110,2.2322,628,1401246,1,0,0.0,2026-04-11T17:40:53+00:00,2026-04-11T17:40:53+00:00,0.0
4980,1,cmd/pr,srd110,3.359,1287,1309575,1,0,0.0,2026-04-11T18:02:39+00:00,2026-04-11T18:02:39+00:00,0.0
4981,1,cmd/ptx,srd111,3.0423,970,1837452,1,0,0.0,2026-04-11T18:19:05+00:00,2026-04-11T18:19:05+00:00,0.0
4982,1,cmd/ptx,srd111,3.8658,1469,1575343,1,0,0.0,2026-04-11T18:43:57+00:00,2026-04-11T18:43:57+00:00,0.0
4984,1,cmd/pr,srd110,1.6189,540,469204,1,0,0.0,2026-04-11T18:55:34+00:00,2026-04-11T18:55:34+00:00,0.0
4985,1,cmd/pr,srd110,1.0027,145,691047,1,0,0.0,2026-04-11T18:58:19+00:00,2026-04-11T18:58:19+00:00,0.0
4986,2,cmd/ptx,srd111,1.2966,159,826149,1,1,0.5643,2026-04-11T19:00:33+00:00,2026-04-11T19:00:33+00:00,0.0
4989,1,cmd/ptx,srd111,1.0454,168,689437,1,0,0.0,2026-04-11T19:05:54+00:00,2026-04-11T19:05:54+00:00,0.0
5064,1,pkg/sys,srd002,1.9814,101,1883732,1,0,0.0,2026-05-13T21:30:58+00:00,2026-05-13T21:30:58+00:00,0.0
5065,1,pkg/testutils,srd001,1.5153,80,951554,1,0,0.0,2026-05-13T21:32:38+00:00,2026-05-13T21:32:38+00:00,0.0
5066,1,pkg/sys,srd002,1.9419,141,1456534,1,0,0.0,2026-05-13T21:45:09+00:00,2026-05-13T21:45:09+00:00,0.0
5067,1,pkg/testutils,srd001,1.7003,82,1267266,1,0,0.0,2026-05-13T21:46:53+00:00,2026-05-13T21:46:53+00:00,0.0
5069,1,pkg/sys,srd002,1.9649,303,671477,1,0,0.0,2026-05-13T21:57:27+00:00,2026-05-13T21:57:27+00:00,0.0
5070,1,pkg/testutils,srd001,2.1769,393,565277,1,0,0.0,2026-05-13T22:04:22+00:00,2026-05-13T22:04:22+00:00,0.0
5071,1,pkg/sys,srd002,1.6742,160,452783,1,0,0.0,2026-05-13T22:07:25+00:00,2026-05-13T22:07:25+00:00,0.0
5074,1,pkg/format,srd003,1.4669,60,805033,1,0,0.0,2026-05-13T22:21:12+00:00,2026-05-13T22:21:12+00:00,0.0
5075,1,pkg/sys,srd002,1.6678,133,981244,1,0,0.0,2026-05-13T22:24:35+00:00,2026-05-13T22:24:35+00:00,0.0
5079,1,pkg/format,srd003,1.5762,115,815487,0,1,1.5762,2026-05-13T22:41:52+00:00,2026-05-13T22:41:52+00:00,0.0
5080,1,pkg/sizeparse,srd087,1.2566,39,476180,1,0,0.0,2026-05-13T22:42:48+00:00,2026-05-13T22:42:48+00:00,0.0
5081,1,pkg/sizeparse,srd087,1.8881,290,580971,1,0,0.0,2026-05-13T22:47:56+00:00,2026-05-13T22:47:56+00:00,0.0
5082,1,pkg/sizeparse,srd087,1.7298,107,1137477,1,0,0.0,2026-05-13T22:50:07+00:00,2026-05-13T22:50:07+00:00,0.0
5084,1,pkg/format,srd003,1.6205,74,1111731,1,0,0.0,2026-05-13T22:59:45+00:00,2026-05-13T22:59:45+00:00,0.0
5085,1,cmd/hashutil,srd086,1.5462,62,979531,1,0,0.0,2026-05-13T23:01:06+00:00,2026-05-13T23:01:06+00:00,0.0
5087,1,pkg/format,srd003,1.9183,120,1607435,1,0,0.0,2026-05-13T23:05:13+00:00,2026-05-13T23:05:13+00:00,0.0
5089,1,pkg/format,srd003,1.5898,151,418222,1,0,0.0,2026-05-13T23:13:45+00:00,2026-05-13T23:13:45+00:00,0.0
5090,1,pkg/format,srd003,1.7673,104,1298826,1,0,0.0,2026-05-13T23:15:49+00:00,2026-05-13T23:15:49+00:00,0.0
5091,1,pkg/format,srd003,1.6283,140,462472,1,0,0.0,2026-05-13T23:30:43+00:00,2026-05-13T23:30:43+00:00,0.0
5094,1,pkg/encutil,srd088,1.464,38,817262,1,0,0.0,2026-05-13T23:40:19+00:00,2026-05-13T23:40:19+00:00,0.0
5095,1,pkg/hashutil,srd086,1.5465,114,428458,0,1,1.5465,2026-05-13T23:42:36+00:00,2026-05-13T23:42:36+00:00,0.0
5096,1,pkg/encutil,srd088,1.5372,62,959489,1,0,0.0,2026-05-13T23:43:56+00:00,2026-05-13T23:43:56+00:00,0.0
5097,1,pkg/encutil,srd088,1.8213,229,686991,1,0,0.0,2026-05-13T23:48:05+00:00,2026-05-13T23:48:05+00:00,0.0
5099,1,cmd/version,srd059,1.4529,63,794555,1,0,0.0,2026-05-13T23:59:55+00:00,2026-05-13T23:59:55+00:00,0.0
5100,1,cmd/cat,srd006,1.4284,92,640638,1,0,0.0,2026-05-14T00:01:45+00:00,2026-05-14T00:01:45+00:00,0.0
5101,1,cmd/cat,srd006,1.8984,305,485055,1,0,0.0,2026-05-14T00:07:13+00:00,2026-05-14T00:07:13+00:00,0.0
5102,1,cmd/cat,srd006,1.8236,225,432212,1,0,0.0,2026-05-14T00:26:39+00:00,2026-05-14T00:26:39+00:00,0.0
5104,1,pkg/hashutil,srd086,1.4448,64,800813,1,0,0.0,2026-05-14T00:30:25+00:00,2026-05-14T00:30:25+00:00,0.0
5105,1,pkg/hashutil,srd086,1.6913,91,1139146,1,0,0.0,2026-05-14T00:32:14+00:00,2026-05-14T00:32:14+00:00,0.0
5106,1,pkg/hashutil,srd086,1.8539,277,451096,1,0,0.0,2026-05-14T00:37:10+00:00,2026-05-14T00:37:10+00:00,0.0
5107,1,cmd/version,srd011,1.5568,54,978028,1,0,0.0,2026-05-14T00:38:24+00:00,2026-05-14T00:38:24+00:00,0.0
5109,1,cmd/version,srd011,1.7883,217,702620,1,0,0.0,2026-05-14T00:49:42+00:00,2026-05-14T00:49:42+00:00,0.0
5112,1,cmd/cat,srd006,1.8694,345,401723,1,0,0.0,2026-05-14T00:58:59+00:00,2026-05-14T00:58:59+00:00,0.0
5114,1,cmd/cat,srd006,2.9159,616,1317149,1,0,0.0,2026-05-14T01:17:39+00:00,2026-05-14T01:17:39+00:00,0.0
5115,1,cmd/sponge,srd007,1.5854,157,385485,1,0,0.0,2026-05-14T01:20:40+00:00,2026-05-14T01:20:40+00:00,0.0
5116,1,cmd/sponge,srd007,1.7081,194,398485,1,0,0.0,2026-05-14T01:24:13+00:00,2026-05-14T01:24:13+00:00,0.0
5120,1,pkg/testutils,srd001,2.0959,409,332218,1,0,0.0,2026-05-14T02:09:03+00:00,2026-05-14T02:09:03+00:00,0.0
5121,1,pkg/testutils,srd001,2.3684,532,425517,1,0,0.0,2026-05-14T02:18:16+00:00,2026-05-14T02:18:16+00:00,0.0
5122,1,pkg/format,srd003,1.8628,278,247743,1,0,0.0,2026-05-14T02:23:12+00:00,2026-05-14T02:23:12+00:00,0.0
5123,1,pkg/format,srd003,1.8503,261,330048,1,0,0.0,2026-05-14T02:27:51+00:00,2026-05-14T02:27:51+00:00,0.0
5125,1,cmd/true,srd013,1.8121,51,1470520,1,0,0.0,2026-05-14T02:31:16+00:00,2026-05-14T02:31:16+00:00,0.0
5126,1,cmd/true,srd013,1.69,194,472221,1,0,0.0,2026-05-14T02:34:51+00:00,2026-05-14T02:34:51+00:00,0.0
5127,1,cmd/false,srd014,1.6426,56,1143416,1,0,0.0,2026-05-14T02:36:08+00:00,2026-05-14T02:36:08+00:00,0.0
5128,1,cmd/false,srd014,1.8159,201,678547,1,0,0.0,2026-05-14T02:39:47+00:00,2026-05-14T02:39:47+00:00,0.0
5130,1,cmd/sponge,srd007,1.8797,216,570066,1,0,0.0,2026-05-14T02:55:01+00:00,2026-05-14T02:55:01+00:00,0.0
5131,1,cmd/sponge,srd007,2.2314,378,386059,1,0,0.0,2026-05-14T03:01:43+00:00,2026-05-14T03:01:43+00:00,0.0
5132,1,cmd/sponge,srd007,2.1134,345,563663,1,0,0.0,2026-05-14T03:07:50+00:00,2026-05-14T03:07:50+00:00,0.0
5133,1,cmd/sponge,srd007,2.2686,398,635946,1,0,0.0,2026-05-14T03:14:50+00:00,2026-05-14T03:14:50+00:00,0.0
5135,1,cmd/sponge,srd007,1.8747,255,431315,1,0,0.0,2026-05-14T03:27:49+00:00,2026-05-14T03:27:49+00:00,0.0
5136,1,cmd/basename,srd015,1.5112,114,311014,1,0,0.0,2026-05-14T03:30:06+00:00,2026-05-14T03:30:06+00:00,0.0
5137,1,cmd/basename,srd015,1.8087,253,430119,1,0,0.0,2026-05-14T03:34:40+00:00,2026-05-14T03:34:40+00:00,0.0
5138,1,cmd/basename,srd015,2.095,214,1198379,1,0,0.0,2026-05-14T03:38:36+00:00,2026-05-14T03:38:36+00:00,0.0
5140,1,cmd/basename,srd015,2.4369,349,1201551,1,0,0.0,2026-05-14T03:50:59+00:00,2026-05-14T03:50:59+00:00,0.0
5141,1,cmd/yes,srd012,2.2913,537,473691,1,0,0.0,2026-05-14T04:00:13+00:00,2026-05-14T04:00:13+00:00,0.0
5142,1,cmd/yes,srd012,2.0892,349,569333,1,0,0.0,2026-05-14T10:55:54+00:00,2026-05-14T10:55:54+00:00,0.0
5143,1,cmd/yes,srd012,2.4857,556,575958,1,0,0.0,2026-05-14T11:05:30+00:00,2026-05-14T11:05:30+00:00,0.0
5145,1,cmd/dirname,srd016,2.1692,251,827234,1,0,0.0,2026-05-14T11:20:38+00:00,2026-05-14T11:20:38+00:00,0.0
5146,1,cmd/dirname,srd016,1.5937,147,380932,1,0,0.0,2026-05-14T11:23:26+00:00,2026-05-14T11:23:26+00:00,0.0
5148,1,cmd/dirname,srd016,1.8681,195,650413,1,0,0.0,2026-05-14T11:30:14+00:00,2026-05-14T11:30:14+00:00,0.0
5150,1,cmd/du,srd009,1.9392,310,527227,1,0,0.0,2026-05-14T11:43:13+00:00,2026-05-14T11:43:13+00:00,0.0
5151,1,cmd/du,srd009,1.804,231,386174,1,0,0.0,2026-05-14T11:47:26+00:00,2026-05-14T11:47:26+00:00,0.0
5152,1,cmd/du,srd009,1.9628,347,315540,1,0,0.0,2026-05-14T11:53:37+00:00,2026-05-14T11:53:37+00:00,0.0
5153,1,cmd/du,srd009,1.8541,292,309379,1,0,0.0,2026-05-14T11:58:51+00:00,2026-05-14T11:58:51+00:00,0.0
5155,1,cmd/du,srd009,2.1378,307,600645,1,0,0.0,2026-05-14T12:09:19+00:00,2026-05-14T12:09:19+00:00,0.0
5156,1,cmd/tee,srd017,1.9758,230,551965,1,0,0.0,2026-05-14T12:13:32+00:00,2026-05-14T12:13:32+00:00,0.0
5157,1,cmd/tee,srd017,1.7891,152,540501,1,0,0.0,2026-05-14T12:16:30+00:00,2026-05-14T12:16:30+00:00,0.0
5158,1,cmd/tee,srd017,2.7943,573,1102986,1,0,0.0,2026-05-14T12:26:53+00:00,2026-05-14T12:26:53+00:00,0.0
5160,1,cmd/tee,srd017,2.5806,470,971626,1,0,0.0,2026-05-14T12:41:37+00:00,2026-05-14T12:41:37+00:00,0.0
5162,1,cmd/head,srd018,2.297,352,810049,1,0,0.0,2026-05-14T12:48:01+00:00,2026-05-14T12:48:01+00:00,0.0
5165,1,cmd/head,srd018,2.1372,225,832823,1,0,0.0,2026-05-14T12:56:49+00:00,2026-05-14T12:56:49+00:00,0.0
5166,1,cmd/head,srd018,2.0042,220,802368,1,0,0.0,2026-05-14T13:00:52+00:00,2026-05-14T13:00:52+00:00,0.0
5167,1,cmd/head,srd018,1.9794,297,449244,1,0,0.0,2026-05-14T13:06:15+00:00,2026-05-14T13:06:15+00:00,0.0
5168,1,cmd/head,srd018,1.6104,102,414157,1,0,0.0,2026-05-14T13:08:23+00:00,2026-05-14T13:08:23+00:00,0.0
5170,1,cmd/seq,srd019,2.4075,499,510702,1,0,0.0,2026-05-14T13:22:00+00:00,2026-05-14T13:22:00+00:00,0.0
5171,1,cmd/seq,srd019,1.7346,142,559028,1,0,0.0,2026-05-14T13:24:48+00:00,2026-05-14T13:24:48+00:00,0.0
5172,1,cmd/seq,srd019,1.6629,123,495099,1,0,0.0,2026-05-14T13:27:12+00:00,2026-05-14T13:27:12+00:00,0.0
5173,1,cmd/seq,srd019,2.3323,484,1215671,1,0,0.0,2026-05-14T13:35:39+00:00,2026-05-14T13:35:39+00:00,0.0
5174,1,,,2.0394,265,788015,1,0,0.0,2026-05-14T13:45:53+00:00,2026-05-14T13:45:53+00:00,0.0
5175,1,cmd/seq,srd019,2.8202,456,1558319,1,0,0.0,2026-05-14T13:53:46+00:00,2026-05-14T13:53:46+00:00,0.0
5177,1,cmd/wc,srd005,2.7428,498,1203146,1,0,0.0,2026-05-14T16:07:09+00:00,2026-05-14T16:07:09+00:00,0.0
5178,1,cmd/wc,srd005,2.0036,227,700630,1,0,0.0,2026-05-14T16:11:23+00:00,2026-05-14T16:11:23+00:00,0.0
5180,1,cmd/wc,srd005,1.9407,218,633212,1,0,0.0,2026-05-14T16:20:30+00:00,2026-05-14T16:20:30+00:00,0.0
5181,1,cmd/wc,srd005,2.9689,393,2271040,1,0,0.0,2026-05-14T16:27:24+00:00,2026-05-14T16:27:24+00:00,0.0
5182,1,cmd/wc,srd005,3.7646,667,2882580,1,0,0.0,2026-05-14T16:38:57+00:00,2026-05-14T16:38:57+00:00,0.0
5183,1,cmd/wc,srd005,2.7486,304,1891787,1,0,0.0,2026-05-14T16:44:25+00:00,2026-05-14T16:44:25+00:00,0.0
5185,1,cmd/arch,srd045,2.2604,314,992005,1,0,0.0,2026-05-14T16:57:02+00:00,2026-05-14T16:57:02+00:00,0.0
5186,1,cmd/hostid,srd048,1.807,181,519443,1,0,0.0,2026-05-14T17:00:24+00:00,2026-05-14T17:00:24+00:00,0.0
5187,1,cmd/hostname,srd047,1.5976,106,296688,1,0,0.0,2026-05-14T17:02:31+00:00,2026-05-14T17:02:31+00:00,0.0
5188,1,cmd/nproc,srd046,1.6323,130,378758,1,0,0.0,2026-05-14T17:05:04+00:00,2026-05-14T17:05:04+00:00,0.0
5190,1,cmd/nproc,srd046,1.537,129,293718,0,1,1.537,2026-05-14T17:17:21+00:00,2026-05-14T17:17:21+00:00,0.0
5191,1,cmd/arch,srd045,1.4342,64,240648,1,0,0.0,2026-05-14T17:18:48+00:00,2026-05-14T17:18:48+00:00,0.0
5192,1,cmd/hostid,srd048,1.6114,154,348956,1,0,0.0,2026-05-14T17:21:45+00:00,2026-05-14T17:21:45+00:00,0.0
5193,1,cmd/nproc,srd046,1.5611,128,300904,1,0,0.0,2026-05-14T17:24:13+00:00,2026-05-14T17:24:13+00:00,0.0
5195,1,cmd/hostname,srd047,1.5258,111,269929,1,0,0.0,2026-05-14T17:31:43+00:00,2026-05-14T17:31:43+00:00,0.0
5196,1,cmd/uname,srd044,2.1793,316,782053,1,0,0.0,2026-05-14T17:37:22+00:00,2026-05-14T17:37:22+00:00,0.0
5197,1,cmd/uname,srd044,1.5765,104,356281,1,0,0.0,2026-05-14T17:39:28+00:00,2026-05-14T17:39:28+00:00,0.0
5198,1,cmd/uname,srd044,2.0251,295,630523,1,0,0.0,2026-05-14T17:44:48+00:00,2026-05-14T17:44:48+00:00,0.0
5200,1,cmd/uname,srd044,1.6166,135,307754,1,0,0.0,2026-05-14T17:54:58+00:00,2026-05-14T17:54:58+00:00,0.0
5201,1,cmd/uname,srd044,1.9587,298,625205,1,0,0.0,2026-05-14T18:00:22+00:00,2026-05-14T18:00:22+00:00,0.0
5202,1,cmd/ls,srd008,2.6765,615,737280,1,0,0.0,2026-05-14T20:55:40+00:00,2026-05-14T20:55:40+00:00,0.0
5203,1,cmd/ls,srd008,3.4589,872,1069691,1,0,0.0,2026-05-14T21:10:32+00:00,2026-05-14T21:10:32+00:00,0.0
5205,1,cmd/ls,srd008,2.1405,263,819873,1,0,0.0,2026-05-14T21:22:43+00:00,2026-05-14T21:22:43+00:00,0.0
5207,1,cmd/ls,srd008,2.6204,366,1616215,1,0,0.0,2026-05-14T21:29:18+00:00,2026-05-14T21:29:18+00:00,0.0
5209,1,,,3.1173,459,1868774,1,0,0.0,2026-05-14T21:42:10+00:00,2026-05-14T21:42:10+00:00,0.0
5211,1,cmd/ls,srd008,1.7681,166,421449,1,0,0.0,2026-05-14T21:47:11+00:00,2026-05-14T21:47:11+00:00,0.0
5212,1,cmd/ls,srd008,1.9853,231,681611,1,0,0.0,2026-05-14T21:51:23+00:00,2026-05-14T21:51:23+00:00,0.0
5215,1,cmd/ls,srd008,2.5317,455,545076,1,0,0.0,2026-05-14T22:06:29+00:00,2026-05-14T22:06:29+00:00,0.0
5217,1,cmd/ls,srd008,2.7864,505,1136387,1,0,0.0,2026-05-14T22:15:22+00:00,2026-05-14T22:15:22+00:00,0.0
5220,1,cmd/ls,srd008,3.1912,625,1701536,1,0,0.0,2026-05-14T22:30:02+00:00,2026-05-14T22:30:02+00:00,0.0
5221,1,cmd/ls,srd008,2.6577,387,1344498,1,0,0.0,2026-05-14T22:36:52+00:00,2026-05-14T22:36:52+00:00,0.0
5222,1,cmd/ls,srd008,1.7605,142,398471,1,0,0.0,2026-05-14T22:39:36+00:00,2026-05-14T22:39:36+00:00,0.0
5223,1,cmd/ls,srd008,2.3236,351,827319,1,0,0.0,2026-05-14T22:45:49+00:00,2026-05-14T22:45:49+00:00,0.0
5224,1,,,3.0383,445,1548118,1,0,0.0,2026-05-14T23:01:15+00:00,2026-05-14T23:01:15+00:00,0.0
5225,1,cmd/ls,srd008,1.9739,219,565561,1,0,0.0,2026-05-14T23:05:11+00:00,2026-05-14T23:05:11+00:00,0.0
5226,1,cmd/ls,srd008,1.8487,200,598433,1,0,0.0,2026-05-14T23:08:55+00:00,2026-05-14T23:08:55+00:00,0.0
5227,1,cmd/logname,srd053,1.9077,221,498730,1,0,0.0,2026-05-14T23:12:55+00:00,2026-05-14T23:12:55+00:00,0.0
5228,1,cmd/logname,srd053,1.5157,86,296347,0,1,1.5157,2026-05-14T23:14:41+00:00,2026-05-14T23:14:41+00:00,0.0
5230,1,cmd/pwd,srd051,2.2259,278,784404,1,0,0.0,2026-05-14T23:28:07+00:00,2026-05-14T23:28:07+00:00,0.0
5231,1,cmd/pwd,srd051,1.9096,189,678570,1,0,0.0,2026-05-15T00:21:48+00:00,2026-05-15T00:21:48+00:00,0.0
5232,1,cmd/tty,srd052,3.3097,756,1652404,1,0,0.0,2026-05-15T00:35:12+00:00,2026-05-15T00:35:12+00:00,0.0
5233,1,cmd/tty,srd052,1.8643,216,544124,1,0,0.0,2026-05-15T00:39:07+00:00,2026-05-15T00:39:07+00:00,0.0
5234,1,,,2.3141,312,998999,1,0,0.0,2026-05-15T00:52:51+00:00,2026-05-15T00:52:51+00:00,0.0
5235,1,cmd/pwd,srd051,1.5944,115,308171,1,0,0.0,2026-05-15T00:55:02+00:00,2026-05-15T00:55:02+00:00,0.0
5236,1,cmd/readlink,srd050,3.8395,989,1687866,1,0,0.0,2026-05-15T01:11:50+00:00,2026-05-15T01:11:50+00:00,0.0
5237,1,cmd/readlink,srd050,1.7366,167,440512,1,0,0.0,2026-05-15T01:14:55+00:00,2026-05-15T01:14:55+00:00,0.0
5238,1,cmd/readlink,srd050,1.7087,132,411668,1,0,0.0,2026-05-15T01:17:31+00:00,2026-05-15T01:17:31+00:00,0.0
5241,1,cmd/realpath,srd049,2.7799,620,667580,1,0,0.0,2026-05-15T02:10:44+00:00,2026-05-15T02:10:44+00:00,0.0
5242,1,cmd/realpath,srd049,2.6356,396,1108301,1,0,0.0,2026-05-15T02:17:43+00:00,2026-05-15T02:17:43+00:00,0.0
5243,1,cmd/realpath,srd049,2.1005,185,1019462,1,0,0.0,2026-05-15T02:21:08+00:00,2026-05-15T02:21:08+00:00,0.0
5245,1,cmd/realpath,srd049,1.7261,114,481644,0,1,1.7261,2026-05-15T02:33:07+00:00,2026-05-15T02:33:07+00:00,0.0
5246,1,cmd/echo,srd020,2.0577,214,677878,1,0,0.0,2026-05-15T02:36:58+00:00,2026-05-15T02:36:58+00:00,0.0
5247,1,cmd/echo,srd020,1.6238,114,317077,1,0,0.0,2026-05-15T02:39:14+00:00,2026-05-15T02:39:14+00:00,0.0
5249,1,,,4.0734,696,2559567,1,0,0.0,2026-05-15T03:00:27+00:00,2026-05-15T03:00:27+00:00,0.0
5252,1,cmd/tac,srd021,2.4521,460,482403,1,0,0.0,2026-05-15T03:11:45+00:00,2026-05-15T03:11:45+00:00,0.0
5253,1,cmd/tac,srd021,2.2501,249,892860,1,0,0.0,2026-05-15T03:16:14+00:00,2026-05-15T03:16:14+00:00,0.0
5255,1,cmd/nl,srd022,1.7481,149,423519,1,0,0.0,2026-05-15T03:25:55+00:00,2026-05-15T03:25:55+00:00,0.0
5256,1,cmd/tac,srd021,1.8245,153,526514,1,0,0.0,2026-05-15T03:28:47+00:00,2026-05-15T03:28:47+00:00,0.0
5257,1,cmd/nl,srd022,2.7698,510,1192623,1,0,0.0,2026-05-15T03:37:35+00:00,2026-05-15T03:37:35+00:00,0.0
5258,1,cmd/nl,srd022,2.3538,413,1065651,1,0,0.0,2026-05-15T03:44:51+00:00,2026-05-15T03:44:51+00:00,0.0
5260,1,cmd/fold,srd023,2.0872,232,692009,1,0,0.0,2026-05-15T03:54:00+00:00,2026-05-15T03:54:00+00:00,0.0
5261,1,cmd/fold,srd023,1.7763,173,483498,1,0,0.0,2026-05-15T03:57:15+00:00,2026-05-15T03:57:15+00:00,0.0
5262,1,cmd/nl,srd022,1.6638,105,331732,1,0,0.0,2026-05-15T13:46:13+00:00,2026-05-15T13:46:13+00:00,0.0
5263,1,cmd/nl,srd022,1.84,181,482694,1,0,0.0,2026-05-15T13:49:36+00:00,2026-05-15T13:49:36+00:00,0.0
5265,1,cmd/fold,srd023,1.9138,189,522544,1,0,0.0,2026-05-15T14:00:32+00:00,2026-05-15T14:00:32+00:00,0.0
5266,1,cmd/fold,srd023,1.8753,125,642784,1,0,0.0,2026-05-15T14:03:05+00:00,2026-05-15T14:03:05+00:00,0.0
5267,1,cmd/expand,srd024,1.7575,138,498548,1,0,0.0,2026-05-15T14:05:51+00:00,2026-05-15T14:05:51+00:00,0.0
5268,1,cmd/expand,srd024,2.1821,294,649764,1,0,0.0,2026-05-15T14:11:07+00:00,2026-05-15T14:11:07+00:00,0.0
5272,1,cmd/unexpand,,1.6103,102,332395,1,0,0.0,2026-05-15T14:25:24+00:00,2026-05-15T14:25:24+00:00,0.0
5273,1,cmd/unexpand,srd025,2.4084,395,887305,0,1,2.4084,2026-05-15T14:32:24+00:00,2026-05-15T14:32:24+00:00,0.0
5275,1,cmd/unexpand,srd025,2.0482,254,554769,1,0,0.0,2026-05-15T14:42:33+00:00,2026-05-15T14:42:33+00:00,0.0
5276,1,cmd/unexpand,srd025,1.8873,234,350708,1,0,0.0,2026-05-15T14:46:50+00:00,2026-05-15T14:46:50+00:00,0.0
5277,1,cmd/unexpand,srd025,1.937,203,418772,1,0,0.0,2026-05-15T14:50:38+00:00,2026-05-15T14:50:38+00:00,0.0
5278,1,cmd/cut,,1.7121,128,403493,1,0,0.0,2026-05-15T14:53:08+00:00,2026-05-15T14:53:08+00:00,0.0
5280,1,cmd/paste,,1.6869,126,419444,1,0,0.0,2026-05-15T15:01:08+00:00,2026-05-15T15:01:08+00:00,0.0
5281,1,cmd/cut,srd026,2.1216,258,857438,1,0,0.0,2026-05-15T15:05:49+00:00,2026-05-15T15:05:49+00:00,0.0
5282,1,cmd/cut,srd026,2.0377,226,686151,1,0,0.0,2026-05-15T15:10:05+00:00,2026-05-15T15:10:05+00:00,0.0
5285,1,cmd/cut,srd026,2.4049,406,531570,1,0,0.0,2026-05-15T15:24:17+00:00,2026-05-15T15:24:17+00:00,0.0
5286,1,cmd/paste,srd027,2.0841,237,490627,1,0,0.0,2026-05-19T20:53:29+00:00,2026-05-19T20:53:29+00:00,0.0
5287,1,cmd/paste,srd027,1.5734,82,305364,1,0,0.0,2026-05-19T20:55:10+00:00,2026-05-19T20:55:10+00:00,0.0
5288,1,cmd/paste,srd027,1.5973,94,331880,1,0,0.0,2026-05-19T20:57:09+00:00,2026-05-19T20:57:09+00:00,0.0
5290,1,cmd/paste,srd027,1.8482,159,481907,1,0,0.0,2026-05-19T21:03:16+00:00,2026-05-19T21:03:16+00:00,0.0
5291,1,cmd/uniq,srd028,1.8048,201,505386,1,0,0.0,2026-05-19T21:07:01+00:00,2026-05-19T21:07:01+00:00,0.0
5292,1,cmd/uniq,srd028,2.5858,548,434379,1,0,0.0,2026-05-19T21:16:32+00:00,2026-05-19T21:16:32+00:00,0.0
5293,1,cmd/uniq,srd028,2.1503,301,386114,1,0,0.0,2026-05-19T21:21:55+00:00,2026-05-19T21:21:55+00:00,0.0
5294,1,,,2.6909,428,1247209,1,0,0.0,2026-05-19T21:33:01+00:00,2026-05-19T21:33:01+00:00,0.0
5295,1,cmd/uniq,srd028,2.2528,200,1027500,1,0,0.0,2026-05-19T21:36:39+00:00,2026-05-19T21:36:39+00:00,0.0
5296,1,cmd/comm,srd029,1.9035,200,483589,1,0,0.0,2026-05-19T21:40:21+00:00,2026-05-19T21:40:21+00:00,0.0
5297,1,cmd/comm,srd029,1.7553,136,336405,1,0,0.0,2026-05-19T21:43:01+00:00,2026-05-19T21:43:01+00:00,0.0
5298,1,cmd/comm,srd029,4.5159,944,3158895,1,0,0.0,2026-05-19T21:59:08+00:00,2026-05-19T21:59:08+00:00,0.0
5300,1,cmd/comm,srd029,2.289,180,1179061,1,0,0.0,2026-05-19T22:07:37+00:00,2026-05-19T22:07:37+00:00,0.0
5301,1,cmd/md5sum,srd030,2.0124,169,554643,1,0,0.0,2026-05-19T22:10:50+00:00,2026-05-19T22:10:50+00:00,0.0
5302,1,cmd/md5sum,srd030,2.0771,296,594349,1,0,0.0,2026-05-19T22:16:08+00:00,2026-05-19T22:16:08+00:00,0.0
5303,1,cmd/md5sum,srd030,1.6235,116,293945,1,0,0.0,2026-05-19T22:18:23+00:00,2026-05-19T22:18:23+00:00,0.0
5305,1,cmd/md5sum,srd030,1.882,174,510146,1,0,0.0,2026-05-19T22:32:20+00:00,2026-05-19T22:32:20+00:00,0.0
5306,1,cmd/sha1sum,srd031,1.8148,144,395812,1,0,0.0,2026-05-19T22:35:07+00:00,2026-05-19T22:35:07+00:00,0.0
5310,1,cmd/sha256sum,srd032,1.6624,125,410159,1,0,0.0,2026-05-19T23:20:26+00:00,2026-05-19T23:20:26+00:00,0.0
5311,1,cmd/sha256sum,srd032,1.804,163,369317,1,0,0.0,2026-05-19T23:23:36+00:00,2026-05-19T23:23:36+00:00,0.0
5312,1,cmd/sha256sum,srd032,2.0506,199,606979,1,0,0.0,2026-05-19T23:27:19+00:00,2026-05-19T23:27:19+00:00,0.0
5315,1,cmd/sha512sum,srd033,1.7156,117,400704,1,0,0.0,2026-05-19T23:33:21+00:00,2026-05-19T23:33:21+00:00,0.0
5317,1,cmd/sha512sum,srd033,2.1248,220,675006,1,0,0.0,2026-05-19T23:39:22+00:00,2026-05-19T23:39:22+00:00,0.0
5318,1,cmd/ln,srd037,2.4889,489,682166,1,0,0.0,2026-05-19T23:47:51+00:00,2026-05-19T23:47:51+00:00,0.0
5322,1,cmd/sha512sum,srd033,2.4704,415,786333,1,0,0.0,2026-05-20T00:06:46+00:00,2026-05-20T00:06:46+00:00,0.0
5323,1,cmd/mkdir,srd034,2.6424,362,1185872,1,0,0.0,2026-05-20T00:13:13+00:00,2026-05-20T00:13:13+00:00,0.0
5325,1,cmd/mkdir,srd034,2.3435,328,693817,1,0,0.0,2026-05-20T00:22:56+00:00,2026-05-20T00:22:56+00:00,0.0
5326,1,cmd/mkdir,srd034,3.4473,647,1545501,1,0,0.0,2026-05-20T00:34:09+00:00,2026-05-20T00:34:09+00:00,0.0
5328,1,cmd/rmdir,srd035,2.3002,348,490290,1,0,0.0,2026-05-20T10:36:03+00:00,2026-05-20T10:36:03+00:00,0.0
5330,1,cmd/mkdir,srd034,2.2032,342,495965,1,0,0.0,2026-05-20T10:45:45+00:00,2026-05-20T10:45:45+00:00,0.0
5331,1,cmd/rmdir,srd035,2.2503,302,662046,1,0,0.0,2026-05-20T10:51:14+00:00,2026-05-20T10:51:14+00:00,0.0
5332,1,cmd/rmdir,srd035,1.9175,185,512926,1,0,0.0,2026-05-20T10:54:47+00:00,2026-05-20T10:54:47+00:00,0.0
5335,1,cmd/unlink,srd038,2.1235,189,919589,1,0,0.0,2026-05-20T11:09:05+00:00,2026-05-20T11:09:05+00:00,0.0
5336,1,cmd/unlink,srd038,2.4439,266,1127426,1,0,0.0,2026-05-20T11:13:58+00:00,2026-05-20T11:13:58+00:00,0.0
5340,1,cmd/ln,srd037,2.2808,238,981566,1,0,0.0,2026-05-20T11:31:03+00:00,2026-05-20T11:31:03+00:00,0.0
5341,1,cmd/ln,srd037,1.7998,115,446540,1,0,0.0,2026-05-20T11:33:24+00:00,2026-05-20T11:33:24+00:00,0.0
5342,1,cmd/ln,srd037,2.6036,420,1200105,1,0,0.0,2026-05-20T11:40:48+00:00,2026-05-20T11:40:48+00:00,0.0
5343,1,cmd/ln,srd037,3.5699,713,1472079,1,0,0.0,2026-05-20T11:53:07+00:00,2026-05-20T11:53:07+00:00,0.0
5344,1,,,6.6993,1362,4844834,1,0,0.0,2026-05-20T12:20:55+00:00,2026-05-20T12:20:55+00:00,0.0
5345,1,cmd/ln,srd037,1.8771,123,446369,1,0,0.0,2026-05-20T12:23:20+00:00,2026-05-20T12:23:20+00:00,0.0
5347,1,cmd/mktemp,srd036,1.8815,175,431561,1,0,0.0,2026-05-20T12:29:21+00:00,2026-05-20T12:29:21+00:00,0.0
5350,1,cmd/mktemp,srd036,2.6958,401,1172902,1,0,0.0,2026-05-20T12:45:59+00:00,2026-05-20T12:45:59+00:00,0.0
5353,1,cmd/mktemp,srd036,2.1622,282,469309,1,0,0.0,2026-05-20T13:31:28+00:00,2026-05-20T13:31:28+00:00,0.0
5355,1,cmd/whoami,srd042,1.8874,133,430352,1,0,0.0,2026-05-20T13:39:28+00:00,2026-05-20T13:39:28+00:00,0.0
5356,1,cmd/whoami,srd042,1.7793,160,503935,1,0,0.0,2026-05-20T13:42:35+00:00,2026-05-20T13:42:35+00:00,0.0
5357,1,cmd/groups,srd043,2.1095,239,462296,1,0,0.0,2026-05-20T13:47:02+00:00,2026-05-20T13:47:02+00:00,0.0
5358,1,cmd/groups,srd043,1.6261,81,287416,0,1,1.6261,2026-05-20T13:48:53+00:00,2026-05-20T13:48:53+00:00,0.0
5360,1,cmd/env,srd039,2.2411,258,737845,1,0,0.0,2026-05-20T13:58:13+00:00,2026-05-20T13:58:13+00:00,0.0
5361,1,cmd/env,srd039,2.1676,217,759561,1,0,0.0,2026-05-20T14:02:16+00:00,2026-05-20T14:02:16+00:00,0.0
5362,1,cmd/env,srd039,2.9224,457,1414794,1,0,0.0,2026-05-20T14:10:26+00:00,2026-05-20T14:10:26+00:00,0.0
5363,1,cmd/groups,srd043,1.8956,152,586863,1,0,0.0,2026-05-20T14:13:24+00:00,2026-05-20T14:13:24+00:00,0.0
5365,1,cmd/printenv,srd040,1.8218,107,398947,1,0,0.0,2026-05-20T14:20:37+00:00,2026-05-20T14:20:37+00:00,0.0
5366,1,cmd/printenv,srd040,1.8489,146,477519,0,1,1.8489,2026-05-20T14:23:34+00:00,2026-05-20T14:23:34+00:00,0.0
5367,1,cmd/printenv,srd040,1.7646,133,387991,1,0,0.0,2026-05-20T14:26:21+00:00,2026-05-20T14:26:21+00:00,0.0
5368,1,cmd/id,srd041,2.3023,299,480943,1,0,0.0,2026-05-20T14:31:49+00:00,2026-05-20T14:31:49+00:00,0.0
5370,1,cmd/id,srd041,2.0473,184,587554,1,0,0.0,2026-05-20T14:40:08+00:00,2026-05-20T14:40:08+00:00,0.0
5371,1,cmd/id,srd041,2.6762,511,823487,1,0,0.0,2026-05-20T14:49:15+00:00,2026-05-20T14:49:15+00:00,0.0
5374,1,cmd/sort,srd053,1.7593,121,390233,1,0,0.0,2026-05-20T15:00:35+00:00,2026-05-20T15:00:35+00:00,0.0
5375,1,cmd/sort,srd053,2.2701,341,391291,1,0,0.0,2026-05-20T15:06:42+00:00,2026-05-20T15:06:42+00:00,0.0
5376,1,cmd/sort,srd053,3.7603,981,821556,1,0,0.0,2026-05-20T15:23:37+00:00,2026-05-20T15:23:37+00:00,0.0
5377,1,cmd/sort,srd053,3.7252,925,1101061,1,0,0.0,2026-05-20T22:32:12+00:00,2026-05-20T22:32:12+00:00,0.0
5379,1,cmd/sort,srd053,3.6019,817,1657108,1,0,0.0,2026-05-20T22:51:01+00:00,2026-05-20T22:51:01+00:00,0.0
5380,1,cmd/tail,srd055,2.579,379,605626,1,0,0.0,2026-05-20T22:57:41+00:00,2026-05-20T22:57:41+00:00,0.0
5381,1,cmd/tr,srd054,2.8728,527,761079,1,0,0.0,2026-05-20T23:06:50+00:00,2026-05-20T23:06:50+00:00,0.0
5382,1,cmd/tr,srd054,3.0638,726,562955,1,0,0.0,2026-05-20T23:19:19+00:00,2026-05-20T23:19:19+00:00,0.0
5385,1,cmd/tail,srd055,2.1929,256,758983,1,0,0.0,2026-05-20T23:32:07+00:00,2026-05-20T23:32:07+00:00,0.0
5386,1,cmd/tr,srd054,2.9802,455,1637167,1,0,0.0,2026-05-20T23:40:05+00:00,2026-05-20T23:40:05+00:00,0.0
5387,1,cmd/tr,srd054,1.9419,156,479460,1,0,0.0,2026-05-20T23:43:05+00:00,2026-05-20T23:43:05+00:00,0.0
5389,1,cmd/tail,srd055,1.889,146,506580,1,0,0.0,2026-05-20T23:49:43+00:00,2026-05-20T23:49:43+00:00,0.0
5390,1,cmd/tail,srd055,1.8115,123,354049,1,0,0.0,2026-05-20T23:52:06+00:00,2026-05-20T23:52:06+00:00,0.0
5391,1,cmd/cp,srd056,4.895,1382,1645857,1,0,0.0,2026-05-21T00:15:27+00:00,2026-05-21T00:15:27+00:00,0.0
5392,1,cmd/cp,srd056,2.9849,689,552423,1,0,0.0,2026-05-21T00:27:21+00:00,2026-05-21T00:27:21+00:00,0.0
5394,1,cmd/cp,srd056,3.5513,702,1508607,1,0,0.0,2026-05-21T00:43:23+00:00,2026-05-21T00:43:23+00:00,0.0
5395,1,cmd/cp,srd056,2.3911,224,774202,1,0,0.0,2026-05-21T00:47:31+00:00,2026-05-21T00:47:31+00:00,0.0
5396,1,cmd/mv,srd057,2.7797,480,762280,1,0,0.0,2026-05-21T00:55:53+00:00,2026-05-21T00:55:53+00:00,0.0
5397,1,cmd/mv,srd057,3.4085,823,886288,1,0,0.0,2026-05-21T01:09:57+00:00,2026-05-21T01:09:57+00:00,0.0
5398,1,,,3.5001,550,1766882,1,0,0.0,2026-05-21T01:24:29+00:00,2026-05-21T01:24:29+00:00,0.0
5400,1,cmd/mv,srd057,1.9058,158,400712,1,0,0.0,2026-05-21T01:29:09+00:00,2026-05-21T01:29:09+00:00,0.0
5401,1,cmd/rm,srd058,1.8622,133,396024,1,0,0.0,2026-05-21T12:53:46+00:00,2026-05-21T12:53:46+00:00,0.0
5402,1,cmd/rm,srd058,3.1873,622,1145788,1,0,0.0,2026-05-21T13:04:42+00:00,2026-05-21T13:04:42+00:00,0.0
5404,1,cmd/rm,srd058,2.0324,207,533119,1,0,0.0,2026-05-21T13:13:38+00:00,2026-05-21T13:13:38+00:00,0.0
5405,1,cmd/rm,srd058,2.8869,357,1574344,1,0,0.0,2026-05-21T13:20:06+00:00,2026-05-21T13:20:06+00:00,0.0
5406,1,cmd/rm,srd058,1.8604,123,405271,1,0,0.0,2026-05-21T13:22:56+00:00,2026-05-21T13:22:56+00:00,0.0
5408,1,cmd/date,srd060,3.1,598,1012824,1,0,0.0,2026-05-21T13:39:29+00:00,2026-05-21T13:39:29+00:00,0.0
5409,1,cmd/date,srd060,2.3399,209,972221,1,0,0.0,2026-05-21T13:43:34+00:00,2026-05-21T13:43:34+00:00,0.0
5410,1,cmd/date,srd060,1.9294,189,518125,1,0,0.0,2026-05-21T13:47:13+00:00,2026-05-21T13:47:13+00:00,0.0
5411,1,cmd/date,srd060,1.7931,114,350308,1,0,0.0,2026-05-21T13:50:00+00:00,2026-05-21T13:50:00+00:00,0.0
5413,1,cmd/sleep,srd061,2.3943,226,922582,1,0,0.0,2026-05-21T13:59:39+00:00,2026-05-21T13:59:39+00:00,0.0
5414,1,cmd/sleep,srd061,1.8401,160,418702,1,0,0.0,2026-05-21T14:03:10+00:00,2026-05-21T14:03:10+00:00,0.0
5415,1,cmd/sleep,srd061,1.6976,92,299683,1,0,0.0,2026-05-21T14:05:32+00:00,2026-05-21T14:05:32+00:00,0.0
5416,1,cmd/sleep,srd061,1.7777,116,333334,0,1,1.7777,2026-05-21T14:08:08+00:00,2026-05-21T14:08:08+00:00,0.0
5418,1,cmd/expr,srd066,2.7749,360,1074341,1,0,0.0,2026-05-21T14:20:55+00:00,2026-05-21T14:20:55+00:00,0.0
5419,1,cmd/factor,srd065,1.9504,171,414434,1,0,0.0,2026-05-21T14:24:16+00:00,2026-05-21T14:24:16+00:00,0.0
5420,1,cmd/shuf,srd064,2.1173,190,542156,1,0,0.0,2026-05-21T14:28:04+00:00,2026-05-21T14:28:04+00:00,0.0
5421,1,cmd/timeout,srd063,2.1006,165,604126,1,0,0.0,2026-05-21T14:31:24+00:00,2026-05-21T14:31:24+00:00,0.0
5423,1,cmd/touch,srd062,2.2798,205,868305,1,0,0.0,2026-05-21T14:40:07+00:00,2026-05-21T14:40:07+00:00,0.0
5424,1,cmd/timeout,srd063,2.8114,436,1075137,1,0,0.0,2026-05-21T15:13:43+00:00,2026-05-21T15:13:43+00:00,0.0
5425,1,cmd/shuf,srd064,2.1052,211,454899,1,0,0.0,2026-05-21T15:48:47+00:00,2026-05-21T15:48:47+00:00,0.0
5426,1,cmd/factor,srd065,2.1032,185,769860,1,0,0.0,2026-05-21T15:52:23+00:00,2026-05-21T15:52:23+00:00,0.0
5429,1,cmd/shuf,srd064,2.301,254,508986,1,0,0.0,2026-05-21T17:56:57+00:00,2026-05-21T17:56:57+00:00,0.0
5430,1,cmd/timeout,srd063,6.0241,1107,5528573,1,0,0.0,2026-05-21T18:16:01+00:00,2026-05-21T18:16:01+00:00,0.0
5431,1,cmd/touch,srd062,2.582,405,591447,1,0,0.0,2026-05-21T18:23:11+00:00,2026-05-21T18:23:11+00:00,0.0
5433,1,cmd/expr,srd066,1.9877,185,440157,1,0,0.0,2026-05-21T18:30:38+00:00,2026-05-21T18:30:38+00:00,0.0
5434,1,cmd/factor,srd065,1.8064,127,333650,1,0,0.0,2026-05-21T18:33:11+00:00,2026-05-21T18:33:11+00:00,0.0
5435,1,cmd/shuf,srd064,2.967,318,1545583,1,0,0.0,2026-05-21T18:38:52+00:00,2026-05-21T18:38:52+00:00,0.0
5436,1,cmd/timeout,srd063,1.901,124,444305,1,0,0.0,2026-05-21T18:41:39+00:00,2026-05-21T18:41:39+00:00,0.0
5438,1,cmd/touch,srd062,3.3385,574,1879575,1,0,0.0,2026-05-21T18:55:20+00:00,2026-05-21T18:55:20+00:00,0.0
5439,1,cmd/touch,srd062,1.9236,123,402875,1,0,0.0,2026-05-21T18:57:54+00:00,2026-05-21T18:57:54+00:00,0.0
5441,1,cmd/expr,srd066,1.8444,124,357455,1,0,0.0,2026-05-21T19:02:13+00:00,2026-05-21T19:02:13+00:00,0.0
5443,1,cmd/expr,srd066,2.1607,201,740910,1,0,0.0,2026-05-21T19:09:01+00:00,2026-05-21T19:09:01+00:00,0.0
5444,1,cmd/split,srd067,2.9551,517,664240,1,0,0.0,2026-05-21T19:18:02+00:00,2026-05-21T19:18:02+00:00,0.0
5445,1,cmd/split,srd067,4.4265,893,1511263,1,0,0.0,2026-05-21T19:33:19+00:00,2026-05-21T19:33:19+00:00,0.0
5446,1,cmd/split,srd067,2.8804,293,1558856,1,0,0.0,2026-05-21T19:38:36+00:00,2026-05-21T19:38:36+00:00,0.0
5448,1,cmd/split,srd067,2.1146,144,715056,1,0,0.0,2026-05-21T19:46:01+00:00,2026-05-21T19:46:01+00:00,0.0
5449,1,cmd/csplit,srd068,4.0031,927,1488146,1,0,0.0,2026-05-21T20:01:51+00:00,2026-05-21T20:01:51+00:00,0.0
5450,1,cmd/csplit,srd068,3.6378,650,2234887,1,0,0.0,2026-05-21T20:13:07+00:00,2026-05-21T20:13:07+00:00,0.0
5451,1,cmd/csplit,srd068,2.4728,324,845856,1,0,0.0,2026-05-21T20:19:00+00:00,2026-05-21T20:19:00+00:00,0.0
5453,1,cmd/csplit,srd068,2.2487,327,519863,1,0,0.0,2026-05-21T20:29:40+00:00,2026-05-21T20:29:40+00:00,0.0
5455,1,cmd/join,,2.1508,183,505254,1,0,0.0,2026-05-22T14:31:23+00:00,2026-05-22T14:31:23+00:00,0.0
5458,1,cmd/fmt,,1.8323,121,336039,1,0,0.0,2026-05-22T14:39:36+00:00,2026-05-22T14:39:36+00:00,0.0
5459,1,cmd/join,srd069,2.9063,555,778373,1,0,0.0,2026-05-22T14:49:25+00:00,2026-05-22T14:49:25+00:00,0.0
5460,1,cmd/join,srd069,2.2122,231,717112,1,0,0.0,2026-05-22T14:53:42+00:00,2026-05-22T14:53:42+00:00,0.0
5461,1,cmd/join,srd069,4.3452,1013,1771260,1,0,0.0,2026-05-22T15:10:58+00:00,2026-05-22T15:10:58+00:00,0.0
5463,1,cmd/fmt,srd070,4.4345,1109,1935408,1,0,0.0,2026-05-22T21:17:22+00:00,2026-05-22T21:17:22+00:00,0.0
5464,1,cmd/fmt,srd070,2.7629,460,1076425,1,0,0.0,2026-05-22T21:25:28+00:00,2026-05-22T21:25:28+00:00,0.0
5468,1,cmd/fmt,srd070,3.9035,803,2348123,1,0,0.0,2026-05-22T22:10:47+00:00,2026-05-22T22:10:47+00:00,0.0
5469,1,cmd/fmt,srd070,2.2094,250,659097,1,0,0.0,2026-05-22T22:15:25+00:00,2026-05-22T22:15:25+00:00,0.0
5470,1,cmd/numfmt,srd071,4.1318,720,2579514,1,0,0.0,2026-05-22T22:27:53+00:00,2026-05-22T22:27:53+00:00,0.0
5471,1,cmd/numfmt,srd071,3.7948,993,668837,1,0,0.0,2026-05-22T22:44:52+00:00,2026-05-22T22:44:52+00:00,0.0
5473,1,cmd/numfmt,srd071,3.401,665,1235711,1,0,0.0,2026-05-22T23:01:55+00:00,2026-05-22T23:01:55+00:00,0.0
5474,1,cmd/numfmt,srd071,3.0647,424,1645154,1,0,0.0,2026-05-22T23:09:25+00:00,2026-05-22T23:09:25+00:00,0.0
5475,1,cmd/od,srd072,6.1326,1299,4527913,1,0,0.0,2026-05-22T23:31:25+00:00,2026-05-22T23:31:25+00:00,0.0
5476,1,cmd/od,srd072,2.7219,238,1562897,1,0,0.0,2026-05-22T23:35:44+00:00,2026-05-22T23:35:44+00:00,0.0
5478,1,cmd/od,srd072,2.2211,170,773973,1,0,0.0,2026-05-22T23:42:34+00:00,2026-05-22T23:42:34+00:00,0.0
5479,1,cmd/od,srd072,1.9711,153,422539,1,0,0.0,2026-05-22T23:45:29+00:00,2026-05-22T23:45:29+00:00,0.0
5480,1,cmd/printf,srd073,3.6849,896,1230983,1,0,0.0,2026-05-23T00:00:46+00:00,2026-05-23T00:00:46+00:00,0.0
5481,1,cmd/printf,srd073,2.0405,164,479242,1,0,0.0,2026-05-23T00:03:56+00:00,2026-05-23T00:03:56+00:00,0.0
5483,1,cmd/printf,srd073,1.9157,121,369892,1,0,0.0,2026-05-23T00:10:58+00:00,2026-05-23T00:10:58+00:00,0.0
5484,1,cmd/printf,srd073,2.8106,519,825113,1,0,0.0,2026-05-23T00:20:01+00:00,2026-05-23T00:20:01+00:00,0.0
5485,1,cmd/sha224sum,srd074,1.9817,148,393407,1,0,0.0,2026-05-23T00:22:54+00:00,2026-05-23T00:22:54+00:00,0.0
5490,1,cmd/sha384sum,srd075,1.8,104,335508,1,0,0.0,2026-05-23T01:06:04+00:00,2026-05-23T01:06:04+00:00,0.0
5493,1,cmd/b2sum,srd076,1.9922,174,549826,1,0,0.0,2026-05-23T01:24:48+00:00,2026-05-23T01:24:48+00:00,0.0
5495,1,cmd/b2sum,srd076,2.212,241,631564,1,0,0.0,2026-05-23T01:30:02+00:00,2026-05-23T01:30:02+00:00,0.0
5498,1,cmd/b2sum,srd076,2.857,418,1273700,1,0,0.0,2026-05-23T01:44:02+00:00,2026-05-23T01:44:02+00:00,0.0
5499,1,cmd/b2sum,srd076,1.9379,174,349705,1,0,0.0,2026-05-23T01:47:22+00:00,2026-05-23T01:47:22+00:00,0.0
5500,1,cmd/cksum,srd077,2.4413,306,739898,1,0,0.0,2026-05-23T01:52:51+00:00,2026-05-23T01:52:51+00:00,0.0
5501,1,cmd/sha384sum,srd075,2.0574,172,486135,1,0,0.0,2026-05-23T01:56:02+00:00,2026-05-23T01:56:02+00:00,0.0
5502,1,,,4.9761,1021,3226272,1,0,0.0,2026-05-23T02:19:45+00:00,2026-05-23T02:19:45+00:00,0.0
5504,1,cmd/cksum,srd077,1.7939,94,318516,1,0,0.0,2026-05-23T02:23:51+00:00,2026-05-23T02:23:51+00:00,0.0
5505,1,cmd/sum,srd078,2.1733,307,493493,1,0,0.0,2026-05-23T02:29:16+00:00,2026-05-23T02:29:16+00:00,0.0
5506,1,cmd/sum,srd078,2.2201,291,418301,1,0,0.0,2026-05-23T02:34:30+00:00,2026-05-23T02:34:30+00:00,0.0
5512,1,,,3.5808,402,3011008,1,0,0.0,2026-05-23T11:31:13+00:00,2026-05-23T11:31:13+00:00,0.0
5518,1,cmd/base64,srd080,1.9587,181,530439,1,0,0.0,2026-05-23T11:48:16+00:00,2026-05-23T11:48:16+00:00,0.0
5519,1,cmd/base64,srd080,2.004,129,507170,1,0,0.0,2026-05-23T11:50:47+00:00,2026-05-23T11:50:47+00:00,0.0
5520,1,cmd/base64,srd080,1.9122,128,423846,1,0,0.0,2026-05-23T11:53:15+00:00,2026-05-23T11:53:15+00:00,0.0
5521,1,cmd/basenc,srd081,2.706,455,925813,1,0,0.0,2026-05-23T12:01:11+00:00,2026-05-23T12:01:11+00:00,0.0
5523,1,cmd/basenc,srd081,2.596,436,476032,1,0,0.0,2026-05-23T12:14:14+00:00,2026-05-23T12:14:14+00:00,0.0
5524,1,cmd/basenc,srd081,2.7801,387,1167778,1,0,0.0,2026-05-23T12:21:07+00:00,2026-05-23T12:21:07+00:00,0.0
5525,1,cmd/link,srd084,2.0084,189,384074,1,0,0.0,2026-05-23T12:24:36+00:00,2026-05-23T12:24:36+00:00,0.0
5530,1,cmd/sync,srd085,3.1931,488,1729926,1,0,0.0,2026-05-23T12:47:29+00:00,2026-05-23T12:47:29+00:00,0.0
5531,1,cmd/sync,srd085,1.9762,149,422886,1,0,0.0,2026-05-23T12:50:21+00:00,2026-05-23T12:50:21+00:00,0.0
5532,1,,,5.697,1032,5012359,1,0,0.0,2026-05-23T13:13:14+00:00,2026-05-23T13:13:14+00:00,0.0
5533,1,cmd/stat,srd082,2.8521,481,859428,1,0,0.0,2026-05-23T13:21:33+00:00,2026-05-23T13:21:33+00:00,0.0
5535,1,cmd/stat,srd082,2.0765,175,489465,0,1,2.0765,2026-05-23T15:25:44+00:00,2026-05-23T15:25:44+00:00,0.0
5536,1,cmd/stat,srd082,2.7529,425,1210194,0,1,2.7529,2026-05-23T15:33:10+00:00,2026-05-23T15:33:10+00:00,0.0
5537,1,,,4.485,693,3726580,1,0,0.0,2026-05-23T15:52:02+00:00,2026-05-23T15:52:02+00:00,0.0
5541,1,cmd/truncate,srd083,3.2155,1216,868063,0,1,3.2155,2026-05-23T16:18:20+00:00,2026-05-23T16:18:20+00:00,0.0
5545,1,cmd/truncate,srd083,2.1154,196,615050,0,1,2.1154,2026-05-23T16:53:06+00:00,2026-05-23T16:53:06+00:00,0.0
5547,1,cmd/chmod,srd089,3.3916,410,2127916,1,0,0.0,2026-05-23T17:09:23+00:00,2026-05-23T17:09:23+00:00,0.0
5548,1,cmd/chmod,srd089,2.158,213,587715,1,0,0.0,2026-05-23T17:13:16+00:00,2026-05-23T17:13:16+00:00,0.0
5549,1,cmd/chmod,srd089,2.484,231,994146,1,0,0.0,2026-05-23T17:17:31+00:00,2026-05-23T17:17:31+00:00,0.0
5550,1,cmd/chmod,srd089,2.1127,244,384135,1,0,0.0,2026-05-23T17:21:57+00:00,2026-05-23T17:21:57+00:00,0.0
5552,1,cmd/chgrp,srd090,3.4103,481,2348878,1,0,0.0,2026-05-23T17:36:40+00:00,2026-05-23T17:36:40+00:00,0.0
5553,1,cmd/chgrp,srd090,3.6882,860,1134895,1,0,0.0,2026-05-23T17:51:23+00:00,2026-05-23T17:51:23+00:00,0.0
5554,1,cmd/chgrp,srd090,5.5943,931,4762366,1,0,0.0,2026-05-24T01:27:47+00:00,2026-05-24T01:27:47+00:00,0.0
5555,1,cmd/chown,srd091,4.3062,1082,1634110,1,0,0.0,2026-05-24T01:46:12+00:00,2026-05-24T01:46:12+00:00,0.0
5557,1,cmd/chown,srd091,2.4275,215,956615,1,0,0.0,2026-05-24T01:54:34+00:00,2026-05-24T01:54:34+00:00,0.0
5558,1,cmd/chown,srd091,3.3565,564,1137671,1,0,0.0,2026-05-24T02:04:21+00:00,2026-05-24T02:04:21+00:00,0.0
5559,1,cmd/mkfifo,srd092,3.9181,949,1327059,1,0,0.0,2026-05-24T02:20:33+00:00,2026-05-24T02:20:33+00:00,0.0
5560,1,cmd/mkfifo,srd092,2.3391,253,806233,1,0,0.0,2026-05-24T02:25:09+00:00,2026-05-24T02:25:09+00:00,0.0
5561,1,,,4.4051,681,3454660,1,0,0.0,2026-05-24T02:40:54+00:00,2026-05-24T02:40:54+00:00,0.0
5562,1,cmd/mknod,srd093,3.164,595,773204,0,1,3.164,2026-05-24T02:51:06+00:00,2026-05-24T02:51:06+00:00,0.0
5563,1,cmd/mknod,srd093,3.0855,528,1206565,1,0,0.0,2026-05-24T03:00:13+00:00,2026-05-24T03:00:13+00:00,0.0
5565,1,cmd/nice,srd094,1.9916,114,504950,0,1,1.9916,2026-05-24T03:04:31+00:00,2026-05-24T03:04:31+00:00,0.0
5567,1,cmd/nohup,srd095,1.9284,115,420922,1,0,0.0,2026-05-24T03:12:14+00:00,2026-05-24T03:12:14+00:00,0.0
5568,1,cmd/nohup,srd095,2.9419,630,707808,1,0,0.0,2026-05-24T03:23:03+00:00,2026-05-24T03:23:03+00:00,0.0
5569,1,cmd/users,srd096,2.2853,324,606212,1,0,0.0,2026-05-24T03:28:49+00:00,2026-05-24T03:28:49+00:00,0.0
5570,1,cmd/users,srd096,1.9175,154,319236,1,0,0.0,2026-05-24T03:31:45+00:00,2026-05-24T03:31:45+00:00,0.0
5572,1,cmd/pinky,srd098,3.5245,1445,1097001,1,0,0.0,2026-05-24T04:00:30+00:00,2026-05-24T04:00:30+00:00,0.0
5573,1,cmd/pinky,srd098,3.8945,907,1578048,1,0,0.0,2026-05-24T04:15:57+00:00,2026-05-24T04:15:57+00:00,0.0
5574,1,cmd/pinky,srd098,2.5047,326,717658,1,0,0.0,2026-05-24T04:21:46+00:00,2026-05-24T04:21:46+00:00,0.0
5575,1,cmd/who,srd097,2.4313,362,537555,1,0,0.0,2026-05-24T04:28:11+00:00,2026-05-24T04:28:11+00:00,0.0
5582,1,cmd/who,srd097,2.4693,325,481898,1,0,0.0,2026-05-27T14:28:06+00:00,2026-05-27T14:28:06+00:00,0.0
5583,1,cmd/who,srd097,1.8042,69,291208,0,1,1.8042,2026-05-27T14:29:44+00:00,2026-05-27T14:29:44+00:00,0.0
5584,1,cmd/who,srd097,2.7139,383,753646,1,0,0.0,2026-05-27T14:36:34+00:00,2026-05-27T14:36:34+00:00,0.0
5585,1,cmd/chroot,srd100,2.183,196,771127,1,0,0.0,2026-05-27T14:40:18+00:00,2026-05-27T14:40:18+00:00,0.0
5587,1,cmd/shred,srd099,1.99,118,443305,1,0,0.0,2026-05-27T14:49:10+00:00,2026-05-27T14:49:10+00:00,0.0
5588,1,cmd/chroot,srd100,1.837,94,290445,0,1,1.837,2026-05-27T14:51:13+00:00,2026-05-27T14:51:13+00:00,0.0
5592,1,cmd/install,srd101,2.9067,389,1131763,1,0,0.0,2026-05-27T15:06:47+00:00,2026-05-27T15:06:47+00:00,0.0
5593,1,cmd/install,srd101,2.209,161,669779,1,0,0.0,2026-05-27T15:10:00+00:00,2026-05-27T15:10:00+00:00,0.0
5594,1,cmd/install,srd101,2.1799,137,688052,1,0,0.0,2026-05-27T15:12:50+00:00,2026-05-27T15:12:50+00:00,0.0
5596,1,,,3.1703,501,1586228,1,0,0.0,2026-05-27T15:27:48+00:00,2026-05-27T15:27:48+00:00,0.0
5597,1,cmd/tsort,srd102,2.2911,221,488424,1,0,0.0,2026-05-27T15:31:55+00:00,2026-05-27T15:31:55+00:00,0.0
5601,1,cmd/pathchk,srd103,2.1036,197,675625,1,0,0.0,2026-05-27T15:43:48+00:00,2026-05-27T15:43:48+00:00,0.0
5602,1,cmd/test,srd104,3.2504,579,1183491,1,0,0.0,2026-05-27T15:53:52+00:00,2026-05-27T15:53:52+00:00,0.0
5603,1,cmd/test,srd104,1.9543,113,406908,1,0,0.0,2026-05-27T15:56:10+00:00,2026-05-27T15:56:10+00:00,0.0
5605,1,cmd/df,srd106,5.1229,1353,2659564,1,0,0.0,2026-05-27T19:25:09+00:00,2026-05-27T19:25:09+00:00,0.0
5606,1,cmd/dir,srd107,4.5696,1116,1911171,1,0,0.0,2026-05-27T19:44:13+00:00,2026-05-27T19:44:13+00:00,0.0
5607,1,cmd/df,srd106,4.1497,952,1201903,1,0,0.0,2026-05-27T20:00:26+00:00,2026-05-27T20:00:26+00:00,0.0
5608,1,cmd/dir,srd107,3.8072,808,1438567,1,0,0.0,2026-05-27T20:24:58+00:00,2026-05-27T20:24:58+00:00,0.0
5611,1,cmd/dir,srd107,2.0845,213,527572,1,0,0.0,2026-05-27T20:36:40+00:00,2026-05-27T20:36:40+00:00,0.0
5612,1,cmd/vdir,srd108,4.3862,1081,1178326,1,0,0.0,2026-05-27T20:55:03+00:00,2026-05-27T20:55:03+00:00,0.0
5613,1,cmd/vdir,srd108,2.1415,158,479715,0,1,2.1415,2026-05-27T20:58:03+00:00,2026-05-27T20:58:03+00:00,0.0
5615,1,cmd/df,srd106,3.4657,819,995948,1,0,0.0,2026-05-27T21:17:02+00:00,2026-05-27T21:17:02+00:00,0.0
5616,1,cmd/df,srd106,3.7551,699,1390539,1,0,0.0,2026-05-27T21:29:05+00:00,2026-05-27T21:29:05+00:00,0.0
5617,1,cmd/df,srd106,2.2719,156,730985,1,0,0.0,2026-05-27T21:32:04+00:00,2026-05-27T21:32:04+00:00,0.0
5618,1,cmd/vdir,srd108,2.3019,150,756580,1,0,0.0,2026-05-27T21:35:00+00:00,2026-05-27T21:35:00+00:00,0.0
5620,1,cmd/dircolors,srd109,3.6866,483,2845644,1,0,0.0,2026-05-27T21:48:16+00:00,2026-05-27T21:48:16+00:00,0.0
5621,1,cmd/dircolors,srd109,2.6229,425,969673,1,0,0.0,2026-05-27T21:55:47+00:00,2026-05-27T21:55:47+00:00,0.0
5622,1,cmd/dircolors,srd109,1.8606,124,359822,1,0,0.0,2026-05-27T21:58:14+00:00,2026-05-27T21:58:14+00:00,0.0
5624,1,,,2.4963,347,671845,1,0,0.0,2026-05-28T16:12:29+00:00,2026-05-28T16:12:29+00:00,0.0
5625,1,cmd/tsort,srd102,4.5509,1193,2139089,1,0,0.0,2026-05-28T16:32:44+00:00,2026-05-28T16:32:44+00:00,0.0
5628,1,cmd/tsort,srd102,2.049,213,629177,1,0,0.0,2026-05-28T16:38:17+00:00,2026-05-28T16:38:17+00:00,0.0
5630,1,cmd/dircolors,srd109,2.2233,188,793193,1,0,0.0,2026-05-28T16:48:38+00:00,2026-05-28T16:48:38+00:00,0.0
5631,1,cmd/chronic,srd112,2.5504,257,1224109,1,0,0.0,2026-05-28T16:53:18+00:00,2026-05-28T16:53:18+00:00,0.0
5632,1,cmd/chronic,srd112,2.6408,597,691880,1,0,0.0,2026-05-28T17:03:43+00:00,2026-05-28T17:03:43+00:00,0.0
5633,1,cmd/pee,srd113,2.323,208,888554,1,0,0.0,2026-05-28T17:07:32+00:00,2026-05-28T17:07:32+00:00,0.0
5636,1,cmd/vidir,srd114,1.8433,117,465634,1,0,0.0,2026-05-28T17:23:32+00:00,2026-05-28T17:23:32+00:00,0.0
5637,1,cmd/vidir,srd114,2.9138,644,683529,1,0,0.0,2026-05-28T17:36:57+00:00,2026-05-28T17:36:57+00:00,0.0
5639,1,cmd/pr,srd110,2.306,294,685089,1,0,0.0,2026-05-28T17:47:58+00:00,2026-05-28T17:47:58+00:00,0.0
5640,1,cmd/ptx,srd111,2.8508,889,661544,1,0,0.0,2026-05-28T19:19:29+00:00,2026-05-28T19:19:29+00:00,0.0
5641,1,cmd/stty,srd105,3.1584,664,683529,1,0,0.0,2026-05-28T19:30:57+00:00,2026-05-28T19:30:57+00:00,0.0
5642,1,cmd/ts,srd004,1.722,92,355240,1,0,0.0,2026-05-28T19:32:53+00:00,2026-05-28T19:32:53+00:00,0.0
5644,1,cmd/stty,srd105,4.9145,1210,2152823,1,0,0.0,2026-05-29T15:48:32+00:00,2026-05-29T15:48:32+00:00,0.0
5645,1,cmd/stty,srd105,2.7999,538,841463,1,0,0.0,2026-05-29T15:58:01+00:00,2026-05-29T15:58:01+00:00,0.0
5646,1,cmd/ts,srd004,2.9329,592,638900,1,0,0.0,2026-05-29T16:08:18+00:00,2026-05-29T16:08:18+00:00,0.0
5647,1,cmd/ts,srd004,2.0833,229,595534,1,0,0.0,2026-05-29T16:12:35+00:00,2026-05-29T16:12:35+00:00,0.0
5649,1,cmd/ts,srd004,2.1282,166,762831,1,0,0.0,2026-05-29T16:18:59+00:00,2026-05-29T16:18:59+00:00,0.0
5650,1,cmd/ts,srd004,2.2838,319,575919,1,0,0.0,2026-05-29T16:24:49+00:00,2026-05-29T16:24:49+00:00,0.0
5651,1,cmd/ts,srd004,4.7828,1220,2418037,1,0,0.0,2026-05-29T16:45:43+00:00,2026-05-29T16:45:43+00:00,0.0
5652,1,cmd/ts,srd004,2.0826,146,556418,1,0,0.0,2026-05-29T16:48:38+00:00,2026-05-29T16:48:38+00:00,0.0
5654,1,cmd/pr,srd110,3.3136,493,1720877,1,0,0.0,2026-05-29T17:02:07+00:00,2026-05-29T17:02:07+00:00,0.0
5655,1,cmd/ptx,srd111,4.4256,900,2823828,1,0,0.0,2026-05-29T17:17:37+00:00,2026-05-29T17:17:37+00:00,0.0
5656,1,cmd/stty,srd105,1.8675,146,424666,1,0,0.0,2026-05-29T17:20:29+00:00,2026-05-29T17:20:29+00:00,0.0
5657,1,cmd/ts,srd004,2.391,346,749859,1,0,0.0,2026-05-29T17:26:37+00:00,2026-05-29T17:26:37+00:00,0.0
5669,1,cmd/pr,srd110,4.3896,1029,2244194,1,0,0.0,2026-05-30T16:05:39+00:00,2026-05-30T16:05:39+00:00,0.0
5670,1,cmd/pr,srd110,3.2827,860,477260,1,0,0.0,2026-05-30T16:20:23+00:00,2026-05-30T16:20:23+00:00,0.0
5671,1,cmd/ptx,srd111,2.086,159,748110,1,0,0.0,2026-05-30T16:23:23+00:00,2026-05-30T16:23:23+00:00,0.0
5672,1,cmd/ptx,srd111,2.5026,357,839735,1,0,0.0,2026-05-30T16:29:43+00:00,2026-05-30T16:29:43+00:00,0.0
5674,1,cmd/pr,srd110,2.0949,179,631383,1,0,0.0,2026-05-30T16:39:18+00:00,2026-05-30T16:39:18+00:00,0.0
5675,1,cmd/ptx,srd111,2.3871,269,892940,1,0,0.0,2026-05-30T16:44:08+00:00,2026-05-30T16:44:08+00:00,0.0
5677,1,pkg/testutils,srd001,1.9308,128,417568,0,1,1.9308,2026-05-30T16:52:06+00:00,2026-05-30T16:52:06+00:00,0.0
5678,1,pkg/format,srd003,1.9459,135,416002,0,1,1.9459,2026-05-30T16:55:03+00:00,2026-05-30T16:55:03+00:00,0.0
5679,1,pkg/testutils,srd001,2.2603,337,458552,1,0,0.0,2026-05-30T17:01:18+00:00,2026-05-30T17:01:18+00:00,0.0
5680,1,pkg/format,srd003,2.2724,242,793307,1,0,0.0,2026-05-30T17:06:51+00:00,2026-05-30T17:06:51+00:00,0.0
