commit_sha,commit_date,task_id,task_subtype,target,target_kind,srd_id,requirements,is_contract,commit_subject,tokens_input,tokens_output,tokens_cache_creation,tokens_cache_read,cost_usd,loc_prod_before,loc_prod_after,loc_prod_delta,loc_test_before,loc_test_after,loc_test_delta,duration_seconds,files_changed,insertions,deletions
ebad85ce27d6dd17473309f04c0b926912f18948,2026-03-01T22:20:42-05:00,78,stitch,pkg/testutils,pkg,,,False,Task 78: pkg/testutils: DiffTest struct and differential test runner -- rel00.0-uc004-testutils,477642,15084,45433,432199,0.9164,0,0,0,0,0,0,232,1,276,0
a127a3443f7fe0f479e29514288e9f8a3c1be943,2026-03-02T09:01:50-05:00,86,stitch,pkg/testutils,pkg,,,False,Task 86: pkg/testutils DiffTest struct and runner -- rel00.0-uc004-testutils,794673,25999,57228,737432,1.3779,0,0,0,0,0,0,409,2,285,0
5a370a653a7768918c515d0956b6d7e8200afc2a,2026-03-02T09:13:51-05:00,87,stitch,pkg/format,pkg,,,False,Task 87: pkg/format: size formatting and ANSI color output (rel00.0-uc002-format),772723,25327,52624,718710,1.3298,285,0,-285,0,0,0,444,2,225,0
b40d8b7e886aa813e8e0d47495a43ec03fa4febc,2026-03-02T09:19:27-05:00,88,stitch,pkg/sys,pkg,,,False,Task 88: pkg/sys file metadata -- Stat and Lstat platform abstraction,480869,10535,36878,443980,0.7179,510,0,-510,0,0,0,162,3,118,0
8fb4a2328b10b15d48869bfc70a5fe9a747d4be6,2026-03-02T09:29:04-05:00,89,stitch,pkg/format,pkg,srd003,,False,Task 89: prd003-format R1 -- Column alignment for tabular output,513972,6835,39824,474137,0.6589,628,0,-628,0,0,0,149,1,133,0
727b608d37fef749c6959a628ca8095fd4e7afd5,2026-03-02T09:34:07-05:00,90,stitch,pkg/sys,pkg,srd002,,False,Task 90: Implement pkg/sys terminal size queries -- prd002-sys R1,219662,3052,29509,190147,0.3568,761,0,-761,0,0,0,113,1,49,0
168a91ad3997f453f4a4358c464cff1a7852a166,2026-03-02T09:44:27-05:00,91,stitch,pkg/testutils,pkg,srd001,,False,Task 91: prd001-testutils R2-R5: Unit tests for differential testing harness,423545,6647,36090,387445,0.5877,810,0,-810,0,0,0,320,2,452,0
f5f9e0696e60909705420ad7e706435d85ef4815,2026-03-02T10:00:08-05:00,92,stitch,pkg/format,pkg,srd003,,False,"Task 92: pkg/format: Unit tests for alignment, color, and size (prd003-format R1, R2, R3)",584630,9345,45935,538683,0.7943,810,0,-810,452,0,-452,151,3,718,0
65119bf95e5d4f168983174fc736dd05aa288b58,2026-03-02T10:04:02-05:00,93,stitch,cmd/version,cmd,srd011,,False,Task 93: Implement cmd/version binary -- prd011-magefiles,689110,2621,54961,634138,0.7292,810,0,-810,1170,0,-1170,87,1,54,0
280de417972e4a66a0a2604220fb6f97bf336880,2026-03-02T10:10:09-05:00,94,stitch,pkg/sys,pkg,srd002,,False,"Task 94: prd002-sys R1, R2 -- Unit tests for pkg/sys terminal and stat",423250,13708,41133,382108,0.7919,864,0,-864,1170,0,-1170,237,2,294,0
e6de00cf03dc83c30a896867341e018379400286,2026-03-02T11:07:43-05:00,98,stitch,pkg/format,pkg,,,False,"Task 98: Implement pkg/format -- size formatting, column alignment, ANSI color (rel00.0-uc002-format)",1368224,10065,42292,1325904,1.1832,0,0,0,0,0,0,205,5,322,0
6dde9132e3a1dda39f6eff5f7d4d69c8a8bc62a4,2026-03-02T11:15:58-05:00,99,stitch,pkg/sys,pkg,srd002,,False,"Task 99: Implement pkg/sys/ file metadata and terminal size (prd002-sys R1, R2)",625924,11446,36930,588980,0.812,318,0,-318,0,0,0,192,4,143,0
296ecd47f1cf29ff108e101858c83d4c4c0b89a4,2026-03-02T11:21:09-05:00,100,stitch,pkg/testutils,pkg,,,False,Task 100: pkg/testutils: DiffTest struct and RunDiffTests execution harness,535542,6517,37931,497599,0.6509,461,0,-461,0,0,0,112,1,415,0
bcc2d09851f162bf46dff1965fbd31ec9e2f58c5,2026-03-02T11:31:49-05:00,101,stitch,pkg/testutils,pkg,srd001,,False,"Task 101: pkg/testutils: tests for differential testing harness (prd001-testutils R2, R3, R4, R5)",1079198,34243,94254,984928,1.9422,876,0,-876,0,0,0,524,1,444,0
a661d1c63f127b458b3cbd3dc5efc09ce876d01f,2026-03-02T11:36:06-05:00,102,stitch,pkg/format,pkg,srd003,,False,"Task 102: prd003-format R1, R2, R3 -- unit tests for pkg/format",512172,7657,49618,462544,0.736,876,0,-876,444,0,-444,116,3,630,0
7b329ed074ef6deac2f1d4421f91800b8a794666,2026-03-02T11:39:28-05:00,103,stitch,pkg/sys,pkg,srd002,,False,"Task 103: prd002-sys R1, R2 -- unit tests for pkg/sys terminal and file metadata",466824,5045,38508,428306,0.5822,876,0,-876,1074,0,-1074,85,2,191,0
d7f547e6d8ff1877b3e7b48fab67627584e42cfe,2026-03-02T11:42:57-05:00,104,stitch,cmd/magefiles,cmd,srd011,,False,Task 104: prd011-magefiles: implement cmd/version,845073,3193,56596,788464,0.8323,876,0,-876,1265,0,-1265,92,1,47,0
21293aeb3c5e934512d3cdba0ca1140589d06843,2026-03-02T11:46:27-05:00,105,stitch,cmd/magefiles,cmd,srd011,"R1.1, R1.2, R1.4, R1.5",False,"Task 105: prd011-magefiles R1.1, R1.2, R1.4, R1.5 -- cmd/version unit tests",167459,6837,29922,137532,0.4275,923,0,-923,1265,0,-1265,103,1,128,0
204bbaa4ac3206310cac3bdc185ab3358cf3fb2d,2026-03-02T13:10:27-05:00,115,stitch,cmd/wc,cmd,,,False,Task 115: cmd/wc core implementation,1294613,36556,91313,1201862,2.1262,923,0,-923,1393,0,-1393,709,2,356,0
2ab503c55c3297d3ca1b792c6904236e29274380,2026-03-02T13:17:08-05:00,117,stitch,cmd/wc,cmd,srd005,,False,"Task 117: Differential tests for cmd/wc (prd005-wc R1-R4, R6)",1112045,7463,49459,1062567,1.0302,1279,0,-1279,1393,0,-1393,233,1,413,0
f11946c8737ae49f1d9f15f15076485bfd5596e4,2026-03-02T13:27:12-05:00,118,stitch,cmd/cat,cmd,,,False,"Task 118: Implement cmd/cat main.go -- cat PRD: flag parsing, file concatenation, output transformations, error handling",1009519,21561,64287,945217,1.4174,1279,0,-1279,1806,0,-1806,364,2,299,0
5fb552c11f9faa380e56d9a4e5f1247c09dca6a1,2026-03-02T13:31:10-05:00,120,stitch,cmd/cat,cmd,srd006,,False,Task 120: prd006-cat R1-R5 -- differential tests for cmd/cat,612000,6641,47783,561213,0.7618,1578,0,-1578,1806,0,-1806,134,2,406,0
65e6457504b725959cd76503cefa3cb488b5798b,2026-03-02T13:39:13-05:00,119,stitch,pkg/format,pkg,,,False,"Task 119: pkg/format implementation -- size formatting, ANSI color, column alignment (rel00.0-uc002-format)",545747,27045,56747,488990,1.2768,0,0,0,0,0,0,461,3,287,0
c67850bd0d3c2b8944c9573da53b66fa0378ba40,2026-03-02T13:41:36-05:00,122,stitch,cmd/sponge,cmd,,,False,"Task 122: Implement cmd/sponge stdin buffering and file write -- sponge PRD R1, R2, R3, R4",1000664,20635,60290,940358,1.3673,1578,0,-1578,2212,0,-2212,328,2,362,0
d770de60296dbcb16cd3ae54739ebc22905f46cf,2026-03-02T13:50:30-05:00,124,stitch,cmd/sponge,cmd,srd007,,False,Task 124: prd007-sponge R1-R5: differential tests for cmd/sponge,730417,26117,72472,657935,1.4359,1940,0,-1940,2212,0,-2212,373,2,341,0
7a09a3d235c07c0872cdb8a28c3c98acbcd34bde,2026-03-02T13:50:59-05:00,121,stitch,pkg/format,pkg,,,False,"Task 121: pkg/format -- column alignment, ANSI color, and size formatting (rel00.0-uc002)",773825,9040,45299,728511,0.8761,287,0,-287,0,0,0,209,1,0,0
9b45d875ad14fd418c745a0e0a7dabc80d9cc716,2026-03-02T14:05:40-05:00,123,stitch,pkg/sys,pkg,,,False,Task 123: pkg/sys/ terminal detection and stat abstraction -- rel00.0-uc003-sys,1065534,19922,55157,1010359,1.3516,287,0,-287,0,0,0,337,6,185,0
83a38cc72d66db6e87f057b034a13739d1c91775,2026-03-02T14:12:54-05:00,125,stitch,pkg/sys,pkg,,,False,"Task 125: pkg/sys -- IsTerminal, TerminalSize, and file stat abstraction (rel00.0-uc003-sys)",362203,4098,32541,329653,0.4717,468,0,-468,0,0,0,85,1,2,2
885c9df5779674a996a19c40598091360326e7ff,2026-03-02T14:22:57-05:00,127,stitch,pkg/sys,pkg,srd003,R2.3,False,"Task 127: pkg/sys terminal and stat abstractions -- prd003-format R2.3, rel00.0-uc003-sys",708728,11738,48455,660260,0.9296,468,0,-468,0,0,0,227,1,16,0
c32c9e44b49d337e7383c29260973bdb1c868806,2026-03-02T14:23:57-05:00,126,stitch,cmd/du,cmd,srd008,,False,"Task 126: cmd/du: Implement core directory traversal and disk usage reporting (prd008-du R1, R2, R3, R5)",1653089,21490,25981,1627093,1.5771,1940,0,-1940,2553,0,-2553,423,2,228,0
af36cd04c609d3cd50c93b8767e2fb0ca2c2eae2,2026-03-02T14:28:47-05:00,132,stitch,cmd/du,cmd,srd008,,False,"Task 132: cmd/du: Core implementation (prd008-du R1, R2, R3, R5)",883371,8448,53664,829691,0.962,2168,0,-2168,2553,0,-2553,186,2,6,0
119d09e3bbfb0a7e03ca34d9d38962d5b054708b,2026-03-02T14:31:38-05:00,128,stitch,pkg/testutils,pkg,,,False,Task 128: rel00.0-uc004-testutils: implement DiffTest struct and differential test runner,555521,5855,44031,511479,0.6789,484,0,-484,0,0,0,115,1,337,0
9926682ad6869af8ed6e26eb56fd1c70d570fd92,2026-03-02T14:31:38-05:00,128,stitch,pkg/testutils,pkg,,,False,Task 128: rel00.0-uc004-testutils: implement DiffTest struct and differential test runner,193588,1743,38161,155422,0.3608,821,0,-821,0,0,0,48,1,337,0
b874ffb04b8b8298d66cde2a71cf1eef87919743,2026-03-02T14:33:33-05:00,134,stitch,cmd/du,cmd,srd009,,False,"Task 134: prd009-du R1, R2, R3, R4 -- differential tests for cmd/du",749846,6927,58557,691277,0.8859,2174,0,-2174,2553,0,-2553,138,2,401,0
773d210580eeee851160d47da93655e1028dd5ce,2026-03-02T14:41:17-05:00,137,stitch,cmd/du,cmd,srd009,,False,"Task 137: prd009-du R1, R2, R4 -- cmd/du differential tests",787691,6162,55517,732161,0.8692,2174,0,-2174,2954,0,-2954,152,1,0,0
632c3485d4899129989ce1966579074aa658329f,2026-03-02T14:53:03-05:00,131,stitch,pkg/testutils,pkg,srd004,,False,"Task 131: Implement pkg/testutils DiffTest struct and differential runner (prd004-testutils R1, R2, R3, R4)",634623,9538,52723,581888,0.8594,821,0,-821,0,0,0,156,1,113,6
27b5178df5fdc4f7d3a23c36abd8a2fc2d0e529c,2026-03-02T18:13:11-05:00,153,stitch,pkg/format,pkg,,,False,Task 153: Implement pkg/format/ shared output formatting library (prd-format R1-R3),1868877,55281,80734,1788120,2.7854,0,0,0,0,0,0,841,6,686,0
dcdab8ccb10da79d911de8797a0908e68f9295b0,2026-03-02T18:27:34-05:00,155,stitch,pkg/sys,pkg,srd002,,False,Task 155: Implement pkg/sys/ platform syscall abstractions (prd002-sys R1-R4),2576150,30088,65931,2510182,2.4261,295,0,-295,391,0,-391,491,9,488,0
92c97a380bbd162812b410b214451e8c83033195,2026-03-02T18:36:31-05:00,156,stitch,pkg/testutils,pkg,srd004,,False,Task 156: Implement pkg/testutils DiffTest harness (prd004-testutils R1-R4),418055,22695,65891,352157,1.1563,588,0,-588,582,0,-582,357,1,278,0
b089bbdb16e3ac256b4da2cd9950df03880f2558,2026-03-02T18:42:15-05:00,157,stitch,cmd/magefiles,cmd,srd011,,False,Task 157: prd011-magefiles: Implement cmd/version binary,610521,9134,54867,555644,0.8521,866,0,-866,582,0,-582,165,2,163,0
e4823680439aca039361c9d0f4e26dcd0bb4e642,2026-03-02T20:55:13-05:00,158,stitch,cmd/wc,cmd,,,False,Task 158: Implement cmd/wc counting and output -- rel01.0-uc001-wc,2067951,48359,93764,1974162,2.7859,920,0,-920,691,0,-691,888,2,480,0
a131f52661172e8270bd3731972c5e81a2a491ea,2026-03-02T21:06:15-05:00,159,stitch,cmd/cat,cmd,srd006,,False,Task 159: Implement cmd/cat/main.go -- rel01.1-uc001-cat prd006-cat R1-R4,760300,27663,53525,706761,1.3866,1400,0,-1400,691,0,-691,448,2,273,0
34d8e44c157fb57c861c90eba3928f3ea2974ff9,2026-03-02T21:10:46-05:00,160,stitch,cmd/sponge,cmd,srd007,,False,Task 160: Implement cmd/sponge/main.go -- rel01.2-uc001-sponge prd007-sponge R1-R4,932984,8547,46808,886159,0.9548,1673,0,-1673,691,0,-691,161,2,82,0
9b49358d3d57d7da9c02762d3ec9426acf9012a6,2026-03-02T21:25:49-05:00,161,stitch,cmd/du,cmd,srd008,,False,Task 161: Implement cmd/du/main.go -- rel01.3-uc001-du prd008-du R1-R4,2544819,47275,88967,2455822,2.9741,1755,0,-1755,691,0,-691,796,2,318,0
be493566a75f9ea966d1648d2573775c98bebec2,2026-03-02T21:30:04-05:00,162,stitch,pkg/testutils,pkg,srd001,,False,Task 162: Implement pkg/testutils/difftest_test.go -- rel00.0-uc004-testutils prd001-testutils R1-R5,494055,9707,51793,442253,0.7889,2073,0,-2073,691,0,-691,158,1,175,0
c2a5dc29f823da7b47936b05bd9cef7a2d5bff04,2026-03-02T21:38:05-05:00,163,stitch,cmd/wc,cmd,srd005,,False,Task 163: Implement cmd/wc/wc_test.go -- rel01.0-uc001-wc prd005-wc R1-R6,343407,27205,64282,279119,1.2226,2073,0,-2073,866,0,-866,404,1,255,0
cbf5a955caf9204bafac0171b0237199ebf28a33,2026-03-02T21:42:12-05:00,164,stitch,cmd/cat,cmd,srd006,,False,Task 164: Implement cmd/cat/cat_test.go -- rel01.1-uc001-cat prd006-cat R1-R5,554168,7378,52315,501843,0.7637,2073,0,-2073,1121,0,-1121,125,1,402,0
9e32a128524147d7f1d3afd4d37745bde6b436ef,2026-03-02T21:55:16-05:00,165,stitch,cmd/sponge,cmd,srd007,,False,Task 165: Implement cmd/sponge/sponge_test.go -- rel01.2-uc001-sponge prd007-sponge R1-R4,831272,42723,82713,746553,1.9696,2073,0,-2073,1523,0,-1523,692,2,306,0
30ebc05e2fddd76f06501eb1e9f69bf0256db8ab,2026-03-02T22:02:38-05:00,166,stitch,cmd/du,cmd,srd009,,False,Task 166: Implement cmd/du/du_test.go -- rel01.3-uc001-du prd009-du R1-R4,710232,21218,65227,644994,1.2623,2073,0,-2073,1829,0,-1829,376,2,316,0
c83462ac187de741a0279c01b22f1a5fd55a6dfb,2026-03-03T10:51:13-05:00,183,stitch,pkg/testutils,pkg,,,False,Task 183: pkg/testutils -- DiffTest struct and RunDiffTests harness (rel00.0-uc004-testutils),469307,8486,40111,429186,0.6795,0,0,0,0,0,0,139,1,159,0
2c14d85c7520afb44b35dfe680cf81385b9c65d5,2026-03-03T11:06:17-05:00,184,stitch,pkg/testutils,pkg,srd001,,False,Task 184: pkg/testutils -- unit tests for RunDiffTests harness (prd001 R1-R4),1020455,44098,76768,943673,2.0572,159,0,-159,0,0,0,674,2,342,0
91fa7c3b070a3af436a2ebd33645accfa6476039,2026-03-03T11:16:12-05:00,185,stitch,pkg/sys,pkg,,,False,"Task 185: pkg/sys: implement file metadata, signals, and terminal size (rel00.0-uc003-sys)",743106,15443,47646,695446,1.0346,197,0,-197,304,0,-304,272,8,224,0
c282992623335836cddf00ec9f9ae2261a9f03c9,2026-03-03T11:26:08-05:00,186,stitch,pkg/format,pkg,,,False,Task 186: Implement pkg/format/ human-readable size formatting and column alignment (rel00.0-uc002-format),759532,15637,49883,709635,1.0585,417,0,-417,304,0,-304,291,3,158,0
be81adc36d26e96cfa22a640677584d992ca7a2f,2026-03-03T11:33:26-05:00,187,stitch,pkg/sys,pkg,srd002,,False,"Task 187: Test pkg/sys terminal, stat, and signal operations (prd002-sys R1-R3)",601877,7036,38399,563465,0.6988,575,0,-575,304,0,-304,106,3,362,0
11739a619524a1e0365f2ff898e7f2abca9f2fdb,2026-03-03T11:49:32-05:00,188,stitch,cmd/wc,cmd,,,False,"Task 188: cmd/wc implementation -- rel01.0-uc001-wc flag parsing, counting, and output formatting",1202185,39422,69471,1132696,1.9955,575,0,-575,666,0,-666,687,1,410,0
91941150a96cf45aab2f1ec1b4865f42019c2a6f,2026-03-03T11:53:44-05:00,189,stitch,cmd/wc,cmd,srd005,,False,"Task 189: cmd/wc differential tests (prd005-wc R1, R2, R3, R4)",666734,4579,42459,624262,0.6935,985,0,-985,666,0,-666,126,1,266,0
b497c2159cdbb2be235e57efda8c522a807bfc39,2026-03-03T12:06:42-05:00,190,stitch,cmd/cat,cmd,,,False,Task 190: Implement cmd/cat: file concatenation and output transformation (cat PRD),1141220,24638,58643,1082559,1.536,985,0,-985,932,0,-932,473,1,276,0
c8dd8ace172db56698bc3834c8b764c5f21e37f4,2026-03-03T12:11:15-05:00,191,stitch,cmd/cat,cmd,srd006,,False,"Task 191: Implement cmd/cat differential tests (prd006-cat R1, R2, R4, R5)",540339,5993,41451,498877,0.6599,1261,0,-1261,932,0,-932,100,1,412,0
b7b6bc0e1f08e62b2617136542bc914b52327448,2026-03-03T12:17:53-05:00,192,stitch,pkg/format,pkg,srd003,,False,Task 192: Test prd003-format R1 (columns/padding) and R3 (human-readable sizes),756227,13819,48307,704159,1.0209,1261,0,-1261,1344,0,-1344,242,2,422,0
d90eeb2c5cd2ff37cbd25b6e74c111a32b33de5a,2026-03-03T12:29:18-05:00,193,stitch,pkg/format,pkg,srd003,,False,Task 193: Implement pkg/format ANSI color output per prd003-format R2,1009108,3871,69904,939191,1.0049,1261,0,-1261,1766,0,-1766,112,2,135,3
1037f6c26219568543491c4d33261f4d4bc77448,2026-03-03T12:46:50-05:00,194,stitch,cmd/sponge,cmd,,,False,Task 194: Implement cmd/sponge main.go per sponge PRD,1201464,34355,70433,1131014,1.8721,1393,0,-1393,1766,0,-1766,525,1,381,0
aaea52dfc4d460a3ed61c2269bf8ed4f08113ecb,2026-03-03T13:04:56-05:00,195,stitch,cmd/du,cmd,,,False,Task 195: Implement cmd/du main.go -- directory traversal and disk usage reporting (rel01.3-uc001-du),1977240,44310,121678,1855545,2.86,1774,0,-1774,1766,0,-1766,724,1,379,0
b11657d7bb3669e9f31496c72d11c651ffc8fb77,2026-03-03T13:10:39-05:00,196,stitch,cmd/sponge,cmd,srd007,,False,Task 196: Implement differential tests for cmd/sponge (prd007-sponge R1-R5),703175,8952,50642,652521,0.8686,2153,0,-2153,1766,0,-1766,142,1,293,0
dc93267a680ceb6e046c25deac320ac97fa2bf52,2026-03-03T13:16:21-05:00,197,stitch,cmd/du,cmd,srd009,,False,"Task 197: Implement du differential tests (prd009-du R1, R2, R3, R4)",538392,7339,48107,490275,0.7298,2153,0,-2153,2059,0,-2059,122,1,421,0
ae84edae1921eef3a31ce7bb60f54230806be3df,2026-03-03T13:20:35-05:00,198,stitch,pkg/format,pkg,srd003,"R2.1, R2.2, R2.3, R2.4, R2.6, R2.7",False,"Task 198: Add unit tests for pkg/format color output (prd003-format R2.1, R2.2, R2.3, R2.4, R2.6, R2.7)",246681,2668,37890,208785,0.4131,2153,0,-2153,2480,0,-2480,47,1,217,0
36e20c4ed55b3f617b63bb28b2042ed3a41acb9f,2026-03-03T13:26:51-05:00,199,stitch,cmd/version,cmd,srd011,,False,Task 199: Implement cmd/version per prd011-magefiles,619990,4346,38187,581790,0.6428,2153,0,-2153,2697,0,-2697,93,1,70,0
d6151c4acf2c81c09daa5bed8f6f77226d219a18,2026-03-03T13:34:47-05:00,200,stitch,cmd/version,cmd,srd011,,False,Task 200: Test cmd/version (prd011-magefiles R1),250022,2426,35563,214453,0.3915,2223,0,-2223,2697,0,-2697,46,1,155,0
29de4ceb776dd6e94982e8f69711a6e7f3ed94c4,2026-03-03T13:34:47-05:00,200,stitch,cmd/version,cmd,srd011,,False,Task 200: Test cmd/version (prd011-magefiles R1),325751,978,93865,231882,0.7467,2223,0,-2223,2852,0,-2852,60,1,155,0
b588764ea380fcd6427b6e24cb0a3aa96f12814e,2026-03-03T13:44:09-05:00,202,stitch,cmd/true,cmd,srd020,,False,Task 202: prd020-true: Write PRD for true utility (rel02.0-uc001-true),417401,4719,33077,384314,0.519,2223,0,-2223,2852,0,-2852,82,1,65,0
b8863d8eb31585e495fdacbb95748e8b441fee8a,2026-03-03T13:47:44-05:00,203,stitch,cmd/false,cmd,srd021,,False,Task 203: prd021-false: Write PRD for false utility (rel02.0-uc002-false),1129426,3388,100121,1029294,1.2768,2223,0,-2223,2852,0,-2852,122,1,65,0
299753f90913a5b896f05a706888879ea572708f,2026-03-03T13:52:11-05:00,204,stitch,cmd/true,cmd,srd020,,False,Task 204: Implement cmd/true (prd020-true),247778,2016,23378,224393,0.3137,2300,0,-2300,2852,0,-2852,41,1,77,0
68c98330d8358fc7f615316ce1acd8260d7c7f02,2026-03-03T13:52:11-05:00,204,stitch,cmd/true,cmd,srd020,,False,Task 204: Implement cmd/true (prd020-true),367222,2510,26305,340907,0.4021,2223,0,-2223,2852,0,-2852,56,1,77,0
c90d35472bdbec663e540087754c3ac14ccefc00,2026-03-03T14:03:42-05:00,205,stitch,cmd/true,cmd,srd020,,False,"Task 205: cmd/true differential tests (prd020-true R1, R2, R3, R5)",239282,2129,32854,206422,0.3628,2300,0,-2300,2852,0,-2852,40,1,151,0
4c201bc16e4a62193d892ff7f559875118cb64c3,2026-03-03T18:36:29-05:00,225,stitch,pkg/testutils,pkg,,,False,Task 225: pkg/testutils: Implement DiffTest struct and differential runner (rel00.0-uc004),753856,22718,57145,696698,1.2755,0,0,0,0,0,0,474,1,305,0
5b7867e86e4baad67e957c4c52818ef1ae3083e8,2026-03-03T18:46:55-05:00,226,stitch,pkg/testutils,pkg,srd001,"R2.1, R3.2, R3.3, R3.4",False,"Task 226: Test pkg/testutils RunDiffTests core comparison (prd001 R2.1, R3.2, R3.3, R3.4)",442202,23817,55372,386822,1.1363,305,0,-305,0,0,0,426,1,247,0
f766ea6121fbf39617055a98297fdc65878d75c0,2026-03-03T19:03:25-05:00,227,stitch,pkg/format,pkg,,,False,"Task 227: Implement pkg/format/ core formatting -- sizes, colors, columns (rel00.0-uc002-format)",1483942,38566,70200,1413721,2.1147,305,0,-305,247,0,-247,694,3,292,0
d37d39b0555508c5d5b1c689c57887ad271689c4,2026-03-03T19:11:42-05:00,228,stitch,pkg/sys,pkg,srd002,,False,Task 228: Implement pkg/sys file metadata abstraction (prd002-sys R3),994829,17238,55329,939484,1.2486,597,0,-597,247,0,-247,305,5,111,0
ace04511e73ee4d6cce187088545e3f6f1d5a3c1,2026-03-03T19:20:09-05:00,229,stitch,pkg/format,pkg,srd003,R2.1-R2.4,False,Task 229: prd003-format R2.1-R2.4: FileTypeColor and color detection unit tests,470577,4530,36025,434541,0.5576,704,0,-704,247,0,-247,134,1,227,0
1b8fa34a5f1b7baefe7303356e37f11aa701f79e,2026-03-03T19:24:12-05:00,230,stitch,pkg/format,pkg,srd003,R1.1-R1.4,False,Task 230: prd003 R1.1-R1.4: Tests for pkg/format column layout,367257,5703,41518,325731,0.5674,704,0,-704,474,0,-474,98,1,287,0
eee1d270cf557a26fdcc2694a3009714275887cb,2026-03-03T19:28:34-05:00,231,stitch,pkg/format,pkg,srd003,R3.1-R3.4,False,Task 231: Tests for pkg/format HumanSize -- prd003 R3.1-R3.4,278912,4335,45314,233592,0.5167,704,0,-704,761,0,-761,70,1,260,0
1641807e2008785e13cd00579b1f17220ffb6a07,2026-03-03T19:47:39-05:00,232,stitch,pkg/sys,pkg,srd002,R2.1-R2.3,False,"Task 232: prd002-sys R2.1-R2.3: tests for Stat, Lstat, and FileMetadata",221826,7750,45627,176194,0.568,704,0,-704,1021,0,-1021,115,1,215,0
ba67d5533b5166a7ff53da4ea93830316f980b5d,2026-03-03T20:03:33-05:00,233,stitch,cmd/cat,cmd,,,False,"Task 233: rel01.1-uc001-cat: cmd/cat implementation -- input handling, line decoration, character display, exit codes",1526718,25973,63234,1463462,1.7871,704,0,-704,1236,0,-1236,439,1,282,0
759b9c65575c008c48ddba3e16d17236f0d849ae,2026-03-03T20:18:51-05:00,234,stitch,cmd/sponge,cmd,,,False,"Task 234: cmd/sponge implementation -- sponge PRD core requirements (stdin buffering, file write, append mode)",1264944,32285,64265,1200661,1.8715,986,0,-986,1236,0,-1236,627,1,328,0
44d5e125a952b3c7261431673adf19aefcb92be1,2026-03-03T20:26:47-05:00,235,stitch,cmd/cat,cmd,srd006,"R1.1, R1.2, R5.2, R5.3",False,"Task 235: Implement cat differential tests for prd006-cat R1.1, R1.2, R5.2, R5.3",663902,13838,54459,609432,0.9926,1314,0,-1314,1236,0,-1236,250,1,151,0
2bdb09b5dfc14acd3e7c71b3beb8b56e31d2d6db,2026-03-03T20:30:56-05:00,236,stitch,cmd/sponge,cmd,srd007,"R1.1, R2.1, R3.1, R4.1",False,"Task 236: Implement cmd/sponge differential tests (prd007 R1.1, R2.1, R3.1, R4.1)",284313,3782,43128,241179,0.4862,1314,0,-1314,1387,0,-1387,68,1,230,0
d1ef1c4e6ddaff2c1e9b285eea5aabf5ac9c6bf1,2026-03-03T20:47:12-05:00,237,stitch,cmd/du,cmd,,"R1.1, R1.2, R2.1, R5.1",False,"Task 237: Implement cmd/du core directory traversal and disk usage output (prd-du R1.1, R1.2, R2.1, R5.1)",1934819,23885,71173,1863619,1.9819,1314,0,-1314,1617,0,-1617,430,1,161,0
49f152d1f5b49fd98635499d0a821de97a59c39b,2026-03-03T21:06:57-05:00,238,stitch,cmd/du,cmd,srd009,"R1.1, R1.2, R1.3, R1.5",False,"Task 238: cmd/du: differential tests for prd009-du R1.1, R1.2, R1.3, R1.5",339849,3328,42194,297648,0.4973,1475,0,-1475,1617,0,-1617,72,1,213,0
427f80386050d16e2754c1193e2205802dc9700a,2026-03-03T21:15:50-05:00,239,stitch,cmd/du,cmd,srd009,"R1.1, R1.2, R1.3, R1.5",False,"Task 239: cmd/du: differential tests for prd009-du R1.1, R1.2, R1.3, R1.5",636437,5991,50348,583206,0.772,1475,0,-1475,1830,0,-1830,130,1,31,2
17e11a7d95b36208fea0a4d0f97e787d5edfa743,2026-03-03T21:24:07-05:00,240,stitch,cmd/wc,cmd,srd005,"R1.1, R1.2, R1.3, R1.5",False,"Task 240: cmd/wc: implement core line/word/byte counting per prd005-wc R1.1, R1.2, R1.3, R1.5",714589,24237,59624,654953,1.3092,1475,0,-1475,1859,0,-1859,444,1,227,0
36c6e10b481a52f9617f02c42c5057623f2b36c1,2026-03-03T21:28:18-05:00,241,stitch,cmd/wc,cmd,srd005,"R1.1, R1.2, R1.3, R1.4",False,"Task 241: cmd/wc differential tests -- prd005-wc R1.1, R1.2, R1.3, R1.4",418020,4728,45958,372054,0.5937,1702,0,-1702,1859,0,-1859,83,1,263,0
44e2d713bfeb6fc8db7ff91a7d2bb01b59462868,2026-03-03T21:40:30-05:00,242,stitch,cmd/version,cmd,srd011,,False,"Task 242: cmd/version: implement version reporting command (prd011-magefiles, rel00.0-uc001)",422465,4597,38748,383588,0.553,1702,0,-1702,2122,0,-2122,98,1,43,0
436ba8870c08107a85861f1cc7b2ea2da83ba24a,2026-03-03T21:52:27-05:00,243,stitch,cmd/ls,cmd,srd008,R1.1-R1.4,False,"Task 243: prd008-ls R1.1-R1.4: Directory entry listing, argument handling, sorting, and one-per-line output for cmd/ls",2854865,7211,100443,2754395,2.1926,1745,0,-1745,2122,0,-2122,159,1,177,0
4952841155bfca48bd17cbef1896bb6adbca5788,2026-03-03T21:55:51-05:00,244,stitch,cmd/ls,cmd,srd008,"R1.2, R1.3, R1.4, R6.2",False,"Task 244: prd008-ls R1.2, R1.3, R1.4, R6.2 -- ls core differential tests",440688,3827,40166,400513,0.5485,1922,0,-1922,2122,0,-2122,75,1,208,0
7606984615d3696e98a8dbbe4772a2f8f090a3b9,2026-03-03T22:09:07-05:00,245,stitch,cmd/ls,cmd,srd008,R1.1,False,Task 245: prd008-ls R1.1: Implement multi-column terminal output with pkg/sys terminal width,1022794,12252,57402,965375,1.1512,1922,0,-1922,2330,0,-2330,201,2,130,10
68ce9d9e9d0d656e3cbad04a5155efd5c288c875,2026-03-03T22:28:08-05:00,246,stitch,pkg/sys,pkg,srd002,"R1.1, R1.2",False,"Task 246: prd002-sys R1.1, R1.2 -- Add TerminalWidth unit tests",145566,2313,33274,112288,0.3229,2042,0,-2042,2330,0,-2330,47,1,113,0
65cd03b35d2b96a9ea56c941d3648b216d3cbac3,2026-03-03T22:44:14-05:00,247,stitch,cmd/ls,cmd,srd008,,False,Task 247: prd008-ls: Add --color flag to ls (auto/always/never),4065867,18001,123189,3940758,3.2067,2042,0,-2042,2443,0,-2443,375,1,73,29
b1e391e385dfadbbdf57c12aca65e38f0b80edf5,2026-03-03T22:51:03-05:00,248,stitch,cmd/cat,cmd,srd006,"R2.1, R2.3, R3.1, R4.3",False,"Task 248: cmd/cat differential tests for prd006-cat R2.1, R2.3, R3.1, R4.3",732106,4185,43200,688892,0.7214,2086,0,-2086,2443,0,-2443,99,1,102,2
fb670a6f54d9ff4b3176e6d60cd7a59fe8d0b3ee,2026-03-03T23:00:05-05:00,249,stitch,pkg/testutils,pkg,srd001,"R4.2, R4.3, R4.4",False,"Task 249: Test prd001-testutils R4.2, R4.3, R4.4 normalization functions",261573,2257,39856,221711,0.4203,2086,0,-2086,2543,0,-2543,45,1,134,0
e7d539702b3ba5b93d28929eb61fc6ef67786918,2026-03-03T23:06:50-05:00,250,stitch,cmd/cat,cmd,srd006,"R3.2, R4.1, R4.2, R4.4",False,"Task 250: prd006-cat R3.2, R4.1, R4.2, R4.4: Differential tests for cross-boundary squeeze and non-printing display",468323,3583,45313,423001,0.5858,2086,0,-2086,2677,0,-2677,68,1,140,2
55ff395941d834343cedf034e6d7750fa164afdd,2026-03-03T23:18:53-05:00,253,stitch,cmd/cat,cmd,srd006,"R4.5, R4.6, R4.7, R4.8",False,"Task 253: prd006-cat R4.5, R4.6, R4.7, R4.8 -- differential tests for flag aliases -A, -e, -t, and -u",888800,6002,53938,834847,0.9057,2086,0,-2086,2815,0,-2815,104,1,102,2
c3754b37fb7ed1d45176c3f8339689e81ca3948a,2026-03-03T23:24:07-05:00,254,stitch,,other,,,False,"Task 254: Write PRDs for true and false utilities (rel02.0-uc001, rel02.0-uc002)",473112,3383,105452,367655,0.9275,2086,0,-2086,2915,0,-2915,56,2,135,0
ce3be5cb710334543537ae508cf09ebf53f8d978,2026-03-03T23:29:19-05:00,255,stitch,cmd/true,cmd,srd012,,False,"Task 255: cmd/true, cmd/false: implement prd012-true and prd013-false exit-code behavior",573076,7594,34883,538180,0.6825,2086,0,-2086,2915,0,-2915,143,2,102,0
b9f4ad51120bd1ae87eb8d7572aaba5337ffe3f5,2026-03-03T23:33:07-05:00,256,stitch,cmd/false,cmd,srd013,"R1.1, R1.2, R1.3, R1.5",False,"Task 256: Differential tests for cmd/false -- prd013-false R1.1, R1.2, R1.3, R1.5",275222,1779,39935,235281,0.4127,2188,0,-2188,2915,0,-2915,39,1,90,0
f0ed1b6c744a038c1462b600e96fe8ca59f62bea,2026-03-03T23:35:44-05:00,257,stitch,cmd/true,cmd,srd012,"R1.1, R1.2, R1.3, R1.5",False,"Task 257: Implement cmd/true differential tests for prd012-true R1.1, R1.2, R1.3, R1.5",241328,1821,33211,208111,0.3587,2188,0,-2188,3005,0,-3005,42,1,90,0
9f9f92135de72c6ef37ee320635a4bb0241dc703,2026-03-03T23:46:00-05:00,258,stitch,cmd/du,cmd,srd009,"R2.1, R2.2, R2.3, R2.4",False,"Task 258: cmd/du prd009-du R2.1, R2.2, R2.3, R2.4 -- implement -a, -s, -c, -d display mode flags",807773,5754,44000,763757,0.8018,2188,0,-2188,3095,0,-3095,117,1,69,19
9a7ff30318243607543308650568b45aa882fb34,2026-03-03T23:51:18-05:00,259,stitch,cmd/du,cmd,srd009,"R2.2, R2.3, R2.4, R2.7",False,"Task 259: cmd/du: differential tests for prd009-du R2.2, R2.3, R2.4, R2.7",524861,2772,48375,476476,0.6114,2238,0,-2238,3095,0,-3095,55,1,82,1
011a79f9d06ef67da6cabca9e7c1c9c8bafda75c,2026-03-03T23:58:07-05:00,260,stitch,cmd/magefiles,cmd,srd011,"R1.1, R1.2, R1.4",False,"Task 260: prd011-magefiles R1.1, R1.2, R1.4: cmd/version unit tests",231561,2255,31773,199782,0.3561,2238,0,-2238,3176,0,-3176,50,1,143,0
3af989c44e98e3a455e3c5ae4e8caa07b3c13b79,2026-03-04T19:15:16-05:00,280,stitch,pkg/format,pkg,,,False,Task 280: Implement pkg/format shared formatting library [rel00.0-uc002-format],2140710,52701,84837,2055847,2.881,0,0,0,0,0,0,856,6,667,0
8b65cdf9aca4ce9ee03216faa1d67288c76a1d99,2026-03-05T08:22:09-05:00,282,stitch,pkg/testutils,pkg,,,False,Task 282: Implement pkg/testutils DiffTest differential testing harness (rel00.0-uc004),1118741,40569,43516,1075036,1.8269,284,0,-284,383,0,-383,681,2,262,0
626ef251e0e3b7b4173853fcf27a41c635a2489a,2026-03-05T12:51:02-05:00,290,stitch,cmd/version,cmd,,,False,Task 290: Implement magefiles build lifecycle and cmd/version binary (rel00.0-uc001),5992101,40301,81338,5910689,4.5059,419,0,-419,510,0,-510,789,2,98,0
c3e95c4bfe9e12f941b28d501b4c6abbfce674c1,2026-03-05T17:41:54-05:00,293,stitch,cmd/cat,cmd,,,False,Task 293: Implement cmd/cat file concatenation and output transformation (prd-cat R1-R4),1801240,39404,86758,1714287,2.3934,458,0,-458,510,0,-510,661,1,267,0
3baf8ea6c8ebe999f8cf3d11d262f86d5453ac82,2026-03-05T17:51:12-05:00,295,stitch,pkg/sys,pkg,,,False,Task 295: Implement pkg/sys syscall abstractions (rel00.0-uc003) [retry],1767145,22789,71456,1695666,1.8673,725,0,-725,510,0,-510,368,6,413,0
6cc472a6705a6c92704763c894b8e3032d46840d,2026-03-05T18:02:19-05:00,297,stitch,cmd/cat,cmd,,,False,Task 297: Write differential tests for cmd/cat (rel01.1-uc001-cat),621754,26002,65696,556048,1.3409,957,0,-957,687,0,-687,424,1,350,0
95eae1ee84df12d0525a2f912072d1764fff0ca6,2026-03-05T22:34:06-05:00,299,stitch,cmd/sponge,cmd,,,False,Task 299: Implement cmd/sponge main.go and differential tests (rel01.2-uc001),1787517,38344,159992,1627507,2.7761,957,0,-957,1037,0,-1037,624,2,579,0
3f0907562124c0f4b5c4b484ea3056afc041a1cd,2026-03-05T22:57:19-05:00,304,stitch,cmd/du,cmd,,,False,Task 304: cmd/du implementation -- rel01.3-uc001-du core disk usage traversal and reporting,2435259,51218,192955,2242284,3.6839,1153,0,-1153,1420,0,-1420,876,1,312,0
699c8d80bdb77a21dd7c859211653d4c051581c9,2026-03-05T23:14:30-05:00,306,stitch,cmd/wc,cmd,,,False,"Task 306: Implement cmd/wc core counting (-l, -w, -c) -- rel03.0-uc001-wc",5135655,17578,98701,5036904,3.5945,1465,0,-1465,1420,0,-1420,404,1,463,0
068e82cb19728a1fb77d9066f0af90d9e3e9afea,2026-03-05T23:35:09-05:00,308,stitch,,other,,,False,"Task 308: Implement ls core -- directory reading, filtering, sorting, and output (ls PRD)",2488838,33447,204338,2284479,3.2625,1928,0,-1928,1420,0,-1420,607,1,374,0
7fc171915e2e5cd3f08fb61dc508897d8838f950,2026-03-05T23:58:17-05:00,310,stitch,,other,,,False,Task 310: Implement ls extended sorting and time display -- rel04.1-uc001-ls-extended,2177761,33181,147805,2029931,2.7698,2302,0,-2302,1420,0,-1420,615,5,239,57
e04ededa90d244a971f974b6d8b26ed13b99993a,2026-03-06T10:47:38-05:00,331,stitch,cmd/true,cmd,,,False,"Task 331: Implement cmd/true and cmd/false -- prd true R1-R2, prd false R1-R2",901086,13815,61728,839336,1.151,0,0,0,0,0,0,225,6,387,0
875f10f22cf897e4bc8fae538b3e5ba1526af6bc,2026-03-06T10:50:55-05:00,332,stitch,cmd/yes,cmd,,,False,Task 332: Implement cmd/yes -- prd yes R1-R2,877212,5051,53044,824145,0.87,247,0,-247,140,0,-140,109,2,192,0
644b102bebe83674892a1aa5c666bcf90947af5c,2026-03-06T10:56:24-05:00,333,stitch,cmd/basename,cmd,,,False,"Task 333: Implement cmd/basename and cmd/dirname -- prd basename R1-R2, prd dirname R1-R2",1201221,15166,66016,1135181,1.3595,316,0,-316,263,0,-263,251,4,510,0
4a8eea3ac41f9d602b861f9cb0cc52d80eb98c4a,2026-03-06T11:56:49-05:00,340,stitch,cmd/tee,cmd,,,False,Task 340: cmd/tee implementation: rel02.1-uc001-tee core functionality,1385121,13360,55381,1329612,1.3456,0,267,267,0,0,0,256,3,269,0
8ebaf27b2d28eb23b614de700ea21fabff1c9a7b,2026-03-06T12:02:31-05:00,341,stitch,cmd/tee,cmd,,,False,Task 341: rel02.1-uc001-tee: differential tests for cmd/tee,834095,10274,57369,776705,1.0039,267,267,0,0,267,267,193,1,267,0
55f7c6aecf384b51ad5d1e2370c56340de34a986,2026-03-06T12:17:48-05:00,343,stitch,cmd/head,cmd,,,False,"Task 343: Implement cmd/head -- prd-head R1-R4: default line output, -n/-c flags, multi-file headers, SIGPIPE",2376255,38097,95856,2280362,2.6919,0,376,376,0,178,178,593,4,554,0
76341543947813108b13bf8eea3b0ea8c2eb0ea1,2026-03-06T12:22:28-05:00,344,stitch,cmd/seq,cmd,,,False,"Task 344: Task: Implement cmd/seq -- prd-seq R1-R4: numeric sequence output, -w/-s/-f flags, SIGPIPE",2084314,10844,70411,2013865,1.7183,376,648,272,178,353,175,210,2,447,0
2d0350fe1f255328b1ed0cbf0db89825afea1873,2026-03-06T12:28:34-05:00,346,stitch,cmd/echo,cmd,,,False,Task 346: cmd/echo: implement echo utility (prd-echo R1-R4),1018305,9481,56688,961594,1.0722,0,183,183,0,212,212,172,2,395,0
372e1c9b53df7787d511c9dac0cfc58509ee3cd6,2026-03-06T12:37:34-05:00,347,stitch,cmd/tac,cmd,,,False,Task 347: cmd/tac: implement tac utility (prd-tac R1-R4),966263,26763,77602,888644,1.5985,183,383,200,212,339,127,468,2,327,0
47ff97d194ec4e2fb015a5eb9bbba5e9b3f8b8d5,2026-03-06T12:44:39-05:00,348,stitch,cmd/nl,cmd,,,False,Task 348: cmd/nl: implement nl utility (prd-nl R1-R4),2664730,14816,76106,2588577,2.1406,383,726,343,339,523,184,353,2,527,0
449b5dcc0c2dc753572589303a5f7d45a85d455a,2026-03-06T12:53:58-05:00,349,stitch,cmd/fold,cmd,,,False,Task 349: cmd/fold: implement fold utility (prd-fold R1-R4),4466998,26273,97013,4369927,3.4484,726,1154,428,523,706,183,498,4,611,0
a9bc8aad01058ffeb0d01aefe59a3a281d41634c,2026-03-06T13:01:45-05:00,351,stitch,cmd/expand,cmd,,,False,Task 351: Implement cmd/expand (rel05.1-uc001-expand),1608580,12517,64051,1544493,1.4857,0,375,375,0,142,142,258,4,517,0
b7dee01b25de5cab260d453d435e5ada4138a1be,2026-03-06T13:07:06-05:00,352,stitch,cmd/unexpand,cmd,,,False,Task 352: Task: Implement cmd/unexpand (rel05.1-uc002-unexpand),1924629,16309,76680,1847913,1.8111,375,625,250,142,287,145,252,2,395,0
0fb74de345f315948ab314eb4ee9552bb3d1f0f7,2026-03-06T13:15:28-05:00,354,stitch,cmd/cut,cmd,,,False,"Task 354: Implement cmd/cut -- prd-cut R1-R4: selection modes, delimiters, file handling, exit codes",497072,10760,53006,444050,0.8224,0,469,469,0,0,0,154,2,469,0
2eed41fa176b2e323635911ae64499412b58e03c,2026-03-06T13:21:01-05:00,355,stitch,cmd/paste,cmd,,,False,"Task 355: Implement cmd/paste -- prd-paste R1-R4: parallel merge, serial mode, delimiters, file handling",2503766,12740,65036,2438682,1.9446,469,779,310,0,241,241,254,2,551,0
86a3889b55304251b91d7a4aeb3c2fd467444c3b,2026-03-06T13:33:51-05:00,357,stitch,cmd/uniq,cmd,,,False,Task 357: Implement cmd/uniq -- core line deduplication (prd-uniq R1-R4),1575475,17160,67932,1507508,1.6075,0,273,273,0,0,0,250,2,273,0
c77ef2474de17148a29d2c6bda708e34c99441d7,2026-03-06T13:44:12-05:00,358,stitch,cmd/comm,cmd,,,False,Task 358: Implement cmd/comm -- sorted file comparison (prd-comm R1-R4),1719170,32079,84365,1634776,2.1468,273,522,249,0,181,181,529,2,430,0
de7315a52605d6efbc17d70f25378ba34a1788c0,2026-03-06T14:01:46-05:00,360,stitch,cmd/md5sum,cmd,,,False,"Task 360: Implement checksum quartet cmd/md5sum, cmd/sha1sum, cmd/sha256sum, cmd/sha512sum (rel05.4)",1622980,43840,96633,1526322,2.4632,0,817,817,0,192,192,619,10,1009,0
2408aa38a9196fa9e339ca0f301d719ac8774dd9,2026-03-06T14:06:58-05:00,361,stitch,cmd/md5sum,cmd,,,False,"Task 361: Implement checksum quartet cmd/md5sum, cmd/sha1sum, cmd/sha256sum, cmd/sha512sum (rel05.4)",205593,1089,52844,152742,0.4339,837,837,0,204,204,0,31,8,48,16
8624e8e8e356906eabeeb1811fadf330f371c06a,2026-03-06T14:06:58-05:00,361,stitch,cmd/md5sum,cmd,,,False,"Task 361: Implement checksum quartet cmd/md5sum, cmd/sha1sum, cmd/sha256sum, cmd/sha512sum (rel05.4)",1583896,15133,150365,1433504,2.035,817,837,20,192,204,12,216,8,48,16
1a218ed9526e5ef8ed9a41b4030792ae163bea1c,2026-03-06T14:23:56-05:00,365,stitch,,other,,,False,"Task 365: Implement checksum quartet cmd/ binaries (prd md5sum, sha1sum, sha256sum, sha512sum)",1655490,14706,85870,1569595,1.6893,837,876,39,204,204,0,237,4,53,14
505db35ae847c6b1290076866551ae6628294f79,2026-03-06T14:23:56-05:00,365,stitch,,other,,,False,"Task 365: Implement checksum quartet cmd/ binaries (prd md5sum, sha1sum, sha256sum, sha512sum)",438140,2360,61025,377104,0.629,876,876,0,204,204,0,60,4,53,14
fb24484c324a3292384f726284a6dbf63a439320,2026-03-06T14:41:35-05:00,371,stitch,cmd/md5sum,cmd,,,False,"Task 371: Implement cmd/md5sum, cmd/sha1sum, cmd/sha256sum, cmd/sha512sum (rel05.4 checksum quartet)",617104,5144,61671,555415,0.7918,876,876,0,204,204,0,88,4,8,8
f5ec3690d6ddeeab25c28dca9982da3e3b4f9afd,2026-03-06T14:41:35-05:00,371,stitch,cmd/md5sum,cmd,,,False,"Task 371: Implement cmd/md5sum, cmd/sha1sum, cmd/sha256sum, cmd/sha512sum (rel05.4 checksum quartet)",508389,2476,61267,447110,0.6684,876,876,0,204,204,0,70,4,8,8
f0398d37d1e306588a188b64c0fd3227f53aa2d7,2026-03-06T14:52:38-05:00,375,stitch,cmd/md5sum,cmd,,,False,"Task 375: Implement cmd/md5sum, cmd/sha1sum, cmd/sha256sum, cmd/sha512sum (rel05.4 R1-R4 checksum computation and verification)",723427,8453,64230,659179,0.9424,876,960,84,204,204,0,163,4,92,8
430b5ba4e83ab0f7128a2a7877ae22298460293a,2026-03-06T19:13:43-05:00,387,stitch,cmd/ts,cmd,,,False,Task 387: cmd/ts: implement ts utility (prd-ts core requirements),10,2232,51911,252127,0.5064,595,595,0,168,168,0,46,4,763,0
a037cbd149a491d0d3e267f139d7ea95bd2774e0,2026-03-06T19:13:43-05:00,387,stitch,cmd/ts,cmd,,,False,Task 387: cmd/ts: implement ts utility (prd-ts core requirements),33,30695,78779,1766113,2.143,0,595,595,0,168,168,569,4,763,0
18786213241bd03dc7e1cc3c66d77c8fc12e42d0,2026-03-06T19:21:21-05:00,389,stitch,cmd/ts,cmd,srd004,,False,"Task 389: cmd/ts implementation (prd004-ts R1-R4): stdin timestamp prefixing with format, elapsed, and incremental modes",27,9298,54548,857229,1.0021,595,611,16,168,168,0,177,1,24,8
13502050bc35ddb84701eee266725b67b54c00d8,2026-03-06T19:30:18-05:00,390,stitch,cmd/ts,cmd,,,False,Task 390: cmd/ts: implement ts utility (prd-ts R1-R4),18,24902,66205,637335,1.3551,611,415,-196,168,114,-54,442,2,187,437
2801e708c674c27a8f148da6b57006218c5df338,2026-03-06T19:30:18-05:00,390,stitch,cmd/ts,cmd,,,False,Task 390: cmd/ts: implement ts utility (prd-ts R1-R4),13,2511,45584,265806,0.4806,415,415,0,114,114,0,56,2,187,437
6abf722dba1b4077db9782d00ae46fe864cec03e,2026-03-06T19:40:30-05:00,393,stitch,cmd/ts,cmd,,,False,Task 393: Implement cmd/ts main.go -- ts timestamp stdin utility,21,5469,49600,554095,0.7239,415,421,6,114,114,0,115,1,11,5
290ab5133da9c0d52753bbb79dc8c6a18976beac,2026-03-06T19:40:30-05:00,393,stitch,cmd/ts,cmd,,,False,Task 393: Implement cmd/ts main.go -- ts timestamp stdin utility,15,3200,47293,353849,0.5526,421,421,0,114,114,0,70,1,11,5
06544c028a0ad678280ce8c5291a3c1f6749d926,2026-03-06T19:48:06-05:00,395,stitch,cmd/ts,cmd,,,False,Task 395: cmd/ts implementation -- rel99.2-uc001-ts,24,6505,51295,700624,0.8337,421,429,8,114,114,0,142,1,11,3
0a3dc446160fd523fe9d2a160e748960ff2ace59,2026-03-06T19:55:19-05:00,396,stitch,cmd/ts,cmd,,,False,Task 396: rel99.2-uc001-ts: cmd/ts implementation,14,2007,52003,319474,0.535,587,587,0,157,157,0,48,2,211,10
eefdfa445abd12a8424ef27eb988adfa19cb3497,2026-03-06T19:55:19-05:00,396,stitch,cmd/ts,cmd,,,False,Task 396: rel99.2-uc001-ts: cmd/ts implementation,15,18325,64916,454407,1.0911,429,587,158,114,157,43,314,2,211,10
647d991d7387c04a1024c37d97acdd535e5b348f,2026-03-06T23:14:27-05:00,407,stitch,pkg/sys,pkg,srd002,,False,"Task 407: prd002-sys: implement pkg/sys FileInfo, Stat, Lstat, terminal, and signal helpers",901083,14223,62814,838249,1.1674,0,222,222,0,295,295,227,10,521,0
914e7effa66bd6cfde961713bf437cdfa9448974,2026-03-06T23:18:07-05:00,408,stitch,pkg/testutils,pkg,srd001,,False,"Task 408: prd001-testutils: implement DiffTest, RunDiffTests, and normalizers",742964,6244,53460,689484,0.8351,222,528,306,295,295,0,112,3,306,0
3c3da470bc390bcddddb817f1b4c80e84849fce4,2026-03-06T23:22:23-05:00,409,stitch,pkg/format,pkg,srd003,,False,"Task 409: prd003-format R1-R4: implement pkg/format (HumanSize, ANSI color, padding, column layout)",500880,12369,54006,446858,0.8703,528,822,294,295,645,350,184,8,644,0
8e87932506a3979e41f259f693b4624e4b50e386,2026-03-06T23:24:42-05:00,410,stitch,cmd/magefiles,cmd,srd011,,False,Task 410: prd011-magefiles cmd/version: implement version command,655709,3394,71267,584427,0.8226,822,863,41,645,758,113,70,2,154,0
6a39c4ec62cc152df56ba00f50226f2b8eb1d0a5,2026-03-06T23:27:31-05:00,411,stitch,pkg/sys,pkg,srd002,,False,"Task 411: prd002-sys tests: FileInfo, Stat, Lstat, terminal, and signal helpers",436890,4362,49311,387564,0.6111,863,863,0,758,846,88,75,3,88,0
6ce55a4fa928bc536e0027593fdbc8ef36fcd7b2,2026-03-07T07:33:59-05:00,412,stitch,pkg/format,pkg,srd003,,False,"Task 412: Task: prd003-format R1-R4 tests: HumanSize, ANSI color, padding, column layout",802633,10946,85572,717047,1.1671,863,863,0,846,984,138,154,4,201,63
c8f4d32644ede8e99abe0a0c5a62d8e91ef9c5b8,2026-03-07T07:33:59-05:00,412,stitch,pkg/format,pkg,srd003,,False,"Task 412: Task: prd003-format R1-R4 tests: HumanSize, ANSI color, padding, column layout",177997,953,61179,116812,0.4646,863,863,0,984,984,0,28,4,201,63
601304325daa511a8e99d5af230f35cc20817673,2026-03-07T07:41:36-05:00,414,stitch,pkg/testutils,pkg,srd001,,False,"Task 414: Task: prd001-testutils R1-R4 implementation: DiffTest, RunDiffTests, normalizers",1750692,13230,93291,1657373,1.7426,863,853,-10,984,1292,308,236,3,323,25
cad5ce9abfd649272b91a13648e7f692ffdcd7eb,2026-03-07T07:45:25-05:00,415,stitch,pkg/testutils,pkg,srd001,,False,"Task 415: Task: prd001-testutils R1-R4 tests: DiffTest, RunDiffTests, normalizers",266913,1376,68821,198085,0.5636,853,853,0,1435,1435,0,35,1,143,0
8003fcd6252d67e81ac12912f579bef0051e4665,2026-03-07T07:45:25-05:00,415,stitch,pkg/testutils,pkg,srd001,,False,"Task 415: Task: prd001-testutils R1-R4 tests: DiffTest, RunDiffTests, normalizers",414665,6926,54867,359784,0.696,853,853,0,1292,1435,143,135,1,143,0
acf5ac9b48a847dfcb4d8048eea94a0117bae6dc,2026-03-07T07:55:58-05:00,419,stitch,cmd/cat,cmd,,,False,"Task 419: Task: cmd/cat prd R1-R4 implementation: file concatenation, line numbering, special characters, squeeze",688488,6112,48788,639681,0.7777,853,1089,236,1435,1435,0,119,1,236,0
b31400c4f17408434b088671d06b2b34e85debda,2026-03-07T07:59:10-05:00,420,stitch,cmd/cat,cmd,,,False,"Task 420: Task: cmd/cat prd R1-R4 differential tests: file concatenation, line numbering, special characters, squeeze",443460,4047,53742,389706,0.632,1089,1089,0,1435,1630,195,75,1,195,0
8c29d6afec0daf27e428b8aa450c0b2446104761,2026-03-07T08:02:42-05:00,422,stitch,cmd/sponge,cmd,,,False,"Task 422: cmd/sponge prd R1-R4 implementation: stdin buffering, append mode, atomic write, exit codes",217258,2391,38000,179249,0.3869,1089,1180,91,1630,1630,0,45,1,91,0
1c67fa3ec2ebd67dcd8ea8cbad307f8601a492d6,2026-03-07T08:07:28-05:00,423,stitch,cmd/sponge,cmd,,,False,"Task 423: cmd/sponge prd R1-R4 differential tests: stdin buffering, append mode, atomic write, exit codes",603042,8772,54967,548060,0.8369,1180,1180,0,1630,1823,193,161,1,193,0
278a226840c069892dcf79c4f0d1ff9c47b5b469,2026-03-07T08:33:21-05:00,425,stitch,cmd/du,cmd,srd009,,False,"Task 425: cmd/du prd009 R1-R4 implementation: directory traversal, block counting, human-readable output, summarize mode",842681,24845,43851,798814,1.2947,1180,1524,344,1823,1994,171,459,2,515,0
0cea026891908669d986b33d5b301192deb43c8e,2026-03-07T08:38:05-05:00,426,stitch,cmd/du,cmd,srd009,,False,"Task 426: Task: cmd/du prd009 R1-R4 differential tests: directory traversal, block counting, human-readable output, summarize mode",488314,14346,71480,416823,1.0139,1524,1524,0,1994,2086,92,247,1,186,94
6e8c0f4d2fb1c165d4b5c4c6c8fd65ed0b5e12ab,2026-03-07T08:43:53-05:00,429,stitch,cmd/true,cmd,,,False,"Task 429: cmd/true and cmd/false implementation: prd R1-R4 exit codes, --help, --version",283451,1984,37246,246194,0.4055,1524,1586,62,2086,2086,0,42,2,62,0
7f9a89a8c53363f507a91333d2b8d5bec1e0c82a,2026-03-07T08:49:32-05:00,430,stitch,cmd/yes,cmd,,,False,"Task 430: Task: cmd/yes implementation: prd R1-R4 repeated output, argument joining, SIGPIPE, --help/--version",639711,11481,54269,585426,0.919,1586,1643,57,2086,2211,125,227,2,182,0
35aee194b4891af105daa198cc36d2caa7eecfc0,2026-03-07T08:54:14-05:00,431,stitch,cmd/basename,cmd,,,False,"Task 431: cmd/basename implementation: prd R1-R4 path stripping, suffix removal, multiple mode, --help/--version",525216,4855,52718,472484,0.6872,1643,1823,180,2211,2355,144,87,2,324,0
2f540737ca59539e4e96bd803bfa635044700266,2026-03-07T08:56:38-05:00,432,stitch,cmd/dirname,cmd,,,False,"Task 432: Task: cmd/dirname implementation: prd R1-R4 path stripping, multiple mode, --help/--version",585638,4099,47918,537704,0.6709,1823,1958,135,2355,2478,123,88,2,258,0
08145e728b5aaec13a9e34c7333b25a91db80d0f,2026-03-07T09:03:45-05:00,434,stitch,cmd/tee,cmd,,,False,"Task 434: Task: cmd/tee implementation: prd R1-R4 stdin fan-out, append mode, --help/--version",701826,5264,50489,651317,0.7729,1958,2097,139,2478,2633,155,98,2,294,0
4ccbc48c22274573f239646d8a943a8fa7700753,2026-03-07T09:16:48-05:00,436,stitch,cmd/head,cmd,,,False,"Task 436: Task: cmd/head implementation: prd R1-R4 line/byte counting, multi-file headers, --help/--version",886575,13143,66982,819575,1.1571,2097,2498,401,2633,2854,221,186,2,622,0
f99d93b1cc6edefe72d2903887bd626219e548ff,2026-03-07T09:21:45-05:00,437,stitch,cmd/seq,cmd,,,False,"Task 437: Task: cmd/seq implementation: prd R1-R4 sequence generation, format/separator/width flags, --help/--version",2529480,9543,132655,2396800,2.2662,2498,2867,369,2854,3012,158,182,2,527,0
22fb87c8d27b0d0af6c95a89c56339051d080b07,2026-03-07T09:37:08-05:00,439,stitch,cmd/wc,cmd,,,False,"Task 439: Task: cmd/wc implementation: prd R1-R4 line/word/byte counting, multi-file totals, --help/--version",1530435,36845,95762,1434652,2.2371,2867,3189,322,3012,3216,204,674,2,526,0
c68e22dfb07d4dc5c63554cf36a49e8797656330,2026-03-07T09:57:33-05:00,441,stitch,cmd/ls,cmd,srd008,,False,"Task 441: Task: cmd/ls implementation: prd008 R1-R4 basic listing, file arguments, single-column output, --help/--version",2346452,48837,87341,2259073,2.8965,3189,3844,655,3216,3388,172,805,2,827,0
0f4b5a713ebb32c44c215bc05e4caa55090a2293,2026-03-07T10:03:58-05:00,442,stitch,cmd/ls,cmd,srd008,,False,"Task 442: Task: cmd/ls implementation: prd008 R5-R8 hidden files, long format, sorting, directory mode",2755845,15497,86919,2668886,2.2653,3844,3948,104,3388,3495,107,297,2,233,22
ea8df785a802636e62c1b30a3c2692432689cabb,2026-03-07T10:29:36-05:00,444,stitch,cmd/ls,cmd,srd008,,False,Task 444: Task: cmd/ls implementation: prd008 R9-R12 extended ls features,2583781,54612,101947,2481799,3.2435,3948,4454,506,3495,3495,0,830,1,596,90
b692e528fac40b85be3f0d1d21389c5dd7f81b7f,2026-03-07T10:35:58-05:00,445,stitch,cmd/ls,cmd,srd008,,False,Task 445: Task: cmd/ls implementation: prd008 R13-R16 extended ls features,2784262,14654,94160,2690066,2.3001,4454,4449,-5,3495,3617,122,293,2,128,11
a9456ecb1a436a7477163475d16ffcd15fcb1dfe,2026-03-07T10:42:54-05:00,446,stitch,cmd/ls,cmd,srd008,,False,Task 446: Task: cmd/ls implementation: prd008 R17-R20 extended ls features,1934036,16052,93180,1840830,1.9042,4449,4454,5,3617,3645,28,343,2,33,0
17457f956e04f733691ff2c4b602db6bb1aa0604,2026-03-07T10:54:38-05:00,448,stitch,cmd/echo,cmd,,,False,Task 448: cmd/echo implementation: rel05.0-uc001-echo R1-R4,296684,3200,39439,257234,0.4552,4454,4626,172,3645,3645,0,66,1,172,0
fd1790aeea514902b41e49f4e55e916a6e22cea2,2026-03-07T11:01:21-05:00,449,stitch,cmd/tac,cmd,,,False,Task 449: Task: cmd/tac implementation: rel05.0-uc002-tac R1-R4,787862,18746,68608,719238,1.2571,4626,4831,205,3645,3733,88,310,2,293,0
230950da29f814245d1631f5a7415f7e433758de,2026-03-07T11:08:10-05:00,450,stitch,cmd/nl,cmd,,,False,Task 450: Task: cmd/nl implementation: rel05.0-uc003-nl R1-R4,1489229,13528,202825,1286365,2.4286,4831,5375,544,3733,3917,184,315,2,728,0
3873ac391b398f0a23ef9ddf0754d419385f9fc4,2026-03-07T11:16:10-05:00,451,stitch,cmd/fold,cmd,,,False,Task 451: Task: cmd/fold implementation: rel05.0-uc004-fold R1-R4,1423829,18081,75166,1348637,1.5963,5375,5654,279,3917,4083,166,369,2,445,0
0f61205f60a19608b9ce6edb49629b33870b2437,2026-03-07T11:24:08-05:00,453,stitch,cmd/expand,cmd,,,False,Task 453: cmd/expand implementation: rel05.1-uc001-expand R1-R4,788790,9061,59416,729354,0.9627,5654,5911,257,4083,4231,148,177,2,405,0
63a0cb90c1aff428449d86a2f3b7ced954908297,2026-03-07T11:27:32-05:00,454,stitch,cmd/unexpand,cmd,,,False,Task 454: cmd/unexpand implementation: rel05.1-uc002-unexpand R1-R4,701538,7356,57079,644440,0.863,5911,6219,308,4231,4414,183,141,2,491,0
0e048884707699647cf5ace0d918a3eed2c047a4,2026-03-07T11:36:52-05:00,456,stitch,cmd/cut,cmd,,,False,Task 456: cmd/cut implementation: rel05.2-uc001-cut R1-R4,1958618,13872,77959,1880624,1.7745,6219,6848,629,4414,4591,177,250,2,806,0
753d79f19105807c41f168a912d5d6386771230a,2026-03-07T11:41:39-05:00,457,stitch,cmd/paste,cmd,,,False,Task 457: cmd/paste implementation: rel05.2-uc002-paste R1-R4,799539,10712,232381,567135,2.1932,6848,7141,293,4591,4894,303,216,2,596,0
67af187232c074f7ed4f3eb12f1ff1faffbfd45a,2026-03-07T12:21:24-05:00,459,stitch,cmd/uniq,cmd,,,False,Task 459: cmd/uniq implementation: rel05.3-uc001-uniq R1-R4,2211519,10796,96594,2114895,1.9312,7141,7580,439,4894,5099,205,183,2,644,0
80e6c1cc9d11df8220d3ac6f47f86f3c9c71b0d1,2026-03-07T12:30:46-05:00,460,stitch,cmd/comm,cmd,,,False,Task 460: cmd/comm implementation: rel05.3-uc002-comm R1-R4,1058521,32219,95465,963037,1.8837,7580,7932,352,5099,5281,182,551,2,534,0
aadef36129aad4a520240c8789933cd7623e7f04,2026-03-07T12:30:46-05:00,460,stitch,cmd/comm,cmd,,,False,Task 460: cmd/comm implementation: rel05.3-uc002-comm R1-R4,515384,3567,60218,455153,0.6932,7932,7932,0,5281,5281,0,75,2,534,0
c55dc9bb32bdafc77bc874bdf231b188f86f24f1,2026-03-07T12:44:18-05:00,464,stitch,cmd/md5sum,cmd,,,False,Task 464: cmd/md5sum implementation: rel05.4-uc001-md5sum R1-R4,1154995,11230,69249,1085722,1.2565,7932,8301,369,5281,5455,174,193,2,543,0
03325b18f97f4d0cff3ac445aa2f4542b084a0d4,2026-03-07T12:47:20-05:00,465,stitch,cmd/sha1sum,cmd,,,False,Task 465: cmd/sha1sum implementation: rel05.4-uc002-sha1sum R1-R4,277879,6638,55188,222682,0.6223,8301,8670,369,5455,5629,174,98,2,543,0
eeca2f15336456e9331ec57770fb63663236a17d,2026-03-07T12:50:59-05:00,466,stitch,cmd/sha256sum,cmd,,,False,Task 466: cmd/sha256sum implementation: rel05.4-uc003-sha256sum R1-R4,1198630,8590,85435,1113175,1.3054,8670,9047,377,5629,5853,224,149,2,601,0
2826fd54ed09ff473e6621c944b54f0457e4958e,2026-03-07T12:55:11-05:00,467,stitch,cmd/sha512sum,cmd,,,False,Task 467: cmd/sha512sum implementation: rel05.4-uc004-sha512sum R1-R4,873214,12218,63017,810176,1.1045,9047,9424,377,5853,6077,224,194,2,601,0
a7b5f3100e21929f89679aad15b546c654553f77,2026-03-07T13:01:13-05:00,469,stitch,cmd/ts,cmd,,,False,Task 469: cmd/ts implementation: rel99.2-uc001-ts R1-R4,539389,10883,61384,477992,0.8948,9424,9686,262,6077,6077,0,183,1,262,0
ed1ed043c2281df8b9515b9359185c1b7e0bbe86,2026-03-07T15:54:34-05:00,485,measure,pkg/testutils,pkg,srd001,,False,"Task 485: [measure] prd001-testutils: Implement DiffTest, RunDiffTests, and normalizers",118604,694,42091,76507,0.3187,236,236,0,256,256,0,23,2,492,0
e538f34fb87bfab90b1735e991ff7de21b12ba76,2026-03-07T15:54:34-05:00,485,measure,pkg/testutils,pkg,srd001,,False,"Task 485: [measure] prd001-testutils: Implement DiffTest, RunDiffTests, and normalizers",799436,23127,72930,726488,1.3973,0,236,236,0,256,256,409,2,492,0
10c45119de6c6859e6fcfdefd88df8beff2b1aff,2026-03-07T16:00:51-05:00,487,measure,pkg/sys,pkg,srd002,,False,"Task 487: [measure] [stitch] prd002-sys: Implement FileInfo, Stat, Lstat, terminal queries, and SIGPIPE handler",1210691,10998,59445,1151220,1.2222,236,495,259,256,565,309,211,10,572,0
9844e9ba508a9dce6b34a571beea212bd92a9b61,2026-03-07T16:03:43-05:00,488,measure,pkg/format,pkg,srd003,,False,"Task 488: [measure] prd003-format: Implement HumanSize, color output, padding, and column layout",365071,5016,44425,320634,0.5634,495,770,275,565,565,0,89,3,275,0
80c4ac62f8e922b828b33e303a323f2cabc8cb6e,2026-03-07T16:09:07-05:00,489,measure,cmd/cat,cmd,srd004,,False,"Task 489: [measure] [stitch] prd004-cat: Implement cat utility with file concatenation, line numbering, and non-printing display",1071437,8707,58717,1012694,1.0911,770,1025,255,565,752,187,167,2,442,0
4b162a48487eb9bd3b6cef57a780b3681b1f76d8,2026-03-07T16:16:15-05:00,490,measure,cmd/sponge,cmd,srd005,,False,Task 490: [measure] prd005-sponge: Implement sponge utility with stdin buffering and file write,966730,11338,64421,902287,1.1373,1025,1119,94,752,961,209,216,2,303,0
4152dc63e52f485a893fb165b4ed2ec168c1d61f,2026-03-07T16:26:40-05:00,491,measure,cmd/du,cmd,srd009,,False,Task 491: [measure] [measure] prd009-du: Implement du utility with disk usage reporting,1930378,28712,96403,1833943,2.2375,1119,1502,383,961,1145,184,545,2,567,0
e5074fd01cfd0a29c76e703f6974d0ef9cfa08fb,2026-03-07T16:32:50-05:00,492,measure,,other,,,False,"Task 492: [measure] [rel02.0] Implement trivial utilities: true, false, yes, basename, dirname",936264,15381,75908,860336,1.2892,1502,1966,464,1145,1473,328,229,10,792,0
623dca966365b44cfdfccfd8918cc51f4b86d734,2026-03-07T16:36:30-05:00,493,measure,pkg/testutils,pkg,srd001,,False,"Task 493: [measure] prd001-testutils: Implement DiffTest, RunDiffTests, and normalizers",1524248,6995,104815,1419412,1.5398,1966,1973,7,1473,1473,0,151,2,189,182
47f72343753407aa9dbe331fb38940095682cefd,2026-03-07T16:36:30-05:00,493,measure,pkg/testutils,pkg,srd001,,False,"Task 493: [measure] prd001-testutils: Implement DiffTest, RunDiffTests, and normalizers",426504,2038,92284,334210,0.7949,1973,1973,0,1473,1473,0,60,2,189,182
fc0af8f68381f3b0e48c04ecc24be180628e443e,2026-03-07T16:49:32-05:00,499,measure,cmd/tee,cmd,,,False,Task 499: [measure] cmd/tee implementation (rel02.1-uc001-tee),580853,2827,86864,493977,0.8606,1973,2112,139,1473,1473,0,68,1,139,0
18400a670433d8f84b507704f675d1ae7c3c8adc,2026-03-07T16:53:27-05:00,500,measure,cmd/head,cmd,,,False,Task 500: [measure] cmd/head implementation (rel02.2-uc001-head),1121617,8824,67654,1053939,1.1705,2112,2459,347,1473,1651,178,155,2,525,0
7e7a3ac5510f1ba912afeb661d84cd43431924d3,2026-03-07T16:58:08-05:00,501,measure,cmd/tee,cmd,,,False,Task 501: [measure] cmd/tee implementation (rel02.1-uc001-tee),955170,10008,67189,887960,1.1142,2459,2471,12,1651,1938,287,198,2,301,2
8f1495853f999d13c6ff3e1cf6fa7438956c25d5,2026-03-07T16:58:08-05:00,501,measure,cmd/tee,cmd,,,False,Task 501: [measure] cmd/tee implementation (rel02.1-uc001-tee),209431,1463,49579,159844,0.4264,2471,2471,0,1938,1938,0,42,2,301,2
b9646e7d66888be2a54ab6c7704216a4f2cc97da,2026-03-07T17:06:15-05:00,503,measure,cmd/seq,cmd,,,False,Task 503: [measure] [measure] cmd/seq implementation (rel02.2-uc002-seq),1026643,8281,65065,961555,1.0946,2471,2859,388,1938,2079,141,148,2,529,0
1fee21fd561fe6bcd5e0a8a3af27b8ae04eb53c4,2026-03-07T17:14:23-05:00,504,measure,cmd/wc,cmd,,,False,Task 504: [measure] [measure] cmd/wc implementation (rel03.0-uc001-wc),2353456,18650,139412,2214020,2.4447,2859,3273,414,2079,2283,204,367,2,618,0
56ffd52e1e3c5c8e29c3c6e8236bde9a9999d4f9,2026-03-07T17:23:53-05:00,505,measure,cmd/ls,cmd,srd008,,False,Task 505: [measure] prd008-ls R1-R4: cmd/ls core implementation (rel04.0-uc001-ls),3120139,28506,121863,2998238,2.9736,3273,4103,830,2283,2545,262,468,2,1092,0
d28c61e87330a302f2fb7fe1987bbdc431e191f3,2026-03-07T17:33:30-05:00,506,measure,cmd/ls,cmd,srd008,,False,Task 506: [measure] prd008-ls R5-R8: cmd/ls extended flags and formatting,1986835,28263,220720,1766091,2.9692,4103,4120,17,2545,2708,163,503,2,201,21
6da04ba010517eb12ba913ecb1f834f2ba2b9858,2026-03-07T17:40:10-05:00,507,measure,cmd/echo,cmd,,,False,Task 507: [measure] rel05.0-uc001-echo: cmd/echo implementation and differential tests,745391,5899,61314,684058,0.8728,4120,4291,171,2708,2902,194,119,2,365,0
91b39ca5476cd2c13fdce293c3617aa03697c90c,2026-03-07T17:46:58-05:00,508,measure,cmd/tac,cmd,,,False,Task 508: [measure] [measure] rel05.0-uc002-tac: cmd/tac implementation and differential tests,2912299,14310,185981,2726289,3.0323,4291,4638,347,2902,3070,168,319,2,515,0
02464da6f4fb8e416594f321ba63d36d608e8909,2026-03-07T17:52:42-05:00,509,measure,cmd/nl,cmd,,,False,Task 509: [measure] rel05.0-uc003-nl: cmd/nl implementation and differential tests,1207433,12456,71653,1135755,1.3272,4638,5062,424,3070,3218,148,226,2,572,0
b70dab4bf2297b156e0b1c9033867527527c460f,2026-03-07T17:59:23-05:00,511,measure,cmd/fold,cmd,,,False,Task 511: [measure] rel05.0-uc004-fold: cmd/fold implementation and differential tests,776802,6704,60652,716131,0.9048,5062,5385,323,3218,3403,185,123,2,508,0
b57f164cbe0ed7046e461eb7d3bcf3a0ba575753,2026-03-07T18:02:48-05:00,512,measure,cmd/expand,cmd,,,False,Task 512: [measure] rel05.1-uc001-expand: cmd/expand implementation and differential tests,503377,7605,56228,447134,0.7652,5385,5635,250,3403,3551,148,130,2,398,0
a40bdaaf12acd58d54ad291ee3212688d1cde26b,2026-03-07T18:05:55-05:00,513,measure,cmd/unexpand,cmd,,,False,Task 513: [measure] rel05.1-uc002-unexpand: cmd/unexpand implementation and differential tests,237191,1289,55526,181657,0.4701,5989,5989,0,3735,3735,0,30,2,538,0
c4773308b36c9c3c90a8935d5e6630fe243836bb,2026-03-07T18:05:55-05:00,513,measure,cmd/unexpand,cmd,,,False,Task 513: [measure] rel05.1-uc002-unexpand: cmd/unexpand implementation and differential tests,376926,6270,52118,324797,0.6449,5635,5989,354,3551,3735,184,99,2,538,0
e459d32437cdea628b80ae2ea58163f10a23f202,2026-03-07T18:11:43-05:00,515,measure,cmd/cut,cmd,,,False,Task 515: [measure] rel05.2-uc001-cut: cmd/cut implementation and differential tests,1261712,11442,65934,1195751,1.2961,5989,6458,469,3735,3941,206,174,2,675,0
7ce0113ecbde3488f4be379348b53a445ff8288e,2026-03-07T18:17:06-05:00,516,measure,cmd/paste,cmd,,,False,Task 516: [measure] [measure] rel05.2-uc002-paste: cmd/paste implementation and differential tests,1231405,9903,216835,1014532,2.2788,6458,6710,252,3941,4098,157,212,2,409,0
c6d912024ce8edf615beb5a7c4b3f05d007eca19,2026-03-07T18:25:07-05:00,517,measure,cmd/uniq,cmd,,,False,Task 517: [measure] rel05.3-uc001-uniq: cmd/uniq implementation and differential tests,1480734,24728,83777,1396931,1.8404,6710,7217,507,4098,4388,290,403,2,797,0
4cbc9ab2509efcea9fd842b182df501f5b073efd,2026-03-07T18:30:27-05:00,518,measure,cmd/comm,cmd,,,False,Task 518: [measure] rel05.3-uc002-comm: cmd/comm implementation and differential tests,1117423,11400,237971,879424,2.3712,7217,7499,282,4388,4624,236,255,2,518,0
d266fa104573d140a5b377f3cddcbb9ef950ff17,2026-03-07T18:34:42-05:00,519,measure,cmd/md5sum,cmd,,,False,Task 519: [measure] rel05.4-uc001-md5sum: cmd/md5sum implementation and differential tests,1183222,7948,64828,1118368,1.1632,7499,7814,315,4624,4739,115,155,2,430,0
26174dc8322482f61025ea618555e1f132d05010,2026-03-07T18:40:22-05:00,521,measure,cmd/sha1sum,cmd,,,False,Task 521: [measure] [measure] rel05.4-uc002-sha1sum: cmd/sha1sum implementation and differential tests,557363,5783,55226,502123,0.7409,7814,8133,319,4739,4854,115,96,2,434,0
0d21ea3c4852cd865a3f2bf57abf7404427e24b1,2026-03-07T18:42:46-05:00,522,measure,cmd/sha256sum,cmd,,,False,Task 522: [measure] rel05.4-uc003-sha256sum: cmd/sha256sum implementation and differential tests,412574,5590,57259,355304,0.6753,8133,8452,319,4854,4969,115,81,2,434,0
b4e2525e6d3a0cd9a4f2cc6a5e27385bf12014be,2026-03-07T18:46:28-05:00,523,measure,cmd/sha512sum,cmd,,,False,Task 523: [measure] rel05.4-uc004-sha512sum: cmd/sha512sum implementation and differential tests,906539,7493,66560,839959,1.0234,8452,8771,319,4969,5084,115,133,2,434,0
956872cc0a540100414c269fd756130eb4ab1d23,2026-03-07T18:55:55-05:00,526,measure,cmd/ts,cmd,,,False,Task 526: [measure] rel99.2-uc001-ts: cmd/ts implementation and differential tests,2162793,26577,81261,2081496,2.2132,8771,9235,464,5084,5198,114,494,2,578,0
deb8071508a7ec589e5d30b7c360c062df4c3c3e,2026-03-07T19:05:07-05:00,527,measure,cmd/mkdir,cmd,,,False,Task 527: [measure] [measure] rel06.0-uc001-mkdir: cmd/mkdir implementation and differential tests,1202305,27058,83209,1119074,1.7562,9235,9580,345,5198,5505,307,480,2,652,0
14a7f9302c7230c794c6b96b33bef31be82f3df0,2026-03-07T19:10:07-05:00,531,measure,cmd/rmdir,cmd,,,False,Task 531: [measure] rel06.0-uc002-rmdir: cmd/rmdir implementation and differential tests,687192,8289,65055,622120,0.925,9580,9752,172,5505,5762,257,132,2,429,0
ee71934f1bedcdeb5a3800883cde79a79c493204,2026-03-07T19:22:37-05:00,532,measure,cmd/mktemp,cmd,,,False,Task 532: [measure] rel06.0-uc003-mktemp: cmd/mktemp implementation and differential tests,932225,41854,126681,805525,2.241,9752,10059,307,5762,6161,399,681,2,706,0
49fa622ca8ca7b396c2c8df2ffe0627e48b25efa,2026-03-07T19:26:35-05:00,533,measure,cmd/ln,cmd,,,False,Task 533: [measure] [measure] rel06.0-uc004-ln: cmd/ln implementation and differential tests,948369,10978,67175,881179,1.135,10059,10431,372,6161,6465,304,173,2,676,0
cff6321d6f56fc4aa10bc2bfc27ebbcd19c773c2,2026-03-07T19:29:25-05:00,534,measure,cmd/unlink,cmd,,,False,Task 534: [measure] rel06.0-uc005-unlink: cmd/unlink implementation and differential tests,585588,6525,53533,532044,0.7638,10431,10484,53,6465,6687,222,118,2,275,0
2b04187a6163b8e093c3cc0f97756569ae4718e5,2026-03-07T22:50:50-05:00,548,stitch,pkg/sys,pkg,srd002,,False,"Task 548: [stitch] Implement pkg/sys -- file metadata, terminal queries, signal handling (prd002 R1-R4)",444973,5978,37985,406977,0.5904,0,231,231,0,0,0,104,7,235,0
7c24a8b2240bdc3e52d2b53d01ebfcbd7c28ef36,2026-03-07T22:56:24-05:00,549,stitch,pkg/testutils,pkg,srd001,,False,"Task 549: [stitch] [stitch] Implement pkg/testutils -- DiffTest struct, RunDiffTests harness, normalizers (prd001 R1-R4)",709184,15241,63364,645808,1.1,231,540,309,0,396,396,249,4,705,0
cc4b222dbac203cbc624c48f5878da7c1933b1db,2026-03-07T23:00:16-05:00,550,stitch,pkg/format,pkg,srd003,,False,"Task 550: [stitch] [stitch] Implement pkg/format -- human-readable sizes, ANSI color, column alignment (prd003 R1-R4)",567467,10411,47431,520024,0.8168,540,798,258,396,738,342,156,6,600,0
f30d78faf79e0a6642a3f84b2eba02295b6c9efc,2026-03-08T21:43:14-04:00,584,stitch,pkg/sys,pkg,srd002,,False,"Task 584: [stitch] prd002-sys: Implement FileInfo, Stat, Lstat, and InstallSIGPIPEHandler (rel00.0-uc003-sys)",516728,7993,42817,473899,0.7044,0,210,210,0,282,282,127,10,496,0
76ddf94c3b24e78c68eed54b2b34ce6a4a73ff94,2026-03-08T21:49:39-04:00,585,stitch,,other,,,False,Task 585: [stitch] Task 552: [stitch] Implement cat utility with differential tests (rel01.1-uc001-cat),783859,11387,55999,727845,1.0598,210,663,453,282,567,285,238,3,738,0
dddef16954392bfe924dd443b13ef55323306d6b,2026-03-08T21:55:19-04:00,586,stitch,,other,,,False,Task 586: [stitch] Implement sponge utility with differential tests (rel01.2-uc001-sponge),732487,16657,62510,669965,1.1422,663,790,127,567,779,212,249,2,339,0
0f0c5f8a4596debae6abeb5ff6568dfe140c03f4,2026-03-08T22:09:35-04:00,587,stitch,cmd/du,cmd,srd009,,False,Task 587: [stitch] prd009-du: Implement cmd/du main and core flags (rel01.3-uc001-du),3900231,39266,85503,3814679,3.4236,790,1129,339,779,779,0,786,1,339,0
1ef3682681a22ddcff97071417156031d03d4af0,2026-03-08T22:55:27-04:00,591,stitch,pkg/sys,pkg,srd002,,False,"Task 591: [stitch] prd002-sys: Implement FileInfo, Stat, Lstat, and SIGPIPE handler",702571,6468,40998,661557,0.7488,0,189,189,0,0,0,113,5,193,0
702edcc3f287669e2061f04625293fa272d117b9,2026-03-08T22:59:01-04:00,592,stitch,cmd/cat,cmd,,,False,Task 592: [stitch] rel01.1 cat: Implement cmd/cat/main.go,971143,6810,41113,930008,0.8923,189,452,263,0,0,0,133,1,263,0
890b26f3f7b48369cc00035d8718c11a0b6e64fc,2026-03-08T23:05:03-04:00,593,stitch,cmd/sponge,cmd,,,False,Task 593: [stitch] Task: [stitch] rel01.2 sponge: Implement cmd/sponge/main.go and differential tests,647645,18843,57878,589755,1.1278,452,795,343,0,81,81,313,4,425,1
54066241286a96dae2abae1a42e2d5c4d5adf747,2026-03-08T23:56:28-04:00,597,stitch,cmd/cat,cmd,,,False,Task 597: [stitch] Implement cmd/cat -- rel01.1-uc001-cat file concatenation and display flags,975150,9862,50722,924408,1.0259,0,363,363,0,0,0,174,1,363,0
099924b43b258716ae0ba07aebb4c01702fc9d27,2026-03-09T07:45:51-04:00,602,stitch,pkg/testutils,pkg,srd001,,False,Task 602: [stitch] prd001 R1-R4: Implement pkg/testutils differential testing harness,663099,7169,49711,613374,0.7967,0,272,272,0,0,0,121,2,272,0
270f4d7f311e2b3eeca40d4ef82ea75c97f6bdfe,2026-03-09T07:49:00-04:00,604,stitch,pkg/sys,pkg,srd002,,False,Task 604: [stitch] [stitch] prd002 R1-R4: Implement pkg/sys file metadata and signal handling,396247,6866,43676,352562,0.621,272,491,219,0,192,192,105,9,415,0
350de9e50961a22108116e19a66c7db58908679b,2026-03-09T07:52:27-04:00,606,stitch,pkg/format,pkg,srd003,,False,"Task 606: [stitch] Task 606: [stitch] prd003 R1-R4: Implement pkg/format size formatting, color output, and column alignment",507679,9194,48837,458831,0.7646,491,776,285,192,505,313,122,6,598,0
2c8de512f1ffba61856461a8fd907f716100d011,2026-03-09T07:57:38-04:00,609,stitch,cmd/cat,cmd,,,False,"Task 609: [stitch] rel01.1-uc001 R1-R4: Implement cmd/cat file concatenation, line numbering, and display flags",869683,5766,60843,808826,0.9289,776,1058,282,505,505,0,98,1,282,0
7ef590d73de0cd466531159cf2f3aeaf0237e2ab,2026-03-09T07:59:31-04:00,610,stitch,cmd/cat,cmd,,,False,Task 610: [stitch] prd-cat R1-R4: Implement cmd/cat file concatenation and display options,540514,5096,49564,490939,0.6827,1058,1079,21,505,505,0,98,1,100,79
301d2ff483d55932ad0eedee3b24b59597201042,2026-03-09T08:03:22-04:00,612,stitch,cmd/sponge,cmd,,,False,Task 612: [stitch] [stitch] prd-sponge R1-R4: Implement cmd/sponge stdin buffering and file write,556769,6402,64500,492260,0.8094,1079,1264,185,505,771,266,94,2,451,0
40be7cfaaf1caaaf35c1390405fe955862dff901,2026-03-09T08:14:20-04:00,614,stitch,cmd/du,cmd,,,False,Task 614: [stitch] [stitch] prd-du R1-R4: Implement cmd/du directory traversal and disk usage reporting,3591823,27937,97249,3494531,3.0537,1264,1653,389,771,993,222,542,2,611,0
a9328ef76c3fb82753742520bdb4ab0d8fb03b22,2026-03-09T08:18:11-04:00,616,stitch,pkg/testutils,pkg,,,False,Task 616: [stitch] [stitch] prd-testutils R1-R4: Implement pkg/testutils differential testing harness,884790,6942,82745,802034,1.0918,1653,1663,10,993,993,0,143,3,209,199
1bad8885db0ee09b1b2a12cbd28bf4f228f4dc19,2026-03-09T08:18:11-04:00,616,stitch,pkg/testutils,pkg,,,False,Task 616: [stitch] [stitch] prd-testutils R1-R4: Implement pkg/testutils differential testing harness,154317,795,68251,86063,0.4895,1663,1663,0,993,993,0,25,3,209,199
8727ba0e1dbfce25cc2f407dac175b3430bbe21d,2026-03-09T08:51:15-04:00,620,stitch,pkg/sys,pkg,srd002,,False,Task 620: [stitch] prd002-sys R1-R4: Implement pkg/sys Darwin/Linux syscall abstractions,1058317,12195,93152,965153,1.3697,1663,1655,-8,993,1028,35,217,5,139,112
48dc4c8cb3f2de611c48fc19c835609b87d63a1e,2026-03-09T08:55:27-04:00,622,stitch,pkg/format,pkg,srd003,,False,"Task 622: [stitch] [stitch] prd003-format R1-R4: Implement pkg/format human-readable sizes, ANSI colors, and padding",602319,8966,51797,550510,0.8232,1655,1661,6,1028,1027,-1,164,5,96,91
fd8a9055bbe60918dd3b44dcddf0fd337b956583,2026-03-09T09:00:15-04:00,624,stitch,cmd/cat,cmd,,,False,Task 624: [stitch] [stitch] prd-cat R1-R4: Implement cmd/cat file concatenation with line numbering and character display,669793,6566,59732,610049,0.8426,1661,1661,0,1027,1358,331,125,1,331,0
8b1a71f0514ee1977e0dcc0c9a006e6764be3600,2026-03-09T09:03:02-04:00,626,stitch,cmd/sponge,cmd,,,False,Task 626: [stitch] prd-sponge R1-R4: Implement cmd/sponge stdin-to-file with append and atomic write,627739,2716,46954,580772,0.6518,1661,1661,0,1358,1358,0,70,1,3,3
1ffc64f0229f6db3e583cb6616c57cf87ac0f2bf,2026-03-09T09:06:55-04:00,628,stitch,pkg/testutils,pkg,,,False,Task 628: [stitch] [stitch] prd-testutils R1-R4: Implement pkg/testutils differential testing harness,1202089,6908,88179,1113896,1.2808,1661,1661,0,1358,1683,325,136,1,325,0
780f2adab960de65baedbaf2429567e7a9dbc655,2026-03-09T09:15:09-04:00,630,stitch,cmd/du,cmd,srd009,,False,Task 630: [stitch] Task 630: [stitch] prd009-du R1-R4: Implement cmd/du disk usage with recursive traversal and size formatting,1166630,21694,83477,1083137,1.6057,1661,1662,1,1683,1771,88,394,2,99,10
1ba20296a1193aa324150be98ce32580a7e4c784,2026-03-09T15:37:25-04:00,638,stitch,pkg/sys,pkg,srd002,R1.1-R1.4,False,Task 638: [stitch] prd002-sys R1.1-R1.4: FileInfo struct and Stat/Lstat file metadata,304719,4908,37462,267249,0.4905,0,138,138,0,114,114,72,4,252,0
cad47a6284f15aad790cfd68b6188e3ad36de412,2026-03-09T15:39:57-04:00,640,stitch,pkg/sys,pkg,srd002,R1.5-R1.7,False,Task 640: [stitch] prd002-sys R1.5-R1.7: Terminal queries and SIGPIPE handler,277403,2425,38553,238843,0.421,138,194,56,114,114,0,56,4,60,0
1be63cc0036acaf49c92b83f4e54675359a9c3ed,2026-03-09T15:46:09-04:00,642,stitch,,other,srd001,R1.1-R1.4,False,"Task 642: [stitch] [testutils] prd001 R1.1-R1.4: DiffTest struct, NormalizeFunc type, and RunDiffTests harness",1470849,18207,72699,1398128,1.6087,194,465,271,114,568,454,283,3,725,0
24765da4bc5ae5302c56d476a382d285e7354930,2026-03-09T15:49:07-04:00,644,stitch,,other,srd003,R1.1-R1.4,False,"Task 644: [stitch] [stitch] [format] prd003 R1.1-R1.4: HumanSizeOpts, HumanSize, and size formatting",339015,3805,35448,303558,0.4685,465,549,84,568,634,66,75,2,150,0
e258724997e030a7f793da852c276fc35d59d676,2026-03-09T15:52:05-04:00,646,stitch,,other,srd001,R2.1-R2.4,False,"Task 646: [stitch] [stitch] [testutils] prd001 R2.1-R2.4: BuildBinary, binary execution, and stdout/stderr/exit-code comparison",344044,5047,42570,301466,0.543,549,566,17,634,634,0,96,2,40,23
bcad73c386970448467249ecfe0431abab2d1c9f,2026-03-09T15:58:47-04:00,648,stitch,,other,srd002,R2.1-R2.4,False,"Task 648: [stitch] [sys] prd002 R2.1-R2.4: Process group management (setpgid, killpg, getpgid, setsid)",363813,2517,52894,310912,0.549,566,624,58,634,634,0,60,1,58,0
f10340b281b61182480cf717beee45daea06fda0,2026-03-09T16:02:07-04:00,650,stitch,,other,srd001,R2.5-R2.6,False,Task 650: [stitch] [testutils] prd001 R2.5-R2.6: ComposeNormalizers and TimestampNormalizer,462899,4816,39848,423040,0.581,624,640,16,634,639,5,89,3,78,57
cbf19d270d07be0ebd048f2f93a4c372d84cbd00,2026-03-09T16:06:43-04:00,652,stitch,,other,srd003,R2.1-R2.4,False,"Task 652: [stitch] [format] prd003 R2.1-R2.4: ColorEnabled, SetColorEnabled, FileTypeColor, and Reset",221546,4356,37532,184008,0.4355,640,781,141,639,639,0,87,1,141,0
9a81c638d5fb3b72f9ec7458c51f3a75bea3e520,2026-03-09T16:09:19-04:00,654,stitch,,other,srd003,R2.5-R2.7,False,Task 654: [stitch] [format] prd003 R2.5-R2.7: ResetColorEnabled and column alignment padding,257630,3435,59776,197849,0.5584,781,807,26,639,805,166,53,3,192,0
62cd12789da4ba69798e16a642e1b9438b565dd2,2026-03-09T16:12:55-04:00,656,stitch,,other,srd003,R3.1-R3.4,False,Task 656: [stitch] [stitch] [format] prd003 R3.1-R3.4: Columns layout function,692768,5082,63500,629257,0.8386,807,898,91,805,963,158,95,2,249,0
e52a2842b5668445e535b23f6d2ce5bcace8eb9b,2026-03-09T16:16:44-04:00,658,stitch,,other,srd001,R3.1-R3.4,False,Task 658: [stitch] [stitch] [testutils] prd001 R3.1-R3.4: BuildBinary and test execution helpers,367249,5513,67718,299525,0.7109,898,898,0,963,1121,158,105,1,158,0
ab074f28552a99b270cc2040ce03809260933e27,2026-03-09T16:20:41-04:00,660,stitch,,other,srd002,R2.5-R2.6,False,Task 660: [stitch] [stitch] [sys] prd002 R2.5-R2.6,534490,5427,70636,463846,0.8091,898,898,0,1121,1198,77,93,1,77,0
e33d2de65c94e3a5d9e39c16410d8d23faf199f7,2026-03-09T16:23:55-04:00,662,stitch,,other,srd002,R3.1-R3.3,False,Task 662: [stitch] [sys] prd002 R3.1-R3.3,377622,3676,68445,309171,0.6743,898,952,54,1198,1198,0,72,1,54,0
80bc6fb7c2a12eb0322bfdf64ba15f71616fc05f,2026-03-09T16:27:18-04:00,664,stitch,,other,srd003,R3.5-R3.6,False,Task 664: [stitch] [format] prd003 R3.5-R3.6,292495,5209,45212,247276,0.5365,952,952,0,1198,1212,14,102,1,14,0
64b5eb22b4ce388061c5b3c457c24cc2ff96d4fa,2026-03-09T16:30:49-04:00,666,stitch,,other,srd001,R3.5-R3.6,False,Task 666: [stitch] [testutils] prd001 R3.5-R3.6,752726,5765,80406,672310,0.9829,952,957,5,1212,1359,147,121,2,152,0
f42ab7e886d8ad1dca421659daac9f95c4f7bb3c,2026-03-09T16:30:49-04:00,666,stitch,,other,srd001,R3.5-R3.6,False,Task 666: [stitch] [testutils] prd001 R3.5-R3.6,315761,1588,72239,243517,0.613,957,957,0,1359,1359,0,45,2,152,0
70c046944c71a29dab424ed0d53100389eff3ed0,2026-03-09T17:56:04-04:00,684,stitch,pkg/testutils,pkg,srd001,R1.1-R1.4,False,Task 684: [stitch] prd001-testutils R1.1-R1.4: DiffTest struct and NormalizeFunc type,222821,5005,38339,184476,0.457,0,316,316,0,0,0,74,2,316,0
91c6c3ccc80d6f94a00a83af137a63b2e5314313,2026-03-09T17:59:54-04:00,686,stitch,pkg/testutils,pkg,srd001,R2.1-R2.4,False,Task 686: [stitch] [stitch] prd001-testutils R2.1-R2.4: RunDiffTests binary execution and comparison,84126,702,32868,51255,0.2486,325,325,0,273,273,0,17,3,490,208
3ab0ab7f346e30d20d6da9191dabf278a75f7f89,2026-03-09T17:59:54-04:00,686,stitch,pkg/testutils,pkg,srd001,R2.1-R2.4,False,Task 686: [stitch] [stitch] prd001-testutils R2.1-R2.4: RunDiffTests binary execution and comparison,563545,8855,52215,511319,0.8034,316,325,9,0,273,273,158,3,490,208
b7886373ef9d3484e6d110aba3d9e95547ddebf4,2026-03-09T18:03:59-04:00,689,stitch,pkg/testutils,pkg,srd001,R3.1-R3.4,False,Task 689: [stitch] prd001-testutils R3.1-R3.4: Normalization infrastructure,337996,3244,41688,296300,0.4898,325,331,6,273,273,0,66,2,51,45
05dc581a75cc9a536bea9995d0de05f932279f63,2026-03-09T18:07:01-04:00,691,stitch,pkg/testutils,pkg,srd001,R3.5-R3.6,False,Task 691: [stitch] [stitch] prd001-testutils R3.5-R3.6: Additional normalization functions,265726,6285,49296,216424,0.5735,331,331,0,273,503,230,105,1,230,0
f383841a0f53c784f4e272e659ec4a4fdf33dcff,2026-03-09T18:19:57-04:00,693,stitch,pkg/testutils,pkg,srd001,R4.1-R4.4,False,Task 693: [stitch] [stitch] prd001-testutils R4.1-R4.4: File expectation validation and BuildBinary helper,970392,15054,70506,899870,1.267,331,334,3,503,769,266,279,3,270,1
d55e838f079fafdbf09fc3b8acb29f16d6b1a2ee,2026-03-09T18:24:39-04:00,695,stitch,pkg/testutils,pkg,srd001,R5.1-R5.2,False,Task 695: [stitch] [stitch] prd001-testutils R5.1-R5.2: Remaining testutils requirements,800673,9737,55867,744791,0.9651,334,334,0,769,946,177,198,2,178,1
043fe54adb588bdfbc4f662fde21d97bdd126cc1,2026-03-09T18:27:04-04:00,697,stitch,pkg/sys,pkg,srd002,R1.1-R1.4,False,Task 697: [stitch] [stitch] prd002-sys R1.1-R1.4: FileInfo struct and Stat/Lstat functions,394114,3301,36548,357556,0.4898,334,477,143,946,946,0,63,3,143,0
c7711d9ce7f066cb2c7f75312398024caf3917ab,2026-03-09T18:29:17-04:00,699,stitch,pkg/sys,pkg,srd002,R1.5-R1.7,False,"Task 699: [stitch] [prd002-sys] R1.5-R1.7: TerminalWidth, IsTerminal, and terminal detection",309080,2619,36413,272659,0.4294,477,508,31,946,1003,57,54,4,92,0
f067e67979e3a03cc7964d216dcd70d95e813268,2026-03-09T18:31:51-04:00,701,stitch,pkg/sys,pkg,srd002,R2.1-R2.4,False,"Task 701: [stitch] [stitch] [prd002-sys] R2.1-R2.4: SIGPIPE handler, SIGHUP handler, SIGWINCH/OnTerminalResize, and signal installation API",365494,3888,38512,326973,0.5014,508,608,100,1003,1132,129,75,2,229,0
7c700b36fe772a0b59d59dfc99b036c95f086534,2026-03-09T18:31:51-04:00,701,stitch,pkg/sys,pkg,srd002,R2.1-R2.4,False,"Task 701: [stitch] [stitch] [prd002-sys] R2.1-R2.4: SIGPIPE handler, SIGHUP handler, SIGWINCH/OnTerminalResize, and signal installation API",137802,2330,39942,97856,0.3568,608,608,0,1132,1132,0,46,2,229,0
7687fb616258910a570ba71001dc84856eab08f8,2026-03-09T18:37:05-04:00,705,stitch,pkg/sys,pkg,srd002,R3.1-R3.3,False,Task 705: [stitch] [stitch] [prd002-sys] R3.1-R3.3: Process group management and process priority,475058,4732,61319,413731,0.7084,608,678,70,1132,1246,114,87,2,184,0
e857bab623adf4ea07019f9092d0c98aba4d8b9f,2026-03-09T18:41:00-04:00,708,stitch,pkg/format,pkg,srd003,R1.1-R1.4,False,"Task 708: [stitch] [stitch] [prd003-format] R1.1-R1.4: Human-readable size formatting (HumanSize, HumanSizeOpts)",435036,5817,12925,422101,0.4373,678,763,85,1246,1354,108,113,2,193,0
f429cecf0e1b84571376488174d8f4e710743b0f,2026-03-09T18:41:00-04:00,708,stitch,pkg/format,pkg,srd003,R1.1-R1.4,False,"Task 708: [stitch] [stitch] [prd003-format] R1.1-R1.4: Human-readable size formatting (HumanSize, HumanSizeOpts)",259969,2107,35942,224020,0.3894,763,763,0,1354,1354,0,40,2,193,0
e3f19ca5c4495f2b4def2c76f0d425e67f040698,2026-03-09T18:44:21-04:00,712,stitch,pkg/format,pkg,srd003,R2.1-R2.4,False,"Task 712: [stitch] [stitch] [prd003-format] R2.1-R2.4: ANSI color output (FileTypeColor, ColorEnabled, Reset)",366641,3452,41955,324677,0.5109,763,855,92,1354,1489,135,71,4,244,0
e99c08a8d90bb4f27845c732f53f7d33b6fe0732,2026-03-09T18:46:34-04:00,715,stitch,pkg/format,pkg,srd003,R2.5-R2.7,False,"Task 715: [stitch] [stitch] [prd003-format] R2.5-R2.7: Color override controls (SetColorEnabled, ResetColorEnabled)",332598,2345,44806,287784,0.4826,855,855,0,1489,1505,16,57,1,16,0
614ef6c8bf3a94b5274d92d90bd000af0ac0781c,2026-03-09T18:49:26-04:00,718,stitch,pkg/format,pkg,srd003,R3.1-R3.4,False,"Task 718: [stitch] [stitch] [prd003-format] R3.1-R3.4: Column alignment (PadRight, PadLeft, Columns)",288606,5998,47489,241110,0.5673,855,996,141,1505,1707,202,99,2,343,0
d5c0788e500ad9ce7a7b002a049e9929d425a75c,2026-03-09T18:54:16-04:00,722,stitch,pkg/format,pkg,srd003,R3.5-R3.6,False,Task 722: [stitch] [stitch] [prd003-format] R3.5-R3.6: Remaining column/table formatting,260042,5570,48318,211718,0.5471,996,996,0,1707,1798,91,114,1,91,0
cce79ea417be31aa83efdebfbfe44581d2a7e24f,2026-03-09T18:56:42-04:00,724,stitch,cmd/version,cmd,srd059,R1.1-R1.4,False,Task 724: [stitch] [prd059-version] R1.1-R1.4: cmd/version binary with build-time version info,513892,2759,78985,434900,0.7801,996,1049,53,1798,1915,117,55,2,170,0
55b734cb224083f4003cb312171ef8c3f37a879b,2026-03-09T19:01:27-04:00,726,stitch,cmd/cat,cmd,srd006,"R1.5, R2.1-R2.3",False,"Task 726: [stitch] [prd006-cat] R1.5, R2.1-R2.3: cat line numbering and stdin handling",742639,8161,46171,696452,0.8409,1049,1238,189,1915,1915,0,159,1,189,0
7b0fcdb3231a5487affa45f6593b083f306b888f,2026-03-09T19:05:59-04:00,728,stitch,cmd/cat,cmd,srd006,"R2.4, R3.1-R3.3",False,"Task 728: [stitch] [prd006-cat] R2.4, R3.1-R3.3: cat squeeze blank lines and display options",950636,8774,55032,895586,1.0112,1238,1262,24,1915,2131,216,159,2,250,10
6eee3f562fc0744c0e5ad5dd1d0e14cff9f2a6bd,2026-03-09T19:11:16-04:00,730,stitch,cmd/cat,cmd,srd006,R4.1-R4.4,False,Task 730: [stitch] [stitch] [prd006-cat] R4.1-R4.4: cat non-printing character display,123525,1100,33368,90153,0.2811,1367,1367,0,2264,2264,0,28,2,245,7
46af58189af0246c0e62fe7625343590c2b9421b,2026-03-09T19:11:16-04:00,730,stitch,cmd/cat,cmd,srd006,R4.1-R4.4,False,Task 730: [stitch] [stitch] [prd006-cat] R4.1-R4.4: cat non-printing character display,992513,9337,61555,930941,1.0837,1262,1367,105,2131,2264,133,180,2,245,7
a7851cf91f054e76050cb691f5a44e715293991a,2026-03-09T19:21:10-04:00,736,stitch,cmd/cat,cmd,srd006,"R4.9, R5.1-R5.3",False,"Task 736: [stitch] [prd006-cat] R4.9, R5.1-R5.3: cat remaining display and error handling",1458694,12431,67417,1391255,1.4279,1367,1385,18,2264,2310,46,263,2,70,6
b85726bf4fd596bea25803be63a7b48ab65f39d3,2026-03-09T19:24:13-04:00,738,stitch,cmd/cat,cmd,srd006,R5.4,False,Task 738: [stitch] [stitch] [prd006-cat] R5.4: cat --version and --help output,760311,3613,54524,705773,0.7841,1385,1387,2,2310,2310,0,85,2,4,2
de7158435c8c1477193cc967eaa69650c2961399,2026-03-09T19:27:41-04:00,740,stitch,cmd/sponge,cmd,srd007,R1.1-R1.4,False,Task 740: [stitch] [prd007-sponge] R1.1-R1.4: core stdin reading and temporary file buffering,663643,5250,49131,614499,0.7456,1387,1499,112,2310,2476,166,94,2,278,0
0b9e87fff7dfc6a58cb024fb05a9b55a39d52cb1,2026-03-09T19:30:28-04:00,742,stitch,cmd/sponge,cmd,srd007,"R1.5, R2.1-R2.3",False,"Task 742: [stitch] [stitch] [prd007-sponge] R1.5, R2.1-R2.3: file write-back and append mode",360474,4545,45295,315171,0.5543,1499,1566,67,2476,2476,0,81,1,78,11
236e49dac2d9171054d28dd949c2625d81b9c0c5,2026-03-09T19:36:03-04:00,744,stitch,cmd/sponge,cmd,srd007,"R2.4, R2.5, R3.1, R3.2",False,"Task 744: [stitch] [stitch] [prd007-sponge] R2.4, R2.5, R3.1, R3.2: sponge error handling and permission preservation",1007905,15519,61356,946531,1.2448,1566,1586,20,2476,2692,216,264,2,243,7
936e29e42ade3e5ed2fbcc1b6e969893b65fadb0,2026-03-09T19:40:26-04:00,746,stitch,cmd/sponge,cmd,srd007,"R3.3, R4.1-R4.3",False,"Task 746: [stitch] [prd007-sponge] R3.3, R4.1-R4.3: sponge signal handling and differential tests",729546,11206,64657,664877,1.0168,1586,1567,-19,2692,2793,101,183,2,149,67
b2aceb47a22f66b3c4f3cee5cf093b5664ecb45e,2026-03-09T19:47:18-04:00,748,stitch,cmd/sponge,cmd,srd007,R5.1-R5.4,False,Task 748: [stitch] [prd007-sponge] R5.1-R5.4: sponge differential tests and edge cases,1013378,18932,76310,937053,1.4188,1567,1598,31,2793,2944,151,326,2,195,13
c062c6cbf2ca65b081d2ce01c7353f0470e68479,2026-03-09T20:06:09-04:00,750,stitch,cmd/sponge,cmd,srd007,"R6.1, R6.2",False,"Task 750: [stitch] [prd007-sponge] R6.1, R6.2: sponge --help/--version output",715882,5735,52345,663524,0.8024,1598,1612,14,2944,3016,72,113,2,88,2
721ea1904aabe3677d5afc9b814e9b75715dff8a,2026-03-09T20:16:50-04:00,752,stitch,cmd/du,cmd,srd009,"R1.1, R1.2, R1.3, R1.4",False,"Task 752: [stitch] [stitch] [prd009-du] R1.1, R1.2, R1.3, R1.4: du core traversal and size accumulation",595205,29717,74724,520472,1.4702,1612,1733,121,3016,3122,106,554,2,227,0
a8ed1997d0a7ef36b032811e079a9c8892b35021,2026-03-09T20:20:46-04:00,754,stitch,cmd/du,cmd,srd009,"R1.5, R2.1, R2.2, R2.3",False,"Task 754: [stitch] [prd009-du] R1.5, R2.1, R2.2, R2.3: du output options and symbolic link handling",676793,7690,47727,629052,0.8051,1733,1829,96,3122,3223,101,142,2,209,12
6c51a4ff01432da586d7cd22dbfab28c674cc0ad,2026-03-09T20:24:37-04:00,756,stitch,cmd/du,cmd,srd009,"R2.4, R2.5, R2.6, R2.7",False,"Task 756: [stitch] [prd009-du] R2.4, R2.5, R2.6, R2.7: du exclusion patterns, threshold filtering, and time display",869855,8862,52242,817596,0.9569,1829,1906,77,3223,3310,87,148,2,197,33
2e72420783ad5e8d156dcf3ca6aede70f65629ba,2026-03-09T20:37:50-04:00,758,stitch,cmd/du,cmd,srd009,"R2.8, R3.1, R3.2, R3.3",False,"Task 758: [stitch] [stitch] [prd009-du] R2.8, R3.1, R3.2, R3.3: du remaining output options and error handling",2445732,37609,99118,2346584,2.7332,1906,1968,62,3310,3401,91,716,2,184,31
6266487e3636787496b44829b0bf6c4027fd1d6d,2026-03-09T20:41:37-04:00,760,stitch,cmd/du,cmd,srd009,"R4.1, R4.2, R5.1",False,"Task 760: [stitch] [prd009-du] R4.1, R4.2, R5.1: du remaining implementation and differential tests",740371,6220,53740,686617,0.8348,1968,1970,2,3401,3479,78,129,2,82,2
46622652d476ec390516335864b71f7276e2771c,2026-03-09T20:44:50-04:00,762,stitch,cmd/true,cmd,srd013,"R1.1, R1.2, R1.3, R2.1",False,"Task 762: [stitch] [prd013-true] R1.1, R1.2, R1.3, R2.1: true core implementation and version/help",415801,3137,45348,370444,0.5471,1970,2018,48,3479,3571,92,69,2,140,0
8709145c9eb02a90ad3e092a4a85444b970975b4,2026-03-09T20:44:50-04:00,762,stitch,cmd/true,cmd,srd013,"R1.1, R1.2, R1.3, R2.1",False,"Task 762: [stitch] [prd013-true] R1.1, R1.2, R1.3, R2.1: true core implementation and version/help",125860,863,34134,91722,0.2808,2018,2018,0,3571,3571,0,26,2,140,0
2d0afd6c0028de28478a32eec04154ecac065f59,2026-03-09T20:51:18-04:00,768,stitch,cmd/false,cmd,srd014,"R1.1, R1.2, R1.3, R2.1",False,"Task 768: [stitch] [stitch] [prd014-false] R1.1, R1.2, R1.3, R2.1: false core implementation and version/help",404961,4783,38406,366545,0.5429,2018,2060,42,3571,3672,101,82,2,143,0
b0800ea4622fcb8afa1bad314ef21d4cb1a77655,2026-03-09T20:51:18-04:00,768,stitch,cmd/false,cmd,srd014,"R1.1, R1.2, R1.3, R2.1",False,"Task 768: [stitch] [stitch] [prd014-false] R1.1, R1.2, R1.3, R2.1: false core implementation and version/help",648242,14163,53620,594609,0.9866,2060,2060,0,3672,3672,0,231,2,143,0
d90b7d5e2341739d8c126320168fcefcf5d50a77,2026-03-09T21:04:57-04:00,773,stitch,cmd/false,cmd,srd014,"R4.1, R4.2, R4.3",False,"Task 773: [stitch] [prd014-false] R4.1, R4.2, R4.3: false differential tests",422243,7760,43052,379181,0.6527,2060,2060,0,3672,3626,-46,139,1,19,65
a0011a7c27ca49c48fd980751cbc90ce86ff9baf,2026-03-09T21:08:13-04:00,775,stitch,,other,srd012,"R1.1, R1.2, R1.3, R1.4",False,"Task 775: [stitch] [yes] prd012 R1.1, R1.2, R1.3, R1.4: yes core implementation",412619,1961,32842,379766,0.4442,2060,2092,32,3626,3626,0,45,1,32,0
8e40617289a3238ccd4339df1cfe4d568823825c,2026-03-09T21:11:41-04:00,777,stitch,,other,srd012,"R2.1, R2.2, R3.1, R3.2",False,"Task 777: [stitch] [yes] prd012 R2.1, R2.2, R3.1, R3.2: yes argument handling, SIGPIPE, and version/help",430479,5080,38170,392298,0.5618,2105,2106,1,3683,3626,-57,97,1,18,4
3acb4537059da44e73228af4c18a31063f566609,2026-03-10T21:51:19-04:00,801,stitch,pkg/testutils,pkg,srd001,R1.1-R1.4,False,Task 801: [stitch] Implement pkg/testutils DiffTest struct and NormalizeFunc type (prd001-testutils R1.1-R1.4),156958,1169,30328,126625,0.2821,0,57,57,0,0,0,27,1,57,0
7e4f7e323982fbef208baac8e778490914ec4d12,2026-03-10T21:54:51-04:00,803,stitch,pkg/testutils,pkg,srd001,R2.1-R2.4,False,Task 803: [stitch] [stitch] pkg/testutils RunDiffTests execution engine (prd001-testutils R2.1-R2.4),548043,7135,40794,507236,0.687,57,142,85,0,0,0,120,1,87,2
f88d928c0893ed98a9fef745a50235962d84e91c,2026-03-10T21:59:30-04:00,805,stitch,pkg/testutils,pkg,srd001,"R2.5-R2.6, R3.1-R3.2",False,"Task 805: [stitch] pkg/testutils normalization helpers and RunDiffTests completion (prd001-testutils R2.5-R2.6, R3.1-R3.2)",531921,9293,50208,481702,0.787,142,224,82,0,0,0,160,2,91,9
3f86a38d414a433c5ebd48bac55a7e12982569b1,2026-03-10T22:08:36-04:00,807,stitch,pkg/testutils,pkg,srd001,R3.3-R3.6,False,Task 807: [stitch] prd001-testutils R3.3-R3.6 additional NormalizeFunc helpers,877810,22829,66791,811005,1.3937,224,312,88,0,0,0,368,2,101,13
d5936745a31e6d3149b836f2b922c390bcb65c64,2026-03-11T06:25:16-04:00,809,stitch,pkg/testutils,pkg,srd001,R4.1-R4.4,False,Task 809: [stitch] [prd001-testutils] BuildBinary helper and ExpectedFiles assertion (R4.1-R4.4),1015767,15761,64601,951149,1.2734,312,429,117,0,98,98,275,3,219,4
8b7933656c8ec09b05ddd3568314387e934527ac,2026-03-11T06:29:36-04:00,811,stitch,pkg/testutils,pkg,srd001,R5.1-R5.2,False,Task 811: [stitch] [prd001-testutils] WorkDir and environment handling (R5.1-R5.2),697332,11616,55353,641966,0.9574,429,387,-42,98,98,0,181,1,23,65
614c95662b94ac39bec870147a04bc62cd47147a,2026-03-11T06:38:45-04:00,813,stitch,pkg/sys,pkg,srd002,R1.1-R1.4,False,Task 813: [stitch] [stitch] [prd002-sys] FileInfo struct and Stat/Lstat functions (R1.1-R1.4),977276,20314,58717,918542,1.3342,387,528,141,98,238,140,303,6,285,0
2824446f4b9f5da49794fe17af636924172ff6ae,2026-03-11T07:13:15-04:00,816,stitch,pkg/sys,pkg,srd002,R1.5-R1.7,False,Task 816: [stitch] [prd002-sys] Terminal introspection -- TerminalWidth and IsTerminal (R1.5-R1.7),252894,3294,33635,219252,0.4022,528,564,36,238,238,0,52,2,37,1
613dcc009c779a1e9b54dff916b63e211c47d6a4,2026-03-11T07:17:59-04:00,818,stitch,pkg/sys,pkg,srd002,R2.1-R2.4,False,Task 818: [stitch] [prd002-sys] Signal handling -- InstallSIGPIPEHandler and OnTerminalResize (R2.1-R2.4),123480,1037,32205,91271,0.2729,564,617,53,238,238,0,22,1,53,0
563f86bdb8ecac93f440820c40de3d68291cfdf9,2026-03-11T07:23:23-04:00,820,stitch,pkg/sys,pkg,srd002,"R2.5-R2.6, R3.1-R3.2",False,"Task 820: [stitch] [prd002-sys] Process signals and process group management (R2.5-R2.6, R3.1-R3.2)",378091,14251,49534,328549,0.8302,617,694,77,238,238,0,229,2,77,0
15809de816a202fee5f688c003fbf77b8ee3b852,2026-03-11T11:08:56-04:00,823,stitch,pkg/sys,pkg,srd002,R3.3,False,Task 823: [stitch] [prd002-sys] Process priority -- SetPriority (R3.3),515631,5562,53535,462086,0.7047,694,707,13,238,238,0,106,2,28,15
b218e489b31d5002f08807786b00f6466b1795bd,2026-03-11T11:12:03-04:00,826,stitch,pkg/format,pkg,srd003,R1.1-R1.4,False,Task 826: [stitch] [stitch] [prd003-format] Human-readable size formatting (R1.1-R1.4),405516,5225,38059,367447,0.5523,707,773,66,238,307,69,80,2,135,0
2ad6519da3d078c3e0f69f75bbb6b4672422a9c4,2026-03-11T11:15:19-04:00,828,stitch,pkg/format,pkg,srd003,R2.1-R2.4,False,"Task 828: [stitch] [prd003-format] ANSI color output -- FileTypeColor, Reset, ColorEnabled, SetColorEnabled (R2.1-R2.4)",318504,4739,40078,278418,0.5082,773,913,140,307,307,0,93,1,140,0
53f196c42d409dfea22c7ed983d6b2adb038e1e8,2026-03-11T11:15:19-04:00,828,stitch,pkg/format,pkg,srd003,R2.1-R2.4,False,"Task 828: [stitch] [prd003-format] ANSI color output -- FileTypeColor, Reset, ColorEnabled, SetColorEnabled (R2.1-R2.4)",81957,1494,32321,49633,0.2642,913,913,0,307,307,0,30,1,140,0
d22253487e75e77eeec71125797e723925883321,2026-03-11T11:21:09-04:00,832,stitch,pkg/format,pkg,srd003,R3.1-R3.4,False,"Task 832: [stitch] [prd003-format] Column layout -- PadRight, PadLeft, Columns (R3.1-R3.4)",594839,8771,47543,547283,0.7901,913,1031,118,307,478,171,138,2,289,0
888d3eef53973420c7811c87f810b281c25dab47,2026-03-11T11:21:09-04:00,832,stitch,pkg/format,pkg,srd003,R3.1-R3.4,False,"Task 832: [stitch] [prd003-format] Column layout -- PadRight, PadLeft, Columns (R3.1-R3.4)",177976,3070,39532,138439,0.3931,1031,1031,0,478,478,0,51,2,289,0
50e0ae954ef0f4b7b79e32df5c202bbc339cdc1c,2026-03-11T12:29:58-04:00,836,stitch,cmd/version,cmd,srd059,R1.1-R1.4,False,Task 836: [stitch] [cmd/version] implement version command -- prd059 R1.1-R1.4,275124,1017,48982,226136,0.4447,1031,1063,32,478,478,0,25,1,32,0
4b352cc9a4bc004759c64d5fc0ab028a16012690,2026-03-11T12:35:04-04:00,838,stitch,cmd/version,cmd,srd059,R1.5,False,Task 838: [stitch] [cmd/version] tests -- prd059 R1.5,418048,12723,48106,369933,0.8037,1063,1063,0,478,621,143,203,1,143,0
036f5ad30c736814bf76497bb078851bebdda480,2026-03-11T21:54:30-04:00,840,stitch,cmd/cat,cmd,srd006,R1.1-R1.4,False,Task 840: [stitch] [cat] implement cmd/cat core I/O -- prd006 R1.1-R1.4,423971,5144,42532,381429,0.5852,1063,1121,58,621,621,0,172,1,58,0
a7ee8c73383e80d4d56887a43727172cf551aa8f,2026-03-11T21:57:38-04:00,842,stitch,,other,srd006,"R1.5, R2.1-R2.3",False,"Task 842: [stitch] [cat] SIGPIPE handler and -n/-b/-s flags -- prd006 R1.5, R2.1-R2.3",179729,7968,39657,140067,0.5171,1121,1229,108,621,621,0,106,1,132,24
28b68cff68526efa0b93407f080a6e2adaea7e80,2026-03-11T22:02:52-04:00,844,stitch,,other,srd006,"R2.4, R3.1-R3.3",False,"Task 844: [stitch] [cat] implement display flags -- prd006 R2.4, R3.1-R3.3",368805,7468,46844,321953,0.6405,1229,1229,0,621,621,0,195,1,1,1
e5bed2ab6447863ccd070a4b473a86b9f34081f7,2026-03-11T22:06:53-04:00,846,stitch,,other,srd006,R4.1-R4.4,False,Task 846: [stitch] [stitch] [cat] error handling and exit codes -- prd006 R4.1-R4.4,276327,11933,51668,224653,0.7336,1229,1320,91,621,621,0,148,1,103,12
2d2641285a1334f67c26f0dc1e66b104ac2c8ad0,2026-03-11T22:09:54-04:00,848,stitch,,other,srd006,R4.5-R4.8,False,Task 848: [stitch] [cat] additional error/edge-case handling -- prd006 R4.5-R4.8,384443,2841,41065,343369,0.4994,1320,1328,8,621,621,0,90,1,12,4
6e9e90f7bf70c08ef695156d2e5f9c7d213af443,2026-03-11T22:17:30-04:00,850,stitch,,other,srd006,"R4.9, R5.1-R5.3",False,"Task 850: [stitch] [cat] edge cases and differential tests -- prd006 R4.9, R5.1-R5.3",359759,19441,62849,296903,1.0273,1328,1328,0,621,834,213,336,1,213,0
1e9048b5f4ae497c37d5d27909e9d5c27c3adf43,2026-03-11T22:22:03-04:00,852,stitch,,other,srd006,R5.4,False,Task 852: [stitch] [cat] differential test edge case -- prd006 R5.4,486433,7440,65560,420865,0.8062,1328,1328,0,834,852,18,143,1,19,1
a2202a553ac6d11d751be4ac91c3d51160b593e3,2026-03-11T22:24:57-04:00,854,stitch,,other,srd007,R1.1-R1.4,False,Task 854: [stitch] [sponge] implement core stdin buffering and file write -- prd007 R1.1-R1.4,379115,1815,55721,323387,0.5554,1328,1380,52,852,852,0,45,1,52,0
992d735ab2f2a3bfe2bf458cd709865223fd1793,2026-03-12T07:04:29-04:00,856,stitch,,other,srd007,"R1.5, R2.1-R2.3",False,"Task 856: [stitch] [sponge] implement R1.5, R2.1-R2.3 -- prd007 sponge additional buffering and write behavior",266022,10451,51598,214418,0.691,1380,1491,111,852,852,0,185,1,119,8
85917a862b448bbde37a4b846abd4b2ea3e55116,2026-03-12T07:12:17-04:00,858,stitch,,other,srd007,"R2.4, R2.5, R3.1, R3.2",False,"Task 858: [stitch] [stitch] [sponge] implement R2.4, R2.5, R3.1, R3.2 -- prd007 sponge write mode and error behavior",367139,8413,48333,318798,0.6718,1491,1517,26,852,852,0,192,1,34,8
4a6cc3e12ffdb14158849b5b341755d7cf798d36,2026-03-12T07:36:58-04:00,860,stitch,,other,srd007,"R3.3, R4.1, R4.2, R4.3",False,"Task 860: [stitch] [sponge] implement R3.3, R4.1, R4.2, R4.3 -- prd007 sponge",690839,12109,18299,672527,0.7534,1517,1517,0,852,983,131,337,2,134,3
9901a1d9ac24ffe3ef5158d1d9a60cb7df7c28cf,2026-03-12T07:41:40-04:00,864,stitch,,other,srd007,"R5.1, R5.2, R5.3, R5.4",False,"Task 864: [stitch] [sponge] implement R5.1, R5.2, R5.3, R5.4 -- prd007 sponge differential tests",489484,9501,49413,440061,0.7664,1517,1517,0,983,1041,58,168,1,59,1
cd2b0a1dc3ca2358712afc341832349968219674,2026-03-12T07:49:51-04:00,866,stitch,,other,srd007,"R6.1, R6.2",False,"Task 866: [stitch] [sponge] implement R6.1, R6.2 -- prd007 sponge remaining requirements",849322,23577,68079,781230,1.4056,1517,1517,0,1041,1234,193,373,2,202,9
75fdf8d149dae6cfae68f80ceaecc2a9e7884130,2026-03-12T07:59:09-04:00,868,stitch,,other,srd009,"R1.1, R1.2, R1.3, R1.4",False,"Task 868: [stitch] [stitch] [du] implement R1.1, R1.2, R1.3, R1.4 -- prd009 du basic disk usage traversal",617833,22709,74913,542911,1.3074,1517,1674,157,1234,1301,67,373,2,224,0
c97f6da2b65ece4ee44f4a3b2732e577be7aaa19,2026-03-12T19:36:03-05:00,870,stitch,,other,srd009,"R1.5, R2.1, R2.2, R2.3",False,"Task 870: [stitch] [du] implement R1.5, R2.1, R2.2, R2.3 -- prd009 du output options",320338,12300,52231,268100,0.768,1674,1713,39,1301,1301,0,183,1,55,16
26b4a50c7947a981634615b7dc99cdeba9ecc023,2026-03-12T19:43:24-05:00,872,stitch,,other,srd009,"R2.4, R2.5, R2.6, R2.7",False,"Task 872: [stitch] [du] implement R2.4, R2.5, R2.6, R2.7 -- prd009 du extended output options",583764,17802,58234,525519,1.0718,1713,1757,44,1301,1336,35,300,2,109,30
d4d35ac8fe1799d94501cedc749e2d9dcfcce722,2026-03-12T22:13:26-05:00,874,stitch,,other,srd009,"R2.8, R3.1, R3.2, R3.3",False,"Task 874: [stitch] [du] implement prd009 R2.8, R3.1, R3.2, R3.3 -- du filtering and depth options",2165153,31017,99634,2065492,2.431,1757,1772,15,1336,1409,73,611,2,127,39
fa4cb3eaf2b49860b2661ae28acdaa9509987f1a,2026-03-12T22:18:57-05:00,876,stitch,,other,srd009,"R4.1, R4.2, R5.1",False,"Task 876: [stitch] [du] implement prd009 R4.1, R4.2, R5.1 -- du error handling and remaining requirements",498846,11923,59181,439656,0.8878,1772,1772,0,1409,1441,32,236,1,32,0
6562075b7c6f73a7135067a1c22f5014f5f1d18e,2026-03-12T22:22:05-05:00,878,stitch,,other,srd015,"R1.1, R1.2, R1.3, R1.4",False,"Task 878: [stitch] [stitch] [basename] implement prd015 R1.1, R1.2, R1.3, R1.4 -- basename basic path stripping",422555,4345,47284,375262,0.5918,1772,1880,108,1441,1599,158,84,2,266,0
0336852dfbf41333403ed5d7193f66412de617a3,2026-03-12T22:25:22-05:00,880,stitch,,other,srd015,"R1.5, R2.1, R2.2, R2.3",False,"Task 880: [stitch] [basename] implement prd015 R1.5, R2.1, R2.2, R2.3 -- basename suffix removal and multiple operand mode",370418,6135,48613,321797,0.6181,1880,1974,94,1599,1716,117,100,2,238,27
8214e0fab435fcd1ba9abd54ca2ca4d22bae278b,2026-03-12T22:25:22-05:00,880,stitch,,other,srd015,"R1.5, R2.1, R2.2, R2.3",False,"Task 880: [stitch] [basename] implement prd015 R1.5, R2.1, R2.2, R2.3 -- basename suffix removal and multiple operand mode",187758,1518,42831,144922,0.3781,1974,1974,0,1716,1716,0,42,2,238,27
d1376eaa8717dfc0e1485d83c3a11d7dde09acc8,2026-03-12T22:31:51-05:00,884,stitch,,other,srd015,"R4.1, R4.2, R4.3",False,"Task 884: [stitch] [stitch] [basename] implement prd015 R4.1, R4.2, R4.3 -- basename error handling and version/help output",750367,5459,54864,695489,0.8272,1974,1979,5,1716,1734,18,128,2,25,2
b4b43fa09e7d871a1d76c4998e33b503c6094dc1,2026-03-12T22:34:58-05:00,886,stitch,,other,srd016,"R1.1, R1.2, R1.3, R1.4",False,"Task 886: [stitch] [dirname] implement prd016 R1.1, R1.2, R1.3, R1.4 -- dirname basic directory extraction",317810,2900,47067,270736,0.5021,1979,2051,72,1734,1863,129,60,2,201,0
b2c55fa851bde7533440c77c3d91ed7819c1bf9f,2026-03-12T22:37:34-05:00,888,stitch,,other,srd016,"R1.5, R2.1, R2.2",False,"Task 888: [stitch] [stitch] [dirname] implement prd016 R1.5, R2.1, R2.2 -- dirname zero-terminated output and multiple arguments",389835,2957,42269,347557,0.5119,2051,2093,42,1863,1883,20,56,2,68,6
26f97703e43cd54d41b9d7d343d6b5864fe43a85,2026-03-12T22:41:01-05:00,890,stitch,,other,srd016,"R3.1, R3.2, R3.3",False,"Task 890: [stitch] [dirname] implement prd016 R3.1, R3.2, R3.3 -- dirname error handling and edge cases",463252,5663,46527,416715,0.6408,2093,2098,5,1883,1942,59,115,2,75,11
01eca80456029d8a14842f100cfe45aa8f73a38e,2026-03-12T22:43:27-05:00,892,stitch,,other,srd016,"R4.1, R4.2, R4.3",False,"Task 892: [stitch] [dirname] implement prd016 R4.1, R4.2, R4.3 -- dirname version/help output and differential tests",515359,2926,52230,463119,0.6312,2098,2125,27,1942,1977,35,63,2,64,2
4eafb5fc719031f068bb14c6105a7c42292f0d10,2026-03-12T22:45:57-05:00,894,stitch,,other,srd013,"R1.1, R1.2, R1.3",False,"Task 894: [stitch] [true] implement prd013 R1.1, R1.2, R1.3 -- true basic exit behavior and argument ignoring",258694,2057,45152,213536,0.4404,2125,2143,18,1977,2032,55,47,2,73,0
1927e785ddd22cf6a5bfd665add26ee5fca7ff6a,2026-03-12T22:48:28-05:00,896,stitch,,other,srd013,"R2.1, R2.2, R2.3",False,"Task 896: [stitch] [true] implement prd013 R2.1, R2.2, R2.3 -- true version and help output",204704,1321,44983,159716,0.3941,2175,2175,0,2102,2102,0,36,2,104,2
5f939c4a1e30202a9f95e0a17d5a7a89916e3682,2026-03-12T22:48:28-05:00,896,stitch,,other,srd013,"R2.1, R2.2, R2.3",False,"Task 896: [stitch] [true] implement prd013 R2.1, R2.2, R2.3 -- true version and help output",364895,3893,47544,317343,0.5532,2143,2175,32,2032,2102,70,69,2,104,2
97997659a7094ba9206f6f6d895528e88bc73ec2,2026-03-12T22:53:41-05:00,900,stitch,,other,srd014,"R1.1, R1.2, R1.3",False,"Task 900: [stitch] [stitch] [false] implement prd014 R1.1, R1.2, R1.3 -- false basic exit behavior and argument ignoring",213581,1275,34362,179213,0.3363,2175,2196,21,2102,2102,0,34,1,21,0
8d291a09451d1eba7ff9ce351be0f1101085149a,2026-03-12T22:55:57-05:00,902,stitch,,other,srd014,"R2.1, R2.2, R2.3",False,"Task 902: [stitch] [stitch] [false] implement prd014 R2.1, R2.2, R2.3 -- false version and help output",260756,2523,36014,224735,0.4006,2196,2226,30,2102,2102,0,49,1,34,4
8d5d967c12308231b9ba37a06625efb5792558c2,2026-03-12T23:00:43-05:00,904,stitch,,other,srd014,"R3.1, R3.2, R4.1, R4.2",False,"Task 904: [stitch] [stitch] [false] implement prd014 R3.1, R3.2, R4.1, R4.2 -- false differential tests and SIGPIPE handling",365907,5196,46908,318991,0.5826,2226,2220,-6,2102,2234,132,109,2,139,13
ab7c1915d7ee4a85fa3a64b98c686374b47cd610,2026-03-12T23:04:57-05:00,906,stitch,,other,srd013,"R4.3, R4.3",False,"Task 906: [stitch] [stitch] [true] [false] implement prd013 R4.3, prd014 R4.3 -- true and false remaining requirements",551166,5197,49459,501696,0.6899,2220,2220,0,2234,2321,87,103,4,89,2
dc3c32f9623389095a9f2c2260c33c7e4a971d8d,2026-03-12T23:08:56-05:00,908,stitch,,other,srd012,"R1.1, R1.2, R1.3, R1.4",False,"Task 908: [stitch] [stitch] [yes] implement prd012 R1.1, R1.2, R1.3, R1.4 -- yes basic output behavior",704044,6264,48486,655544,0.7875,2220,2271,51,2321,2446,125,139,2,176,0
2346575f746915b1569f9c4d659941004338d182,2026-03-12T23:11:45-05:00,910,stitch,,other,srd012,"R2.1, R2.2, R3.1, R3.2",False,"Task 910: [stitch] [stitch] [yes] implement prd012 R2.1, R2.2, R3.1, R3.2 -- yes version/help and SIGPIPE handling",423414,4016,46604,376801,0.5801,2271,2299,28,2446,2481,35,75,2,67,4
d5fdb8ecec121a3e0a13e5810abc891004dd2467,2026-03-12T23:14:24-05:00,912,stitch,,other,srd012,"R3.3, R4.1, R4.2, R4.3",False,"Task 912: [stitch] [yes] implement prd012 R3.3, R4.1, R4.2, R4.3 -- yes differential tests and remaining requirements",418595,3427,46100,372486,0.5601,2299,2299,0,2481,2513,32,65,2,46,14
950165bc2f5b35b1a3ed9a0364a21670e9d070eb,2026-03-12T23:18:34-05:00,914,stitch,,other,srd017,"R1.1, R1.2, R1.3, R1.4",False,"Task 914: [stitch] [stitch] [tee] implement prd017 R1.1, R1.2, R1.3, R1.4 -- tee basic output behavior",532998,9817,56634,476354,0.8376,2299,2362,63,2513,2702,189,154,2,252,0
04a9d89a7da592b5df7fa2d9686b994bb4c98624,2026-03-12T23:21:51-05:00,916,stitch,,other,srd017,"R1.5, R2.1, R2.2, R2.3",False,"Task 916: [stitch] [tee] implement prd017 R1.5, R2.1, R2.2, R2.3 -- tee append mode and signal handling",436018,6990,50201,385808,0.6815,2362,2420,58,2702,2848,146,111,2,212,8
9efd860b65fe5f3f5e1bd2fe505e60dd1d6f8b3c,2026-03-12T23:27:40-05:00,918,stitch,,other,srd017,"R3.1, R3.2, R3.3, R3.4",False,"Task 918: [stitch] [tee] implement prd017 R3.1, R3.2, R3.3, R3.4 -- tee error handling and diagnostics",467997,15064,55779,412209,0.9314,2420,2477,57,2848,2906,58,257,2,129,14
a176446b2099d427f8fe7cfa52a9068c57c94d18,2026-03-12T23:33:06-05:00,920,stitch,,other,srd017,"R4.1, R4.2, R4.3",False,"Task 920: [stitch] [stitch] [tee] implement prd017 R4.1, R4.2, R4.3 -- tee differential tests and version/help",1121707,11843,62775,1058914,1.218,2477,2477,0,2906,3134,228,237,1,228,0
c72a44405ff350dd3c9cd45c10f856af285b3533,2026-03-12T23:37:05-05:00,922,stitch,,other,srd018,"R1.1, R1.2, R1.3, R1.4",False,"Task 922: [stitch] [stitch] [head] implement prd018 R1.1, R1.2, R1.3, R1.4 -- head basic line output",985545,6889,59302,926226,1.0061,2477,2593,116,3134,3332,198,125,2,314,0
7ebe137ce814689b28a014f27618ff585b52bae2,2026-03-12T23:42:56-05:00,924,stitch,,other,srd018,"R1.5, R2.1, R2.2, R2.3",False,"Task 924: [stitch] [head] implement prd018 R1.5, R2.1, R2.2, R2.3 -- head byte mode and multi-file headers",576153,17759,62202,513941,1.0898,2593,2725,132,3332,3426,94,268,2,233,7
dfc4bd748669815e36ea6cb9e95f378be30b1949,2026-03-12T23:46:17-05:00,926,stitch,,other,srd018,"R3.1, R3.2, R3.3, R3.4",False,"Task 926: [stitch] [stitch] [head] implement prd018 R3.1, R3.2, R3.3, R3.4 -- head error handling and edge cases",429724,6643,49505,380210,0.6656,2725,2731,6,3426,3481,55,125,2,61,0
ec09587d9830c04dc9c2cbad2d23330377e75029,2026-03-12T23:51:05-05:00,928,stitch,,other,srd018,"R3.5, R4.1, R4.2, R4.3",False,"Task 928: [stitch] [head] implement prd018 R3.5, R4.1, R4.2, R4.3 -- head differential tests and version/help",919588,8631,77039,842536,1.1186,2731,2768,37,3481,3528,47,181,2,86,2
6b45f8505551b40d5a63c1303cc7c945a4b9edc9,2026-03-12T23:55:11-05:00,930,stitch,,other,srd019,"R1.1, R1.2, R1.3, R1.4",False,"Task 930: [stitch] [seq] implement prd019 R1.1, R1.2, R1.3, R1.4 -- seq basic integer sequence output",606508,5017,43861,562634,0.6809,2768,2973,205,3528,3528,0,94,1,205,0
5d9e81f99e41a1146d25d27233eb7aad85ae7589,2026-03-12T23:59:02-05:00,932,stitch,,other,srd018,R4.4,False,Task 932: [stitch] [head] implement prd018 R4.4 -- head remaining acceptance criterion,459664,3921,52630,407025,0.6305,2973,3007,34,3528,3556,28,83,2,63,1
6ad4e8c69d1803ad5f271f10c17754c7f9a2c770,2026-03-13T00:05:10-05:00,934,stitch,,other,srd019,"R1.5, R2.1, R2.2, R2.3",False,"Task 934: [stitch] [seq] implement prd019 R1.5, R2.1, R2.2, R2.3 -- seq separator, format string, and equal-width options",1753633,11149,62765,1690838,1.5166,3007,3013,6,3556,3793,237,245,2,246,3
fe5c8cc0a23945c515d39490478fb223b3f994ce,2026-03-13T00:12:41-05:00,936,stitch,,other,srd019,"R2.4, R3.1, R3.2, R3.3",False,"Task 936: [stitch] [stitch] [seq] implement prd019 R2.4, R3.1, R3.2, R3.3 -- seq floating-point sequences and decimal precision",834024,19663,68171,765840,1.3006,3013,3137,124,3793,3907,114,336,2,257,19
466bd764597c7afeef3129042a19a3715e46080b,2026-03-13T00:15:42-05:00,938,stitch,,other,srd019,"R3.4, R4.1, R4.2, R4.3",False,"Task 938: [stitch] [stitch] [seq] implement prd019 R3.4, R4.1, R4.2, R4.3 -- seq differential tests and version/help",543444,5208,65256,478179,0.7772,3137,3141,4,3907,4009,102,96,2,108,2
d811f5a706883c611ce86b7291c21766f5acb191,2026-03-13T00:18:59-05:00,940,stitch,,other,srd019,R4.4,False,Task 940: [stitch] [seq] implement prd019 R4.4 -- seq remaining acceptance criterion,854898,5673,57142,797741,0.8979,3141,3141,0,4009,4009,0,112,2,26,26
05ee4a11c9acef08fbfabaf94061b3aef5178916,2026-03-13T00:24:08-05:00,942,stitch,,other,srd005,"R1.1, R1.2, R1.3, R1.4",False,"Task 942: [stitch] [stitch] [wc] implement prd005 R1.1, R1.2, R1.3, R1.4 -- wc core counting and basic stdin/file input",1168306,12226,72282,1096006,1.3055,3141,3367,226,4009,4177,168,217,2,394,0
d9ecbe911c99b917cd14bd3256eba492ee3eb9f1,2026-03-13T00:35:52-05:00,944,stitch,,other,srd005,"R2.1, R2.2, R2.3, R2.4",False,"Task 944: [stitch] [wc] implement prd005 R2.1, R2.2, R2.3, R2.4 -- wc selection flags and multi-file totals",2266532,31849,89635,2176867,2.445,3367,3569,202,4177,4369,192,624,2,432,38
59950e4cc8bc0e137f63b9b8451b4ab0458cd9cc,2026-03-13T00:40:13-05:00,946,stitch,,other,srd005,"R2.5, R2.6, R3.1, R3.2",False,"Task 946: [stitch] [wc] implement prd005 R2.5, R2.6, R3.1, R3.2",472729,5276,54162,418558,0.6797,3569,3569,0,4369,4429,60,113,2,62,2
cb62817725992d5b3fad675785e05b2b9a1df553,2026-03-13T00:50:50-05:00,948,stitch,,other,srd005,"R3.3, R4.1, R4.2, R4.3",False,"Task 948: [stitch] [stitch] [wc] implement prd005 R3.3, R4.1, R4.2, R4.3",1752938,33001,90909,1662007,2.2243,3569,3642,73,4429,4532,103,537,2,194,18
95ecf1ef5847bef08f392662f098ee128a40561d,2026-03-13T00:56:54-05:00,950,stitch,,other,srd005,"R4.4, R5.1, R5.2, R6.1",False,"Task 950: [stitch] [wc] implement prd005 R4.4, R5.1, R5.2, R6.1",1467738,13451,72110,1395606,1.4849,3642,3714,72,4532,4602,70,272,2,151,9
935ac4a543ff9f9ca2cb96257ee72d998cbb6e59,2026-03-13T01:02:59-05:00,952,stitch,,other,srd005,"R6.2, R6.3",False,"Task 952: [stitch] [wc] implement prd005 R6.2, R6.3",1368538,9875,70945,1297572,1.3392,3714,3717,3,4602,4669,67,280,2,72,2
26eb9a1a0a1f4f2d4f5b86af516941069f36bb04,2026-03-13T01:06:09-05:00,954,stitch,,other,srd045,"R1.1, R1.2, R2.1, R2.2",False,"Task 954: [stitch] [stitch] [arch] implement prd045 R1.1, R1.2, R2.1, R2.2",609847,4610,44531,565303,0.6763,3717,3791,74,4669,4753,84,93,2,158,0
8c331195801adbef3a5050d6f7d012ca25d34ece,2026-03-13T01:08:55-05:00,956,stitch,,other,srd045,"R3.1, R3.2, R3.3",False,"Task 956: [stitch] [arch] implement prd045 R3.1, R3.2, R3.3",255104,3206,44402,210696,0.463,3791,3797,6,4753,4753,0,82,1,10,4
4c0453ceed0bb6f18a154e40f154c9b6d013ba2c,2026-03-13T01:13:26-05:00,958,stitch,,other,srd048,"R1.1, R1.2, R2.1, R2.2",False,"Task 958: [stitch] [stitch] [hostid] implement prd048 R1.1, R1.2, R2.1, R2.2",190213,1031,39680,150528,0.3491,3865,3865,0,4855,4855,0,28,2,170,0
dcec9b99e7c0c7c041d788353c1948a92a1ee167,2026-03-13T01:13:26-05:00,958,stitch,,other,srd048,"R1.1, R1.2, R2.1, R2.2",False,"Task 958: [stitch] [stitch] [hostid] implement prd048 R1.1, R1.2, R2.1, R2.2",1102516,6547,51154,1051341,1.0092,3797,3865,68,4753,4855,102,167,2,170,0
db8610c0bcb25dcf7ac730edc59cd8336a643128,2026-03-13T01:17:49-05:00,962,stitch,,other,srd044,"R1.1, R1.2, R1.3, R1.4",False,"Task 962: [stitch] [stitch] [uname] implement prd044 R1.1, R1.2, R1.3, R1.4",320483,2460,38231,282244,0.4416,3865,3982,117,4855,4855,0,57,1,117,0
b8a3f3fcfe36f084dc01848a93192da65e0f1294,2026-03-13T01:23:43-05:00,964,stitch,,other,srd044,"R1.5, R1.6, R1.7, R1.8",False,"Task 964: [stitch] [stitch] [uname] implement prd044 R1.5, R1.6, R1.7, R1.8",1460624,14560,57836,1402760,1.427,3982,4031,49,4855,5017,162,260,2,215,4
a7b15f6f659bdc7d8694ec5a21a60442de92111e,2026-03-13T01:27:21-05:00,966,stitch,,other,srd044,"R1.9, R2.1, R2.2, R3.1",False,"Task 966: [stitch] [stitch] [uname] implement prd044 R1.9, R2.1, R2.2, R3.1",996933,8534,51189,945724,1.0062,4031,4074,43,5017,5049,32,137,2,83,8
437fd6744fe8fba45aa81e9cba7913082641a02a,2026-03-13T01:29:38-05:00,968,stitch,,other,srd044,"R3.2, R4.1, R4.2, R4.3",False,"Task 968: [stitch] [uname] implement prd044 R3.2, R4.1, R4.2, R4.3",342133,3051,44326,297799,0.5023,4074,4074,0,5049,5077,28,61,2,31,3
01974f9de85140c1a9e782ec5c961b19c69888ea,2026-03-13T01:32:36-05:00,970,stitch,,other,srd046,"R1.1, R1.2, R1.3, R1.4",False,"Task 970: [stitch] [stitch] [nproc] implement prd046 R1.1, R1.2, R1.3, R1.4",525337,4442,46729,478597,0.6425,4074,4181,107,5077,5197,120,74,2,227,0
c58c1e35275d5604e21bbc63139d242de5974f5a,2026-03-13T01:35:19-05:00,972,stitch,,other,srd046,"R2.1, R2.2, R2.3, R3.1",False,"Task 972: [stitch] [nproc] implement prd046 R2.1, R2.2, R2.3, R3.1",197331,2426,42654,154672,0.4046,4181,4181,0,5213,5213,0,59,2,18,2
1e58a69458e9eb77c23786d7214a4cdc696418e4,2026-03-13T01:35:19-05:00,972,stitch,,other,srd046,"R2.1, R2.2, R2.3, R3.1",False,"Task 972: [stitch] [nproc] implement prd046 R2.1, R2.2, R2.3, R3.1",458340,3546,44214,414116,0.5721,4181,4181,0,5197,5213,16,75,2,18,2
a8cea312cbf1c2afe876a2b8a9df7ac9184f7976,2026-03-13T01:40:29-05:00,976,stitch,,other,srd047,"R1.1, R1.2, R2.1, R2.2",False,"Task 976: [stitch] [stitch] [hostname] implement prd047 R1.1, R1.2, R2.1, R2.2",141766,766,39337,102425,0.3162,4247,4247,0,5315,5315,0,21,2,168,0
b117aa7166d1ab3af0ca64ffb4f73544c307a730,2026-03-13T01:40:29-05:00,976,stitch,,other,srd047,"R1.1, R1.2, R2.1, R2.2",False,"Task 976: [stitch] [stitch] [hostname] implement prd047 R1.1, R1.2, R2.1, R2.2",338976,3889,42157,296811,0.5092,4181,4247,66,5213,5315,102,75,2,168,0
530de5638209d88df459835d842c9bbef0c79fef,2026-03-13T01:45:06-05:00,980,stitch,,other,srd008,"R1.1, R1.2, R1.3, R1.4",False,"Task 980: [stitch] [ls] implement prd008 R1.1, R1.2, R1.3, R1.4",571021,3633,51361,519649,0.6717,4247,4426,179,5315,5315,0,81,1,179,0
3cdb9a3fe55fff8551b40b5f2af8cb51dd2897ec,2026-03-13T01:51:30-05:00,982,stitch,,other,srd008,"R1.5, R1.6, R1.7, R1.8",False,"Task 982: [stitch] [stitch] [ls] implement prd008 R1.5, R1.6, R1.7, R1.8",1563394,16027,75980,1487392,1.6194,4426,4703,277,5315,5716,401,277,2,727,49
b41ff0d10edbd53559000dd989811c82d9915788,2026-03-13T02:14:23-05:00,984,stitch,,other,srd008,"R1.9, R1.10, R1.11, R1.12",False,"Task 984: [stitch] [ls] implement prd008 R1.9, R1.10, R1.11, R1.12",1749999,16641,47021,1702954,1.5615,4703,4730,27,5716,5857,141,362,2,194,26
ce7df7722084d1b46bb62164400782967f11cd5b,2026-03-13T02:44:52-05:00,986,stitch,,other,srd008,"R1.13, R1.14, R2.1, R2.2",False,"Task 986: [stitch] [ls] implement prd008 R1.13, R1.14, R2.1, R2.2",4022808,42826,152797,3856618,4.0209,4730,4872,142,5857,6059,202,823,2,354,10
63c2cb49155c7837a8f2b903f7a35b15d39b40f1,2026-03-13T02:50:21-05:00,988,stitch,,other,srd008,"R2.3, R2.4, R2.5, R2.6",False,"Task 988: [stitch] [ls] implement prd008 R2.3, R2.4, R2.5, R2.6",1447496,13726,88316,1359160,1.5748,4872,4921,49,6059,6251,192,242,2,251,10
35b1408627079351828808de6b7813cc0798a3c1,2026-03-13T02:57:01-05:00,990,stitch,,other,srd008,"R2.7, R2.8, R2.9, R2.10",False,"Task 990: [stitch] [stitch] [ls] implement prd008 R2.7, R2.8, R2.9, R2.10",2258034,13982,84846,2173159,1.9666,4921,5065,144,6251,6451,200,257,2,352,8
11eaccde779ece46a913e022a60dbb661567527e,2026-03-13T03:03:15-05:00,992,stitch,,other,srd008,"R2.11, R2.12, R2.13, R2.14",False,"Task 992: [stitch] [ls] implement prd008 R2.11, R2.12, R2.13, R2.14",2546694,18560,91941,2454723,2.2719,5065,5176,111,6451,6596,145,307,2,275,19
b967acee57c9fad177839c45df0474a652c43bc3,2026-03-13T03:12:33-05:00,994,stitch,,other,srd008,"R2.15, R3.1, R3.2, R3.3",False,"Task 994: [stitch] [stitch] [ls] implement prd008 R2.15, R3.1, R3.2, R3.3",2116851,27207,103797,2013030,2.3355,5176,5231,55,6596,6791,195,475,3,279,29
179e9726a0c72346d3589b4d2e6b478131e26a1c,2026-03-13T03:21:55-05:00,996,stitch,,other,srd008,"R3.4, R3.5, R3.6, R3.7",False,"Task 996: [stitch] [ls] implement prd008 R3.4, R3.5, R3.6, R3.7",3408866,21952,103853,3304977,2.8505,5231,5294,63,6791,6972,181,460,2,259,15
fc914730ae09a450db122ccef065e16affa7571d,2026-03-13T03:27:35-05:00,998,stitch,,other,srd008,"R3.8, R3.9, R3.10, R3.11",False,"Task 998: [stitch] [stitch] [ls] implement prd008 R3.8, R3.9, R3.10, R3.11",2298952,14970,79984,2218937,1.9838,5294,5366,72,6972,7113,141,269,2,224,11
5703dbfd0f277a4f329ca127090f8163f7ed8e70,2026-03-13T03:31:54-05:00,1000,stitch,,other,srd008,"R3.12, R3.13, R3.14, R3.15",False,"Task 1000: [stitch] [ls] implement prd008 R3.12, R3.13, R3.14, R3.15",1103523,9949,73450,1030057,1.2229,5366,5366,0,7113,7326,213,161,2,215,2
426e07b5c449f9e42fce01afa4c1dfdff552b952,2026-03-13T03:41:36-05:00,1002,stitch,,other,srd008,"R4.1, R4.2, R4.3, R4.4",False,"Task 1002: [stitch] [ls] implement prd008 R4.1, R4.2, R4.3, R4.4",2851240,18181,88654,2762550,2.3901,5366,5369,3,7326,7484,158,464,2,164,3
69e6244b96912a518c8e92e9e2e5abf39a459bd9,2026-03-13T03:46:21-05:00,1004,stitch,,other,srd008,"R4.5, R4.6, R4.7, R4.8",False,"Task 1004: [stitch] [ls] implement prd008 R4.5, R4.6, R4.7, R4.8",1767414,9151,103389,1664006,1.7071,5369,5402,33,7484,7628,144,183,2,189,12
ca0cfe3f2b4266a3337b912c044544a88f0c742e,2026-03-13T03:50:00-05:00,1006,stitch,,other,srd008,R4.9,False,Task 1006: [stitch] [ls] implement prd008 R4.9,914706,5605,67520,847172,0.9858,5402,5403,1,7628,7721,93,121,2,96,2
87d049a57ce3008341d47ba9eca34c5da53f9650,2026-03-13T03:54:31-05:00,1008,stitch,,other,srd049,"R1.1, R1.2, R1.3, R1.4",False,"Task 1008: [stitch] [stitch] [realpath] implement prd049 R1.1, R1.2, R1.3, R1.4",601259,5996,50606,550641,0.7416,5403,5528,125,7721,7879,158,151,2,283,0
9f8a9549d47ff64565a7e6ee6a4ee5affd193c12,2026-03-13T04:02:40-05:00,1010,stitch,,other,srd049,"R1.5, R2.1, R2.2, R2.3",False,"Task 1010: [stitch] [stitch] [realpath] implement prd049 R1.5, R2.1, R2.2, R2.3",1289367,22767,69001,1220346,1.6107,5528,5696,168,7879,8046,167,418,2,347,12
6b6c24fd5d8647b7857ee6c18b5a348b08ea5c24,2026-03-13T04:05:56-05:00,1012,stitch,,other,srd049,"R3.1, R3.2, R3.3",False,"Task 1012: [stitch] [stitch] [realpath] implement prd049 R3.1, R3.2, R3.3",570384,5027,51540,518833,0.7073,5696,5696,0,8046,8136,90,111,2,96,6
3a4732a80c596b1e52127d19c5b931458d9aec1d,2026-03-13T04:11:15-05:00,1014,stitch,,other,srd049,"R4.1, R4.2, R4.3",False,"Task 1014: [stitch] [realpath] implement prd049 R4.1, R4.2, R4.3",909150,14577,63261,845874,1.1828,5696,5790,94,8136,8254,118,224,2,225,13
4177d4d0018d82b7a6a9f1df7fdcf4685b8c1deb,2026-03-13T04:13:57-05:00,1016,stitch,,other,srd050,"R1.1, R1.2, R1.3, R1.4",False,"Task 1016: [stitch] [stitch] [readlink] implement prd050 R1.1, R1.2, R1.3, R1.4",351257,3572,65708,285543,0.6428,5790,5848,58,8254,8409,155,60,2,213,0
c25c4507ade25a86e4cdafd082ee4e56a46e4989,2026-03-13T04:18:13-05:00,1018,stitch,,other,srd050,"R1.5, R1.6, R2.1, R2.2",False,"Task 1018: [stitch] [readlink] implement prd050 R1.5, R1.6, R2.1, R2.2",932219,8887,55777,876425,1.0091,5848,6020,172,8409,8536,127,186,2,325,26
cb920043f1a2a69cf8e0d12d740ce3486dd4efff,2026-03-13T04:21:39-05:00,1020,stitch,,other,srd050,"R3.1, R3.2, R4.1, R4.2",False,"Task 1020: [stitch] [readlink] implement prd050 R3.1, R3.2, R4.1, R4.2",418610,5575,47107,371494,0.6196,6020,6020,0,8536,8575,39,119,2,43,4
1cdd0dcb4d51d5cbd559d2685d16d7561ff3749f,2026-03-13T04:24:55-05:00,1022,stitch,,other,srd051,"R1.1, R1.2, R1.3, R1.4",False,"Task 1022: [stitch] [pwd] implement prd051 R1.1, R1.2, R1.3, R1.4",339173,3094,41330,297835,0.4846,6020,6188,168,8575,8575,0,79,1,168,0
c5426c6d49e61bda36ceddb31ffee4e3101e9136,2026-03-13T04:24:55-05:00,1022,stitch,,other,srd051,"R1.1, R1.2, R1.3, R1.4",False,"Task 1022: [stitch] [pwd] implement prd051 R1.1, R1.2, R1.3, R1.4",215995,1344,48050,167940,0.4179,6188,6188,0,8575,8575,0,34,1,168,0
8efaaeaa25190e4e1dbacefdce33ee0b95a5c3a2,2026-03-13T04:34:59-05:00,1026,stitch,,other,srd051,"R2.1, R2.2, R3.1, R3.2",False,"Task 1026: [stitch] [stitch] [pwd] implement prd051 R2.1, R2.2, R3.1, R3.2",1224498,17985,74243,1150236,1.4889,6188,6197,9,8575,8765,190,343,2,210,11
1e13ad7519c7560dea2df19af6abfe887034ede6,2026-03-13T04:38:02-05:00,1028,stitch,,other,srd051,R3.3,False,Task 1028: [stitch] [stitch] [pwd] implement prd051 R3.3,417252,2896,45600,371643,0.5433,6197,6197,0,8765,8773,8,61,2,10,2
4f48d0d732b33af0c30e85295129fec382371c06,2026-03-13T04:43:28-05:00,1030,stitch,,other,srd052,"R1.1, R1.2, R1.3, R2.1",False,"Task 1030: [stitch] [stitch] [tty] implement prd052 R1.1, R1.2, R1.3, R2.1",806231,12478,53991,752225,1.0256,6197,6323,126,8773,8899,126,222,2,252,0
f63ecfae2061873a7d6ac1a6a4adac93e34717cf,2026-03-13T04:47:01-05:00,1032,stitch,,other,srd052,"R2.2, R3.1, R3.2, R3.3",False,"Task 1032: [stitch] [stitch] [tty] implement prd052 R2.2, R3.1, R3.2, R3.3",473548,4317,46740,426798,0.6135,6323,6329,6,8899,8932,33,136,2,44,5
820672dc1a710b5a5ae3a012499e9b77e7a035d6,2026-03-13T04:49:43-05:00,1034,stitch,,other,srd053,"R1.1, R1.2, R2.1, R2.2",False,"Task 1034: [stitch] [stitch] [logname] implement prd053 R1.1, R1.2, R2.1, R2.2",447562,3795,43307,404245,0.5677,6329,6403,74,8932,9034,102,77,2,176,0
630fbcea1a01e25eb92b442b5e9e4a43449ca2fc,2026-03-13T04:49:43-05:00,1034,stitch,,other,srd053,"R1.1, R1.2, R2.1, R2.2",False,"Task 1034: [stitch] [stitch] [logname] implement prd053 R1.1, R1.2, R2.1, R2.2",193369,1630,40752,152612,0.3718,6403,6403,0,9034,9034,0,48,2,176,0
da07d9dabbf8a7e32161a2c3df29edbef2a723a5,2026-03-13T04:56:40-05:00,1038,stitch,,other,srd020,"R1.1, R1.2, R1.3, R1.4",False,"Task 1038: [stitch] [stitch] [echo] implement prd020 R1.1, R1.2, R1.3, R1.4",247695,5251,43413,204276,0.5048,6403,6466,63,9034,9144,110,86,2,173,0
2115784ba1c9b78d5fa6c3b8907e51e893b0c247,2026-03-13T04:59:03-05:00,1040,stitch,,other,srd020,"R2.1, R2.2, R2.3, R2.4",False,"Task 1040: [stitch] [echo] implement prd020 R2.1, R2.2, R2.3, R2.4",386511,5250,43804,342698,0.5764,6466,6569,103,9144,9276,132,86,2,241,6
b6a75af5b0dab371c7105284bdebe7e63749d3b0,2026-03-13T05:01:32-05:00,1042,stitch,,other,srd020,"R3.1, R3.2, R3.3",False,"Task 1042: [stitch] [echo] implement prd020 R3.1, R3.2, R3.3",264124,2346,46876,217242,0.4603,6569,6569,0,9304,9304,0,54,2,30,2
fde4bc60b3647b8aa4b5e4a1a820456fa9a794d4,2026-03-13T05:01:32-05:00,1042,stitch,,other,srd020,"R3.1, R3.2, R3.3",False,"Task 1042: [stitch] [echo] implement prd020 R3.1, R3.2, R3.3",430047,3431,47551,382487,0.5743,6569,6569,0,9276,9304,28,71,2,30,2
48fcd422ac871c4ff46aaa024a88adc251f7dd5c,2026-03-13T05:07:20-05:00,1046,stitch,,other,srd021,"R1.1, R1.2, R1.3, R1.4",False,"Task 1046: [stitch] [stitch] [tac] implement prd021 R1.1, R1.2, R1.3, R1.4",860261,6659,56397,803848,0.921,6569,6679,110,9304,9435,131,140,2,241,0
567089534b66044b863f56d9323e7469ef6e87fb,2026-03-13T05:12:47-05:00,1048,stitch,,other,srd021,"R2.1, R2.2, R2.3, R2.4",False,"Task 1048: [stitch] [stitch] [tac] implement prd021 R2.1, R2.2, R2.3, R2.4",426208,15735,58716,367484,0.9441,6679,6813,134,9435,9529,94,229,2,261,33
a2cff634f39c5fd5b5efb9307d0be0137c723a3a,2026-03-13T05:16:04-05:00,1050,stitch,,other,srd021,"R3.1, R3.2, R3.3, R3.4",False,"Task 1050: [stitch] [stitch] [tac] implement prd021 R3.1, R3.2, R3.3, R3.4",274036,5000,49641,224389,0.5475,6813,6813,0,9529,9575,46,105,1,46,0
4918554bc97f85e177745cc74c6b2f13094ad54f,2026-03-13T05:18:20-05:00,1052,stitch,,other,srd021,"R4.1, R4.2, R4.3",False,"Task 1052: [stitch] [stitch] [tac] implement prd021 R4.1, R4.2, R4.3",327280,2388,48357,278916,0.5014,6813,6813,0,9575,9575,0,54,1,1,1
8ef96480242225629be7dad5e99b3a7a012e2a56,2026-03-13T05:22:12-05:00,1054,stitch,,other,srd022,"R1.1, R1.2, R1.3, R1.4",False,"Task 1054: [stitch] [stitch] [tac] implement prd022 R1.1, R1.2, R1.3, R1.4",940739,6039,46182,894538,0.887,6813,6912,99,9575,9575,0,143,1,99,0
1af384a5b2bc441076c9e0147949cfd909766377,2026-03-13T05:25:31-05:00,1056,stitch,,other,srd022,"R2.1, R2.2, R2.3, R2.4",False,"Task 1056: [stitch] [stitch] [nl] implement prd022 R2.1, R2.2, R2.3, R2.4",485863,6059,51577,434276,0.691,6912,7052,140,9575,9721,146,118,2,302,16
2137afdbde362df7183fe9a97548fc19de7822ae,2026-03-13T05:28:50-05:00,1058,stitch,,other,srd022,"R3.1, R3.2, R3.3, R3.4",False,"Task 1058: [stitch] [stitch] [nl] implement prd022 R3.1, R3.2, R3.3, R3.4",668854,8648,53169,615672,0.8564,7052,7164,112,9721,9851,130,127,2,288,46
3d5cbb98113b7c23330f4fb94b77c272c3b769e8,2026-03-13T05:38:11-05:00,1060,stitch,,other,srd022,"R4.1, R4.2, R4.3, R4.4",False,"Task 1060: [stitch] [stitch] [nl] implement prd022 R4.1, R4.2, R4.3, R4.4",1423431,25215,85928,1337485,1.8363,7164,7298,134,9851,9981,130,474,2,284,20
46cae2772e99a0a3d765aae6fcbf9568f33c5a13,2026-03-13T05:41:58-05:00,1062,stitch,,other,srd023,"R1.1, R1.2, R1.3, R1.4",False,"Task 1062: [stitch] [stitch] [fold] implement prd023 R1.1, R1.2, R1.3, R1.4",267988,1333,47479,220503,0.4404,7640,7640,0,10159,10159,0,36,2,520,0
704604e1a9395c1dac9dba607d3f96b2117525d7,2026-03-13T05:41:58-05:00,1062,stitch,,other,srd023,"R1.1, R1.2, R1.3, R1.4",False,"Task 1062: [stitch] [stitch] [fold] implement prd023 R1.1, R1.2, R1.3, R1.4",396345,6753,52060,344277,0.6664,7298,7640,342,9981,10159,178,127,2,520,0
bb0efc26bf6e50e23acc2267a6c46d529b0b7e33,2026-03-13T05:46:28-05:00,1066,stitch,cmd/fold,cmd,srd023,"R3.1, R3.2, R3.3, R3.4",False,"Task 1066: [stitch] implement prd023-fold R3.1, R3.2, R3.3, R3.4",495220,2424,49050,446160,0.5903,7640,7640,0,10159,10201,42,75,2,43,1
bc7650f7ba9c07603b110d6be26a7aee3bddd7eb,2026-03-13T05:49:33-05:00,1068,stitch,cmd/fold,cmd,srd023,"R4.1, R4.2, R4.3, R4.4",False,"Task 1068: [stitch] [stitch] [fold] implement prd023-fold R4.1, R4.2, R4.3, R4.4",804001,4669,51225,752761,0.8133,7640,7640,0,10201,10240,39,112,2,41,2
10e71ff880d50da98df6892c92d6214b04502264,2026-03-13T05:52:45-05:00,1070,stitch,cmd/expand,cmd,srd024,"R1.1, R1.2, R1.3, R1.4",False,"Task 1070: [stitch] [stitch] [expand] implement prd024-expand R1.1, R1.2, R1.3, R1.4",495485,5456,48067,447408,0.6606,7640,7760,120,10240,10345,105,108,2,225,0
6fa5149f169293961156afd672f0ea61c156545b,2026-03-13T05:57:21-05:00,1072,stitch,cmd/expand,cmd,srd024,"R2.1, R2.2, R2.3, R2.4",False,"Task 1072: [stitch] [expand] implement prd024-expand R2.1, R2.2, R2.3, R2.4",937272,10995,49798,887455,1.0299,7760,7941,181,10345,10345,0,209,1,199,18
476b1efeddbb3ee6755fd1185c6aa48df179c5ff,2026-03-13T06:00:43-05:00,1074,stitch,cmd/expand,cmd,srd024,"R3.1, R3.2, R3.3, R3.4",False,"Task 1074: [stitch] [expand] implement prd024-expand R3.1, R3.2, R3.3, R3.4",697110,5550,61827,635271,0.8429,7941,7941,0,10345,10396,51,127,2,53,2
6b4d9b096024d976a0c7e986426e2a6efbb9f2f5,2026-03-13T06:02:51-05:00,1076,stitch,cmd/expand,cmd,srd024,"R4.1, R4.2, R4.3",False,"Task 1076: [stitch] [stitch] [expand] implement prd024-expand R4.1, R4.2, R4.3",265983,2214,47111,218866,0.4593,7941,7941,0,10396,10448,52,48,1,52,0
a55f96d49495c82f99cb3d9f712807185a5531c0,2026-03-13T06:05:50-05:00,1078,stitch,cmd/unexpand,cmd,srd025,"R1.1, R1.2, R1.3, R1.4",False,"Task 1078: [stitch] [stitch] [unexpand] implement prd025-unexpand R1.1, R1.2, R1.3, R1.4",510847,5046,55885,454952,0.703,7941,8136,195,10448,10610,162,89,2,357,0
a05352d6a22d8bce28b2faf0a5c8495793cb3397,2026-03-13T06:15:16-05:00,1080,stitch,cmd/unexpand,cmd,srd025,"R2.1, R2.2, R2.3",False,"Task 1080: [stitch] [unexpand] implement prd025-unexpand R2.1, R2.2, R2.3",532850,31933,79986,452856,1.5247,8136,8306,170,10610,10743,133,505,2,382,79
c86e98a05dc72b2631045fed5349e724d622c41e,2026-03-13T06:18:13-05:00,1082,stitch,cmd/unexpand,cmd,srd025,"R3.1, R3.2, R3.3",False,"Task 1082: [stitch] [stitch] [unexpand] implement prd025-unexpand R3.1, R3.2, R3.3",732615,3688,56276,676326,0.7822,8306,8302,-4,10743,10744,1,80,2,6,9
6040314a20ea391e615e6a3e0af97bde778be4d6,2026-03-13T06:21:29-05:00,1084,stitch,cmd/unexpand,cmd,srd025,"R4.1, R4.2, R4.3, R4.4",False,"Task 1084: [stitch] [unexpand] implement prd025-unexpand R4.1, R4.2, R4.3, R4.4",1150427,6605,60609,1089799,1.0889,8302,8336,34,10744,10852,108,121,2,147,5
0e66eecb53106133a58c5c557bf9074b00f90919,2026-03-13T06:25:16-05:00,1086,stitch,cmd/cut,cmd,srd026,"R1.1, R1.2, R1.3, R1.4",False,"Task 1086: [stitch] [cut] implement prd026-cut R1.1, R1.2, R1.3, R1.4",525295,8965,56603,468682,0.8123,8336,8830,494,10852,11125,273,130,2,767,0
2e18b0f1f5c28064c3fa12d1160e279ea593a79c,2026-03-13T06:28:16-05:00,1088,stitch,cmd/cut,cmd,srd026,"R2.1, R2.2, R2.3, R2.4",False,"Task 1088: [stitch] [cut] implement prd026-cut R2.1, R2.2, R2.3, R2.4",529952,4730,53709,476233,0.6921,8830,8843,13,11125,11149,24,96,2,37,0
2d44ae1d883215d9ab3d518e62ceab4730363e7d,2026-03-13T06:30:57-05:00,1090,stitch,cmd/cut,cmd,srd026,"R3.1, R3.2, R3.3",False,"Task 1090: [stitch] [stitch] [cut] implement prd026-cut R3.1, R3.2, R3.3",352279,3169,53163,299109,0.5611,8843,8843,0,11149,11177,28,73,1,28,0
6e3c4645d1a8509f84083f2dc862290c77e3f987,2026-03-13T06:33:43-05:00,1092,stitch,cmd/cut,cmd,srd026,"R4.1, R4.2, R4.3, R4.4",False,"Task 1092: [stitch] [cut] implement prd026-cut R4.1, R4.2, R4.3, R4.4",291517,3894,54172,237339,0.5546,8843,8843,0,11177,11240,63,79,1,63,0
fe62a1d62fe12b2a7312a6aa1b74f097ceb2fdf0,2026-03-13T06:36:39-05:00,1094,stitch,cmd/paste,cmd,srd027,"R1.1, R1.2, R1.3, R1.4",False,"Task 1094: [stitch] [stitch] [paste] implement prd027-paste R1.1, R1.2, R1.3, R1.4",518902,7037,53706,465186,0.7442,8843,9197,354,11240,11356,116,116,2,470,0
f5110e602cbc68972b0d32f4d96964d3180bc89a,2026-03-13T06:39:31-05:00,1096,stitch,cmd/paste,cmd,srd027,"R2.1, R2.2, R2.3",False,"Task 1096: [stitch] [stitch] [paste] implement prd027-paste R2.1, R2.2, R2.3",784710,4989,53326,731369,0.8238,9197,9200,3,11356,11416,60,112,2,80,17
f46c037beae21adff2df123fc36f3b6c57eae681,2026-03-13T06:42:33-05:00,1098,stitch,cmd/paste,cmd,srd027,"R3.1, R3.2, R3.3",False,"Task 1098: [stitch] [stitch] [paste] implement prd027-paste R3.1, R3.2, R3.3",432639,2816,47997,384633,0.5627,9200,9200,0,11416,11487,71,55,2,73,2
9f8e8eea131656da2d6bf7f6a6e38be27da7c42a,2026-03-13T06:45:40-05:00,1100,stitch,cmd/paste,cmd,srd027,"R4.1, R4.2, R4.3, R4.4",False,"Task 1100: [stitch] [stitch] [paste] implement prd027-paste R4.1, R4.2, R4.3, R4.4",718454,4950,57315,661126,0.8126,9200,9200,0,11487,11529,42,103,2,44,2
7750ad84e2e2e7e2de2211d8c34a7b8b2664855e,2026-03-13T06:49:07-05:00,1102,stitch,cmd/uniq,cmd,srd028,"R1.1, R1.2, R1.3, R1.4",False,"Task 1102: [stitch] [stitch] [uniq] implement prd028-uniq R1.1, R1.2, R1.3, R1.4",399255,6066,51812,347435,0.6492,9200,9441,241,11529,11684,155,100,2,396,0
6d0827f4e55bcc4e78483cc0f7a02b684c562416,2026-03-13T06:53:01-05:00,1104,stitch,cmd/uniq,cmd,srd028,"R2.1, R2.2, R2.3, R2.4",False,"Task 1104: [stitch] [stitch] [uniq] implement prd028-uniq R2.1, R2.2, R2.3, R2.4",897152,8182,52551,844584,0.9554,9441,9503,62,11684,11785,101,147,2,178,15
7ee393da3528d8f0f6ab09d2621f68a6ba0f3340,2026-03-13T06:57:22-05:00,1106,stitch,cmd/uniq,cmd,srd028,"R3.1, R3.2, R3.3, R3.4",False,"Task 1106: [stitch] [stitch] [uniq] implement prd028-uniq R3.1, R3.2, R3.3, R3.4",1573918,11433,63551,1510341,1.4383,9503,9668,165,11785,11964,179,186,2,356,12
8ba629c7dca5b1a1833f94f73c4d332a416e6ae6,2026-03-13T07:00:09-05:00,1108,stitch,cmd/uniq,cmd,srd028,"R4.1, R4.2, R4.3, R4.4",False,"Task 1108: [stitch] [stitch] [uniq] implement prd028-uniq R4.1, R4.2, R4.3, R4.4",749276,4061,57744,691519,0.8082,9668,9668,0,11964,12013,49,91,2,51,2
b985f09a7382ca57cf7b5dabed131697a7664918,2026-03-13T07:03:10-05:00,1110,stitch,cmd/comm,cmd,srd029,"R1.1, R1.2, R1.3, R1.4",False,"Task 1110: [stitch] [comm] implement prd029-comm R1.1, R1.2, R1.3, R1.4",499932,5872,58720,441203,0.7344,9668,9857,189,12013,12208,195,105,2,384,0
fa8f6b5e3f3f7ee7a26899866707aff40f547d27,2026-03-13T07:06:09-05:00,1112,stitch,cmd/comm,cmd,srd029,"R2.1, R2.2, R2.3, R2.4",False,"Task 1112: [stitch] [stitch] [comm] implement prd029-comm R2.1, R2.2, R2.3, R2.4",613528,6326,51754,561762,0.7626,9857,9947,90,12208,12274,66,96,2,174,18
804cd928b94e710e8f40804f60f02ed22a06c844,2026-03-13T07:12:47-05:00,1114,stitch,cmd/comm,cmd,srd029,"R3.1, R3.2, R3.3, R3.4",False,"Task 1114: [stitch] [comm] implement prd029-comm R3.1, R3.2, R3.3, R3.4",1144576,18220,72712,1071845,1.446,9947,10079,132,12274,12346,72,308,2,228,24
2388b3ddc89b6c1f786c2a42d0f0db5f0a2509bf,2026-03-13T07:15:30-05:00,1116,stitch,cmd/comm,cmd,srd029,"R4.1, R4.2, R4.3, R4.4",False,"Task 1116: [stitch] [comm] implement prd029-comm R4.1, R4.2, R4.3, R4.4",539014,4598,54626,484378,0.6986,10079,10081,2,12346,12384,38,90,2,43,3
4fc32591f48a112de47773235787e09418fbdbe1,2026-03-13T07:18:27-05:00,1118,stitch,cmd/md5sum,cmd,srd030,"R1.1, R1.2, R1.3, R1.4",False,"Task 1118: [stitch] [stitch] [md5sum] implement prd030-md5sum R1.1, R1.2, R1.3, R1.4",342443,4945,55315,287121,0.6129,10081,10186,105,12384,12575,191,78,2,296,0
1ca27eca5faf7e2705da0fd1b449f6c1d21fc5f4,2026-03-13T07:23:33-05:00,1120,stitch,cmd/md5sum,cmd,srd030,"R2.1, R2.2, R2.3, R2.4",False,"Task 1120: [stitch] [md5sum] implement prd030-md5sum R2.1, R2.2, R2.3, R2.4",988153,14139,61768,926368,1.2028,10186,10386,200,12575,12771,196,216,2,399,3
2520b3a9b106706ac0f4d8bb859d09aa1160b530,2026-03-13T07:26:45-05:00,1122,stitch,cmd/md5sum,cmd,srd030,"R3.1, R3.2, R3.3",False,"Task 1122: [stitch] [stitch] [md5sum] implement prd030-md5sum R3.1, R3.2, R3.3",420540,5487,56511,364021,0.6724,10386,10386,0,12771,12860,89,105,2,91,2
ec42bfadd35c5329e1af75000e5facf5c499a4df,2026-03-13T07:36:47-05:00,1124,stitch,cmd/md5sum,cmd,srd030,"R4.1, R4.2, R4.3",False,"Task 1124: [stitch] [md5sum] implement prd030-md5sum R4.1, R4.2, R4.3",677054,6573,57848,619194,0.8355,10386,10388,2,12860,12979,119,102,2,124,3
d26b60548aae0e07d5853081bc84b81017c09eba,2026-03-13T07:40:15-05:00,1126,stitch,cmd/sha1sum,cmd,srd031,"R1.1, R1.2, R1.3, R1.4",False,"Task 1126: [stitch] [sha1sum] implement prd031-sha1sum R1.1, R1.2, R1.3, R1.4",421237,7749,57794,363435,0.7367,10388,10693,305,12979,13259,280,115,2,585,0
0de1d9c3629f46a92fae5f005568633365f58371,2026-03-13T07:45:06-05:00,1128,stitch,cmd/sha1sum,cmd,srd031,"R2.1, R2.2, R2.3",False,"Task 1128: [stitch] [sha1sum] implement prd031-sha1sum R2.1, R2.2, R2.3",1341036,13826,76392,1264625,1.4555,10693,10703,10,13259,13473,214,207,2,226,2
d440a07b8fb4021eeae56278cacde96bd2a8075b,2026-03-13T07:49:29-05:00,1130,stitch,cmd/sha1sum,cmd,srd031,"R3.1, R3.2",False,"Task 1130: [stitch] [sha1sum] implement prd031-sha1sum R3.1, R3.2",713428,7496,61990,651426,0.9006,10703,10704,1,13473,13525,52,170,2,59,6
b3b533f176b0990e2031e966fd29af07ef644807,2026-03-13T07:52:43-05:00,1132,stitch,cmd/sha1sum,cmd,srd031,"R4.1, R4.2, R4.3",False,"Task 1132: [stitch] [sha1sum] implement prd031-sha1sum R4.1, R4.2, R4.3",621646,6732,68425,553211,0.8726,10704,10704,0,13525,13644,119,112,1,120,1
a9ffe20ff4c0d5369331c7a3c60be47a0b9eb9c7,2026-03-13T07:55:10-05:00,1134,stitch,cmd/sha256sum,cmd,srd032,"R1.1, R1.2, R1.3, R1.4",False,"Task 1134: [stitch] [stitch] [sha256sum] implement prd032-sha256sum R1.1, R1.2, R1.3, R1.4",346900,4706,52228,294665,0.5914,10704,11020,316,13644,13644,0,74,1,316,0
ea487840676f374aea93bef50e90dc33007a27ba,2026-03-13T07:55:10-05:00,1134,stitch,cmd/sha256sum,cmd,srd032,"R1.1, R1.2, R1.3, R1.4",False,"Task 1134: [stitch] [stitch] [sha256sum] implement prd032-sha256sum R1.1, R1.2, R1.3, R1.4",413453,1857,52620,360825,0.5558,11020,11020,0,13644,13644,0,53,1,316,0
af39e0e6368a260b3024f75f632182449d93963d,2026-03-13T09:07:48-05:00,1139,stitch,cmd/sha256sum,cmd,srd032,"R3.1, R3.2",False,"Task 1139: [stitch] [sha256sum] implement prd032-sha256sum R3.1, R3.2",571125,10437,73668,497448,0.9701,11020,11020,0,13644,14323,679,159,1,679,0
f66a5edebc79c24ad4fc6ca1dad929fe11f1a3b0,2026-03-13T09:15:30-05:00,1142,stitch,cmd/sha256sum,cmd,srd032,"R4.1, R4.2, R4.3",False,"Task 1142: [stitch] [sha256sum] implement prd032-sha256sum R4.1, R4.2, R4.3",790642,19125,77026,713605,1.3164,11020,11061,41,14323,14383,60,368,2,102,1
54fc7fd9b7e94b014e00c16b7d74de614207661b,2026-03-13T09:18:46-05:00,1144,stitch,cmd/sha512sum,cmd,srd033,"R1.1, R1.2, R1.3, R1.4",False,"Task 1144: [stitch] [stitch] [sha512sum] implement prd033-sha512sum R1.1, R1.2, R1.3, R1.4",373161,7472,59414,313740,0.715,11061,11194,133,14383,14723,340,128,2,473,0
d4ef75ae35571d8936ead81232ee521f398594a5,2026-03-13T09:22:26-05:00,1146,stitch,cmd/sha512sum,cmd,srd033,"R2.1, R2.2, R2.3",False,"Task 1146: [stitch] [sha512sum] implement prd033-sha512sum R2.1, R2.2, R2.3",806150,9193,72929,733209,1.0523,11194,11407,213,14723,14998,275,137,2,491,3
ae1aa4bf1759b38c2c026c9ce880546db9f96a4d,2026-03-13T09:27:49-05:00,1148,stitch,cmd/sha512sum,cmd,srd033,"R3.1, R3.2",False,"Task 1148: [stitch] [stitch] [sha512sum] implement prd033-sha512sum R3.1, R3.2",1846856,10628,78667,1768165,1.6416,11407,11412,5,14998,14998,0,215,2,43,38
5c3c00bc9557f070aea8d20406e948f8576323f8,2026-03-13T09:31:16-05:00,1150,stitch,cmd/sha512sum,cmd,srd033,"R4.1, R4.2, R4.3",False,"Task 1150: [stitch] [sha512sum] implement prd033-sha512sum R4.1, R4.2, R4.3",1342123,6808,77943,1264162,1.2895,11412,11420,8,14998,15116,118,128,2,139,13
8217e948f3647fc386cb6587bab5537775877f04,2026-03-13T09:34:03-05:00,1152,stitch,cmd/ts,cmd,srd004,"R1.1, R1.2, R1.3, R1.4",False,"Task 1152: [stitch] [ts] implement prd004-ts R1.1, R1.2, R1.3, R1.4",494233,2917,49627,444596,0.6054,11420,11470,50,15116,15178,62,74,2,112,0
65c9380ce232c4b599c3844490bb4fb471a49cd6,2026-03-13T09:41:35-05:00,1154,stitch,cmd/ts,cmd,srd004,"R1.5, R1.6, R2.1, R2.2",False,"Task 1154: [stitch] [ts] implement prd004-ts R1.5, R1.6, R2.1, R2.2",814236,21476,66166,748057,1.3245,11470,11629,159,15178,15264,86,365,2,269,24
6ba829cd13a8e4df383f67f570bc59c7b608c1ad,2026-03-13T09:47:47-05:00,1156,stitch,cmd/ts,cmd,srd004,"R2.3, R2.4, R3.1, R3.2",False,"Task 1156: [stitch] [stitch] [ts] implement prd004-ts R2.3, R2.4, R3.1, R3.2",1270062,17084,67868,1202174,1.4525,11629,11689,60,15264,15367,103,285,2,172,9
0634beb3c8448a585e3caf9c50cd33fc439a58b0,2026-03-13T11:07:59-05:00,1158,stitch,cmd/ts,cmd,srd004,"R3.3, R3.4, R4.1, R4.2",False,"Task 1158: [stitch] [stitch] [ts] implement prd004-ts R3.3, R3.4, R4.1, R4.2",988831,12642,96951,884064,1.4031,11689,11707,18,15367,15447,80,230,2,106,8
e8cb3f33e9374a7d306105ffc3d8f77f804f340d,2026-03-13T11:12:02-05:00,1160,stitch,cmd/ts,cmd,srd004,"R4.3, R5.1, R5.2, R5.3",False,"Task 1160: [stitch] [stitch] [ts] implement prd004-ts R4.3, R5.1, R5.2, R5.3",876079,8094,60716,815348,0.9896,11707,11723,16,15447,15535,88,153,2,107,3
2c13324708330cd8b2ced5ea18c766e944b57af4,2026-03-13T11:27:02-05:00,1162,stitch,cmd/ts,cmd,srd004,"R6.1, R6.2, R6.3, R6.4",False,"Task 1162: [stitch] [stitch] [ts] implement prd004-ts R6.1, R6.2, R6.3, R6.4",2970281,49612,108290,2861959,3.3483,11723,11891,168,15535,15611,76,815,2,283,39
1882d6ed093107ac254bba3a819a9a67c5695392,2026-03-13T11:32:20-05:00,1164,stitch,cmd/ts,cmd,srd004,"R6.5, R7.1, R7.2, R7.3",False,"Task 1164: [stitch] [stitch] [ts] implement prd004-ts R6.5, R7.1, R7.2, R7.3",1573583,11909,71066,1502494,1.4932,11891,11915,24,15611,15671,60,233,2,87,3
bdbaf2ace3bfd0b9892acdc6d8499656f3fb446c,2026-03-13T11:36:35-05:00,1166,stitch,cmd/ts,cmd,srd004,"R8.1, R8.2, R9.1, R9.2",False,"Task 1166: [stitch] [ts] implement prd004-ts R8.1, R8.2, R9.1, R9.2",1182173,6906,66210,1115945,1.1445,11915,11922,7,15671,15728,57,162,2,69,5
26c3cd95bc7c9e7261030f6b03c847daf45ac656,2026-03-13T16:51:28-05:00,1168,stitch,cmd/mkdir,cmd,srd034,"R1.1, R1.2, R1.3, R1.4",False,"Task 1168: [stitch] [stitch] [ts] implement prd034-mkdir R1.1, R1.2, R1.3, R1.4",501450,8239,58469,442971,0.7929,11922,12024,102,15728,15945,217,143,2,319,0
314623c88101046196ca296c2a2c1ed53554b706,2026-03-13T16:54:41-05:00,1170,stitch,cmd/mkdir,cmd,srd034,"R2.1, R2.2, R2.3",False,"Task 1170: [stitch] [stitch] [ts] implement prd034-mkdir R2.1, R2.2, R2.3",536467,5642,48746,487710,0.6896,12024,12046,22,15945,16091,146,88,2,181,13
f7db7c4ba95b0ed98f923b927b9f163ca3506279,2026-03-13T17:02:45-05:00,1172,stitch,cmd/mkdir,cmd,srd034,"R3.1, R3.2, R3.3, R3.4",False,"Task 1172: [stitch] [stitch] [ts] implement prd034-mkdir R3.1, R3.2, R3.3, R3.4",869865,24807,71606,798246,1.4669,12046,12254,208,16091,16278,187,384,2,404,9
f41a40fcc9acc358bfb8f8149a6ce259e062dff1,2026-03-13T17:08:17-05:00,1174,stitch,cmd/mkdir,cmd,srd034,"R4.1, R4.2, R4.3",False,"Task 1174: [stitch] [ts] implement prd034-mkdir R4.1, R4.2, R4.3",895143,13177,66444,828685,1.1591,12254,12254,0,16278,16393,115,260,2,117,2
e8db43f16cd2560def455406d62b84fd58063b22,2026-03-13T17:11:34-05:00,1176,stitch,cmd/rmdir,cmd,srd035,"R1.1, R1.2, R1.3, R1.4",False,"Task 1176: [stitch] [stitch] [ts] implement prd035-rmdir R1.1, R1.2, R1.3, R1.4",769629,6374,60867,708749,0.8942,12254,12353,99,16393,16651,258,118,2,357,0
05505f18b2d18e08eda3dc1952ac274d61f2430a,2026-03-13T17:17:32-05:00,1178,stitch,cmd/rmdir,cmd,srd035,"R2.1, R2.2, R2.3",False,"Task 1178: [stitch] [stitch] [ts] implement prd035-rmdir R2.1, R2.2, R2.3",857988,5989,54001,803971,0.8893,12353,12378,25,16651,16789,138,282,2,166,3
c6a83401e88b7050a2906e6395f5fdc90e22d722,2026-03-13T17:24:48-05:00,1180,stitch,cmd/rmdir,cmd,srd035,"R3.1, R3.2, R3.3, R3.4",False,"Task 1180: [stitch] [ts] implement prd035-rmdir R3.1, R3.2, R3.3, R3.4",1153443,13023,66054,1087371,1.2822,12378,12415,37,16789,17033,244,267,2,287,6
3328e662bbd25a35216d8a51bc68c5f17630abc5,2026-03-13T17:31:22-05:00,1182,stitch,cmd/rmdir,cmd,srd035,"R4.1, R4.2, R4.3",False,"Task 1182: [stitch] [stitch] [ts] implement prd035-rmdir R4.1, R4.2, R4.3",1262239,9075,66858,1195362,1.2425,12415,12415,0,17033,17272,239,218,2,242,3
c8a73fd56d8f906411431ea9382a858486582359,2026-03-13T17:34:06-05:00,1184,stitch,cmd/ln,cmd,srd037,"R1.1, R1.2, R1.3, R1.4",False,"Task 1184: [stitch] [ts] implement prd037-ln R1.1, R1.2, R1.3, R1.4",262208,3706,46265,215937,0.4898,12415,12611,196,17272,17272,0,38,1,196,0
0d5ea0089ac40d9e8167806eb4f44b8a8826829a,2026-03-13T17:40:29-05:00,1186,stitch,cmd/ln,cmd,srd037,"R2.1, R2.2, R2.3, R2.4",False,"Task 1186: [stitch] [stitch] [ts] implement prd037-ln R2.1, R2.2, R2.3, R2.4",1499677,19091,84317,1415337,1.712,12611,12659,48,17272,17762,490,305,2,548,10
8c4c1921d9e54afd198c72d8f11f0a5dd12086fe,2026-03-13T17:49:23-05:00,1188,stitch,cmd/ln,cmd,srd037,"R3.1, R3.2, R3.3, R3.4",False,"Task 1188: [stitch] [stitch] [ts] implement prd037-ln R3.1, R3.2, R3.3, R3.4",966606,31002,84698,881895,1.7454,12659,12872,213,17762,18202,440,450,2,680,27
4da106315be989cf2ba498f9efc2cd299a117ce7,2026-03-13T17:54:37-05:00,1190,stitch,cmd/ln,cmd,srd037,"R3.5, R3.6, R4.1, R4.2",False,"Task 1190: [stitch] [stitch] [ts] implement prd037-ln R3.5, R3.6, R4.1, R4.2",1166886,13660,77507,1089363,1.3707,12872,12886,14,18202,18471,269,226,2,291,8
f674bc084021bae7ada8b320035220131238e5e3,2026-03-13T17:57:32-05:00,1192,stitch,cmd/ln,cmd,srd037,R4.3,False,Task 1192: [stitch] [ts] implement prd037-ln R4.3,703703,5313,72127,631565,0.8995,12886,12886,0,18471,18659,188,97,2,189,1
eeaeb94e934b2ef0862a9bd21d46cccf2093c5d0,2026-03-13T18:00:30-05:00,1194,stitch,cmd/mktemp,cmd,srd036,"R1.1, R1.2, R1.3, R1.4",False,"Task 1194: [stitch] [stitch] [ts] implement prd036-mktemp R1.1, R1.2, R1.3, R1.4",704143,2913,46437,657692,0.692,12886,12991,105,18659,18659,0,76,1,105,0
8476efdb14e87b053d385392a4f8befea3b1a8da,2026-03-13T18:04:25-05:00,1196,stitch,cmd/mktemp,cmd,srd036,"R1.5, R2.1, R2.2, R2.3",False,"Task 1196: [stitch] [stitch] [ts] implement prd036-mktemp R1.5, R2.1, R2.2, R2.3",441585,10378,51975,389601,0.7791,12991,13028,37,18659,19043,384,161,2,433,12
4799be03dea1ce5f1da00c218ba5144361b285e4,2026-03-13T18:13:50-05:00,1198,stitch,cmd/mktemp,cmd,srd036,"R3.1, R3.2, R3.3, R3.4",False,"Task 1198: [stitch] [stitch] [ts] implement prd036-mktemp R3.1, R3.2, R3.3, R3.4",826636,25283,76420,750204,1.4849,13028,13082,54,19043,19210,167,441,2,255,34
b8a3d5cdea4544f5d7b30f5486bb8a93242e3d28,2026-03-13T19:55:26-05:00,1200,stitch,cmd/mktemp,cmd,srd036,"R3.5, R3.6, R4.1, R4.2",False,"Task 1200: [stitch] [stitch] [ts] implement prd036-mktemp R3.5, R3.6, R4.1, R4.2",567480,9465,63806,503664,0.8873,13082,13118,36,19210,19396,186,169,2,237,15
eccd482807375f60d37e0dc5c95ed513a4916dbd,2026-03-13T20:03:30-05:00,1202,stitch,cmd/mktemp,cmd,srd036,"R4.3, R4.4",False,"Task 1202: [stitch] [stitch] [ts] implement prd036-mktemp R4.3, R4.4",1688560,24330,98279,1590261,2.0177,13118,13168,50,19396,19645,249,318,12,316,17
0aaeaef4089c95135c2583d89f4ad94507fe1fc6,2026-03-13T20:08:02-05:00,1204,stitch,cmd/unlink,cmd,srd038,"R1.1, R1.2, R1.3, R2.1",False,"Task 1204: [stitch] prd038-unlink R1.1, R1.2, R1.3, R2.1",875384,8930,72473,802898,1.0777,13168,13245,77,19645,19996,351,169,2,428,0
21e6179842c23d80fb1582adc54168db3b1c92fb,2026-03-13T20:08:02-05:00,1204,stitch,cmd/unlink,cmd,srd038,"R1.1, R1.2, R1.3, R2.1",False,"Task 1204: [stitch] prd038-unlink R1.1, R1.2, R1.3, R2.1",155245,2284,46890,108351,0.4044,13245,13245,0,19996,19996,0,55,2,428,0
cc29ef4cebc466696641b922dd232cc36de236ba,2026-03-13T20:25:05-05:00,1209,stitch,cmd/unlink,cmd,srd038,"R3.2, R3.3",False,"Task 1209: [stitch] prd038-unlink R3.2, R3.3",649774,6758,49777,599984,0.7801,13245,13245,0,19996,20074,78,123,1,79,1
a3fe11f7ddaec9caaead81c99ed7f2d5c3003a1d,2026-03-13T20:27:15-05:00,1211,stitch,cmd/env,cmd,srd039,"R1.1, R1.2, R1.3, R2.1",False,"Task 1211: [stitch] prd039-env R1.1, R1.2, R1.3, R2.1",300382,3316,43124,257251,0.4811,13245,13420,175,20074,20074,0,61,1,175,0
ce1eb0c76ce22d67ad8bfd51bdb2d1a222872875,2026-03-13T20:33:04-05:00,1213,stitch,cmd/env,cmd,srd039,"R2.2, R2.3, R3.1, R3.2",False,"Task 1213: [stitch] prd039-env R2.2, R2.3, R3.1, R3.2",2108696,14186,66844,2041818,1.7935,13420,13490,70,20074,20288,214,272,2,291,7
957495d10ea164df0b607e9d3db01f1327fdbb12,2026-03-13T20:37:21-05:00,1215,stitch,cmd/env,cmd,srd039,"R3.3, R4.1, R4.2, R4.3",False,"Task 1215: [stitch] [stitch] prd039-env R3.3, R4.1, R4.2, R4.3",708427,8413,55735,652679,0.8851,13490,13496,6,20288,20350,62,162,2,85,17
29f1770e1542d75f7d114972d62d63620a6be47b,2026-03-13T20:39:34-05:00,1217,stitch,cmd/printenv,cmd,srd040,"R1.1, R1.2, R1.3, R2.1",False,"Task 1217: [stitch] prd040-printenv R1.1, R1.2, R1.3, R2.1",331677,2468,39834,291835,0.4566,13496,13630,134,20350,20350,0,47,1,134,0
02b34c38291ab9c9d00422af1ef9940ce0dec24d,2026-03-13T20:41:32-05:00,1219,stitch,cmd/printenv,cmd,srd040,"R2.2, R2.3, R2.4, R3.1",False,"Task 1219: [stitch] prd040-printenv R2.2, R2.3, R2.4, R3.1",421095,3149,46854,374232,0.5587,13630,13630,0,20350,20499,149,63,2,150,1
1e3749d6ac3e9b4ac478a3b59cde6f0a8f720ed2,2026-03-13T20:43:27-05:00,1221,stitch,cmd/printenv,cmd,srd040,"R3.2, R3.3",False,"Task 1221: [stitch] prd040-printenv R3.2, R3.3",519466,2869,45147,474308,0.5911,13630,13630,0,20499,20537,38,62,2,40,2
6989b27d7ddd58ceda8cb02d9e1837d9a2137724,2026-03-13T20:46:29-05:00,1223,stitch,cmd/groups,cmd,srd043,"R1.1, R1.2, R1.3",False,"Task 1223: [stitch] prd043-groups R1.1, R1.2, R1.3",518457,4442,46309,472137,0.6366,13630,13728,98,20537,20653,116,89,2,214,0
4b75dcd04f7c6acfad62478c058159c51088c974,2026-03-13T20:46:29-05:00,1223,stitch,cmd/groups,cmd,srd043,"R1.1, R1.2, R1.3",False,"Task 1223: [stitch] prd043-groups R1.1, R1.2, R1.3",184463,1793,38889,145569,0.3607,13728,13728,0,20653,20653,0,43,2,214,0
bfd63e45327e6990cc8cfc5cecf02faf7c21370c,2026-03-13T20:53:45-05:00,1229,stitch,cmd/id,cmd,srd041,"R1.1, R1.2, R1.3",False,"Task 1229: [stitch] prd041-id R1.1, R1.2, R1.3 -- id command core implementation",646929,5597,49454,597462,0.7478,13728,13882,154,20653,20770,117,118,2,271,0
4a3d84b2a57550a934fa4bfc001999162eb62a48,2026-03-13T20:57:27-05:00,1231,stitch,cmd/id,cmd,srd041,"R2.1, R2.2, R2.3, R2.4",False,"Task 1231: [stitch] [stitch] prd041-id R2.1, R2.2, R2.3, R2.4 -- id flag-specific output modes",757796,9559,54997,702785,0.9342,13882,14028,146,20770,20862,92,148,2,265,27
22e1e729c0fc1007d7cb16e5c2ad7cea24d49fe2,2026-03-13T21:01:22-05:00,1233,stitch,cmd/id,cmd,srd041,"R3.1, R3.2, R3.3",False,"Task 1233: [stitch] prd041-id R3.1, R3.2, R3.3 -- id error handling and multiple user support",282522,5479,52319,230197,0.5791,14050,14050,0,20902,20902,0,124,2,70,8
006a7e71d2547d4f7ece1b5aa9356d4bd811852b,2026-03-13T21:01:22-05:00,1233,stitch,cmd/id,cmd,srd041,"R3.1, R3.2, R3.3",False,"Task 1233: [stitch] prd041-id R3.1, R3.2, R3.3 -- id error handling and multiple user support",772046,7778,50911,721120,0.8733,14028,14050,22,20862,20902,40,159,2,70,8
b53ff6dd2d972f6e0a94c1e53b9a29b82aa2b8fc,2026-03-13T21:06:49-05:00,1237,stitch,cmd/whoami,cmd,srd042,"R1.1, R1.2, R2.1, R2.2",False,"Task 1237: [stitch] [stitch] prd042-whoami R1.1, R1.2, R2.1, R2.2 -- whoami core implementation",241835,1912,40507,201322,0.4017,14050,14114,64,20902,20902,0,33,1,64,0
99740e279b0196db6b41227fb0afd4cc25ca1b18,2026-03-13T21:09:38-05:00,1239,stitch,cmd/whoami,cmd,srd042,"R3.1, R3.2, R3.3",False,"Task 1239: [stitch] prd042-whoami R3.1, R3.2, R3.3 -- whoami error handling and differential tests",258221,3548,45042,213173,0.4768,14114,14114,0,20902,20998,96,74,2,97,1
7ae312ef6f724d2874b7373e445a51c466520ea1,2026-03-13T21:34:16-05:00,1244,stitch,cmd/sort,cmd,srd053,"R1.1, R1.2, R1.3, R1.4",False,"Task 1244: [stitch] prd053-sort R1.1, R1.2, R1.3, R1.4 -- sort core implementation and basic options",340304,6636,52176,288121,0.6361,14114,14378,264,20998,21273,275,104,2,539,0
5013dd8e70acb58a629eeed74e3566f435a02f06,2026-03-13T21:37:43-05:00,1246,stitch,cmd/sort,cmd,srd053,"R1.5, R1.6, R1.7",False,"Task 1246: [stitch] [stitch] prd053-sort R1.5, R1.6, R1.7 -- sort additional flag support",1187434,5776,69160,1118257,1.1359,14378,14389,11,21273,21308,35,110,2,50,4
8bbe1ecc80450c31d8e23b4a942c3b7fb54fe870,2026-03-13T21:48:13-05:00,1248,stitch,cmd/sort,cmd,srd053,"R2.1, R2.2, R2.3, R2.4",False,"Task 1248: [stitch] [stitch] prd053-sort R2.1, R2.2, R2.3, R2.4 -- sort key-based sorting and field separator",1392016,35507,84699,1307299,2.0708,14389,14720,331,21308,21462,154,548,2,503,18
50f24986325ca9d313f5717406f51bf2753b7d41,2026-03-13T21:58:20-05:00,1250,stitch,cmd/sort,cmd,srd053,"R3.1, R3.2, R3.3, R3.4",False,"Task 1250: [stitch] prd053-sort R3.1, R3.2, R3.3, R3.4 -- sort numeric, human-numeric, month, and version sort modes",1375385,31433,85087,1290281,1.9628,14720,15010,290,21462,21553,91,524,2,393,12
782a89e036f92db8361388d4d51e87f7a198deba,2026-03-13T22:06:01-05:00,1252,stitch,cmd/sort,cmd,srd053,"R4.1, R4.2, R4.3, R4.4",False,"Task 1252: [stitch] prd053-sort R4.1, R4.2, R4.3, R4.4 -- sort additional options and edge cases",5008103,18065,91813,4916228,3.4839,15010,15090,80,21553,21693,140,349,2,232,12
2cbc122329262ffc2e9bb85cf7aa2daab4a9adcd,2026-03-13T22:11:17-05:00,1254,stitch,cmd/tail,cmd,srd055,"R1.1, R1.2, R1.3, R1.4",False,"Task 1254: [stitch] [stitch] prd055-tail R1.1, R1.2, R1.3, R1.4 -- tail basic line output and file handling",1796240,11578,74499,1721715,1.6161,15090,15484,394,21693,21923,230,207,2,624,0
1d4b1a8238372761730d6d098fb51e99a8ec8eb1,2026-03-13T22:15:41-05:00,1256,stitch,cmd/tail,cmd,srd055,"R2.1, R2.2, R2.3",False,"Task 1256: [stitch] prd055-tail R2.1, R2.2, R2.3 -- tail byte counting and from-beginning offset modes",801723,8339,57766,743943,0.9416,15484,15502,18,21923,22035,112,149,2,145,15
e10dcfa94feef1b33c296f62cbd5915c77e33c87,2026-03-13T22:18:16-05:00,1258,stitch,cmd/tail,cmd,srd055,"R3.1, R3.2, R3.3, R3.4",False,"Task 1258: [stitch] [stitch] prd055-tail R3.1, R3.2, R3.3, R3.4 -- tail multiple file handling and headers",285467,3663,51619,233842,0.5311,15502,15502,0,22035,22094,59,74,1,59,0
dca9ba09733e1af3c7b922e88b2691595ead39da,2026-03-13T22:23:30-05:00,1260,stitch,cmd/tail,cmd,srd055,"R4.1, R4.2, R4.3, R4.4",False,"Task 1260: [stitch] prd055-tail R4.1, R4.2, R4.3, R4.4 -- tail additional options and edge cases",1271786,11175,65926,1205840,1.2944,15502,15532,30,22094,22175,81,225,2,117,6
4e38180204014d362bf499959e8cb812dec4c4ea,2026-03-13T22:29:09-05:00,1262,stitch,cmd/tr,cmd,srd054,"R1.1, R1.2, R1.3, R1.4",False,"Task 1262: [stitch] [stitch] prd054-tr R1.1, R1.2, R1.3, R1.4 -- tr basic character translation and operand parsing",920366,16012,69799,850553,1.2619,15532,15946,414,22175,22329,154,253,2,568,0
4b8ce0848d1808e7f60a3ab88d1948da210297b6,2026-03-13T22:34:46-05:00,1264,stitch,cmd/tr,cmd,srd054,"R2.1, R2.2, R2.3, R2.4",False,"Task 1264: [stitch] prd054-tr R2.1, R2.2, R2.3, R2.4 -- tr character classes and escape sequences",1479463,12341,71935,1407504,1.462,15946,15952,6,22329,22591,262,254,2,270,2
4082b162153c7e054ab9139cc9cdc8217c45bcdf,2026-03-13T22:39:00-05:00,1266,stitch,cmd/tr,cmd,srd054,"R3.1, R3.2, R3.3",False,"Task 1266: [stitch] prd054-tr R3.1, R3.2, R3.3 -- tr delete and squeeze modes",700048,9807,59909,640127,0.9397,15952,16158,206,22591,22747,156,148,2,391,29
afc45b7c5278b1b0a2318fbc75d1bfae9f06843b,2026-03-13T22:43:00-05:00,1268,stitch,cmd/tr,cmd,srd054,"R4.1, R4.2, R4.3",False,"Task 1268: [stitch] prd054-tr R4.1, R4.2, R4.3 -- tr complement mode and edge cases",1719136,9511,70513,1648598,1.5029,16158,16186,28,22747,22878,131,169,2,177,18
d10ff73b219d8a0caaf4f4b4edf02135f59caedf,2026-03-13T22:47:37-05:00,1270,stitch,cmd/cp,cmd,srd056,"R1.1, R1.2, R1.3, R1.4",False,"Task 1270: [stitch] [stitch] prd056-cp R1.1, R1.2, R1.3, R1.4 -- cp basic file copying and argument parsing",1472445,10175,59384,1413036,1.3322,16186,16319,133,22878,23090,212,193,2,345,0
3ab04dc633d504e314d3e88dc0cf603e851c8af3,2026-03-13T22:54:07-05:00,1272,stitch,cmd/cp,cmd,srd056,"R2.1, R2.2, R2.3, R2.4",False,"Task 1272: [stitch] prd056-cp R2.1, R2.2, R2.3, R2.4 -- cp recursive copying and directory handling",674504,21232,75632,598861,1.303,16319,16461,142,23090,23433,343,311,2,500,15
57bd01af956a0c1d6f51340cb8b1b85cde526872,2026-03-13T22:59:40-05:00,1274,stitch,cmd/cp,cmd,srd056,"R3.1, R3.2, R3.3, R3.4",False,"Task 1274: [stitch] prd056-cp R3.1, R3.2, R3.3, R3.4 -- cp preservation and interactive modes",1969662,18562,76913,1892720,1.8913,16461,16582,121,23433,23880,447,254,2,571,3
503cda314828e73d8186e39ac1bffaa7ab90735d,2026-03-13T23:05:03-05:00,1276,stitch,cmd/cp,cmd,srd056,"R4.1, R4.2, R4.3, R4.4",False,"Task 1276: [stitch] prd056-cp R4.1, R4.2, R4.3, R4.4 -- cp verbose output, update mode, and error reporting",1403816,14422,77957,1325840,1.5108,16582,16678,96,23880,24243,363,226,2,479,20
4803d16ab50515d145e35f58763e22066e7944a4,2026-03-13T23:11:39-05:00,1278,stitch,cmd/mv,cmd,srd057,"R1.1, R1.2, R1.3, R1.4",False,"Task 1278: [stitch] [stitch] prd057-mv R1.1, R1.2, R1.3, R1.4 -- mv basic file moving and argument parsing",1371593,20476,80873,1290700,1.6628,16678,17059,381,24243,24781,538,285,2,919,0
d8974f5c2ea7664bdd8281b68251b2724fbb7f53,2026-03-13T23:18:14-05:00,1280,stitch,cmd/mv,cmd,srd057,"R2.1, R2.2, R2.3, R2.4",False,"Task 1280: [stitch] [stitch] prd057-mv R2.1, R2.2, R2.3, R2.4 -- mv cross-filesystem move and force/no-clobber flags",1238527,20340,83877,1154634,1.6101,17059,17099,40,24781,25020,239,326,2,288,9
8612d8c14aa0cee8eb5d432df45340fe1e1bf19e,2026-03-13T23:24:56-05:00,1282,stitch,cmd/mv,cmd,srd057,"R3.1, R3.2, R3.3",False,"Task 1282: [stitch] prd057-mv R3.1, R3.2, R3.3 -- mv verbose output and interactive prompting",1025673,19696,87056,938604,1.5059,17099,17110,11,25020,25297,277,327,2,292,4
1fe5289269ba3a4011cb9df53adf4b35eb96e211,2026-03-13T23:28:31-05:00,1284,stitch,cmd/mv,cmd,srd057,"R4.1, R4.2, R4.3, R4.4",False,"Task 1284: [stitch] prd057-mv R4.1, R4.2, R4.3, R4.4 -- mv error handling and version/help output",914255,7343,89779,824465,1.157,17110,17115,5,25297,25575,278,139,2,286,3
4af5c4ba378e5b68268f24d212a55cbc73b19d04,2026-03-13T23:33:06-05:00,1286,stitch,cmd/rm,cmd,srd058,"R1.1, R1.2, R1.3, R1.4",False,"Task 1286: [stitch] prd058-rm R1.1, R1.2, R1.3, R1.4 -- rm basic file removal and argument parsing",759330,12313,68256,691062,1.08,17115,17302,187,25575,26024,449,196,2,636,0
8afc0336c2e570163320594b028ae0b3a9729db0,2026-03-13T23:41:32-05:00,1288,stitch,cmd/rm,cmd,srd058,"R2.1, R2.2, R2.3, R2.4",False,"Task 1288: [stitch] [stitch] prd058-rm R2.1, R2.2, R2.3, R2.4 -- rm recursive removal and directory handling",521386,30407,81377,440001,1.4888,17302,17428,126,26024,26450,426,444,2,565,13
b8680b94d5c2e25a35192c897e0dfc2c4242138c,2026-03-13T23:52:39-05:00,1290,stitch,cmd/rm,cmd,srd058,"R3.1, R3.2, R3.3, R3.4",False,"Task 1290: [stitch] prd058-rm R3.1, R3.2, R3.3, R3.4 -- rm interactive prompting and verbose output",716202,36004,97395,618798,1.8183,17428,17651,223,26450,26807,357,571,2,591,11
28d7baf3102c38ee71ea5041dd7f2a4beec60ac5,2026-03-13T23:56:00-05:00,1292,stitch,cmd/rm,cmd,srd058,"R4.1, R4.2, R4.3, R4.4",False,"Task 1292: [stitch] prd058-rm R4.1, R4.2, R4.3, R4.4 -- rm error handling and version/help output",1035646,7557,78800,956832,1.1599,17651,17651,0,26807,26969,162,134,2,164,2
ae6b10ea1504c99185e5ca12fd8e81d92519e5e7,2026-03-14T21:00:39-05:00,1301,stitch,pkg/testutils,pkg,srd001,R1.1-R1.4,False,"Task 1301: [stitch] prd001-testutils R1.1-R1.4: DiffTest struct, RunDiffTests, and normalization",538905,5510,46051,492842,0.672,0,271,271,0,0,0,93,2,271,0
18f7114d925665b12ce5e7a85cfec406ea16d9a5,2026-03-14T21:07:20-05:00,1303,stitch,pkg/testutils,pkg,srd001,R2.1-R2.4,False,Task 1303: [stitch] prd001-testutils R2.1-R2.4: BuildBinary helper and binary execution infrastructure,779771,10371,23441,756315,0.784,271,271,0,0,260,260,174,1,260,0
9c63dcfe8d6cdb248d8a69b09fae7ca825182194,2026-03-14T21:21:20-05:00,1305,stitch,pkg/testutils,pkg,srd001,R2.5-R2.6,False,Task 1305: [stitch] [stitch] prd001-testutils R2.5-R2.6: stderr comparison and timeout enforcement,731898,4980,51158,680726,0.7847,271,271,0,260,496,236,103,1,236,0
8c4d3d6c3fffa1d639d9438dc22eba24ad93015a,2026-03-14T21:25:30-05:00,1307,stitch,pkg/testutils,pkg,srd001,R3.1-R3.4,False,"Task 1307: [stitch] [stitch] prd001-testutils R3.1-R3.4: environment, working directory, expected files, and normalizer composition",801950,5443,61164,740772,0.8888,271,278,7,496,496,0,118,2,56,49
43442043c91a7370048494c2a540019b755b63c0,2026-03-14T21:29:29-05:00,1309,stitch,pkg/testutils,pkg,srd001,R3.5-R3.6,False,Task 1309: [stitch] prd001-testutils R3.5-R3.6: TimestampNormalizer and line-ending normalizer,404823,7371,57177,347638,0.7155,278,294,16,496,702,206,138,2,222,0
489e90fa72d09294aae11b0c14fdc9be8c218e20,2026-03-14T21:33:35-05:00,1311,stitch,pkg/testutils,pkg,srd001,R4.1-R4.4,False,Task 1311: [stitch] prd001-testutils R4.1-R4.4: RunDiffTests orchestration,615852,9291,60671,555170,0.8891,294,300,6,702,998,296,156,3,481,179
2621c1aa27962a8b1970d4da90211f78077d1045,2026-03-14T21:36:58-05:00,1313,stitch,pkg/testutils,pkg,srd001,R5.1-R5.2,False,Task 1313: [stitch] Task 1313: [stitch] prd001-testutils R5.1-R5.2: BuildBinary helper and package integration,647285,4779,50337,596935,0.7326,300,303,3,998,998,0,116,2,5,2
bc0da8483112f54943cc7bde21feeb69e191b609,2026-03-14T21:41:53-05:00,1315,stitch,pkg/sys,pkg,srd002,R1.1-R1.4,False,Task 1315: [stitch] prd002-sys R1.1-R1.4: FileInfo struct and Stat/Lstat with platform-specific stat field mapping,213824,4139,36900,176918,0.4226,303,447,144,998,998,0,68,4,144,0
786ec7b85aa3e32c0b977640c8a7b999ab3b8b10,2026-03-14T21:44:15-05:00,1317,stitch,pkg/sys,pkg,srd002,R1.5-R1.7,False,"Task 1317: [stitch] [stitch] prd002-sys R1.5-R1.7: TerminalWidth, IsTerminal, and InstallSIGPIPEHandler",343213,3701,31396,311807,0.4447,447,548,101,998,1079,81,67,8,200,0
5a4fc6b11b01a4c1583d32ca920567d0b1158419,2026-03-14T21:46:45-05:00,1319,stitch,pkg/sys,pkg,srd002,R2.1-R2.4,False,Task 1319: [stitch] [stitch] prd002-sys R2.1-R2.4: OnTerminalResize and signal-driven resize handling,277956,3859,33992,243956,0.4309,548,611,63,1079,1189,110,75,2,173,0
d168326225c8fa8a52a6409e3d3a9f8b58b40bad,2026-03-14T21:46:45-05:00,1319,stitch,pkg/sys,pkg,srd002,R2.1-R2.4,False,Task 1319: [stitch] [stitch] prd002-sys R2.1-R2.4: OnTerminalResize and signal-driven resize handling,158083,2007,33968,124110,0.3246,611,611,0,1189,1189,0,42,2,173,0
46a3ae9cdd0d0d98d9ed1d5435db483f8c321e0b,2026-03-14T21:53:04-05:00,1325,stitch,pkg/format,pkg,srd003,R1.1-R1.4,False,Task 1325: [stitch] prd003-format R1.1-R1.4: HumanSize byte formatting,263849,3641,32656,231185,0.4108,611,672,61,1189,1246,57,72,2,118,0
d432529d8977ded49de185f286c8f611c5a6e265,2026-03-14T22:18:37-05:00,1333,stitch,pkg/testutils,pkg,srd001,R1.1-R1.4,False,Task 1333: [stitch] prd001-testutils R1.1-R1.4: DiffTest struct and NormalizeFunc type,234182,2216,51990,182187,0.4715,0,102,102,0,0,0,44,2,102,0
6d53d4f74fbc449a6ccca5bd6fb27558de136f28,2026-03-14T22:20:59-05:00,1335,stitch,pkg/testutils,pkg,srd001,R2.1-R2.4,False,Task 1335: [stitch] prd001-testutils R2.1-R2.4: RunDiffTests binary execution and comparison,242490,3041,54417,188068,0.5102,102,336,234,0,0,0,54,1,234,0
2e9ba48a221e21e7f34a60a9196acc86034bf4c3,2026-03-14T22:23:39-05:00,1337,stitch,pkg/testutils,pkg,srd001,R2.5-R2.6,False,Task 1337: [stitch] [stitch] prd001-testutils R2.5-R2.6: RunDiffTests environment and working directory support,247908,1729,55863,192040,0.4884,336,337,1,0,0,0,42,1,2,1
a9b358a0c9be512f6dca3b2fc4c6ae1d0dacb813,2026-03-14T22:26:59-05:00,1339,stitch,pkg/testutils,pkg,srd001,R3.1-R3.4,False,Task 1339: [stitch] prd001-testutils R3.1-R3.4: ComposeNormalizers and TimestampNormalizer,534263,7842,64184,470070,0.8323,337,363,26,0,155,155,118,3,224,43
552bb313f4d211bfa66506ff3e1fbed4d8add549,2026-03-14T22:41:33-05:00,1342,stitch,pkg/testutils,pkg,srd001,R3.5-R3.6,False,Task 1342: [stitch] [stitch] prd001-testutils R3.5-R3.6: additional normalizer functions,379046,20195,78079,300961,1.1434,363,420,57,155,289,134,354,2,191,0
25193719c5c6ebae45f604f8ac6b3e99babb6ac6,2026-03-14T22:48:30-05:00,1344,stitch,pkg/testutils,pkg,srd001,R4.1-R4.4,False,Task 1344: [stitch] [stitch] prd001-testutils R4.1-R4.4,867167,8742,74983,792171,1.0833,420,468,48,289,381,92,157,2,140,0
04b071812ee9a3a36acadd532bbfbdb1739410a8,2026-03-14T22:50:37-05:00,1346,stitch,pkg/testutils,pkg,srd001,R5.1-R5.2,False,Task 1346: [stitch] [stitch] prd001-testutils R5.1-R5.2,506505,5734,61968,444528,0.753,468,472,4,381,386,5,115,4,141,132
59364c6f875039808a11bb29b6f262f325162ca7,2026-03-14T22:52:31-05:00,1348,stitch,pkg/sys,pkg,srd002,R1.1-R1.4,False,Task 1348: [stitch] [stitch] prd002-sys R1.1-R1.4: FileInfo struct and Stat/Lstat functions,344682,6836,64104,280572,0.7119,472,612,140,386,603,217,101,4,357,0
3a26f31b0cfb27207b25a6b541478d791716278f,2026-03-14T22:57:36-05:00,1350,stitch,pkg/sys,pkg,srd002,R1.5-R1.7,False,"Task 1350: [stitch] prd002-sys R1.5-R1.7: Terminal width, IsTerminal, and SIGPIPE handler",344017,3186,62697,281314,0.6122,612,678,66,603,675,72,58,6,142,0
3fdf7aacc51181eefce0aad7cafadd5ebed57fc3,2026-03-14T23:02:21-05:00,1354,stitch,pkg/sys,pkg,srd002,R2.1-R2.4,False,Task 1354: [stitch] prd002-sys R2.1-R2.4: Process group management functions,312228,5594,58041,254181,0.6297,678,721,43,675,827,152,104,2,195,0
ee481a4b82be7fdc4d3f1d790274343560e6f4f4,2026-03-14T23:03:48-05:00,1356,stitch,pkg/sys,pkg,srd002,R2.5-R2.6,False,Task 1356: [stitch] [stitch] prd002-sys R2.5-R2.6: Process priority functions,247424,4433,57495,189924,0.5652,721,778,57,827,996,169,76,2,226,0
7c4a0ae17cf052a6691cf780edaada950ae02092,2026-03-14T23:10:38-05:00,1359,stitch,pkg/sys,pkg,srd002,R3.1-R3.3,False,Task 1359: [stitch] prd002-sys R3.1-R3.3: Terminal resize signal handler (OnTerminalResize),431792,3433,67523,364262,0.69,778,832,54,996,1069,73,71,2,127,0
7a3e658a8b417b328704a5cfbd51e4ec954cbfe5,2026-03-14T23:11:59-05:00,1361,stitch,pkg/format,pkg,srd003,R1.1-R1.4,False,Task 1361: [stitch] [stitch] prd003-format R1.1-R1.4: HumanSize and HumanSizeOpts,358777,3664,54416,304354,0.5839,832,899,67,1069,1142,73,67,2,140,0
bc10285b8f384ee750923d64bf5619d1d88ab0dc,2026-03-14T23:13:22-05:00,1363,stitch,pkg/format,pkg,srd003,R2.1-R2.4,False,Task 1363: [stitch] prd003-format R2.1-R2.4: ANSI color output and terminal detection,374489,4253,58868,315614,0.6321,899,1054,155,1142,1302,160,72,2,315,0
4dcc20d277bf40811cf6dc78809040083106f899,2026-03-14T23:18:41-05:00,1365,stitch,pkg/format,pkg,srd003,R2.5-R2.7,False,Task 1365: [stitch] prd003-format R2.5-R2.7: additional color and formatting functions,639304,5013,77199,562096,0.8889,1054,1058,4,1302,1302,0,111,1,7,3
73cb7e552065e7c73f4f7081f20bbdf0d9748ce0,2026-03-14T23:22:57-05:00,1367,stitch,pkg/format,pkg,srd003,R3.1-R3.4,False,Task 1367: [stitch] [stitch] prd003-format R3.1-R3.4: column alignment and padding functions,742013,6737,65653,676348,0.917,1058,1191,133,1302,1505,203,121,4,356,1
c2a7e14467b1b64b82f7fcab8676efb6d130b863,2026-03-14T23:27:55-05:00,1370,stitch,pkg/format,pkg,srd003,R3.5-R3.6,False,Task 1370: [stitch] prd003-format R3.5-R3.6: remaining column and table formatting,813901,8302,72793,741096,1.0331,1191,1209,18,1505,1548,43,184,2,61,0
8509140e538b17791ece79e2279cd1b437229cdf,2026-03-14T23:29:59-05:00,1372,stitch,cmd/version,cmd,srd059,R1.1-R1.4,False,Task 1372: [stitch] prd059-version R1.1-R1.4: cmd/version binary with version and help output,667614,6073,55459,612143,0.8046,1209,1264,55,1548,1653,105,113,2,160,0
2c2e3234b0922837ffe2569c043fe3db0911f5d8,2026-03-14T23:32:01-05:00,1374,stitch,cmd/true,cmd,srd013,"R1.1-R1.3, R2.1",False,"Task 1374: [stitch] prd013-true R1.1-R1.3, R2.1: cmd/true binary with exit code and --help/--version",667485,4786,63855,603619,0.8206,1264,1327,63,1653,1743,90,108,2,153,0
45bb3f8fe14d5e222adc7d924c9adddc56192335,2026-03-14T23:37:06-05:00,1376,stitch,cmd/cat,cmd,srd006,R1.1-R1.4,False,Task 1376: [stitch] prd006-cat R1.1-R1.4: cmd/cat binary with basic file concatenation and stdin,408995,2436,51529,357458,0.5617,1327,1422,95,1743,1743,0,43,1,95,0
45b8af0a7188ac16f1b2d4509140bee93067501f,2026-03-14T23:48:45-05:00,1380,stitch,cmd/cat,cmd,srd006,"R1.5, R2.1-R2.3",False,"Task 1380: [stitch] [stitch] prd006-cat R1.5, R2.1-R2.3: error handling and line numbering flags",1044560,20740,79116,965430,1.4958,1422,1552,130,1743,1937,194,384,2,335,11
aac67344b208144b8178f8d2ccfcb468a8d2e00d,2026-03-14T23:56:47-05:00,1384,stitch,cmd/cat,cmd,srd006,"R2.4, R3.1-R3.3",False,"Task 1384: [stitch] prd006-cat R2.4, R3.1-R3.3: squeeze blank lines and show-ends/show-tabs display flags",938549,14772,72424,866111,1.2551,1552,1568,16,1937,2048,111,224,2,154,27
f6aec4544144461cec910c33121ad6529b53d270,2026-03-15T00:05:34-05:00,1388,stitch,cmd/cat,cmd,srd006,R4.1-R4.4,False,Task 1388: [stitch] prd006-cat R4.1-R4.4: show-nonprinting and combined display flags,1327757,13134,75000,1252738,1.4236,1568,1676,108,2048,2205,157,226,2,314,49
10214201bf26e740422caee2c5fca2b9245565a3,2026-03-15T00:12:10-05:00,1392,stitch,cmd/cat,cmd,srd006,R4.5-R4.8,False,Task 1392: [stitch] [stitch] prd006-cat R4.5-R4.8: differential tests for display and combined flags,565369,3743,67249,498111,0.763,1676,1677,1,2205,2288,83,69,2,88,4
a3090034ad65efae4187a7ae4768e7795e8e2c76,2026-03-15T13:42:29-05:00,1414,stitch,pkg/testutils,pkg,srd001,R1.1-R1.4,False,"Task 1414: [stitch] prd001-testutils R1.1-R1.4: DiffTest struct, NormalizeFunc type, and BuildBinary helper",369705,2872,55355,314343,0.575,0,139,139,0,0,0,59,2,139,0
51387b931863db8c4f5a3472221db0246e6a644c,2026-03-15T13:44:56-05:00,1416,stitch,pkg/testutils,pkg,srd001,R2.1-R2.4,False,Task 1416: [stitch] [stitch] prd001-testutils R2.1-R2.4: RunDiffTests core execution and output comparison,320938,3618,57921,263011,0.584,139,347,208,0,0,0,61,1,208,0
e15bb5d3b052de2d002ab7f6c5caa69634afbb58,2026-03-15T13:47:43-05:00,1418,stitch,pkg/testutils,pkg,srd001,R2.5-R2.6,False,Task 1418: [stitch] [stitch] prd001-testutils R2.5-R2.6: RunDiffTests normalization and environment handling,396572,3670,60434,336131,0.6376,347,354,7,0,0,0,80,2,54,47
fc6fa08f6322400401d99f78b883c686ce1121a3,2026-03-15T13:47:43-05:00,1418,stitch,pkg/testutils,pkg,srd001,R2.5-R2.6,False,Task 1418: [stitch] [stitch] prd001-testutils R2.5-R2.6: RunDiffTests normalization and environment handling,196496,2010,59311,137181,0.4896,354,354,0,0,0,0,43,2,54,47
2c15cd0da9b818cc4195574800dad6962abdd60a,2026-03-15T13:54:57-05:00,1422,stitch,pkg/testutils,pkg,srd001,R3.5-R3.6,False,Task 1422: [stitch] [stitch] prd001-testutils R3.5-R3.6: additional normalizer and comparison utilities,468352,3362,65384,402960,0.6942,354,387,33,0,0,0,70,1,49,16
e581858c877ba4519b888e58c37b13dc30ee2662,2026-03-15T13:58:28-05:00,1424,stitch,pkg/testutils,pkg,srd001,R4.1-R4.4,False,Task 1424: [stitch] prd001-testutils R4.1-R4.4: BuildBinary compilation helper,703934,6385,65966,637957,0.8909,387,414,27,0,126,126,145,2,158,5
40d5e10da58526e9b0a2357e40807924fadc5f96,2026-03-15T14:03:58-05:00,1427,stitch,pkg/testutils,pkg,srd001,R5.1-R5.2,False,Task 1427: [stitch] [stitch] prd001-testutils R5.1-R5.2: ExpectedFiles validation and test helpers,1409515,10796,76641,1332854,1.4154,414,415,1,126,365,239,197,2,246,6
684d1e5293d0287e8dee362b6cc7de2b7686e52f,2026-03-15T14:20:44-05:00,1429,stitch,pkg/sys,pkg,srd002,R1.1-R1.4,False,Task 1429: [stitch] [stitch] prd002-sys R1.1-R1.4: FileInfo struct and Stat/Lstat functions,360664,9354,68266,292392,0.8067,415,580,165,365,598,233,132,4,398,0
17164776ea6dff4b0568141fd5cf789e50e4290c,2026-03-15T14:23:42-05:00,1432,stitch,pkg/sys,pkg,srd002,R1.5-R1.7,False,"Task 1432: [stitch] prd002-sys R1.5-R1.7: TerminalWidth, IsTerminal, and terminal query functions",518365,3976,67932,450425,0.7492,580,618,38,598,666,68,91,4,110,0
0f190bd46126184860facfc41f79ceb0f03ee5c7,2026-03-15T14:26:57-05:00,1435,stitch,pkg/sys,pkg,srd002,R2.1-R2.4,False,Task 1435: [stitch] Task: [stitch] prd002-sys R2.1-R2.4: InstallSIGPIPEHandler and signal handling infrastructure,390690,4714,59712,330971,0.6566,618,761,143,666,872,206,124,2,349,0
2da82796558978d5cac42b4b16512c19287c49fc,2026-03-15T17:21:51-05:00,1438,stitch,pkg/sys,pkg,srd002,R2.5-R2.6,False,Task 1438: [stitch] [stitch] prd002-sys R2.5-R2.6: OnTerminalResize and SIGWINCH signal handling,565898,7520,69191,496698,0.8688,761,707,-54,872,787,-85,140,2,56,195
cacc2363a53c642ae59158d88111a67094e0435a,2026-03-15T17:25:15-05:00,1441,stitch,pkg/sys,pkg,srd002,R3.1-R3.3,False,Task 1441: [stitch] prd002-sys R3.1-R3.3: Process group and priority syscall wrappers,443596,5502,68931,374658,0.7557,707,785,78,787,908,121,98,2,199,0
5785e1bd77d21d7a6e55e6c46957b7ae7032c2b3,2026-03-15T17:27:14-05:00,1444,stitch,pkg/format,pkg,srd003,R1.1-R1.4,False,Task 1444: [stitch] prd003-format R1.1-R1.4: HumanSize and size formatting,295266,2528,53106,242154,0.5162,785,864,79,908,972,64,43,2,143,0
76138661668b5c9acca158fe5017ae820746bb27,2026-03-15T17:29:31-05:00,1447,stitch,pkg/format,pkg,srd003,R2.1-R2.4,False,Task 1447: [stitch] [stitch] prd003-format R2.1-R2.4: ANSI color output and FileTypeColor,317866,4282,57653,260207,0.5975,864,1019,155,972,1130,158,72,2,313,0
5b34a4f175054f19ec3246ec9df6d87f8f52a074,2026-03-15T17:32:22-05:00,1450,stitch,pkg/format,pkg,srd003,R2.5-R2.7,False,"Task 1450: [stitch] [stitch] prd003-format R2.5-R2.7: PadRight, PadLeft, and Columns column alignment",550675,5149,64118,486548,0.7728,1019,1139,120,1130,1309,179,92,2,299,0
89173d96052e58f54814622b8153b3a729301e39,2026-03-15T17:32:22-05:00,1450,stitch,pkg/format,pkg,srd003,R2.5-R2.7,False,"Task 1450: [stitch] [stitch] prd003-format R2.5-R2.7: PadRight, PadLeft, and Columns column alignment",410664,2974,78533,332125,0.7313,1139,1139,0,1309,1309,0,74,2,299,0
7a29cde23509747dd1e3f2f5f88d955f91129efb,2026-03-15T17:53:16-05:00,1456,stitch,pkg/format,pkg,srd003,R3.5-R3.6,False,Task 1456: [stitch] [stitch] prd003-format R3.5-R3.6: remaining format output helpers,502690,6090,68448,434234,0.7972,1139,1143,4,1309,1380,71,124,2,75,0
8471e14f4331af0851250b7ad5a0d9b125b84d2f,2026-03-15T17:55:42-05:00,1459,stitch,cmd/version,cmd,srd059,R1.1-R1.4,False,Task 1459: [stitch] prd059-version R1.1-R1.4: cmd/version implementation,494044,3209,56031,438004,0.6495,1143,1183,40,1380,1487,107,80,2,147,0
e1346caa654b97ea7d206e3abd88cafdd8bc75c8,2026-03-15T17:57:31-05:00,1462,stitch,cmd/cat,cmd,srd006,R1.1-R1.4,False,Task 1462: [stitch] prd006-cat R1.1-R1.4: cmd/cat core implementation,307337,2141,54524,252807,0.5207,1183,1258,75,1487,1487,0,40,1,75,0
4f9d568b2cec34a4ab1bf6f28bd852f831bc7d97,2026-03-15T18:03:23-05:00,1465,stitch,cmd/version,cmd,srd059,R1.5,False,Task 1465: [stitch] [stitch] prd059-version R1.5: remaining version command requirement,451849,7913,59049,392792,0.7633,1258,1267,9,1487,1488,1,192,3,28,18
812e3f61966847048432be72020e50016d3b072f,2026-03-15T18:06:39-05:00,1468,stitch,cmd/cat,cmd,srd006,"R1.5, R2.1-R2.3",False,"Task 1468: [stitch] prd006-cat R1.5, R2.1-R2.3: cat flag parsing and line numbering",688953,8102,67316,621626,0.9341,1267,1407,140,1488,1630,142,128,2,296,14
352a7838a23c9906243c86f7909fd6200ba4c612,2026-03-15T18:10:23-05:00,1471,stitch,cmd/cat,cmd,srd006,"R2.4, R3.1-R3.3",False,"Task 1471: [stitch] [stitch] prd006-cat R2.4, R3.1-R3.3: cat squeeze blank lines and show-ends/tabs/nonprinting",1074915,9423,72067,1002832,1.1875,1407,1425,18,1630,1694,64,153,2,107,25
4a3659c37f9120821e56b11012b30064289fb261,2026-03-15T18:46:23-05:00,1474,stitch,cmd/cat,cmd,srd006,R4.1-R4.4,False,Task 1474: [stitch] [stitch] prd006-cat R4.1-R4.4: cat differential tests and error handling,1465077,13690,77320,1387737,1.5195,1425,1509,84,1694,1792,98,223,2,197,15
78764ec40ee1aadf054a7a0c704d6358e314b0dd,2026-03-15T18:49:01-05:00,1477,stitch,cmd/cat,cmd,srd006,R4.5-R4.8,False,Task 1477: [stitch] prd006-cat R4.5-R4.8: cat combined flags and version/help,342315,1715,62747,279562,0.5749,1509,1509,0,1792,1805,13,41,1,13,0
d33e1a410e20aea20c549b73fe379b9af2de999f,2026-03-15T18:59:06-05:00,1480,stitch,cmd/cat,cmd,srd006,"R4.9, R5.1-R5.4",False,"Task 1480: [stitch] prd006-cat R4.9, R5.1-R5.4: cat SIGPIPE handling, stdin detection, and large file streaming",1614980,25054,92073,1522888,1.9633,1509,1537,28,1805,1876,71,500,2,102,3
d6f9da5e6d32d2f233e9a18350fe1c5d8046e49a,2026-03-15T19:04:13-05:00,1483,stitch,cmd/cat,cmd,srd006,R5.4,False,Task 1483: [stitch] [stitch] prd006-cat R5.4: complete remaining cat requirement,836044,7008,72803,763229,1.0119,1537,1537,0,1876,1898,22,198,1,27,5
d360c9e6d0c5d49be3e7b136b988683524e696af,2026-03-15T19:09:41-05:00,1486,stitch,cmd/sponge,cmd,srd007,R1.1-R1.4,False,Task 1486: [stitch] prd007-sponge R1.1-R1.4: core sponge stdin-to-file implementation,656463,13940,82412,574042,1.1506,1537,1641,104,1898,2098,200,237,2,304,0
569e1a45e7bdd2571868b804da938dc36818a3ce,2026-03-15T19:13:58-05:00,1489,stitch,cmd/sponge,cmd,srd007,"R1.5, R2.1-R2.3",False,"Task 1489: [stitch] prd007-sponge R1.5, R2.1-R2.3: append mode and temp file safety",633076,9037,67361,565705,0.9298,1641,1672,31,2098,2271,173,154,2,214,10
1670fcabd6eca421dfd79bd8e97592db02a5d337,2026-03-15T19:20:26-05:00,1492,stitch,cmd/sponge,cmd,srd007,"R2.4-R2.5, R3.1-R3.2",False,"Task 1492: [stitch] [stitch] prd007-sponge R2.4-R2.5, R3.1-R3.2: error handling and permission preservation",862214,17523,79743,782459,1.3278,1672,1703,31,2271,2521,250,307,2,295,14
fb7061480117960228229d8519aeece18a728253,2026-03-15T19:24:09-05:00,1495,stitch,cmd/sponge,cmd,srd007,"R3.3, R4.1-R4.3",False,"Task 1495: [stitch] prd007-sponge R3.3, R4.1-R4.3: version/help output and signal handling",710134,6970,78894,631230,0.983,1703,1760,57,2521,2702,181,130,2,248,10
f9ca2afd2f607a27dc67a03437287949f78d9bc1,2026-03-15T19:31:02-05:00,1498,stitch,cmd/sponge,cmd,srd007,R5.1-R5.4,False,Task 1498: [stitch] prd007-sponge R5.1-R5.4: differential tests for sponge,711149,15522,93565,617575,1.2817,1760,1760,0,2702,2917,215,285,1,216,1
4a8968748d3ae4876764091a598020beddd1a790,2026-03-15T19:36:15-05:00,1501,stitch,cmd/sponge,cmd,srd007,R6.1-R6.2,False,Task 1501: [stitch] [stitch] prd007-sponge R6.1-R6.2: remaining sponge requirements,760950,10496,83310,677630,1.122,1760,1761,1,2917,3200,283,195,2,286,2
386b30d41238c19acd8afd65d0c77f8aa3d1d19f,2026-03-15T19:48:38-05:00,1504,stitch,cmd/du,cmd,srd009,R1.1-R1.4,False,Task 1504: [stitch] prd009-du R1.1-R1.4: basic disk usage summarization and argument parsing,1584581,38417,110288,1474277,2.3869,1761,2013,252,3200,3430,230,642,2,482,0
72eeb98404a0dcd91072bcc03223f38e7229affa,2026-03-15T19:48:38-05:00,1504,stitch,cmd/du,cmd,srd009,R1.1-R1.4,False,Task 1504: [stitch] prd009-du R1.1-R1.4: basic disk usage summarization and argument parsing,277050,3863,65371,211674,0.611,2013,2013,0,3430,3430,0,92,2,482,0
1c499dd1505529f80814d3051dd222c6c0eb2ae8,2026-03-15T19:55:55-05:00,1512,stitch,cmd/du,cmd,srd009,R2.4-R2.7,False,Task 1512: [stitch] prd009-du R2.4-R2.7: additional du output options and filtering,1100107,8056,70282,1029809,1.1556,2013,2102,89,3430,3476,46,156,2,149,14
935414745b109ff3b06450f239499c1f61d71bdd,2026-03-15T20:03:34-05:00,1515,stitch,cmd/du,cmd,srd009,"R2.8, R3.1-R3.3",False,"Task 1515: [stitch] [stitch] prd009-du R2.8, R3.1-R3.3: du error handling and cross-device traversal",1873762,17885,84396,1789342,1.8694,2102,2124,22,3476,3520,44,348,2,93,27
f13d3f396843b577e2becc530b60cc4a82f37007,2026-03-15T20:12:34-05:00,1518,stitch,cmd/du,cmd,srd009,"R4.1-R4.2, R5.1",False,"Task 1518: [stitch] prd009-du R4.1-R4.2, R5.1: du --version, --help, and exit code compliance",3888227,20893,104968,3783219,3.0702,2124,2172,48,3520,3588,68,469,2,124,8
e5e8181f8f5da1590efeb5d14350ae7f3d1ab170,2026-03-15T20:15:39-05:00,1521,stitch,cmd/true,cmd,srd013,"R1.1-R1.3, R2.1",False,"Task 1521: [stitch] [stitch] prd013-true R1.1-R1.3, R2.1: true core implementation with exit status, argument ignoring, SIGPIPE, and --version",843799,3861,73427,770360,0.9407,2172,2224,52,3588,3660,72,77,2,124,0
54185f94230f9772a798f8b37701050528ef008a,2026-03-15T20:18:59-05:00,1524,stitch,cmd/true,cmd,srd013,"R2.2-R2.3, R3.1-R3.2",False,"Task 1524: [stitch] prd013-true R2.2-R2.3, R3.1-R3.2: true --help output and diagnostic compliance",194389,1249,59906,134479,0.4729,2226,2226,0,3713,3713,0,39,2,71,16
f5d2ef138e6ab6a977f997ef39e40b320f299a74,2026-03-15T20:18:59-05:00,1524,stitch,cmd/true,cmd,srd013,"R2.2-R2.3, R3.1-R3.2",False,"Task 1524: [stitch] prd013-true R2.2-R2.3, R3.1-R3.2: true --help output and diagnostic compliance",645460,6435,59572,585877,0.8262,2224,2226,2,3660,3713,53,124,2,71,16
46e5bf78ea36a4d1223d7773a250bf7e8e830fb5,2026-03-15T20:24:36-05:00,1530,stitch,cmd/false,cmd,srd014,"R1.1-R1.3, R2.1",False,"Task 1530: [stitch] prd014-false R1.1-R1.3, R2.1: false core implementation with exit status, argument ignoring, SIGPIPE, and --version",538741,10144,64181,474551,0.8921,2226,2280,54,3713,3839,126,169,2,180,0
77dacfa446e161c774cedfcfba2a501b13e27382,2026-03-15T20:29:53-05:00,1533,stitch,cmd/false,cmd,srd014,"R2.2-R2.3, R3.1-R3.2",False,"Task 1533: [stitch] [stitch] prd014-false R2.2-R2.3, R3.1-R3.2: false --help output and diagnostic compliance",1300139,10250,68409,1231710,1.2998,2280,2284,4,3839,3817,-22,231,2,29,47
b589d78e0311eb032d75bad8a27aafa383cfa949,2026-03-15T20:33:44-05:00,1536,stitch,cmd/false,cmd,srd014,R4.1-R4.3,False,Task 1536: [stitch] [stitch] prd014-false R4.1-R4.3: false differential testing,732780,7401,65420,667348,0.9276,2284,2278,-6,3817,3834,17,138,2,51,40
54a6f4ecbc9015c1b4302fc22d915b0cbb8bafe2,2026-03-15T20:35:29-05:00,1539,stitch,cmd/basename,cmd,srd015,R1.1-R1.4,False,"Task 1539: [stitch] prd015-basename R1.1-R1.4: basename core implementation with single-operand, suffix removal, exit status, and SIGPIPE",303504,2022,53536,249962,0.5102,2278,2356,78,3834,3834,0,39,1,78,0
62b121148faff2f0219b81c262c6b5ad301c10d8,2026-03-15T20:38:40-05:00,1542,stitch,cmd/basename,cmd,srd015,"R1.5, R2.1-R2.3",False,"Task 1542: [stitch] prd015-basename R1.5, R2.1-R2.3: multiple-operand mode, --suffix, --zero, and --help/--version",595566,5891,63213,532343,0.8086,2356,2475,119,3834,4055,221,103,2,360,20
93b5880d388f553d4dd8c192393b8d487bfc5cf3,2026-03-15T20:41:30-05:00,1545,stitch,cmd/basename,cmd,srd015,R3.1-R3.4,False,Task 1545: [stitch] prd015-basename R3.1-R3.4: basename error diagnostics and edge-case handling,394455,3498,59584,334864,0.6273,2475,2479,4,4055,4055,0,80,1,8,4
c6735bae3750d19fb91140ee0cf093d30b01f213,2026-03-15T20:44:27-05:00,1548,stitch,cmd/basename,cmd,srd015,R4.1-R4.3,False,Task 1548: [stitch] prd015-basename R4.1-R4.3: basename differential testing,762022,3030,80098,681914,0.9174,2479,2486,7,4055,4074,19,83,2,30,4
64cf9da0e90b8d6a74108861141ea891f744b24f,2026-03-15T20:47:50-05:00,1551,stitch,cmd/dirname,cmd,srd016,R1.1-R1.4,False,"Task 1551: [stitch] [stitch] prd016-dirname R1.1-R1.4: dirname core implementation with single-operand mode, trailing-slash handling, exit status, and SIGPIPE",342013,5515,64107,277900,0.6775,2486,2619,133,4074,4275,201,103,2,334,0
02ffecd3e310237a82c46f1feed57bd5bd6a2623,2026-03-15T20:56:57-05:00,1554,stitch,cmd/dirname,cmd,srd016,"R1.5, R2.1-R2.2, R3.1",False,"Task 1554: [stitch] prd016-dirname R1.5, R2.1-R2.2, R3.1: multiple-operand mode, --zero, --help/--version, and error diagnostics",408962,3340,62205,346750,0.6457,2619,2621,2,4275,4275,0,93,2,6,4
1c7bf43188fe6210d0c5301eb5022eeb44693545,2026-03-15T21:01:00-05:00,1557,stitch,cmd/dirname,cmd,srd016,R3.2-R3.3,False,Task 1557: [stitch] prd016-dirname R3.2-R3.3: edge-case diagnostics completion,483295,5467,64676,418611,0.7502,2621,2626,5,4275,4347,72,112,2,78,1
7fb26797b64754a17b535677bdf5f3376f9daa81,2026-03-15T21:01:00-05:00,1557,stitch,cmd/dirname,cmd,srd016,R3.2-R3.3,False,Task 1557: [stitch] prd016-dirname R3.2-R3.3: edge-case diagnostics completion,324216,1043,59438,264772,0.53,2626,2626,0,4347,4347,0,35,2,78,1
4d0fb7949d58beb874dadfc1772ca0c24fa1f6e6,2026-03-15T21:07:03-05:00,1563,stitch,cmd/yes,cmd,srd012,R1.1-R1.4,False,Task 1563: [stitch] [stitch] prd012-yes R1.1-R1.4: core yes implementation with default and custom string output,1013602,6583,70541,943046,1.0771,2626,2677,51,4347,4483,136,171,2,187,0
456bbc5604f765b71231b1b3ef822e18201a5789,2026-03-15T21:13:46-05:00,1566,stitch,cmd/yes,cmd,srd012,"R2.1-R2.2, R3.1-R3.2",False,"Task 1566: [stitch] [stitch] prd012-yes R2.1-R2.2, R3.1-R3.2: SIGPIPE handling, help/version, and initial diagnostics",1185484,6820,67960,1117504,1.1541,2677,2701,24,4483,4592,109,296,2,134,1
ff6f2d8398cbb024b4515a7a6f4c468650fd76ec,2026-03-15T21:17:40-05:00,1569,stitch,cmd/yes,cmd,srd012,"R3.3, R4.1-R4.3",False,"Task 1569: [stitch] prd012-yes R3.3, R4.1-R4.3: remaining diagnostics and differential testing",571301,5349,66562,504730,0.8021,2701,2708,7,4592,4592,0,143,1,8,1
820d85333b02cdcce66646af6a7eb9add8210dd1,2026-03-15T21:21:48-05:00,1572,stitch,cmd/tee,cmd,srd017,R1.1-R1.4,False,Task 1572: [stitch] prd017-tee R1.1-R1.4: core tee implementation with stdin passthrough and file output,597669,8696,88197,509464,1.0234,2708,2804,96,4592,4967,375,156,2,471,0
4d06b2f2a0de782d7b52f336f3d5363a07ceb9db,2026-03-15T21:24:31-05:00,1575,stitch,cmd/tee,cmd,srd017,"R1.5, R2.1-R2.3",False,"Task 1575: [stitch] prd017-tee R1.5, R2.1-R2.3: append mode and error handling",553288,5718,65811,487468,0.798,2804,2831,27,4967,5167,200,96,2,235,8
f2880b0aa79e30c5c516e3c2ec9d4d121f557a76,2026-03-15T21:29:42-05:00,1578,stitch,cmd/tee,cmd,srd017,R3.1-R3.4,False,Task 1578: [stitch] prd017-tee R3.1-R3.4: signal handling and warn-nopipe behavior,622804,15267,79118,543677,1.148,2831,2944,113,5167,5344,177,243,2,301,11
3d79d3e7412f4f6a7a1b8231451fd7d4d750bea5,2026-03-15T21:33:03-05:00,1581,stitch,cmd/tee,cmd,srd017,R4.1-R4.3,False,"Task 1581: [stitch] prd017-tee R4.1-R4.3: diagnostics, help/version, and differential testing",1074514,5601,82295,992205,1.1505,2944,2972,28,5344,5450,106,117,2,138,4
d115350a84ea4195b8e8b1c8a9b91e7bc09842a4,2026-03-15T21:38:54-05:00,1584,stitch,cmd/head,cmd,srd018,R1.1-R1.4,False,Task 1584: [stitch] prd018-head R1.1-R1.4: core head implementation with line-count mode and stdin/file input,2204234,15948,104346,2099865,2.1009,2972,3377,405,5450,5766,316,262,2,721,0
c3e03d84519f5150ab7cd9e6af1e05d22ca84e46,2026-03-15T21:42:00-05:00,1587,stitch,cmd/head,cmd,srd018,"R1.5, R2.1-R2.3",False,"Task 1587: [stitch] prd018-head R1.5, R2.1-R2.3: byte-count mode and multi-file headers",577519,5394,68247,509263,0.8161,3377,3377,0,5766,5802,36,99,2,52,16
3cfe92b9e42eae0462b9e3c55930551f41473518,2026-03-15T21:45:36-05:00,1590,stitch,cmd/head,cmd,srd018,R3.1-R3.4,False,"Task 1590: [stitch] [stitch] prd018-head R3.1-R3.4: negative line-count, error diagnostics, and exit codes",519102,6347,70231,448863,0.8221,3377,3378,1,5802,5817,15,144,2,22,6
54a535f136cd92092b6bd6aff7d2d032e49efefc,2026-03-15T21:48:54-05:00,1593,stitch,cmd/head,cmd,srd018,"R3.5, R4.1-R4.3",False,"Task 1593: [stitch] prd018-head R3.5, R4.1-R4.3: help/version output, differential testing, and final edge cases",780965,4763,75812,705142,0.9455,3378,3408,30,5817,5929,112,96,2,142,0
e624133c1bbb3b3761ff28437f2f9f98ecd90840,2026-03-15T21:48:54-05:00,1593,stitch,cmd/head,cmd,srd018,"R3.5, R4.1-R4.3",False,"Task 1593: [stitch] prd018-head R3.5, R4.1-R4.3: help/version output, differential testing, and final edge cases",283336,2792,68164,215167,0.6034,3408,3408,0,5929,5929,0,63,2,142,0
95f620080b9d2c3c4673dce22073035ae10c9b3e,2026-03-15T21:59:53-05:00,1599,stitch,cmd/seq,cmd,srd019,R1.1-R1.4,False,Task 1599: [stitch] prd019-seq R1.1-R1.4: core argument parsing and basic integer sequence generation,1289995,23626,91115,1198865,1.7596,3408,3617,209,5929,6149,220,397,2,429,0
059b21b8992473fd329c56e50862a97a9021f8c9,2026-03-15T22:09:55-05:00,1602,stitch,cmd/seq,cmd,srd019,"R1.5, R2.1-R2.3",False,"Task 1602: [stitch] prd019-seq R1.5, R2.1-R2.3: floating-point sequences and format/separator options",526754,34114,94425,432322,1.6592,3617,3791,174,6149,6275,126,500,2,331,31
ea3c2c38432acd2a0c076896afac163dc8d5bdb4,2026-03-15T22:16:35-05:00,1605,stitch,cmd/seq,cmd,srd019,"R2.4, R3.1-R3.3",False,"Task 1605: [stitch] [stitch] prd019-seq R2.4, R3.1-R3.3: equal-width padding and error handling",1934540,18957,91297,1843219,1.9663,3791,3836,45,6275,6321,46,309,2,98,7
98ec2fed84bfe9fa5462ce5c9d3df4a5512b7594,2026-03-15T22:20:03-05:00,1608,stitch,cmd/seq,cmd,srd019,"R3.4, R4.1-R4.3",False,"Task 1608: [stitch] prd019-seq R3.4, R4.1-R4.3: help/version output, differential testing, and final edge cases",813274,4985,78497,734766,0.9827,3836,3839,3,6321,6353,32,126,2,35,0
8b8fde71c2c995bd54c9d5124ec6d4d97df05ec6,2026-03-15T22:22:46-05:00,1611,stitch,cmd/seq,cmd,srd019,R4.4,False,Task 1611: [stitch] prd019-seq R4.4: final edge-case coverage and sequence boundary validation,438550,3511,69523,369020,0.7068,3839,3839,0,6353,6401,48,70,1,49,1
19b952baa1b16839f42fbfbbf415562d86b91af9,2026-03-15T22:31:50-05:00,1614,stitch,cmd/wc,cmd,srd005,R1.1-R1.4,False,Task 1614: [stitch] [stitch] prd005-wc R1.1-R1.4: core argument parsing and basic word/line/byte counting,3232986,22782,114279,3118675,2.8433,3839,4315,476,6401,6664,263,475,2,739,0
681432305b36808a6ab8b705414d12faec94a319,2026-03-15T22:36:13-05:00,1617,stitch,cmd/wc,cmd,srd005,R2.1-R2.4,False,"Task 1617: [stitch] prd005-wc R2.1-R2.4: multi-file support, totals line, and individual flag selection",746364,6760,71111,675242,0.9511,4315,4316,1,6664,6739,75,145,2,86,10
6736a4e3d9f7e09ae33bc4992c829fb11de93382,2026-03-15T22:39:24-05:00,1620,stitch,cmd/wc,cmd,srd005,"R2.5-R2.6, R3.1-R3.2",False,"Task 1620: [stitch] [stitch] prd005-wc R2.5-R2.6, R3.1-R3.2: character count, max line length, and stdin handling",430059,4176,66809,363243,0.7036,4316,4316,0,6739,6835,96,86,1,96,0
04d6b4b656bb4f2ca1135e0f2bc56affecb5e6c8,2026-03-15T22:43:02-05:00,1623,stitch,cmd/uname,cmd,srd044,R1.1-R1.4,False,Task 1623: [stitch] prd044-uname R1.1-R1.4: core argument parsing and basic system information output,1002068,8070,76037,926017,1.1401,4316,4485,169,6835,6974,139,156,2,308,0
e2642ef5512ed19bcb0bb9e67d809e9be936ea16,2026-03-15T22:50:22-05:00,1626,stitch,cmd/uname,cmd,srd044,R1.5-R1.8,False,Task 1626: [stitch] prd044-uname R1.5-R1.8: individual field flags and combined output,2409052,16804,77547,2331472,2.0707,4485,4567,82,6974,7040,66,373,4,159,11
f9923c7c5c61a0596cb15a0776f76a1876420bbb,2026-03-15T22:55:07-05:00,1629,stitch,cmd/wc,cmd,srd005,"R3.3, R4.1-R4.3",False,"Task 1629: [stitch] prd005-wc R3.3, R4.1-R4.3: error handling and POSIX compliance",2423923,9111,80170,2343722,1.9009,4567,4633,66,7040,7135,95,200,2,181,20
6656917ce74fba6b0f20f4197736aa96a30ed809,2026-03-15T22:59:56-05:00,1632,stitch,cmd/wc,cmd,srd005,"R4.4, R5.1-R5.2, R6.1",False,"Task 1632: [stitch] [stitch] prd005-wc R4.4, R5.1-R5.2, R6.1: files0-from, version, and help output",1805511,10347,81993,1723495,1.633,4633,4711,78,7135,7202,67,199,2,156,11
ae5197173c0ba887d8c18be37c83784e4edd5e41,2026-03-15T23:03:28-05:00,1635,stitch,cmd/wc,cmd,srd005,R6.2-R6.3,False,Task 1635: [stitch] prd005-wc R6.2-R6.3: locale handling and POSIX multibyte compliance,622568,5752,73801,548758,0.8795,4711,4713,2,7202,7250,48,128,2,51,1
0a7f298989498dd60093b038a485a26786ed6282,2026-03-15T23:09:15-05:00,1638,stitch,cmd/uname,cmd,srd044,"R1.9, R2.1-R2.2, R3.1",False,"Task 1638: [stitch] prd044-uname R1.9, R2.1-R2.2, R3.1: all-information flag and error handling",2628353,12607,83507,2544811,2.1097,4713,4769,56,7250,7306,56,243,2,125,13
848cb3d6b8921612b9ab199ff9d257e0f4f536f1,2026-03-15T23:09:15-05:00,1638,stitch,cmd/uname,cmd,srd044,"R1.9, R2.1-R2.2, R3.1",False,"Task 1638: [stitch] prd044-uname R1.9, R2.1-R2.2, R3.1: all-information flag and error handling",340827,4776,63668,277153,0.6559,4769,4769,0,7306,7306,0,106,2,125,13
fecd09f2a7bce52bb49bb46a6dd7736724ed4676,2026-03-15T23:14:35-05:00,1644,stitch,cmd/arch,cmd,srd045,"R1.1-R1.2, R2.1-R2.2",False,"Task 1644: [stitch] prd045-arch R1.1-R1.2, R2.1-R2.2: arch command implementation and differential tests",467517,3197,61766,405743,0.6689,4769,4860,91,7306,7396,90,59,2,181,0
697a406b463be70a0be8be923eef1bbefb5b81ea,2026-03-15T23:17:34-05:00,1647,stitch,cmd/arch,cmd,srd045,R3.1-R3.3,False,Task 1647: [stitch] [stitch] prd045-arch R3.1-R3.3: version/help output and error handling,330930,4909,60961,269963,0.6387,4860,4860,0,7396,7403,7,92,1,11,4
4577c461d14dd5b37044b4497858abddb91fba33,2026-03-15T23:21:41-05:00,1650,stitch,cmd/nproc,cmd,srd046,R1.1-R1.4,False,Task 1650: [stitch] prd046-nproc R1.1-R1.4: nproc command implementation and differential tests,1349653,8329,70208,1279425,1.2868,4860,5016,156,7403,7555,152,183,2,308,0
f0f28579e726bb734200121190ce1fb78cea394e,2026-03-15T23:23:41-05:00,1653,stitch,cmd/nproc,cmd,srd046,R2.1-R2.3,False,Task 1653: [stitch] [stitch] prd046-nproc R2.1-R2.3: OMP_NUM_THREADS override and ignore flag,257585,3258,59086,198494,0.55,5016,5016,0,7555,7576,21,69,1,21,0
c65f815d6f8f24d090f6015e149c4827d8137902,2026-03-15T23:26:11-05:00,1656,stitch,cmd/nproc,cmd,srd046,R3.1-R3.3,False,Task 1656: [stitch] prd046-nproc R3.1-R3.3: differential tests for nproc,334530,4301,62323,272201,0.6332,5016,5016,0,7576,7604,28,86,1,28,0
8a2fd67912d71954d592fb461a9346d72c18e107,2026-03-15T23:27:53-05:00,1659,stitch,cmd/hostname,cmd,srd047,R1.1-R1.2,False,Task 1659: [stitch] prd047-hostname R1.1-R1.2: hostname command implementation and differential tests,316037,2865,56423,259608,0.5541,5016,5095,79,7604,7701,97,45,2,176,0
7cc0ea40580164b7dfa8ec93eeea653361d98e36,2026-03-15T23:27:53-05:00,1659,stitch,cmd/hostname,cmd,srd047,R1.1-R1.2,False,Task 1659: [stitch] prd047-hostname R1.1-R1.2: hostname command implementation and differential tests,191122,2931,58717,132401,0.5065,5095,5095,0,7701,7701,0,57,2,176,0
efefd32d32188a36fb457260a9d872762b07998e,2026-03-15T23:32:17-05:00,1665,stitch,cmd/hostid,cmd,srd048,"R1.1-R1.2, R2.1-R2.2",False,"Task 1665: [stitch] prd048-hostid R1.1-R1.2, R2.1-R2.2: hostid command implementation and error handling",823173,4049,57541,765618,0.8437,5095,5174,79,7701,7798,97,81,2,176,0
112429d8f0b316cda462fae5d8cdf3128df245a2,2026-03-15T23:34:49-05:00,1668,stitch,cmd/hostid,cmd,srd048,"R1.2, R3.2",False,"Task 1668: [stitch] [stitch] prd048-hostid R1.2, R3.2: hostid version flag and differential tests",611040,3906,63320,547710,0.7673,5174,5174,0,7798,7814,16,92,1,16,0
956b47a98e6a86aa1b80444b1cb2ad2c40f1dca5,2026-03-15T23:37:38-05:00,1671,stitch,cmd/ls,cmd,srd008,R1.1-R1.4,False,Task 1671: [stitch] prd008-ls R1.1-R1.4: basic directory listing and single-file argument handling,511796,3207,68488,443300,0.7299,5174,5307,133,7814,7814,0,65,1,133,0
fc0ab4eee63a6448d53239f5b4fe8b6d95dfc75b,2026-03-15T23:51:07-05:00,1674,stitch,cmd/ls,cmd,srd008,R1.5-R1.8,False,Task 1674: [stitch] prd008-ls R1.5-R1.8: extended basic listing features,2132235,46918,97899,2034309,2.8021,5307,5591,284,7814,8028,214,739,2,524,26
e819c7b037d33b8da8abdeeccbce044c2cc193e1,2026-03-15T23:54:47-05:00,1677,stitch,cmd/ls,cmd,srd008,R1.9-R1.12,False,"Task 1677: [stitch] [stitch] prd008-ls R1.9-R1.12: hidden files, reverse sort, recursive listing, and directory indicator",1542292,8860,83609,1458664,1.4735,5591,5676,85,8028,8131,103,152,2,208,20
1ce31b8869710156f820b5335075fd4c80543fc2,2026-03-16T00:05:24-05:00,1680,stitch,cmd/ls,cmd,srd008,R1.13-R1.14,False,Task 1680: [stitch] prd008-ls R1.13-R1.14: time-based sorting and size sorting,313767,3944,78934,234828,0.7094,5900,5900,0,8231,8231,0,91,2,332,8
c87e9ee80851f213b4ace4f3dca95af03fde14de,2026-03-16T00:05:24-05:00,1680,stitch,cmd/ls,cmd,srd008,R1.13-R1.14,False,Task 1680: [stitch] prd008-ls R1.13-R1.14: time-based sorting and size sorting,1653870,30579,106260,1547592,2.2025,5676,5900,224,8131,8231,100,538,2,332,8
2022f3ff53588d0ac041eea2bbe29ad55a6285bd,2026-03-16T00:15:50-05:00,1686,stitch,cmd/ls,cmd,srd008,R2.5-R2.8,False,Task 1686: [stitch] [stitch] prd008-ls R2.5-R2.8: long format extended fields,2732348,23614,112408,2619912,2.603,5900,5991,91,8231,8351,120,371,2,234,23
30e1eacfecf5bb4046b52a93cae0e4198b778c6d,2026-03-16T00:45:48-05:00,1689,stitch,cmd/ls,cmd,srd008,R2.9-R2.12,False,Task 1689: [stitch] prd008-ls R2.9-R2.12: long format additional features,3728996,46963,54338,3674617,3.3512,5991,6265,274,8351,8432,81,796,2,376,21
8281bc2c4e60048d5e2ce4288c4a795c0a60cfa3,2026-03-16T00:50:05-05:00,1692,stitch,cmd/ls,cmd,srd008,R2.13-R2.15,False,Task 1692: [stitch] [stitch] prd008-ls R2.13-R2.15: long format final features,1889731,8086,93329,1796381,1.6838,6265,6281,16,8432,8483,51,166,2,74,7
5c4a21e9c08df50ba63fa6cdd45b63a6a8bc4a60,2026-03-16T01:00:43-05:00,1695,stitch,cmd/ls,cmd,srd008,R3.1-R3.4,False,Task 1695: [stitch] prd008-ls R3.1-R3.4: recursive listing and indicator flags,3546202,30763,120488,3415664,3.2802,6281,6419,138,8483,8553,70,539,2,239,31
6405ee68effdb2ddc08c4d71d24dda6bc77dd0c1,2026-03-16T01:11:48-05:00,1698,stitch,cmd/ls,cmd,srd008,R3.5-R3.8,False,Task 1698: [stitch] prd008-ls R3.5-R3.8: sorting options and time-based sorting,4246177,32743,130118,4116021,3.69,6419,6550,131,8553,8683,130,588,2,289,28
ae8ab9c97e594eb9b9c3ce4608509fdf8c3db743,2026-03-16T01:15:27-05:00,1701,stitch,cmd/ls,cmd,srd008,R3.9-R3.12,False,Task 1701: [stitch] prd008-ls R3.9-R3.12: color output and quoting styles,912488,7020,103061,809417,1.2244,6550,6554,4,8683,8785,102,134,2,110,4
61dc73162ead8dbe58a55201f8bb0447fc294421,2026-03-16T01:21:31-05:00,1704,stitch,cmd/ls,cmd,srd008,R3.13-R3.15,False,Task 1704: [stitch] [stitch] prd008-ls R3.13-R3.15: remaining display and output options,3577107,13152,108323,3468750,2.7404,6554,6573,19,8785,8896,111,265,2,149,19
543c333ccd8754e6f212768d50790ee66b215ed1,2026-03-16T01:36:01-05:00,1707,stitch,cmd/ls,cmd,srd008,R4.1-R4.4,False,Task 1707: [stitch] prd008-ls R4.1-R4.4: extended ls features batch 1,7375171,38686,146724,7228392,5.4986,6573,6598,25,8896,8981,85,789,2,135,25
87c37053dbff70e5b5d32e77e582790040e5b3a7,2026-03-16T01:40:34-05:00,1710,stitch,cmd/ls,cmd,srd008,R4.5-R4.8,False,Task 1710: [stitch] prd008-ls R4.5-R4.8: extended ls features batch 2,1341426,8815,106740,1234672,1.5049,6598,6618,20,8981,9081,100,202,2,127,7
e3d238c86d2b17955acf28d362ed057770e898b0,2026-03-16T01:44:26-05:00,1713,stitch,cmd/ls,cmd,srd008,R4.9,False,Task 1713: [stitch] prd008-ls R4.9: final extended ls feature,1996248,6144,109916,1886312,1.7838,6618,6630,12,9081,9127,46,149,2,62,4
139aeedf1ee0d4cbc7a550f21e4ec13f1aa01e48,2026-03-16T01:48:23-05:00,1716,stitch,cmd/realpath,cmd,srd049,R1.1-R1.4,False,Task 1716: [stitch] [stitch] prd049-realpath R1.1-R1.4: core path resolution and canonicalization,1222517,6937,75020,1147480,1.2161,6630,6712,82,9127,9234,107,154,2,189,0
021b76abe183ebcaf54d8214e825dfc7593914a6,2026-03-16T01:53:07-05:00,1719,stitch,cmd/realpath,cmd,srd049,"R1.5, R2.1-R2.3",False,"Task 1719: [stitch] prd049-realpath R1.5, R2.1-R2.3: relative output and --relative-to/--relative-base flags",567212,13245,67644,499559,1.0037,6712,6820,108,9234,9316,82,207,2,204,14
4e1f3ff836801194106181428f857b8dda08b71e,2026-03-16T01:58:10-05:00,1722,stitch,cmd/realpath,cmd,srd049,R3.1-R3.3,False,Task 1722: [stitch] prd049-realpath R3.1-R3.3: error handling and edge cases,1410597,11595,72101,1338476,1.4098,6820,6933,113,9316,9330,14,211,2,157,30
4405c7b8fd8d3d533b006c3545e96e0151e2e088,2026-03-16T02:01:15-05:00,1725,stitch,cmd/realpath,cmd,srd049,R4.1-R4.3,False,"Task 1725: [stitch] [stitch] prd049-realpath R4.1-R4.3: version, help, and differential testing",794394,4359,68025,726357,0.8974,6933,6960,27,9330,9368,38,102,2,68,3
79b1aa9a493ac33caab89d264fb291364aab4635,2026-03-16T02:04:28-05:00,1728,stitch,cmd/readlink,cmd,srd050,R1.1-R1.4,False,Task 1728: [stitch] prd050-readlink R1.1-R1.4: core symlink reading and canonicalization,717927,6864,68713,649203,0.9257,6960,7184,224,9368,9591,223,130,2,447,0
dee88873143bdd966226df34108ed59d257662a9,2026-03-16T02:09:07-05:00,1731,stitch,cmd/readlink,cmd,srd050,"R1.5-R1.6, R2.1-R2.2",False,"Task 1731: [stitch] [stitch] prd050-readlink R1.5-R1.6, R2.1-R2.2: verbose mode, zero-delimited output, and multiple operands",1308004,11286,79744,1228242,1.3948,7184,7206,22,9591,9712,121,207,2,150,7
b736cdf3b8f789af72ef74f862b4a31fb49c8cd3,2026-03-16T02:14:37-05:00,1734,stitch,cmd/readlink,cmd,srd050,R3.1-R3.2,False,Task 1734: [stitch] prd050-readlink R3.1-R3.2: error handling and edge cases,1703081,10641,75678,1627380,1.5528,7206,7232,26,9712,9795,83,235,2,109,0
1edaf80eaf4db0fbb339921219ca041979d2c9ea,2026-03-16T02:17:43-05:00,1737,stitch,cmd/readlink,cmd,srd050,R4.1-R4.3,False,"Task 1737: [stitch] prd050-readlink R4.1-R4.3: version, help, and differential testing",1129646,5026,77973,1051658,1.1389,7232,7263,31,9795,9834,39,96,2,73,3
f449f33c3b0b2dfb4a1f27947ca25a07a5256de6,2026-03-16T02:20:57-05:00,1740,stitch,cmd/pwd,cmd,srd051,R1.1-R1.4,False,Task 1740: [stitch] prd051-pwd R1.1-R1.4: core working directory output and logical/physical modes,643781,5121,66284,577487,0.8311,7263,7422,159,9834,9925,91,126,2,250,0
fa09bcabc0e326ade52c855240fa40ff8703fdd8,2026-03-16T02:24:36-05:00,1743,stitch,cmd/pwd,cmd,srd051,"R2.1-R2.2, R3.1-R3.3",False,"Task 1743: [stitch] [stitch] prd051-pwd R2.1-R2.2, R3.1-R3.3: error handling, version, help, and differential testing",952946,7614,75984,876949,1.1038,7422,7427,5,9925,10035,110,152,2,136,21
0cd76d4da9580d98e4e805a755ea4499b91d26fc,2026-03-16T02:30:17-05:00,1746,stitch,cmd/tty,cmd,srd052,R1.1-R1.3,False,Task 1746: [stitch] [stitch] prd052-tty R1.1-R1.3: core terminal name output and silent mode,1351709,12269,83810,1267882,1.4646,7427,7577,150,10035,10156,121,253,2,271,0
f69cafb9e8d37c7bb73673277a7f07d884f50fc2,2026-03-16T02:30:17-05:00,1746,stitch,cmd/tty,cmd,srd052,R1.1-R1.3,False,Task 1746: [stitch] [stitch] prd052-tty R1.1-R1.3: core terminal name output and silent mode,271482,2940,63278,208199,0.5731,7577,7577,0,10156,10156,0,64,2,271,0
a41d882233df24d13f78f15c436a9d5f44f5f81f,2026-03-16T02:36:20-05:00,1755,stitch,cmd/logname,cmd,srd053,"R1.1-R1.2, R2.1-R2.2",False,"Task 1755: [stitch] prd053-logname R1.1-R1.2, R2.1-R2.2: core logname implementation and version/help flags",478941,3244,74034,404900,0.7463,7577,7657,80,10156,10253,97,46,2,177,0
a39a348e215eb5d225c70a5442a171f8269d7675,2026-03-16T02:40:23-05:00,1758,stitch,cmd/logname,cmd,srd053,"R1.2, R2.2-R2.3, R3.1",False,"Task 1758: [stitch] prd053-logname R1.2, R2.2-R2.3, R3.1: error handling, help flag, and exit codes",753190,6310,63546,689632,0.8998,7657,7660,3,10253,10292,39,139,2,51,9
8e47bb38d2e0cd3bee88b061f80241361ca0d7c1,2026-03-16T02:43:53-05:00,1761,stitch,cmd/logname,cmd,srd053,R3.2-R3.3,False,Task 1761: [stitch] [stitch] prd053-logname R3.2-R3.3: differential tests and edge cases,546355,5781,62708,483638,0.7783,7660,7660,0,10292,10298,6,113,1,38,32
743f29e1e32809516d01c15eba2992b3c56f35f3,2026-03-16T02:46:34-05:00,1764,stitch,cmd/echo,cmd,srd020,R1.1-R1.4,False,Task 1764: [stitch] [stitch] prd020-echo R1.1-R1.4: core echo implementation and newline behavior,313505,1843,55793,257706,0.5237,7660,7731,71,10298,10298,0,63,1,71,0
3e858d59129af77bf2cffc3c0d6a46beac36e69d,2026-03-16T02:49:11-05:00,1767,stitch,cmd/echo,cmd,srd020,R2.1-R2.4,False,Task 1767: [stitch] [stitch] prd020-echo R2.1-R2.4: escape sequence interpretation with -e flag,447974,5038,58864,389102,0.6884,7731,7837,106,10298,10439,141,87,2,254,7
18e1b954d33bc865c44549d40106bcc6c982058c,2026-03-16T02:53:34-05:00,1770,stitch,cmd/echo,cmd,srd020,R3.1-R3.3,False,"Task 1770: [stitch] prd020-echo R3.1-R3.3: version, help, and operand handling",804998,4903,61814,743171,0.8806,7837,7838,1,10439,10542,103,166,2,108,4
f1afc292ba10656dea491a9662bfbcc9434a2ec3,2026-03-16T02:56:48-05:00,1773,stitch,cmd/echo,cmd,srd020,R4.1-R4.3,False,Task 1773: [stitch] prd020-echo R4.1-R4.3: differential tests and edge cases,631950,5285,65700,566240,0.8259,7838,7838,0,10542,10615,73,107,1,74,1
168619984b07f8ff2b31a3c06f8aa3bbeb1bc598,2026-03-16T02:59:59-05:00,1776,stitch,cmd/tac,cmd,srd021,R1.1-R1.4,False,Task 1776: [stitch] prd021-tac R1.1-R1.4: core tac implementation with default line reversal,669579,6383,71303,598266,0.9044,7838,7986,148,10615,10767,152,119,2,300,0
4ab8e1bb711cababc0b7eff86d258e51cdb1adbf,2026-03-16T03:04:10-05:00,1781,stitch,cmd/tac,cmd,srd021,R2.1-R2.4,False,Task 1781: [stitch] prd021-tac R2.1-R2.4: separator flag and before-mode output,495463,10513,67468,427987,0.8985,7986,8067,81,10767,10846,79,160,2,205,45
43a80bd2d8b5d5728c0116ed7e206099ab57690d,2026-03-16T03:09:54-05:00,1784,stitch,cmd/tac,cmd,srd021,R3.1-R3.4,False,Task 1784: [stitch] [stitch] prd021-tac R3.1-R3.4: regex separator and before-mode with regex,2000769,14193,77561,1923181,1.8013,8067,8162,95,10846,10907,61,285,2,175,19
cc11774d2cd12a7ef7618b4b3f9c703035f9d2e6,2026-03-16T03:13:20-05:00,1787,stitch,cmd/tac,cmd,srd021,R4.1-R4.3,False,Task 1787: [stitch] prd021-tac R4.1-R4.3: differential tests and edge cases,946827,4557,67802,879011,0.9773,8162,8162,0,10907,10994,87,123,1,88,1
4518ddb14b0a45486d92d55b19c7c11930356511,2026-03-16T03:17:52-05:00,1790,stitch,cmd/nl,cmd,srd022,R1.1-R1.4,False,Task 1790: [stitch] prd022-nl R1.1-R1.4: core nl implementation with default line numbering,1201547,8992,77998,1123533,1.2741,8162,8287,125,10994,11166,172,181,2,297,0
7a48c269fa9529983ebca7af1e208c002b46c845,2026-03-16T03:21:03-05:00,1793,stitch,cmd/nl,cmd,srd022,R2.1-R2.4,False,Task 1793: [stitch] prd022-nl R2.1-R2.4: numbering format and section options,550355,6089,65283,485063,0.8028,8287,8422,135,11166,11279,113,103,2,272,24
a77ff0e9d0d7e81fe19bba8559d6bc7f3c76216f,2026-03-16T03:28:06-05:00,1796,stitch,cmd/nl,cmd,srd022,R3.1-R3.4,False,Task 1796: [stitch] prd022-nl R3.1-R3.4: logical page section handling with header/body/footer delimiters,1389449,18649,81564,1307867,1.63,8422,8493,71,11279,11364,85,342,2,177,21
6ca405a9dce8ad636be294c69d0191c2f0cf6c50,2026-03-16T03:52:20-05:00,1799,stitch,cmd/nl,cmd,srd022,R4.1-R4.4,False,Task 1799: [stitch] [stitch] prd022-nl R4.1-R4.4: differential tests and edge cases,2074074,28060,56729,2017323,2.0648,8493,8811,318,11364,11731,367,477,2,752,67
76fd4540dd7eb6e5e776e5fc3b183655185213d1,2026-03-16T03:55:39-05:00,1802,stitch,cmd/fold,cmd,srd023,R1.1-R1.4,False,Task 1802: [stitch] prd023-fold R1.1-R1.4: core fold implementation with default line wrapping,426958,6006,66949,360002,0.7486,8811,9058,247,11731,11875,144,109,2,391,0
5c1055436d4df7bcb55422de4d3118d925b20375,2026-03-16T04:02:28-05:00,1805,stitch,cmd/fold,cmd,srd023,R2.1-R2.3,False,Task 1805: [stitch] prd023-fold R2.1-R2.3: byte counting mode (-b flag),1754232,15662,76535,1677673,1.7089,9058,9177,119,11875,11961,86,319,2,250,45
fe415e5bde88d35b51add78cdc6ae340fbff8ead,2026-03-16T04:06:22-05:00,1808,stitch,cmd/fold,cmd,srd023,R3.1-R3.4,False,Task 1808: [stitch] prd023-fold R3.1-R3.4: break-at-spaces mode (-s flag),932318,6334,67735,864569,1.014,9177,9178,1,11961,12009,48,154,2,50,1
451d86f39023a3ac977f98ec7abc04463dc2bbe1,2026-03-16T04:09:43-05:00,1813,stitch,cmd/fold,cmd,srd023,R4.1-R4.4,False,Task 1813: [stitch] [stitch] prd023-fold R4.1-R4.4: differential tests and edge cases,366807,5840,70689,296112,0.7359,9178,9178,0,12009,12283,274,95,1,275,1
836d7f341a6f8be33e6239a24acc440889260d37,2026-03-16T04:13:44-05:00,1816,stitch,cmd/expand,cmd,srd024,R1.1-R1.4,False,Task 1816: [stitch] prd024-expand R1.1-R1.4: core expand implementation with default tab-to-space conversion,764114,5116,71797,692306,0.9228,9178,9314,136,12283,12463,180,145,2,316,0
d3ded0f84a3208965467c1768512704002facc21,2026-03-16T04:19:18-05:00,1819,stitch,cmd/expand,cmd,srd024,R2.1-R2.4,False,Task 1819: [stitch] [stitch] prd024-expand R2.1-R2.4: custom tab stop list support,1370854,13815,75088,1295747,1.4626,9314,9408,94,12463,12582,119,260,2,228,15
727506b8316bbcbc9968dfd951f9e21b1e9981b2,2026-03-16T04:22:47-05:00,1822,stitch,cmd/expand,cmd,srd024,R3.1-R3.4,False,Task 1822: [stitch] prd024-expand R3.1-R3.4: initial-only tab expansion and stdin/file input handling,787264,7624,68611,718641,0.9788,9408,9437,29,12582,12701,119,134,2,159,11
20ab1ea798389e3fa2487c1827c4a101c0c08006,2026-03-16T04:27:50-05:00,1825,stitch,cmd/expand,cmd,srd024,R4.1-R4.3,False,Task 1825: [stitch] prd024-expand R4.1-R4.3: differential tests and edge cases,1591497,9477,84487,1506990,1.5186,9437,9437,0,12701,12914,213,237,1,214,1
b767cac9d9cf543235ea30552ba31c269f19a42d,2026-03-16T04:34:43-05:00,1828,stitch,cmd/unexpand,cmd,srd025,R1.1-R1.4,False,Task 1828: [stitch] [stitch] prd025-unexpand R1.1-R1.4: core unexpand implementation with default space-to-tab conversion,855576,18382,86272,769293,1.3835,9437,9641,204,12914,13265,351,312,2,555,0
dc54a068fbe1e4b624b8c18d76649bcc576933ad,2026-03-16T04:39:10-05:00,1831,stitch,cmd/unexpand,cmd,srd025,R2.1-R2.3,False,Task 1831: [stitch] prd025-unexpand R2.1-R2.3: custom tab stop list and --all flag support,767116,10499,72488,694617,1.0629,9641,9781,140,13265,13385,120,181,2,279,19
1a691da3b9cfad75a81d87d422df1269e49c2d7c,2026-03-16T04:42:26-05:00,1834,stitch,cmd/unexpand,cmd,srd025,R3.1-R3.3,False,Task 1834: [stitch] prd025-unexpand R3.1-R3.3: differential tests and stdin/file input handling,619317,5115,73848,545460,0.8622,9781,9784,3,13385,13385,0,116,2,11,8
7bbe85f728166b419d211b74bbf1beb83b806735,2026-03-16T04:48:49-05:00,1837,stitch,cmd/unexpand,cmd,srd025,R4.1-R4.4,False,"Task 1837: [stitch] [stitch] prd025-unexpand R4.1-R4.4: error handling, --version/--help, and edge case coverage",2080475,16498,95466,1984986,2.0017,9784,9820,36,13385,13453,68,318,2,105,1
2e8d3ff097386e25b753fe08ba51f8d7a7e14a25,2026-03-16T04:54:29-05:00,1840,stitch,cmd/cut,cmd,srd026,R1.1-R1.4,False,Task 1840: [stitch] prd026-cut R1.1-R1.4: core cut implementation with byte and character range selection,2045176,14361,89184,1955968,1.8945,9820,10427,607,13453,13771,318,270,2,925,0
d2ce7e189254882a6948a7300c141bfec2a5feeb,2026-03-16T04:57:40-05:00,1843,stitch,cmd/cut,cmd,srd026,R2.1-R2.4,False,Task 1843: [stitch] [stitch] prd026-cut R2.1-R2.4: field-based cut with delimiter support,593399,5414,69158,524232,0.8297,10427,10428,1,13771,13924,153,128,2,160,6
c52c88c7df0e93ecd752eb74b5278a5c3b0b60e0,2026-03-16T05:00:11-05:00,1846,stitch,cmd/cut,cmd,srd026,R3.1-R3.3,False,Task 1846: [stitch] prd026-cut R3.1-R3.3: stdin and multi-file input handling,600478,3725,69707,530762,0.7942,10428,10429,1,13924,13988,64,88,2,73,8
af755036da961057af6378ad284a091f66704d04,2026-03-16T05:07:17-05:00,1849,stitch,cmd/cut,cmd,srd026,R4.1-R4.4,False,"Task 1849: [stitch] prd026-cut R4.1-R4.4: error handling, --version/--help, and edge case coverage",4386800,17358,97862,4288890,3.1903,10429,10462,33,13988,14220,232,359,2,295,30
d17f57036e5066d81e96dd993ccb0950ff5b993a,2026-03-16T05:10:16-05:00,1852,stitch,cmd/paste,cmd,srd027,R1.1-R1.4,False,Task 1852: [stitch] [stitch] prd027-paste R1.1-R1.4: core paste implementation with default tab delimiter,480372,6297,78019,402346,0.8463,10462,10816,354,14220,14407,187,110,2,541,0
4d02faaeea310e548ac431606b7ffda55f0d1654,2026-03-16T05:14:27-05:00,1855,stitch,cmd/paste,cmd,srd027,R2.1-R2.3,False,Task 1855: [stitch] prd027-paste R2.1-R2.3: custom delimiter support with -d option,869307,9736,70713,798581,1.0847,10816,10816,0,14407,14505,98,160,2,141,43
95d45a769f927c186ba3434e0b0b12ceca088637,2026-03-16T05:17:04-05:00,1858,stitch,cmd/paste,cmd,srd027,R3.1-R3.3,False,Task 1858: [stitch] [stitch] prd027-paste R3.1-R3.3: serial mode with -s option,486795,3612,65071,421716,0.7079,10816,10818,2,14505,14561,56,74,2,71,13
aaf6ff15ed8731a4582b574ada5a322b3cbda651,2026-03-16T05:21:28-05:00,1861,stitch,cmd/paste,cmd,srd027,R4.1-R4.4,False,"Task 1861: [stitch] prd027-paste R4.1-R4.4: error handling, --version/--help, and edge case coverage",1925106,8922,86384,1838699,1.6824,10818,10825,7,14561,14708,147,189,2,178,24
0d59d93721d00c1e60d413c25b637099258c6599,2026-03-16T05:25:25-05:00,1864,stitch,cmd/uniq,cmd,srd028,R1.1-R1.4,False,Task 1864: [stitch] prd028-uniq R1.1-R1.4: core uniq implementation with adjacent-line deduplication,1655253,8782,82931,1572301,1.5241,10825,11018,193,14708,14929,221,169,2,414,0
a4c016ab97a9a18e7f9068358a066e99e55e3830,2026-03-16T05:30:33-05:00,1867,stitch,cmd/uniq,cmd,srd028,R2.1-R2.4,False,"Task 1867: [stitch] prd028-uniq R2.1-R2.4: counting and duplicate filtering options (-c, -d, -u, -D)",521484,13365,72926,448550,1.0142,11018,11189,171,14929,15180,251,216,2,444,22
0e12a043546cdc3b18e6a0c0e03231c181138dd8,2026-03-16T05:35:28-05:00,1870,stitch,cmd/uniq,cmd,srd028,R3.1-R3.4,False,"Task 1870: [stitch] [stitch] prd028-uniq R3.1-R3.4: field/character skip and case-insensitive comparison (-f, -s, -w, -i)",1073776,11487,76955,996806,1.2666,11189,11339,150,15180,15406,226,207,2,396,20
2e08c06156d879e619b1d393049d726e239d4196,2026-03-16T05:42:58-05:00,1873,stitch,cmd/uniq,cmd,srd028,R4.1-R4.4,False,Task 1873: [stitch] prd028-uniq R4.1-R4.4: zero-terminated line processing and --group option,3248990,20334,95540,3153413,2.6824,11339,11468,129,15406,15647,241,364,2,409,39
f7380125f490858d0856c24c34f70f4b890e8ef1,2026-03-16T05:46:31-05:00,1876,stitch,cmd/comm,cmd,srd029,R1.1-R1.4,False,Task 1876: [stitch] [stitch] prd029-comm R1.1-R1.4: core comm implementation with three-column output,506637,8836,84335,422295,0.9592,11468,11788,320,15647,15950,303,143,2,623,0
a77cc64f634c0b89b1c38007845a38a6e1fc0974,2026-03-16T05:53:07-05:00,1879,stitch,cmd/comm,cmd,srd029,R2.1-R2.4,False,"Task 1879: [stitch] prd029-comm R2.1-R2.4: --check-order, --nocheck-order, and unsorted input handling",1794302,20585,93010,1701270,1.9467,11788,11904,116,15950,16030,80,334,2,210,14
f4b4744e59f2b79825f150384c339ef91c0576ac,2026-03-16T05:56:55-05:00,1882,stitch,cmd/comm,cmd,srd029,R3.1-R3.4,False,Task 1882: [stitch] prd029-comm R3.1-R3.4: output delimiter and column suppression options,1313953,8414,75231,1238704,1.3,11904,11931,27,16030,16082,52,162,2,103,24
31d626839b62a9159687862e3becf5bb23c4635b,2026-03-16T06:02:12-05:00,1885,stitch,cmd/comm,cmd,srd029,R4.1-R4.4,False,Task 1885: [stitch] prd029-comm R4.1-R4.4: --total line counts and --zero-terminated line delimiter,1890365,15810,84675,1792898,1.911,11931,12001,70,16082,16233,151,243,2,252,31
974275d5f0fd259d032a452e952a8bd42cc5c5fb,2026-03-16T06:06:32-05:00,1888,stitch,cmd/md5sum,cmd,srd030,R1.1-R1.4,False,Task 1888: [stitch] prd030-md5sum R1.1-R1.4: core md5sum computation and standard output,998352,6335,69918,928419,1.0596,12001,12162,161,16233,16374,141,165,2,302,0
409f6fd414bcd0cdbc0de3554c6cab3609828e3c,2026-03-16T06:10:39-05:00,1891,stitch,cmd/md5sum,cmd,srd030,R2.1-R2.4,False,Task 1891: [stitch] [stitch] prd030-md5sum R2.1-R2.4: check mode verification and status output,1147699,9740,70510,1077172,1.2229,12162,12327,165,16374,16448,74,175,2,255,16
5fe92b855d6037d91a2f2ad14497d16a91940d7c,2026-03-16T06:15:44-05:00,1894,stitch,cmd/md5sum,cmd,srd030,R3.1-R3.3,False,Task 1894: [stitch] prd030-md5sum R3.1-R3.3: --tag output format and --binary/--text mode flags,1823920,10753,74636,1749259,1.6101,12327,12384,57,16448,16516,68,213,2,153,28
ba3185970830c79231827098291864bd46a80803,2026-03-16T06:19:20-05:00,1897,stitch,cmd/md5sum,cmd,srd030,R4.1-R4.3,False,Task 1897: [stitch] [stitch] prd030-md5sum R4.1-R4.3: --strict and --warn check mode modifiers,1111268,7371,71090,1040162,1.1487,12384,12418,34,16516,16570,54,156,2,104,16
75b2f567af4efcd8d8de4dbba7be0d7dfa32dde9,2026-03-16T06:22:33-05:00,1900,stitch,cmd/sha1sum,cmd,srd031,R1.1-R1.4,False,Task 1900: [stitch] prd031-sha1sum R1.1-R1.4: core sha1sum computation and standard output,429095,5146,67162,361926,0.7294,12418,12580,162,16570,16681,111,99,2,273,0
d980c318fa456c3af159e82aee5ed3aad375ebea,2026-03-16T06:26:13-05:00,1903,stitch,cmd/sha1sum,cmd,srd031,R2.1-R2.3,False,Task 1903: [stitch] [stitch] prd031-sha1sum R2.1-R2.3: check mode verification and status output,467929,9450,76029,391893,0.9074,12580,12798,218,16681,16781,100,158,2,335,17
b20a57206ffce1ad0d4e3cba61cb541a81e0ec41,2026-03-16T06:29:56-05:00,1906,stitch,cmd/sha1sum,cmd,srd031,R3.1-R3.2,False,Task 1906: [stitch] prd031-sha1sum R3.1-R3.2: --tag output format and --binary/--text mode flags,1329551,8867,76583,1252950,1.3269,12798,12849,51,16781,16862,81,155,2,158,26
05c91e1cf1f05319a8cd70985afb4d1b58de6e35,2026-03-16T06:33:22-05:00,1909,stitch,cmd/sha1sum,cmd,srd031,R4.1-R4.3,False,Task 1909: [stitch] [stitch] prd031-sha1sum R4.1-R4.3: --strict and --warn check mode modifiers,1231521,6584,79841,1151664,1.2395,12849,12876,27,16862,16915,53,128,2,96,16
54858b512873d6a7fcea12a3b6e7c11786e71443,2026-03-16T06:36:23-05:00,1912,stitch,cmd/sha256sum,cmd,srd032,R1.1-R1.4,False,Task 1912: [stitch] prd032-sha256sum R1.1-R1.4: core sha256sum computation and standard output,364534,5871,69371,295157,0.728,12876,13050,174,16915,17030,115,112,2,289,0
2b2d17bcbde19fd7d114dcd401d91079be7cfc1e,2026-03-16T06:39:38-05:00,1915,stitch,cmd/sha256sum,cmd,srd032,R2.1-R2.3,False,Task 1915: [stitch] [stitch] prd032-sha256sum R2.1-R2.3: check mode verification and status output,529354,7777,74314,455032,0.8864,13050,13274,224,17030,17143,113,127,2,353,16
fe933e63e13a1f7e163068e430aa581a5d67ea31,2026-03-16T06:42:33-05:00,1918,stitch,cmd/sha256sum,cmd,srd032,R3.1-R3.2,False,Task 1918: [stitch] [stitch] prd032-sha256sum R3.1-R3.2: --tag output format and --binary/--text mode flags,919649,6197,73552,846084,1.0377,13274,13321,47,17143,17208,65,114,2,137,25
e5e2d00cec88266fe449fbc15b9307869cb21012,2026-03-16T06:46:57-05:00,1921,stitch,cmd/sha256sum,cmd,srd032,R4.1-R4.3,False,Task 1921: [stitch] prd032-sha256sum R4.1-R4.3: --strict and --warn check mode modifiers,1293102,6582,77371,1215714,1.2561,13321,13334,13,17208,17235,27,196,2,57,17
63d562cfbfcb02717573e87f99c68b02d12fd4eb,2026-03-16T06:50:06-05:00,1924,stitch,cmd/sha512sum,cmd,srd033,R1.1-R1.4,False,Task 1924: [stitch] prd033-sha512sum R1.1-R1.4: core sha512sum computation and standard output,730812,5920,68511,662290,0.9074,13334,13528,194,17235,17350,115,125,2,309,0
99867bb6c05ef7877d82081eaa72115396b14a62,2026-03-16T06:53:13-05:00,1927,stitch,cmd/sha512sum,cmd,srd033,R2.1-R2.3,False,Task 1927: [stitch] prd033-sha512sum R2.1-R2.3: check mode verification and status output,462641,7345,74538,388096,0.8436,13528,13725,197,17350,17436,86,121,2,297,14
fa1276d5a7ee0e960bb973d7b6121acc423ebe8f,2026-03-16T06:58:31-05:00,1932,stitch,cmd/sha512sum,cmd,srd033,R3.1-R3.2,False,Task 1932: [stitch] [stitch] prd033-sha512sum R3.1-R3.2: --tag output format and --binary/--text mode flags,968231,6563,78030,890188,1.0969,13725,13774,49,17436,17502,66,189,2,137,22
0df2ebb6b7c72d2acdd705675c1bad472901a6da,2026-03-16T07:02:37-05:00,1935,stitch,cmd/sha512sum,cmd,srd033,R4.1-R4.3,False,Task 1935: [stitch] prd033-sha512sum R4.1-R4.3: --strict and --warn check mode modifiers,1440470,7783,78913,1361538,1.3686,13774,13797,23,17502,17556,54,166,2,114,37
93e0220dd6246c395c1bccdcd65780a9f17b7eac,2026-03-16T07:06:01-05:00,1938,stitch,cmd/ts,cmd,srd004,R1.1-R1.4,False,Task 1938: [stitch] prd004-ts R1.1-R1.4: core timestamp prepending and default format,792102,6000,85590,706502,1.0382,13797,13988,191,17556,17642,86,122,2,277,0
2cb0a13c57be5111ec7113539d82fc2bfc761fef,2026-03-16T07:09:23-05:00,1941,stitch,cmd/ts,cmd,srd004,R1.5-R1.6,False,Task 1941: [stitch] [stitch] prd004-ts R1.5-R1.6: incremental timestamp and elapsed time format,864907,6919,69368,795526,1.0044,13988,14040,52,17642,17706,64,140,2,127,11
ce2e6d2ace351c29820ec7780a1e8460ff403216,2026-03-16T07:13:29-05:00,1944,stitch,cmd/ts,cmd,srd004,R2.1-R2.4,False,Task 1944: [stitch] prd004-ts R2.1-R2.4: custom strftime format string support,801114,7196,69663,731439,0.9811,14040,14061,21,17706,17793,87,138,2,113,5
8c7312bda44b1d129b3c7c4943db08678aa9806c,2026-03-16T07:19:41-05:00,1947,stitch,cmd/ts,cmd,srd004,R3.1-R3.4,False,Task 1947: [stitch] [stitch] prd004-ts R3.1-R3.4: monotonic clock high-resolution timestamps,1250853,11089,75364,1175472,1.3361,14061,14061,0,17793,17835,42,250,1,44,2
1ee1d66efeeb286c955401d8aaabb911618977fb,2026-03-16T07:19:41-05:00,1947,stitch,cmd/ts,cmd,srd004,R3.1-R3.4,False,Task 1947: [stitch] [stitch] prd004-ts R3.1-R3.4: monotonic clock high-resolution timestamps,275927,1613,64778,211144,0.5508,14061,14061,0,17835,17835,0,195,1,44,2
c94056f08e44f252c9e7f9310b81a645d8297270,2026-03-16T07:35:26-05:00,1953,stitch,cmd/ts,cmd,srd004,R5.1-R5.3,False,Task 1953: [stitch] prd004-ts R5.1-R5.3: line buffering and immediate flush behavior,504278,4244,68069,427617,0.7883,14061,14063,2,17835,17874,39,106,2,45,4
2b290fbea96665fbed17a2a1db19464dfd8bb799,2026-03-16T13:20:50-05:00,1964,stitch,cmd/ts,cmd,srd004,R6.1-R6.4,False,Task 1964: [stitch] [stitch] prd004-ts R6.1-R6.4,2245957,17994,27242,2218688,1.7296,14063,14259,196,17874,18050,176,419,2,391,19
68d4d1f5e34200d879217c349285c89deaee9574,2026-03-16T13:25:14-05:00,1971,stitch,cmd/ts,cmd,srd004,"R6.5, R7.1-R7.3",False,"Task 1971: [stitch] [stitch] prd004-ts R6.5, R7.1-R7.3",818518,4289,72772,745734,0.9634,14259,14270,11,18050,18131,81,103,2,94,2
7f3f29202ef5dfe5cabdb4caaa8827a6d755ce45,2026-03-16T13:29:08-05:00,1974,stitch,cmd/ts,cmd,srd004,R8.1-R8.2,False,Task 1974: [stitch] prd004-ts R8.1-R8.2: error handling and diagnostic output,1542821,7003,79427,1463374,1.4033,14270,14277,7,18131,18221,90,162,2,99,2
1648e0ad22fb13d5a876c829b60299304077e46b,2026-03-16T13:32:59-05:00,1977,stitch,cmd/ts,cmd,srd004,R9.1-R9.2,False,Task 1977: [stitch] [stitch] prd004-ts R9.1-R9.2,629511,5353,76563,535023,1.0026,14277,14301,24,18221,18260,39,123,2,69,6
62a5d3de783bdbafd3931a4ab1fd4e346592bd3a,2026-03-16T13:45:35-05:00,1980,stitch,cmd/mkdir,cmd,srd034,R1.1-R1.4,False,Task 1980: [stitch] prd034-mkdir R1.1-R1.4: basic mkdir implementation and option parsing,1217087,40497,107649,1109423,2.24,14301,14678,377,18260,18529,269,569,2,646,0
4036be7f71133d771716a48b033d4063c83192e0,2026-03-16T13:48:39-05:00,1983,stitch,cmd/mkdir,cmd,srd034,R2.1-R2.3,False,Task 1983: [stitch] prd034-mkdir R2.1-R2.3: parent directory creation with -p flag,661276,6580,71545,589721,0.9066,14678,14678,0,18529,18642,113,124,1,113,0
0a7ab9ad6cc298b65b847cef1eca8b468605f9f2,2026-03-16T13:53:53-05:00,1986,stitch,cmd/mkdir,cmd,srd034,R3.1-R3.4,False,Task 1986: [stitch] prd034-mkdir R3.1-R3.4: verbose output and SELinux context handling,1307639,10375,25751,1281870,1.0613,14678,14694,16,18642,18693,51,215,2,74,7
4e2a75b1e732e9366084393007cf57d6b4369285,2026-03-16T13:57:27-05:00,1991,stitch,cmd/mkdir,cmd,srd034,R4.1-R4.3,False,Task 1991: [stitch] prd034-mkdir R4.1-R4.3: differential tests and error handling,633272,3159,29441,603822,0.5649,14694,14694,0,18693,18829,136,92,2,137,1
63c5adf8fca6cdb8cad71ed13fb7720618a7f349,2026-03-16T14:01:20-05:00,1996,stitch,cmd/rmdir,cmd,srd035,R1.1-R1.4,False,Task 1996: [stitch] [stitch] prd035-rmdir R1.1-R1.4: basic rmdir implementation and option parsing,838882,9132,70266,768603,1.0518,14694,14855,161,18829,19024,195,154,2,356,0
1fae83b99a3ef090b62e9bb1f452951c96fd3ffb,2026-03-16T14:04:35-05:00,2000,stitch,cmd/rmdir,cmd,srd035,R2.1-R2.3,False,Task 2000: [stitch] [stitch] prd035-rmdir R2.1-R2.3: parent directory removal with --parents flag,473786,4535,62749,411029,0.7111,14855,14857,2,19024,19061,37,92,2,43,4
f90b1e6b9003234dc7ef87dac56f136c057857e8,2026-03-16T14:10:06-05:00,2003,stitch,cmd/rmdir,cmd,srd035,R3.1-R3.4,False,Task 2003: [stitch] prd035-rmdir R3.1-R3.4: --ignore-fail-on-non-empty and verbose output,2357115,12794,89882,2267203,2.0154,14867,14875,8,19175,19163,-12,235,2,139,19
2a23536dd1fbb74aeaca6911b9ff7893f2522304,2026-03-16T14:13:19-05:00,2008,stitch,cmd/rmdir,cmd,srd035,R4.1-R4.3,False,Task 2008: [stitch] prd035-rmdir R4.1-R4.3: differential tests and error handling,554618,3973,25709,528901,0.5245,14875,14875,0,19163,19189,26,96,1,27,1
2d0616c061ff11da6ecfd33a89c5d0480a5028ff,2026-03-16T14:18:54-05:00,2012,stitch,cmd/mktemp,cmd,srd036,R1.1-R1.4,False,Task 2012: [stitch] prd036-mktemp R1.1-R1.4: basic mktemp implementation and option parsing,1346044,13064,83912,1262115,1.4822,14875,15089,214,19189,19564,375,224,2,589,0
3e3eeb83f154a2065453f5a018ea951d3069dc19,2026-03-16T14:23:24-05:00,2017,stitch,cmd/mktemp,cmd,srd036,"R1.5, R2.1-R2.3",False,"Task 2017: [stitch] [stitch] prd036-mktemp R1.5, R2.1-R2.3: template parsing and directory creation",1047098,10584,83378,963706,1.2676,15098,15199,101,19583,19743,160,203,2,290,29
6bf56125bd97f86c48676946296230fbec1b90c1,2026-03-16T14:27:26-05:00,2022,stitch,cmd/mktemp,cmd,srd036,R3.1-R3.4,False,Task 2022: [stitch] [stitch] prd036-mktemp R3.1-R3.4: suffix handling and quiet mode,930827,8130,24421,906393,0.8091,15199,15219,20,19743,19837,94,157,2,118,4
6512013a48deb23f6da395447eaf87d5376a19bb,2026-03-16T14:32:44-05:00,2027,stitch,cmd/mktemp,cmd,srd036,R3.5-R3.6,False,Task 2027: [stitch] prd036-mktemp R3.5-R3.6: remaining template and option handling,1783361,12147,32474,1750864,1.3822,15219,15270,51,19837,20155,318,216,2,373,4
effee0989fe69a8639153187ec39cfc3a80c7e31,2026-03-16T14:37:30-05:00,2032,stitch,cmd/mktemp,cmd,srd036,R4.1-R4.4,False,Task 2032: [stitch] prd036-mktemp R4.1-R4.4: error handling and exit codes,849406,8917,33578,815817,0.8408,15270,15278,8,20155,20264,109,187,2,122,5
d1ade10c56c31218a9081d94d3dfd4163d681740,2026-03-16T14:41:36-05:00,2037,stitch,cmd/ln,cmd,srd037,R1.1-R1.4,False,Task 2037: [stitch] [stitch] prd037-ln R1.1-R1.4: basic hard link creation and argument parsing,533512,10446,76847,456657,0.9698,15278,15598,320,20264,20712,448,155,2,768,0
b8e8b33567283eda2f72225d8efbba25df2aee42,2026-03-16T14:46:22-05:00,2040,stitch,cmd/ln,cmd,srd037,R2.1-R2.4,False,Task 2040: [stitch] prd037-ln R2.1-R2.4: symbolic link creation and force mode,902580,7901,72587,829980,1.0662,15598,15629,31,20712,20961,249,206,2,289,9
605cdead70be3c79cb93cff9b6baf2559ad42ca3,2026-03-16T17:21:11-05:00,2045,stitch,cmd/ln,cmd,srd037,R3.1-R3.4,False,"Task 2045: [stitch] prd037-ln R3.1-R3.4: backup mode, target directory, and verbose option",1605632,18015,92306,1513306,1.784,15629,15708,79,20961,21286,325,353,2,417,13
ca045f62ed743fdbe7ea1d82b68c34c85ab2fab2,2026-03-16T17:24:34-05:00,2053,stitch,cmd/ln,cmd,srd037,"R3.5-R3.6, R4.1-R4.2",False,"Task 2053: [stitch] [stitch] prd037-ln R3.5-R3.6, R4.1-R4.2: suffix option, relative links, and error handling",657419,6258,30280,627130,0.6593,15708,15708,0,21286,21511,225,115,1,226,1
58733fa4bdeefc55578d8583c5eb7f18460110c2,2026-03-16T17:28:14-05:00,2059,stitch,cmd/ln,cmd,srd037,R4.3,False,Task 2059: [stitch] prd037-ln R4.3: error handling for invalid cross-device hard links,787890,6627,85501,702378,1.112,15708,15713,5,21511,21662,151,144,2,157,1
ebc86b9ea357e9bd72324a2b1907a4d4bf8477f5,2026-03-16T21:18:08-05:00,2134,stitch,cmd/unlink,cmd,srd038,R1.1-R1.3,False,Task 2134: [stitch] prd038-unlink R1.1-R1.3: basic unlink implementation and argument parsing,1597994,9786,27561,1570411,1.2022,15713,15839,126,21662,21854,192,216,2,318,0
880b2ea12470b28637b0dc0d4af3d3f12adf98cb,2026-03-16T21:18:08-05:00,2134,stitch,cmd/unlink,cmd,srd038,R1.1-R1.3,False,Task 2134: [stitch] prd038-unlink R1.1-R1.3: basic unlink implementation and argument parsing,2340855,7761,39118,2301706,1.5895,15713,15839,126,21662,21854,192,321,2,318,0
0077ac77f256d2ce3dcaa3476e0a200c3cf9f786,2026-03-16T21:18:08-05:00,2134,stitch,cmd/unlink,cmd,srd038,R1.1-R1.3,False,Task 2134: [stitch] prd038-unlink R1.1-R1.3: basic unlink implementation and argument parsing,1459972,6403,29759,1430193,1.0613,15713,15839,126,21662,21854,192,217,2,318,0
d986123213d8cb9fd8bffe9f92b7f94634bd9385,2026-03-16T21:18:08-05:00,2134,stitch,cmd/unlink,cmd,srd038,R1.1-R1.3,False,Task 2134: [stitch] prd038-unlink R1.1-R1.3: basic unlink implementation and argument parsing,2457178,8584,40779,2416368,1.6778,15713,15839,126,21662,21854,192,266,2,318,0
5a8310f6aa344742cf7e7f5def772a8bcfa3042b,2026-03-16T21:18:08-05:00,2134,stitch,cmd/unlink,cmd,srd038,R1.1-R1.3,False,Task 2134: [stitch] prd038-unlink R1.1-R1.3: basic unlink implementation and argument parsing,1705321,10227,38720,1666579,1.3311,15713,15839,126,21662,21854,192,236,2,318,0
a328677090d891f32bcdfec089bb67a83db44bd7,2026-03-16T21:37:21-05:00,2121,stitch,cmd/unlink,cmd,srd038,"R1.1-R1.3, R2.1",False,"Task 2121: [stitch] prd038-unlink R1.1-R1.3, R2.1: basic unlink implementation and argument parsing",647999,1976,7278,640710,0.4153,15839,15840,1,21854,21854,0,69,1,1,0
93439d8aa6434e0597ee07c1d1f61f45cde1d0ff,2026-03-17T00:25:04-05:00,2615,stitch,pkg/testutils,pkg,srd001,R1.1-R1.4,False,Task 2615: [stitch] prd001-testutils R1.1-R1.4: DiffTest struct and RunDiffTests implementation,544650,9657,63735,480906,0.8803,0,282,282,0,0,0,180,2,282,0
fb1940c7adc032911b5e3e14f7bab678889069c3,2026-03-17T00:26:29-05:00,2616,stitch,pkg/testutils,pkg,srd001,R2.1-R2.4,False,"Task 2616: [stitch] prd001-testutils R2.1-R2.4: BuildBinary, ComposeNormalizers, TimestampNormalizer, and test execution environment",259150,954,57527,201618,0.4842,297,297,0,0,0,0,44,3,69,54
79c3653e95b42df6e0811298144a2399d9f55dbd,2026-03-17T00:26:29-05:00,2616,stitch,pkg/testutils,pkg,srd001,R2.1-R2.4,False,"Task 2616: [stitch] prd001-testutils R2.1-R2.4: BuildBinary, ComposeNormalizers, TimestampNormalizer, and test execution environment",398645,4189,62284,336354,0.6622,282,297,15,0,0,0,68,3,69,54
e69abdd8c44be822c0ace9d5ea2b991ee9739819,2026-03-17T00:35:25-05:00,2619,stitch,pkg/testutils,pkg,srd001,R3.1-R3.4,False,"Task 2619: [stitch] [stitch] prd001-testutils R3.1-R3.4: output comparison, diff reporting, and error formatting",790171,10914,71342,718817,1.0782,297,297,0,0,229,229,186,1,229,0
c5b231d12bdd0fa538b7fe3559eb0f93a8547f3e,2026-03-17T00:42:25-05:00,2621,stitch,pkg/testutils,pkg,srd001,"R3.5-R3.6, R4.1-R4.2",False,"Task 2621: [stitch] [stitch] prd001-testutils R3.5-R3.6, R4.1-R4.2: WorkDir support, ExpectedFiles comparison, and environment propagation",686511,9384,75323,611178,1.011,297,328,31,229,229,0,224,2,105,74
06a2d61ada47e195bf4366cd264ff58b655f97ea,2026-03-17T21:04:45-05:00,2632,stitch,pkg/testutils,pkg,srd001,R1.1-R1.4,True,Task 2632: [stitch] pkg/testutils: define exported API stubs (contract) -- prd001 R1.1-R1.4,292914,1405,50686,242222,0.4731,0,66,66,0,0,0,33,2,66,0
dac27464a65a718a2a8bb471c1d2119736e6383a,2026-03-17T21:05:37-05:00,2633,stitch,pkg/sys,pkg,srd002,R1.1-R1.4,True,Task 2633: [stitch] pkg/sys: define exported API stubs (contract) -- prd002 R1.1-R1.4,419064,1673,52033,367023,0.5506,66,147,81,0,0,0,41,3,81,0
865a06070348dac3ab0e32cb1c1a957dbd113e24,2026-03-17T21:06:18-05:00,2634,stitch,pkg/format,pkg,srd003,R1.1-R1.4,True,Task 2634: [stitch] pkg/format: define exported API stubs (contract) -- prd003 R1.1-R1.4,179698,1383,51725,127969,0.4219,147,230,83,0,0,0,28,3,83,0
6bed3867c2a74df66ced5ce1cc493f61cd74c3f8,2026-03-17T21:10:45-05:00,2636,stitch,pkg/testutils,pkg,srd001,R2.1-R2.4,False,Task 2636: [stitch] Task 2635: [stitch] pkg/testutils: implement RunDiffTests core -- prd001 R2.1-R2.4,791345,7650,62130,729202,0.9442,230,450,220,0,0,0,135,2,227,7
8ea9a9bbcdcd5cef59d90631d9b5499540358234,2026-03-17T21:13:08-05:00,2637,stitch,pkg/sys,pkg,srd002,"R1.5-R1.7, R2.1",False,"Task 2637: [stitch] Task 2636: [stitch] pkg/sys: implement Stat, Lstat, FileInfo, InstallSIGPIPEHandler -- prd002 R1.5-R1.7, R2.1",398562,7114,61393,337162,0.7302,450,556,106,0,0,0,130,5,123,17
e9f6ba7aab595e44db318d7592ac05f11bd6c7d5,2026-03-17T21:15:04-05:00,2638,stitch,pkg/testutils,pkg,srd001,"R2.5-R2.6, R3.1-R3.2",False,"Task 2638: [stitch] Task 2637: [stitch] pkg/testutils: implement BuildBinary and normalizers -- prd001 R2.5-R2.6, R3.1-R3.2",625479,4759,64842,560627,0.8046,556,624,68,0,0,0,103,4,98,30
17e04a548146fd34af68c5558f98bbb4d29fb767,2026-03-17T21:20:40-05:00,2640,stitch,pkg/testutils,pkg,srd001,R3.3-R3.6,False,Task 2640: [stitch] prd001-testutils R3.3-R3.6: ExpectedFiles validation and WorkDir support,431082,13205,70212,360863,0.9494,624,710,86,0,0,0,195,1,96,10
0750312cb4439344e73a40c8822a26d98ae4b977,2026-03-17T21:22:08-05:00,2641,stitch,pkg/sys,pkg,srd002,R2.2-R2.5,False,"Task 2641: [stitch] prd002-sys R2.2-R2.5: TerminalWidth, IsTerminal, OnTerminalResize",637894,3276,57175,580708,0.7297,710,764,54,0,0,0,76,3,67,9
91cbc588fb6555956faf895cfd01cff25f2ed99c,2026-03-17T21:24:43-05:00,2642,stitch,pkg/format,pkg,srd003,R2.1-R2.4,False,Task 2642: [stitch] prd003-format R2.1-R2.4: HumanSize and color output implementation,195885,794,58323,137558,0.4532,915,915,0,0,0,0,21,2,169,18
27eed59bf0d2e49579d72cf8b05b74778a079b2b,2026-03-17T21:24:43-05:00,2642,stitch,pkg/format,pkg,srd003,R2.1-R2.4,False,Task 2642: [stitch] prd003-format R2.1-R2.4: HumanSize and color output implementation,470200,8339,63362,406830,0.8079,764,915,151,0,0,0,144,2,169,18
787e701b20fde1da276e1cc7a80853b3c81946d0,2026-03-17T21:28:41-05:00,2645,stitch,pkg/sys,pkg,srd002,"R2.6, R3.1-R3.3",False,"Task 2645: [stitch] [stitch] prd002-sys R2.6, R3.1-R3.3: remaining sys exports",381216,3383,70188,311022,0.6788,915,917,2,0,0,0,67,1,21,19
f5a1ce89b69a6bc3ec61431eb744feca99361544,2026-03-17T21:30:13-05:00,2646,stitch,pkg/format,pkg,srd003,"R2.5-R2.7, R3.1",False,"Task 2646: [stitch] [stitch] prd003-format R2.5-R2.7, R3.1: column alignment and padding",765876,3394,70066,695799,0.8707,917,1016,99,0,0,0,79,1,106,7
9b8056ac3c55f9e52cee3515b6ad35c3a6f09d0f,2026-03-17T23:18:52-05:00,2657,stitch,pkg/sys,pkg,srd002,R1.1-R1.4,False,"Task 2657: [stitch] prd002-sys R1.1-R1.4: FileInfo struct, Stat, Lstat",371697,3216,55678,316012,0.5864,0,117,117,0,0,0,66,3,117,0
339b8e75bbc8f6f67c1f69f0361fdad3f25507b0,2026-03-17T23:20:15-05:00,2658,stitch,pkg/sys,pkg,srd002,"R1.5-R1.7, R2.1",False,"Task 2658: [stitch] prd002-sys R1.5-R1.7, R2.1: TerminalWidth, IsTerminal, InstallSIGPIPEHandler",321688,3770,57778,263904,0.5873,117,219,102,0,0,0,70,4,106,0
f6a33c50fd19c7486edd46292ee2c3d156d5eb06,2026-03-17T23:25:31-05:00,2659,stitch,pkg/testutils,pkg,srd001,R1.1-R1.4,False,"Task 2659: [stitch] prd001-testutils R1.1-R1.4: DiffTest struct, RunDiffTests, BuildBinary",721593,17689,79521,642062,1.2603,219,486,267,0,0,0,304,2,267,0
b040487bfc1fc8b6edf969cb20cd1b5cde47d0e6,2026-03-17T23:28:22-05:00,2661,stitch,pkg/format,pkg,srd003,,False,Task 2661: [stitch] [stitch] prd003-format contract: exported types and function signatures,240988,1990,52937,188046,0.4747,486,585,99,0,0,0,39,3,99,0
d686406c558903cc1bad3fa0a2f22d5734ce3637,2026-03-17T23:29:30-05:00,2662,stitch,pkg/sys,pkg,srd002,R2.2-R2.5,False,Task 2662: [stitch] [stitch] prd002-sys R2.2-R2.5: OnTerminalResize and signal utilities,367449,2516,54795,312647,0.5617,585,585,0,0,0,0,57,1,14,14
aa24ddccd571001641567cdb21af54100c8bfa17,2026-03-17T23:33:34-05:00,2664,stitch,pkg/sys,pkg,srd002,"R2.6, R3.1-R3.3",False,"Task 2664: [stitch] [stitch] prd002-sys R2.6, R3.1-R3.3: remaining sys requirements",602829,5634,62647,540172,0.8025,585,587,2,0,159,159,102,3,176,15
14a67a5de8f23deca09cd82bea0c2c673baa3a35,2026-03-17T23:34:54-05:00,2665,stitch,pkg/format,pkg,srd003,R1.1-R1.4,False,Task 2665: [stitch] [stitch] prd003-format R1.1-R1.4: HumanSize and size formatting implementation,194216,2467,60211,134001,0.505,635,635,0,159,159,0,53,1,54,6
b16b6bd7eb86c305e9c4f5789549f45373578bd7,2026-03-17T23:34:54-05:00,2665,stitch,pkg/format,pkg,srd003,R1.1-R1.4,False,Task 2665: [stitch] [stitch] prd003-format R1.1-R1.4: HumanSize and size formatting implementation,310086,3052,55080,255000,0.5481,587,635,48,159,159,0,69,1,54,6
b78e4e770085bc3b9b783ff26e4ada7281a73d28,2026-03-17T23:40:35-05:00,2668,stitch,pkg/testutils,pkg,srd001,"R2.5-R2.6, R3.1-R3.2",False,"Task 2668: [stitch] [stitch] prd001-testutils R2.5-R2.6, R3.1-R3.2: RunDiffTests core comparison",306775,9645,74884,231886,0.8251,635,635,0,159,546,387,160,1,387,0
1a0f29868e5f9367df9c32c00450bcfd692c6a6b,2026-03-17T23:44:17-05:00,2670,stitch,pkg/testutils,pkg,srd001,R3.3-R3.6,False,Task 2670: [stitch] [stitch] prd001-testutils R3.3-R3.6: RunDiffTests normalization hooks and file comparison,346798,4962,64706,282086,0.6695,635,635,0,546,725,179,92,1,180,1
f5e6921f1485f294a142f5e53cd0166d97f9fb38,2026-03-17T23:45:57-05:00,2671,stitch,pkg/testutils,pkg,srd001,R4.1-R4.4,False,Task 2671: [stitch] [stitch] prd001-testutils R4.1-R4.4: ComposeNormalizers and TimestampNormalizer,427796,3797,70551,357238,0.7145,635,635,0,725,975,250,86,1,250,0
3991cde78ba8f82b0167e7014d4144f385c7f8e4,2026-03-17T23:48:38-05:00,2672,stitch,pkg/format,pkg,srd003,R2.1-R2.4,False,Task 2672: [stitch] [stitch] prd003-format R2.1-R2.4: ANSI color output functions,604977,8232,63090,541877,0.8711,635,707,72,975,1094,119,148,2,215,24
94009b2661dcadcd1de56e06021d09c2eb7c8a02,2026-03-18T16:39:54-05:00,2674,stitch,pkg/testutils,pkg,srd001,R5.1-R5.2,False,Task 2674: [stitch] prd001-testutils R5.1-R5.2: BuildBinary test helper,1410412,9012,87400,1322994,1.4331,707,735,28,1094,1243,149,156,3,193,16
d554fc61a711da287a8eabe16a59980fea285971,2026-03-18T16:42:32-05:00,2675,stitch,pkg/format,pkg,srd003,R2.5-R2.7,False,Task 2675: [stitch] prd003-format R2.5-R2.7: HumanSize byte formatting,388953,8530,73291,315656,0.8292,735,735,0,1243,1302,59,145,1,59,0
5ee514d2d71c90faec07008768ef172e09f850a9,2026-03-18T16:44:26-05:00,2676,stitch,pkg/format,pkg,srd003,R3.1-R3.4,False,Task 2676: [stitch] prd003-format R3.1-R3.4: column alignment functions,528248,5625,71616,456624,0.8166,735,825,90,1302,1478,176,101,2,276,10
11dd301a693ff37428545faabf302a5b82b0d87c,2026-03-18T16:49:01-05:00,2678,stitch,pkg/format,pkg,srd003,R3.5-R3.6,False,Task 2678: [stitch] [stitch] prd003-format R3.5-R3.6: remaining format package functions,534442,4205,72231,462203,0.7877,825,841,16,1478,1552,74,91,2,90,0
b36c809165c7b2e675d9ddc01a9d669f36005f53,2026-03-18T16:49:56-05:00,2679,stitch,cmd/cat,cmd,srd006,R1.1-R1.4,False,Task 2679: [stitch] [stitch] prd006-cat R1.1-R1.4: core file concatenation,430346,1792,54020,376318,0.5706,841,911,70,1552,1552,0,43,1,70,0
7aafb7407b67f30c236886b099decf792b88fd4f,2026-03-18T16:54:25-05:00,2681,stitch,cmd/version,cmd,srd059,R1.1-R1.4,False,Task 2681: [stitch] prd059-version R1.1-R1.4: version command implementation,299885,1226,52015,247864,0.4797,911,954,43,1552,1552,0,35,1,43,0
30ea43d6e78d98d82f732e69f375688508b46312,2026-03-18T16:55:21-05:00,2682,stitch,cmd/version,cmd,srd059,,False,Task 2682: [stitch] prd059-version tests: version command differential tests,319976,2075,57079,262891,0.5401,954,954,0,1552,1658,106,44,1,106,0
82e3543b893089c957eb64baef79a696009d3fd8,2026-03-18T17:00:26-05:00,2684,stitch,cmd/cat,cmd,srd006,R2.1-R2.4,False,Task 2684: [stitch] [stitch] prd006-cat R2.1-R2.4: flag parsing and option handling,339449,10879,64305,275138,0.8115,954,1103,149,1658,1658,0,164,1,158,9
eb5a24f5abaeb78152f5455df45a91196b1fa689,2026-03-18T17:08:05-05:00,2686,stitch,cmd/cat,cmd,srd006,"R1.5, R3.1-R3.3",False,"Task 2686: [stitch] prd006-cat R1.5, R3.1-R3.3: stdin reading and line numbering",698576,18687,84685,613881,1.3034,1103,1209,106,1658,1805,147,317,2,258,5
4862ce3cd4990c67f9725f6be666c64ecf307a4f,2026-03-18T17:13:38-05:00,2688,stitch,cmd/cat,cmd,srd006,R4.1-R4.4,False,Task 2688: [stitch] [stitch] prd006-cat R4.1-R4.4: nonprinting characters and line-end display,527080,13489,74788,452284,1.0308,1209,1295,86,1805,1938,133,216,2,222,3
d5cb0186291ff9792e45c536f5fac7f76dc8ba00,2026-03-18T17:50:50-05:00,2690,stitch,cmd/cat,cmd,srd006,R4.5-R4.8,False,"Task 2690: [stitch] prd006-cat R4.5-R4.8: squeeze blank lines, unbuffered output, and file operand handling",447851,2850,72516,375328,0.7122,1295,1295,0,1938,1971,33,66,1,34,1
15fe201ef582ca9f01cafa579fc75e6db19afe34,2026-03-18T17:50:50-05:00,2690,stitch,cmd/cat,cmd,srd006,R4.5-R4.8,False,"Task 2690: [stitch] prd006-cat R4.5-R4.8: squeeze blank lines, unbuffered output, and file operand handling",181696,1707,53849,127843,0.4432,1295,1295,0,1971,1971,0,40,1,34,1
1cc2a4e7ee7795cc95cb80e3f65517a9ec8304af,2026-03-18T17:58:21-05:00,2695,stitch,cmd/cat,cmd,srd006,"R4.9, R5.1-R5.3",False,"Task 2695: [stitch] prd006-cat R4.9, R5.1-R5.3: remaining cat features",978373,11325,79982,898378,1.2323,1295,1296,1,1971,2027,56,231,2,58,1
393643c7907038a5c86209794f40680dcf88b917,2026-03-18T18:03:54-05:00,2697,stitch,cmd/cat,cmd,srd006,R5.4,False,Task 2697: [stitch] [stitch] prd006-cat R5.4: version and help output,1301335,5086,72933,1228384,1.1973,1296,1296,0,2027,2077,50,130,2,52,2
6baba1dde98a5fd14431c3860e15be96f8bedecd,2026-03-18T18:08:41-05:00,2698,stitch,cmd/sponge,cmd,srd007,R1.1-R1.4,False,Task 2698: [stitch] [stitch] prd007-sponge R1.1-R1.4: core stdin-to-file behavior,703523,16879,87742,615772,1.2783,1296,1506,210,2077,2273,196,272,2,406,0
7b7b966192f832699d347dd0f1eb6e8754f8fddc,2026-03-18T19:47:29-05:00,2700,stitch,cmd/sponge,cmd,srd007,"R1.5, R2.1-R2.3",False,"Task 2700: [stitch] [stitch] prd007-sponge R1.5, R2.1-R2.3",493206,21593,85781,407418,1.2797,1506,1615,109,2273,2364,91,290,2,239,39
d84d2e0cb0b8320cbd2efd20394684c1ec70de70,2026-03-18T19:56:35-05:00,2702,stitch,cmd/sponge,cmd,srd007,"R2.4-R2.5, R3.1-R3.2",False,"Task 2702: [stitch] [stitch] prd007-sponge R2.4-R2.5, R3.1-R3.2",508443,21900,86586,421850,1.2996,1615,1689,74,2364,2419,55,372,2,161,32
46ddcfa38cba59de1caf1ccad01e6d55b2612ef8,2026-03-18T20:00:41-05:00,2704,stitch,cmd/sponge,cmd,srd007,"R3.3, R4.1-R4.3",False,"Task 2704: [stitch] prd007-sponge R3.3, R4.1-R4.3: error handling and append mode",770562,5858,73005,697546,0.9516,1689,1705,16,2419,2458,39,121,2,63,8
05d4a45a999f8254cb60fbc7df06b2652d48dd86,2026-03-18T20:08:02-05:00,2706,stitch,cmd/sponge,cmd,srd007,R5.1-R5.4,False,Task 2706: [stitch] [stitch] prd007-sponge R5.1-R5.4,775821,18492,86360,689451,1.3468,1705,1716,11,2458,2542,84,310,2,99,4
f84ae3d55533f3efb9f24c6cfd4e5e7f123f10fb,2026-03-18T20:15:17-05:00,2707,stitch,cmd/du,cmd,srd009,R1.1-R1.4,False,Task 2707: [stitch] [stitch] prd009-du R1.1-R1.4: core disk usage traversal,623157,25879,90358,532791,1.4781,1716,1833,117,2542,2647,105,423,2,222,0
d01e7342f0f9da9a6901db2df8df024e139a43de,2026-03-18T20:18:50-05:00,2709,stitch,cmd/sponge,cmd,srd007,R6.1-R6.2,False,Task 2709: [stitch] prd007-sponge R6.1-R6.2: version and help output,785863,4803,73449,712403,0.9354,1833,1860,27,2647,2663,16,99,2,47,4
15c91727e53b4bb41c6ebf200729cf23da2df98b,2026-03-18T20:26:03-05:00,2710,stitch,cmd/du,cmd,srd009,"R1.5, R2.1-R2.3",False,"Task 2710: [stitch] prd009-du R1.5, R2.1-R2.3: summary mode and human-readable output",756253,25951,87881,668362,1.5323,1860,1929,69,2663,2754,91,419,2,190,30
4d433f0e3bef234d87f19f3b7b9e8c08ae27f8ec,2026-03-18T20:31:24-05:00,2712,stitch,cmd/du,cmd,srd009,R2.4-R2.7,False,Task 2712: [stitch] prd009-du R2.4-R2.7: additional output formatting and depth control,449653,12906,73513,376133,0.9702,1929,1958,29,2754,2845,91,189,2,154,34
c69b2c5264d94c267316f9ad5e3bf2b882045e4d,2026-03-18T20:38:39-05:00,2714,stitch,cmd/du,cmd,srd009,"R2.8, R3.1-R3.3",False,"Task 2714: [stitch] [stitch] prd009-du R2.8, R3.1-R3.3: exclude patterns and error handling",392119,17068,79531,312582,1.0801,1958,2021,63,2845,2845,0,310,1,99,36
9208b85f805372f350a0868db2799087228a534e,2026-03-18T20:40:07-05:00,2715,stitch,cmd/yes,cmd,srd012,R1.1-R1.4,False,Task 2715: [stitch] [stitch] prd012-yes R1.1-R1.4: core yes output loop,680223,2985,55416,624795,0.7334,2021,2082,61,2845,2845,0,78,1,61,0
08c6c58ab2cf64cfc29b881e281a1eb10669aab2,2026-03-18T20:48:04-05:00,2717,stitch,cmd/du,cmd,srd009,"R4.1-R4.2, R5.1",False,"Task 2717: [stitch] prd009-du R4.1-R4.2, R5.1: remaining du features",908449,6563,74675,833761,1.0477,2082,2082,0,2845,2899,54,131,2,56,2
a27af35f95708a6ea16ceb1e82fa358eb9c978a0,2026-03-18T20:50:52-05:00,2718,stitch,cmd/yes,cmd,srd012,"R2.1-R2.2, R3.1-R3.2",False,"Task 2718: [stitch] prd012-yes R2.1-R2.2, R3.1-R3.2: yes argument and signal handling",491137,7146,67512,423617,0.8124,2082,2089,7,2899,3013,114,156,2,125,4
e725913bff87039b581445303a2d5b4af8fffe95,2026-03-18T20:54:57-05:00,2720,stitch,cmd/yes,cmd,srd012,"R3.3, R4.1-R4.3",False,"Task 2720: [stitch] prd012-yes R3.3, R4.1-R4.3: complete yes utility",449862,3297,57964,391890,0.6407,2089,2089,0,3013,3042,29,74,2,31,2
ef82501eb7eb9bdb9404d2137a6fc055f216121f,2026-03-18T20:56:08-05:00,2721,stitch,cmd/true,cmd,srd013,"R1.1-R1.3, R2.1-R2.3",False,"Task 2721: [stitch] prd013-true R1.1-R1.3, R2.1-R2.3: core true implementation",383338,2214,57029,326302,0.575,2089,2145,56,3042,3101,59,58,2,115,0
a9af2f5ea8ea68b57e13e1dec54513374553abc6,2026-03-18T21:00:53-05:00,2723,stitch,cmd/true,cmd,srd013,"R3.1, R3.2, R4.1, R4.2",False,"Task 2723: [stitch] [stitch] prd013-true R3.1, R3.2, R4.1, R4.2: true version output and differential tests",485535,4198,63466,422061,0.7127,2145,2146,1,3101,3114,13,85,2,16,2
59896330e4fe22949813c8643263e9636be29814,2026-03-18T21:02:29-05:00,2724,stitch,cmd/false,cmd,srd014,"R2.1, R2.2, R2.3, R3.1",False,"Task 2724: [stitch] [stitch] prd014-false R2.1, R2.2, R2.3, R3.1: false flag handling and version output",330238,2254,59583,270649,0.5641,2202,2202,0,3193,3193,0,59,2,135,0
7a9b6ede49ae6bd15d7ff6570c88132a06a33bf8,2026-03-18T21:02:29-05:00,2724,stitch,cmd/false,cmd,srd014,"R2.1, R2.2, R2.3, R3.1",False,"Task 2724: [stitch] [stitch] prd014-false R2.1, R2.2, R2.3, R3.1: false flag handling and version output",542375,4391,61603,480763,0.7352,2146,2202,56,3114,3193,79,83,2,135,0
ab2fddcd9b26e994f62cef8006cab7077c1e7107,2026-03-18T21:11:53-05:00,2730,stitch,cmd/basename,cmd,srd015,"R1.1, R1.2, R1.3, R1.4",False,"Task 2730: [stitch] prd015-basename R1.1, R1.2, R1.3, R1.4: basename core implementation",440805,4367,56224,384573,0.6529,2202,2277,75,3193,3193,0,95,1,75,0
635286395658770a13a152fc222636a388b33517,2026-03-18T21:16:24-05:00,2732,stitch,cmd/basename,cmd,srd015,"R1.5, R2.1, R2.2, R2.3",False,"Task 2732: [stitch] prd015-basename R1.5, R2.1, R2.2, R2.3: basename multiple-argument mode and suffix stripping",342949,7948,63795,279148,0.737,2277,2370,93,3193,3193,0,135,1,117,24
f268d34372c583944cd3e259f402dab48229c78a,2026-03-18T21:18:42-05:00,2733,stitch,cmd/dirname,cmd,srd016,"R1.1, R1.2, R1.3, R1.4",False,"Task 2733: [stitch] prd016-dirname R1.1, R1.2, R1.3, R1.4: dirname core implementation",766879,5405,65080,701787,0.8928,2370,2450,80,3193,3281,88,127,2,168,0
d0485a4a92f1276f00354de1b8792ace33c12118,2026-03-18T21:21:53-05:00,2735,stitch,cmd/basename,cmd,srd015,"R3.1, R3.2, R3.3, R3.4",False,"Task 2735: [stitch] [stitch] prd015-basename R3.1, R3.2, R3.3, R3.4: basename error handling and edge cases",513338,2586,58093,455236,0.6554,2450,2450,0,3281,3396,115,65,1,115,0
0eb0e3b70c63944bb3c5e1dbe2e524d05b0549cf,2026-03-18T21:23:31-05:00,2736,stitch,cmd/dirname,cmd,srd016,"R1.5, R2.1, R2.2",False,"Task 2736: [stitch] [stitch] prd016-dirname R1.5, R2.1, R2.2: dirname extended functionality and zero-delimited mode",460052,3768,59495,400549,0.6664,2450,2489,39,3396,3418,22,86,2,78,17
be7fa45d02e371396479a70a83592bfd19027025,2026-03-18T21:26:21-05:00,2738,stitch,cmd/basename,cmd,srd015,"R4.1, R4.2, R4.3",False,"Task 2738: [stitch] prd015-basename R4.1, R4.2, R4.3: basename differential tests and version/help",339452,3496,61704,277742,0.612,2489,2489,0,3418,3483,65,60,1,70,5
22e42d2a186be8d3e7eb55a1a2b856073de0fbac,2026-03-18T21:27:37-05:00,2739,stitch,cmd/dirname,cmd,srd016,"R3.1, R3.2, R3.3",False,"Task 2739: [stitch] prd016-dirname R3.1, R3.2, R3.3: dirname error handling and edge cases",478655,2644,62206,416441,0.6631,2489,2493,4,3483,3483,0,64,2,9,5
3164e1c44c2114128f786eb4448e2980310cfc57,2026-03-18T21:32:26-05:00,2741,stitch,cmd/dirname,cmd,srd016,"R4.1, R4.2, R4.3",False,"Task 2741: [stitch] [stitch] prd016-dirname R4.1, R4.2, R4.3: dirname differential tests and version/help",827792,6849,72516,755264,1.0021,2493,2508,15,3483,3554,71,151,2,92,6
c14f5cc0bd1af7e368c51c00d673ec2d65d0a783,2026-03-18T21:33:50-05:00,2742,stitch,cmd/tee,cmd,srd017,"R1.1, R1.2, R1.3, R1.4",False,"Task 2742: [stitch] [stitch] prd017-tee R1.1, R1.2, R1.3, R1.4: tee core implementation",334205,3187,61302,272897,0.5993,2508,2669,161,3554,3554,0,73,1,161,0
aa3b9602a49eb4bb53cf16cecec0b786a9d5fc68,2026-03-18T21:36:44-05:00,2744,stitch,cmd/tee,cmd,srd017,"R1.5, R2.1, R2.2, R2.3",False,"Task 2744: [stitch] prd017-tee R1.5, R2.1, R2.2, R2.3: tee extended functionality and signal handling",317009,3191,56851,260152,0.5652,2669,2732,63,3554,3554,0,60,1,86,23
92e83cb8e115a2e6dce21acff356cfd09c02ac90,2026-03-18T21:40:00-05:00,2746,stitch,cmd/tee,cmd,srd017,"R3.1, R3.2, R3.3, R3.4",False,"Task 2746: [stitch] prd017-tee R3.1, R3.2, R3.3, R3.4: tee error handling and edge cases",322777,4065,58498,264273,0.5994,2732,2778,46,3554,3554,0,63,1,62,16
4e1a4ef027e3c885963e3bcfa19212d0150bec31,2026-03-18T21:41:35-05:00,2747,stitch,cmd/head,cmd,srd018,"R1.1, R1.2, R1.3, R1.4",False,"Task 2747: [stitch] prd018-head R1.1, R1.2, R1.3, R1.4: head core implementation",571562,4537,66609,504944,0.7822,2778,3051,273,3554,3554,0,85,1,273,0
6b41fe1166dfbfac94d6a0e1ecb9b4755dd396b6,2026-03-18T21:47:31-05:00,2749,stitch,cmd/tee,cmd,srd017,"R4.1, R4.2, R4.3",False,"Task 2749: [stitch] [stitch] prd017-tee R4.1, R4.2, R4.3: tee differential tests and version/help",905256,14245,80928,824316,1.2741,3051,3051,0,3554,3739,185,251,1,185,0
fd9e62afdfddc5b2a74868a32a555867eb3208a3,2026-03-18T21:51:45-05:00,2750,stitch,cmd/head,cmd,srd018,"R1.5, R2.1, R2.2, R2.3",False,"Task 2750: [stitch] [stitch] prd018-head R1.5, R2.1, R2.2, R2.3: head extended functionality and multiple files",440723,15516,71304,369412,1.0183,3051,3223,172,3739,3739,0,242,1,216,44
8087084ee46fa48a591f66c7a26fe6f5b842dc57,2026-03-18T21:59:45-05:00,2752,stitch,cmd/head,cmd,srd018,"R3.1, R3.2, R3.3, R3.4",False,"Task 2752: [stitch] prd018-head R3.1, R3.2, R3.3, R3.4: head error handling and edge cases",1525339,18668,95219,1430101,1.777,3223,3267,44,3739,3964,225,348,2,295,26
c4d28774cda9ff5e6b107b922bda38a05f481bd3,2026-03-18T22:06:18-05:00,2754,stitch,cmd/head,cmd,srd018,"R3.5, R4.1, R4.2, R4.3",False,"Task 2754: [stitch] prd018-head R3.5, R4.1, R4.2, R4.3: head differential tests and final edge case",831156,15520,85100,746045,1.293,3267,3271,4,3964,4126,162,271,2,182,16
f7932209c5f2d41e1a404894c51fa4e5e819b3ec,2026-03-18T22:13:34-05:00,2755,stitch,cmd/seq,cmd,srd019,"R1.1, R1.2, R1.3, R1.4",False,"Task 2755: [stitch] prd019-seq R1.1, R1.2, R1.3, R1.4: seq core implementation",704430,28534,90137,614284,1.5839,3271,3509,238,4126,4235,109,421,2,347,0
2d9e0e5c541c00654bf86d91e226e5336970581c,2026-03-18T22:18:44-05:00,2757,stitch,cmd/seq,cmd,srd019,"R1.5, R2.1, R2.2, R2.3",False,"Task 2757: [stitch] prd019-seq R1.5, R2.1, R2.2, R2.3: seq extended functionality and formatting",637630,8744,67636,569984,0.9264,3509,3542,33,4235,4235,0,169,1,51,18
75b123e352b4ab238d86f3e7fd5fbb1e2e0a352c,2026-03-18T22:22:05-05:00,2759,stitch,cmd/head,cmd,srd018,R4.4,False,Task 2759: [stitch] prd018-head R4.4: head final edge case and differential test,442411,3040,68461,362440,0.7702,3542,3542,0,4235,4254,19,68,2,22,3
6752ff4d5a714f1417241fecb55c0e257496701c,2026-03-18T22:34:32-05:00,2760,stitch,cmd/seq,cmd,srd019,"R2.4, R3.1, R3.2, R3.3",False,"Task 2760: [stitch] prd019-seq R2.4, R3.1, R3.2, R3.3: seq error handling and edge cases",1503807,43904,109769,1394023,2.4807,3542,3713,171,4254,4293,39,736,2,265,55
b2bfd4b5f7fbeec8694ecb77e8fec1fd357ea12e,2026-03-18T22:40:27-05:00,2762,stitch,cmd/seq,cmd,srd019,"R3.4, R4.1, R4.2, R4.3",False,"Task 2762: [stitch] prd019-seq R3.4, R4.1, R4.2, R4.3: seq formatting and differential tests",1778434,9632,79562,1698849,1.5876,3713,3723,10,4293,4344,51,192,2,72,11
8cc570469b8aadf22ea01d8a016c69ff1ca9a547,2026-03-18T22:47:33-05:00,2763,stitch,cmd/wc,cmd,srd005,"R1.1, R1.2, R1.3, R1.4",False,"Task 2763: [stitch] prd005-wc R1.1, R1.2, R1.3, R1.4: wc core implementation",727558,23555,93324,634225,1.4893,3723,3926,203,4344,4457,113,414,2,316,0
c8f0c7939a507c2327055221bcf3ab174985d0b5,2026-03-18T22:51:22-05:00,2765,stitch,cmd/seq,cmd,srd019,R4.4,False,Task 2765: [stitch] prd019-seq R4.4: seq final edge case and differential test,772400,4866,72292,700097,0.9236,3926,3927,1,4457,4473,16,101,2,20,3
c8c32f9c20c5e813f7fd142c1ac41b38d51d62b2,2026-03-18T22:59:25-05:00,2766,stitch,cmd/wc,cmd,srd005,"R2.1, R2.2, R2.3, R2.4",False,"Task 2766: [stitch] prd005-wc R2.1, R2.2, R2.3, R2.4: wc multi-file and counting options",1444971,27725,95042,1349912,1.9622,3927,4032,105,4473,4629,156,471,2,276,15
c657c1782aeabf54246c3519c2f9b638c107ee6a,2026-03-18T23:05:07-05:00,2768,stitch,cmd/wc,cmd,srd005,"R2.5, R2.6, R3.1, R3.2",False,"Task 2768: [stitch] [stitch] prd005-wc R2.5, R2.6, R3.1, R3.2: wc additional options and error handling basics",562227,14265,79667,482552,1.0959,4032,4079,47,4629,4753,124,220,2,196,25
32070e6fea7f83c0564eafe79b8321e8eea1cb09,2026-03-18T23:10:38-05:00,2770,stitch,cmd/wc,cmd,srd005,"R3.3, R4.1, R4.2, R4.3",False,"Task 2770: [stitch] prd005-wc R3.3, R4.1, R4.2, R4.3: wc error handling and formatting",1722401,9874,80242,1642137,1.5695,4079,4149,70,4753,4822,69,207,2,148,9
5fb31a1880ccfd64b18588dc4dad2b3af0306988,2026-03-18T23:23:20-05:00,2772,stitch,cmd/wc,cmd,srd005,"R4.4, R5.1, R5.2",False,"Task 2772: [stitch] prd005-wc R4.4, R5.1, R5.2: wc --files0-from and stdin filename display",1334244,36490,107392,1226838,2.1969,4149,4224,75,4822,4877,55,595,2,160,30
e39402f7f42bbe9e06e7591c9d863c067a900375,2026-03-18T23:25:15-05:00,2773,stitch,cmd/arch,cmd,srd045,"R1.1, R1.2, R2.1, R2.2",False,"Task 2773: [stitch] prd045-arch R1.1, R1.2, R2.1, R2.2: arch core implementation",698442,5246,66003,632428,0.8599,4224,4307,83,4877,4996,119,103,2,202,0
9899a5a581b26ba20a933d672e9019335454e8e5,2026-03-18T23:31:41-05:00,2775,stitch,cmd/wc,cmd,srd005,"R6.1, R6.2, R6.3",False,"Task 2775: [stitch] prd005-wc R6.1, R6.2, R6.3: wc differential tests and GNU parity",1552773,10029,92378,1460377,1.5584,4307,4307,0,4996,5058,62,248,1,63,1
e47fbdba44e880889d17c6dfb53342d2b8a1b66b,2026-03-18T23:32:45-05:00,2776,stitch,cmd/arch,cmd,srd045,"R3.1, R3.2, R3.3",False,"Task 2776: [stitch] prd045-arch R3.1, R3.2, R3.3: arch differential tests and GNU parity",400009,2559,59903,340099,0.6085,4307,4307,0,5058,5066,8,52,1,12,4
705f2ebd7863302712d93ec169889ede50be77ae,2026-03-18T23:34:14-05:00,2777,stitch,cmd/uname,cmd,srd044,"R1.1, R1.2, R1.3, R1.4",False,"Task 2777: [stitch] prd044-uname R1.1, R1.2, R1.3, R1.4: uname core implementation",402639,4067,60520,342112,0.651,4307,4461,154,5066,5145,79,77,2,233,0
005d99ecae39048dee52bd1fc6b66ebcc1d33324,2026-03-18T23:38:23-05:00,2779,stitch,cmd/uname,cmd,srd044,"R1.5, R1.6, R1.7, R1.8",False,"Task 2779: [stitch] [stitch] prd044-uname R1.5, R1.6, R1.7, R1.8: uname extended flags",326405,6358,59913,266486,0.6667,4461,4506,45,5145,5145,0,101,1,54,9
3ab0b2d5e1a1170192bd1072e226455914d4bc1c,2026-03-18T23:45:25-05:00,2780,stitch,cmd/uname,cmd,srd044,"R3.1, R3.2, R4.1, R4.2",False,"Task 2780: [stitch] [stitch] prd044-uname R3.1, R3.2, R4.1, R4.2: uname differential tests and GNU parity",2077075,19886,86278,1990771,2.0319,4506,4555,49,5145,5207,62,410,2,156,45
61b6d5f2df64431fa8ac0d44e7da17dd28ab8eb1,2026-03-18T23:45:25-05:00,2780,stitch,cmd/uname,cmd,srd044,"R3.1, R3.2, R4.1, R4.2",False,"Task 2780: [stitch] [stitch] prd044-uname R3.1, R3.2, R4.1, R4.2: uname differential tests and GNU parity",258109,1459,58606,199498,0.5025,4555,4555,0,5207,5207,0,39,2,156,45
294cd1cb187a4b4066ff28c42cadb833240ac27b,2026-03-18T23:50:41-05:00,2783,stitch,cmd/uname,cmd,srd044,R4.3,False,Task 2783: [stitch] prd044-uname R4.3: uname remaining differential tests,417874,3133,65293,352574,0.6627,4555,4555,0,5207,5233,26,66,1,28,2
5085dc22627e1ea4f600135793359983637ef9aa,2026-03-18T23:52:10-05:00,2784,stitch,cmd/nproc,cmd,srd046,"R1.1, R1.2, R1.3, R1.4",False,"Task 2784: [stitch] prd046-nproc R1.1, R1.2, R1.3, R1.4: nproc core implementation",755924,3767,62190,693722,0.8298,4555,4700,145,5233,5233,0,76,1,145,0
953a04ace5815b3895c54e0ad240a5157ea32ec8,2026-03-18T23:57:51-05:00,2786,stitch,cmd/nproc,cmd,srd046,"R2.1, R2.2, R2.3, R3.1",False,"Task 2786: [stitch] [stitch] prd046-nproc R2.1, R2.2, R2.3, R3.1: nproc differential tests and GNU parity",420460,7189,67263,353190,0.7767,4700,4700,0,5233,5354,121,132,1,121,0
00453225ad7abdbaf1461aea98811b76838a8f9a,2026-03-18T23:59:49-05:00,2787,stitch,cmd/hostname,cmd,srd047,"R1.1, R1.2, R2.1, R2.2",False,"Task 2787: [stitch] [stitch] prd047-hostname R1.1, R1.2, R2.1, R2.2: hostname core implementation and differential tests",799385,4982,68337,731036,0.9172,4700,4784,84,5354,5423,69,107,2,153,0
9328e45dbd21bea3f1f68cd5c9c121446dc2ec63,2026-03-19T00:01:35-05:00,2788,stitch,cmd/hostid,cmd,srd048,"R1.1, R1.2, R2.1, R2.2",False,"Task 2788: [stitch] [stitch] prd048-hostid R1.1, R1.2, R2.1, R2.2: hostid core implementation and differential tests",631230,5137,64989,566231,0.8178,4784,4870,86,5423,5496,73,95,2,159,0
44eb60a51154cbdd44108bbf330abb613f46feb4,2026-03-19T00:05:48-05:00,2790,stitch,cmd/nproc,cmd,srd046,"R3.2, R3.3",False,"Task 2790: [stitch] prd046-nproc R3.2, R3.3: nproc remaining error handling and edge-case tests",710005,6240,65051,644943,0.8851,4870,4873,3,5496,5520,24,126,2,41,14
9b74b8e0b64feeb9823c656b7cf318119eb57a5f,2026-03-19T00:06:53-05:00,2791,stitch,cmd/hostname,cmd,srd047,"R3.1, R3.2, R3.3",False,"Task 2791: [stitch] prd047-hostname R3.1, R3.2, R3.3: hostname remaining error handling and edge-case tests",330688,2385,59184,271498,0.5653,4873,4873,0,5520,5542,22,53,1,22,0
393969d29c28773d80ad463d9ebf9e93f84eddbe,2026-03-19T00:08:14-05:00,2792,stitch,cmd/hostid,cmd,srd048,"R3.1, R3.2, R3.3",False,"Task 2792: [stitch] prd048-hostid R3.1, R3.2, R3.3: hostid remaining error handling and edge-case tests",400809,2726,60150,340652,0.6144,4873,4874,1,5542,5564,22,70,2,24,1
0854c8f5bf3b91febbaa336a9ca345835f174288,2026-03-19T00:13:42-05:00,2794,stitch,cmd/ls,cmd,srd008,"R1.1, R1.2, R1.3, R1.4",True,"Task 2794: [stitch] prd008-ls R1.1, R1.2, R1.3, R1.4 (contract): ls internal types, flag parsing skeleton, and main entry point",288264,8223,72660,215599,0.7675,4874,5052,178,5564,5564,0,145,1,178,0
f28b08b595c7107c73de6a9a5c865289298474d7,2026-03-19T00:21:19-05:00,2795,stitch,cmd/ls,cmd,srd008,"R1.1, R1.2, R1.3, R1.4",False,"Task 2795: [stitch] prd008-ls R1.1, R1.2, R1.3, R1.4: ls core listing differential tests",429144,25700,93189,335949,1.3929,5052,5157,105,5564,5682,118,447,2,226,3
007b33e734ecac34a741e3d5e3c44bdb8617f2eb,2026-03-19T00:27:39-05:00,2797,stitch,cmd/ls,cmd,srd008,"R1.5, R1.6, R1.7, R1.8",False,"Task 2797: [stitch] prd008-ls R1.5, R1.6, R1.7, R1.8: ls hidden files, indicators, directory mode, and inode display",394564,14818,79013,315545,1.0221,5157,5382,225,5682,5682,0,224,1,254,29
6310828a4f7bcbb5dc61e36de3ba02a54e0926d1,2026-03-19T00:36:01-05:00,2800,stitch,cmd/ls,cmd,srd008,"R1.9, R1.10, R1.11, R1.12",False,"Task 2800: [stitch] [stitch] prd008-ls R1.9, R1.10, R1.11, R1.12: ls additional core listing features",511106,20408,89838,421261,1.2824,5382,5499,117,5682,5682,0,325,1,153,36
6a153b37530d410d1e989d59132d545106a6d8e7,2026-03-19T00:47:33-05:00,2803,stitch,cmd/ls,cmd,srd008,"R1.13, R1.14, R2.1, R2.2",False,"Task 2803: [stitch] prd008-ls R1.13, R1.14, R2.1, R2.2: ls remaining core features and long format introduction",957709,35158,109667,848031,1.9884,5499,5614,115,5682,5760,78,573,2,227,34
baf200a0d08c42f546e63df646bab71a92ad73ab,2026-03-19T00:51:46-05:00,2805,stitch,cmd/ls,cmd,srd008,"R2.3, R2.4, R2.5, R2.6",False,"Task 2805: [stitch] Task: [stitch] prd008-ls R2.3, R2.4, R2.5, R2.6: ls long format owner, group, size, and date fields",855728,7097,84844,770873,1.0932,5614,5614,0,5760,5901,141,142,1,143,2
1125f5bdff66c52c4a6882e3ea0de00ad0a82127,2026-03-19T01:00:40-05:00,2807,stitch,cmd/ls,cmd,srd008,"R2.7, R2.8, R2.9, R2.10",False,"Task 2807: [stitch] prd008-ls R2.7, R2.8, R2.9, R2.10: ls long format link count, major/minor, timestamps, and total block count",1177961,21005,99068,1078880,1.6838,5614,5673,59,5901,5971,70,368,2,141,12
6f080ab9dceff250c4002b9424aa231f14298dbb,2026-03-19T16:06:02-05:00,2809,stitch,cmd/ls,cmd,srd008,"R2.11, R2.12, R2.13, R2.14",False,"Task 2809: [stitch] prd008-ls R2.11, R2.12, R2.13, R2.14: ls long format remaining fields",650572,29650,103393,530505,1.7759,5673,5795,122,5971,6087,116,461,2,330,92
d669f9c5caa0e1b1e92ad16897677cdfebeaf261,2026-03-19T16:21:39-05:00,2811,stitch,cmd/ls,cmd,srd008,"R2.15, R3.1, R3.2, R3.3",False,"Task 2811: [stitch] prd008-ls R2.15, R3.1, R3.2, R3.3: ls remaining long format and initial sorting/display features",790635,50513,134246,656381,2.4301,5795,5899,104,6087,6259,172,753,2,344,68
bcd7e56939575d1cce37aebb8ac424f62c76b2d3,2026-03-19T16:31:32-05:00,2813,stitch,cmd/ls,cmd,srd008,"R3.4, R3.5, R3.6, R3.7",False,"Task 2813: [stitch] [stitch] prd008-ls R3.4, R3.5, R3.6, R3.7: ls sorting and display features batch 1",1966049,28535,110487,1845491,2.4125,5899,5999,100,6259,6363,104,460,2,242,38
3cc25357eb7aa720d272efee4498ba0f79ae123f,2026-03-19T16:45:20-05:00,2815,stitch,cmd/ls,cmd,srd008,"R3.8, R3.9, R3.10, R3.11",False,"Task 2815: [stitch] prd008-ls R3.8, R3.9, R3.10, R3.11: ls sorting and display features batch 2",2748847,41863,129649,2619173,3.1666,5999,6101,102,6363,6533,170,697,2,316,44
25214444c557979fa55a5f6d187e87ef1eef596c,2026-03-19T16:57:08-05:00,2817,stitch,cmd/ls,cmd,srd008,"R3.12, R3.13, R3.14, R3.15",False,"Task 2817: [stitch] prd008-ls R3.12, R3.13, R3.14, R3.15: ls sorting and display features batch 3",2549009,34007,125424,2423562,2.846,6101,6303,202,6533,6687,154,590,2,364,8
53fd31c6a8ecc8332e6ee434426101462427bfae,2026-03-19T17:12:35-05:00,2819,stitch,cmd/ls,cmd,srd008,"R4.1, R4.2, R4.3",False,"Task 2819: [stitch] prd008-ls R4.1, R4.2, R4.3: ls extended features batch 1",2931826,40221,146587,2785213,3.3144,6303,6305,2,6687,6824,137,763,2,160,21
3cf541e54e1ceff0567a5c5f925773374f968f70,2026-03-19T17:22:27-05:00,2821,stitch,cmd/ls,cmd,srd008,"R4.4, R4.5, R4.6, R4.7",False,"Task 2821: [stitch] [stitch] prd008-ls R4.4, R4.5, R4.6, R4.7: ls extended features batch 2",3249420,12966,115714,3133675,2.6144,6305,6335,30,6824,6947,123,285,2,159,6
2cde9b591790956a1756a327d7f28937b52a5b3b,2026-03-19T17:24:27-05:00,2822,stitch,cmd/logname,cmd,srd053,"R1.1, R1.2, R2.1, R2.2",False,"Task 2822: [stitch] [stitch] prd053-logname R1.1, R1.2, R2.1, R2.2: logname core implementation",755665,4536,62596,693057,0.8512,6335,6437,102,6947,7038,91,106,2,193,0
a83478390ac6745fe5ba507399543d4da5048a25,2026-03-19T17:29:46-05:00,2824,stitch,cmd/ls,cmd,srd008,"R4.8, R4.9",False,"Task 2824: [stitch] prd008-ls R4.8, R4.9: ls extended features batch 3",1930530,7781,100696,1829812,1.853,6437,6441,4,7038,7150,112,183,2,119,3
b816fdc5bfeee2f0b205a3b3b2fc8994f5df6b84,2026-03-19T17:30:53-05:00,2825,stitch,cmd/logname,cmd,srd053,"R2.3, R3.1, R3.2, R3.3",False,"Task 2825: [stitch] prd053-logname R2.3, R3.1, R3.2, R3.3: logname remaining features",251740,2292,56477,195258,0.5079,6441,6442,1,7150,7150,0,52,1,2,1
b87882bd40517a31007fba7803771945d637565d,2026-03-19T17:32:44-05:00,2826,stitch,cmd/echo,cmd,srd020,"R1.1, R1.2, R1.3, R1.4",False,"Task 2826: [stitch] prd020-echo R1.1, R1.2, R1.3, R1.4: echo core implementation",582120,4534,67411,514700,0.7921,6442,6523,81,7150,7272,122,96,2,203,0
0fdc591ed2ba98caab9cc17061f6c1472dbff14b,2026-03-19T17:37:32-05:00,2828,stitch,cmd/tty,cmd,srd052,"R1.1, R1.2, R1.3, R2.1",False,"Task 2828: [stitch] [stitch] prd052-tty R1.1, R1.2, R1.3, R2.1: tty core implementation",498416,7161,65778,432630,0.8065,6523,6666,143,7272,7375,103,119,2,246,0
53785474d7255d9e44c515660168c91864108863,2026-03-19T17:39:21-05:00,2829,stitch,cmd/pwd,cmd,srd051,"R1.1, R1.2, R1.3, R1.4",False,"Task 2829: [stitch] [stitch] prd051-pwd R1.1, R1.2, R1.3, R1.4: pwd core implementation",414778,4377,62904,350615,0.6842,6666,6864,198,7375,7448,73,78,2,271,0
5b7b1db928eaf5d181fee2f87cffd7f8764c3fd5,2026-03-19T17:46:32-05:00,2831,stitch,cmd/pwd,cmd,srd051,"R2.1, R2.2, R3.1, R3.2",False,"Task 2831: [stitch] prd051-pwd R2.1, R2.2, R3.1, R3.2: pwd remaining features batch 1",1013982,9956,71116,942851,1.1649,6864,6873,9,7448,7499,51,217,2,82,22
8aa3488a76d33ed951df7a704997e99508e8f3e7,2026-03-19T17:48:11-05:00,2832,stitch,cmd/tty,cmd,srd052,"R2.2, R3.1, R3.2, R3.3",False,"Task 2832: [stitch] prd052-tty R2.2, R3.1, R3.2, R3.3: tty remaining features",456766,3725,58721,398037,0.6592,6873,6874,1,7499,7523,24,86,2,28,3
f75d858c317862404a88eafa1f9ed98e7c271aae,2026-03-19T22:49:24-05:00,2834,stitch,cmd/realpath,cmd,srd049,"R1.1, R1.2, R1.3, R1.4",False,"Task 2834: [stitch] [stitch] prd049-realpath R1.1, R1.2, R1.3, R1.4: realpath core implementation",1005783,31928,97269,908502,1.8604,6874,7066,192,7523,7687,164,553,2,356,0
22ccb3dd26640fa57451bab7f9f8677b82d5e3b0,2026-03-19T22:53:42-05:00,2836,stitch,cmd/realpath,cmd,srd049,"R1.5, R2.1, R2.2, R2.3",False,"Task 2836: [stitch] [stitch] prd049-realpath R1.5, R2.1, R2.2, R2.3: realpath remaining features batch 1",820525,8704,70251,750262,1.0319,7066,7171,105,7687,7757,70,129,2,196,21
86eb2076442a47c52b1ecbd1e4cc23800649a1d1,2026-03-19T22:59:56-05:00,2838,stitch,cmd/readlink,cmd,srd050,"R1.1, R1.2, R1.3, R1.4",False,"Task 2838: [stitch] prd050-readlink R1.1, R1.2, R1.3, R1.4: readlink core implementation",1033898,11633,81407,952477,1.2759,7171,7343,172,7757,7935,178,195,2,350,0
7ecd210a79c5ebc0da398afeadff852dad11e8d6,2026-03-19T23:01:59-05:00,2839,stitch,cmd/realpath,cmd,srd049,"R3.1, R3.2, R3.3, R4.1",False,"Task 2839: [stitch] prd049-realpath R3.1, R3.2, R3.3, R4.1: realpath remaining features batch 2",628421,4718,64017,564394,0.8003,7343,7349,6,7935,7952,17,109,2,32,9
6a9d7c29341ce1648c9e79c79308c404af3e6112,2026-03-19T23:05:41-05:00,2841,stitch,cmd/readlink,cmd,srd050,"R1.5, R1.6, R2.1, R2.2",False,"Task 2841: [stitch] prd050-readlink R1.5, R1.6, R2.1, R2.2: readlink remaining features batch 2",627958,6939,65264,562684,0.8628,7349,7410,61,7952,8008,56,106,2,124,7
b1db7a03f6a1483318765a32be0f9223fb924a14,2026-03-19T23:10:33-05:00,2843,stitch,cmd/readlink,cmd,srd050,"R3.1, R3.2, R4.1, R4.2",False,"Task 2843: [stitch] [stitch] prd050-readlink R3.1, R3.2, R4.1, R4.2: readlink remaining features batch 3",671778,7300,69938,601830,0.9206,7410,7411,1,8008,8034,26,144,2,34,7
5b546c6797e4245d78ac1f1744ebed4400c18d63,2026-03-19T23:12:58-05:00,2844,stitch,cmd/echo,cmd,srd020,"R2.1, R2.2, R2.3, R2.4",False,"Task 2844: [stitch] [stitch] prd020-echo R2.1, R2.2, R2.3, R2.4: echo core implementation",638989,7983,68046,570933,0.9104,7411,7538,127,8034,8175,141,133,2,291,23
117d95c9e99159a6094b13a32ed34223b92b2282,2026-03-19T23:16:38-05:00,2846,stitch,cmd/realpath,cmd,srd049,"R4.2, R4.3",False,"Task 2846: [stitch] prd049-realpath R4.2, R4.3: realpath remaining features batch 3",435530,4389,68106,367417,0.7191,7538,7538,0,8175,8239,64,87,2,65,1
2b830ff02a90eace7bbb940deeac31250f0b7333,2026-03-19T23:16:38-05:00,2846,stitch,cmd/realpath,cmd,srd049,"R4.2, R4.3",False,"Task 2846: [stitch] prd049-realpath R4.2, R4.3: realpath remaining features batch 3",204542,1315,62858,141680,0.4966,7538,7538,0,8239,8239,0,35,2,65,1
b799e3e131e5ac74cd522a45e7b354f13662465f,2026-03-19T23:18:38-05:00,2848,stitch,cmd/pwd,cmd,srd051,R3.3,False,Task 2848: [stitch] prd051-pwd R3.3: pwd remaining features batch 2,272223,3709,62538,209680,0.5885,7538,7538,0,8239,8255,16,60,1,16,0
9b134acbdad3218f90718e96042aa46b5f3367d0,2026-03-19T23:23:57-05:00,2850,stitch,cmd/echo,cmd,srd020,"R3.1, R3.2, R3.3",False,"Task 2850: [stitch] [stitch] prd020-echo R3.1, R3.2, R3.3: echo remaining features batch 1",743086,8093,70250,672825,0.9779,7538,7538,0,8255,8315,60,190,1,61,1
be565696ef493eeacf13df9e8d92d924362848a6,2026-03-19T23:25:56-05:00,2851,stitch,cmd/tac,cmd,srd021,"R1.1, R1.2, R1.3, R1.4",False,"Task 2851: [stitch] [stitch] prd021-tac R1.1, R1.2, R1.3, R1.4: tac core implementation",666080,5527,69413,596657,0.8704,7538,7671,133,8315,8409,94,107,2,227,0
3ea9104ab8eeb633f254ce665e5d9344250fcdd1,2026-03-19T23:28:57-05:00,2853,stitch,cmd/echo,cmd,srd020,"R4.1, R4.2, R4.3",False,"Task 2853: [stitch] prd020-echo R4.1, R4.2, R4.3: echo remaining features batch 2",429591,2578,65400,364184,0.6553,7671,7671,0,8409,8412,3,64,2,5,2
283744b52d5ade944b13a161e37b4c18b78e4f61,2026-03-19T23:38:48-05:00,2854,stitch,cmd/tac,cmd,srd021,"R2.1, R2.2, R2.3, R2.4",False,"Task 2854: [stitch] prd021-tac R2.1, R2.2, R2.3, R2.4: tac remaining features batch 2",773988,34126,94126,679852,1.7814,7671,7800,129,8412,8481,69,571,2,242,44
a7abeae7482235a45f1b9d1cc39ccc17adb360d1,2026-03-19T23:44:10-05:00,2856,stitch,cmd/tac,cmd,srd021,"R3.1, R3.2, R3.3, R3.4",False,"Task 2856: [stitch] [stitch] prd021-tac R3.1, R3.2, R3.3, R3.4: tac remaining features batch 3",769284,11182,75471,693802,1.0982,7800,7801,1,8481,8543,62,188,2,63,0
13590f1aaa5f13439cdaee3670fed5ae58f7d624,2026-03-19T23:49:27-05:00,2857,stitch,cmd/nl,cmd,srd022,"R1.1, R1.2, R1.3, R1.4",False,"Task 2857: [stitch] [stitch] prd022-nl R1.1, R1.2, R1.3, R1.4: nl core implementation",1408583,14530,81654,1326911,1.5371,7801,7947,146,8543,8683,140,304,2,286,0
fdd56f054f40180b009ccdb812bff41396b05fa1,2026-03-19T23:52:27-05:00,2859,stitch,cmd/tac,cmd,srd021,"R4.1, R4.2, R4.3",False,"Task 2859: [stitch] prd021-tac R4.1, R4.2, R4.3: tac remaining features batch 4",283327,3160,65914,217408,0.5997,7947,7948,1,8683,8687,4,64,2,5,0
8554ff3aa9b95b03552feb8919d056da8c45c881,2026-03-20T00:03:07-05:00,2860,stitch,cmd/nl,cmd,srd022,"R2.1, R2.2, R2.3, R2.4",False,"Task 2860: [stitch] prd022-nl R2.1, R2.2, R2.3, R2.4: nl remaining features batch 2",760102,38993,100530,659563,1.933,7948,8141,193,8687,8776,89,626,2,334,52
c9fda089f5d472320c908b9399a16a2ed088219c,2026-03-20T00:07:38-05:00,2862,stitch,cmd/nl,cmd,srd022,"R3.1, R3.2, R3.3, R3.4",False,"Task 2862: [stitch] prd022-nl R3.1, R3.2, R3.3, R3.4: nl remaining features batch 3",456680,10151,73144,383529,0.9027,8141,8218,77,8776,8924,148,153,2,245,20
ef6ff849360191028c43f796bee3db89b29a59fd,2026-03-20T00:14:27-05:00,2863,stitch,cmd/fold,cmd,srd023,"R1.1, R1.2, R1.3, R1.4",False,"Task 2863: [stitch] prd023-fold R1.1, R1.2, R1.3, R1.4: fold core implementation",845053,24899,86171,758871,1.5405,8218,8428,210,8924,9016,92,397,2,302,0
ea9f02ed8eb9be70757e690bfb7bffc90663b7d4,2026-03-20T00:22:27-05:00,2865,stitch,cmd/nl,cmd,srd022,"R4.1, R4.2, R4.3, R4.4",False,"Task 2865: [stitch] prd022-nl R4.1, R4.2, R4.3, R4.4: nl remaining features batch 4",1512162,19531,99059,1413087,1.814,8428,8468,40,9016,9114,98,367,2,161,23
f00c59182541c5a602beffb528fac5d694c6bd25,2026-03-20T00:26:25-05:00,2866,stitch,cmd/fold,cmd,srd023,"R2.1, R2.2, R2.3",False,"Task 2866: [stitch] prd023-fold R2.1, R2.2, R2.3: fold remaining features batch 2",1286976,11959,83221,1203739,1.4211,8468,8471,3,9114,9225,111,226,2,120,6
cbff27b84629a6f4c4de58a1156828b75e05a6cb,2026-03-20T00:32:28-05:00,2868,stitch,cmd/fold,cmd,srd023,"R3.1, R3.2, R3.3, R3.4",False,"Task 2868: [stitch] prd023-fold R3.1, R3.2, R3.3, R3.4: fold remaining features batch 3",1183206,11728,77688,1105502,1.3316,8471,8590,119,9225,9329,104,227,2,234,11
fe5ea15161504254fd9dd1ac44eac59f2386a49e,2026-03-20T00:34:43-05:00,2869,stitch,cmd/expand,cmd,srd024,"R1.1, R1.2, R1.3, R1.4",False,"Task 2869: [stitch] prd024-expand R1.1, R1.2, R1.3, R1.4: expand core implementation",427073,3777,65135,361931,0.7529,8590,8717,127,9329,9401,72,123,2,199,0
6963bcb1fbc7c489ab8a6f84b79cc5c719b833d1,2026-03-20T00:38:45-05:00,2871,stitch,cmd/fold,cmd,srd023,"R4.1, R4.2, R4.3, R4.4",False,"Task 2871: [stitch] prd023-fold R4.1, R4.2, R4.3, R4.4: fold remaining features batch 4",749716,4575,70143,679562,0.8926,8717,8725,8,9401,9453,52,100,2,64,4
63f83cdc0a3509b860d929cc6d173921b48f2c7a,2026-03-20T00:42:07-05:00,2872,stitch,cmd/expand,cmd,srd024,"R2.1, R2.2, R2.3, R2.4",False,"Task 2872: [stitch] prd024-expand R2.1, R2.2, R2.3, R2.4: expand features batch 2",875007,10726,70191,804803,1.1093,8725,8790,65,9453,9536,83,189,2,179,31
2b1764e7206d4d4f6242f761aadbeea18ba616d1,2026-03-20T00:47:33-05:00,2874,stitch,cmd/expand,cmd,srd024,"R3.1, R3.2, R3.3, R3.4",False,"Task 2874: [stitch] prd024-expand R3.1, R3.2, R3.3, R3.4: expand edge cases and tab stops batch 3",1413036,7402,70876,1342140,1.2992,8790,8814,24,9536,9568,32,154,2,62,6
b1454b38c1727b87f2137dfe6f6b6f21e200d285,2026-03-20T00:51:34-05:00,2875,stitch,cmd/unexpand,cmd,srd025,"R1.1, R1.2, R1.3, R1.4",False,"Task 2875: [stitch] prd025-unexpand R1.1, R1.2, R1.3, R1.4: unexpand core implementation",532531,13339,72313,460210,1.0156,8814,9002,188,9568,9666,98,224,2,286,0
c0f8645f60f846dd2041470c917a212a18b74536,2026-03-20T00:54:58-05:00,2877,stitch,cmd/expand,cmd,srd024,"R4.1, R4.2, R4.3",False,"Task 2877: [stitch] [stitch] prd024-expand R4.1, R4.2, R4.3: expand remaining features batch 4",351668,2742,64251,287411,0.6139,9002,9002,0,9666,9671,5,71,1,6,1
3a5e21c4240aca2a2a047715dc44f26a72262f2b,2026-03-20T00:57:45-05:00,2878,stitch,cmd/unexpand,cmd,srd025,"R2.1, R2.2, R2.3",False,"Task 2878: [stitch] [stitch] prd025-unexpand R2.1, R2.2, R2.3: unexpand features batch 2",439899,9568,68952,370940,0.8557,9002,9014,12,9671,9727,56,155,2,115,47
f5b4ca5d03e777051754625a050000a7762a773c,2026-03-20T01:02:11-05:00,2880,stitch,cmd/unexpand,cmd,srd025,"R3.1, R3.2, R3.3",False,"Task 2880: [stitch] prd025-unexpand R3.1, R3.2, R3.3: unexpand features batch 3",1003022,8579,74758,928250,1.1459,9014,9113,99,9727,9824,97,160,2,230,34
565f970564def245a5bd279179605882bab6c172,2026-03-20T01:03:52-05:00,2881,stitch,cmd/cut,cmd,srd026,"R1.1, R1.2, R1.3, R1.4",False,"Task 2881: [stitch] prd026-cut R1.1, R1.2, R1.3, R1.4: cut core implementation",421160,5105,64251,356902,0.7077,9113,9401,288,9824,9929,105,86,2,393,0
638485222c929a1475d7505114ce172186cd3e5a,2026-03-20T01:08:49-05:00,2883,stitch,cmd/unexpand,cmd,srd025,"R4.1, R4.2, R4.3, R4.4",False,"Task 2883: [stitch] prd025-unexpand R4.1, R4.2, R4.3, R4.4: unexpand features batch 4",2076137,7447,78128,1997982,1.6736,9401,9405,4,9929,9964,35,205,2,45,6
40b7cf35fc54a727fad7ce4aac7d7fd84b7839c4,2026-03-20T01:11:20-05:00,2884,stitch,cmd/cut,cmd,srd026,"R2.1, R2.2, R2.3, R2.4",False,"Task 2884: [stitch] prd026-cut R2.1, R2.2, R2.3, R2.4: cut features batch 2",682869,8918,71474,611385,0.9754,9405,9573,168,9964,10100,136,137,2,356,52
a5d369c64a042bc3327c68e592cb6919965d519a,2026-03-20T01:15:31-05:00,2886,stitch,cmd/cut,cmd,srd026,"R3.1, R3.2, R3.3",False,"Task 2886: [stitch] prd026-cut R3.1, R3.2, R3.3: cut features batch 3",569096,10263,80789,488299,1.0057,9573,9668,95,10100,10196,96,136,2,196,5
1014a74c6013ced38b798777e597b70d85678df5,2026-03-20T01:20:37-05:00,2887,stitch,cmd/paste,cmd,srd027,"R1.1, R1.2, R1.3, R1.4",False,"Task 2887: [stitch] prd027-paste R1.1, R1.2, R1.3, R1.4: paste core implementation",493753,18706,81837,411909,1.1851,9668,9842,174,10196,10302,106,293,2,280,0
5dc13ab5f5fca0dd628813476e9fc36f3d918215,2026-03-20T01:24:03-05:00,2889,stitch,cmd/cut,cmd,srd026,"R4.1, R4.2, R4.3, R4.4",False,"Task 2889: [stitch] prd026-cut R4.1, R4.2, R4.3, R4.4: cut features batch 4",1100824,4895,73761,1027048,1.097,9842,9846,4,10302,10371,69,101,2,74,1
35ccee1629a6941ae731ad76278dfb5a49e3bbd1,2026-03-20T01:25:42-05:00,2890,stitch,cmd/paste,cmd,srd027,"R2.1, R2.2, R2.3",False,"Task 2890: [stitch] prd027-paste R2.1, R2.2, R2.3: paste features batch 2",419533,5199,64212,355314,0.709,9846,9907,61,10371,10422,51,86,2,125,13
428a36c77ce599827822c8f7f2a7caa032a80bd3,2026-03-20T01:29:19-05:00,2892,stitch,cmd/paste,cmd,srd027,"R3.1, R3.2, R3.3",False,"Task 2892: [stitch] [stitch] prd027-paste R3.1, R3.2, R3.3: paste features batch 3",433172,6440,68251,364914,0.7701,9907,9992,85,10422,10473,51,104,2,144,8
9d1e137ad0d599ebe418fe04ce2b339972552708,2026-03-20T01:30:38-05:00,2893,stitch,cmd/uniq,cmd,srd028,"R1.1, R1.2, R1.3, R1.4",False,"Task 2893: [stitch] [stitch] prd028-uniq R1.1, R1.2, R1.3, R1.4: uniq core implementation",357258,3528,66069,291183,0.6468,9992,10149,157,10473,10557,84,67,2,241,0
a32a57bf232f3b82c9435156413f62865559bf04,2026-03-20T01:34:00-05:00,2895,stitch,cmd/paste,cmd,srd027,"R4.1, R4.2, R4.3, R4.4",False,"Task 2895: [stitch] [stitch] prd027-paste R4.1, R4.2, R4.3, R4.4: paste features batch 4",1133888,5183,70973,1062899,1.1047,10149,10153,4,10557,10596,39,117,2,45,2
a96ce64d2e4f5aa1ad2feb4251b34d79d551ed0b,2026-03-20T01:36:06-05:00,2896,stitch,cmd/uniq,cmd,srd028,"R2.1, R2.2, R2.3, R2.4",False,"Task 2896: [stitch] [stitch] prd028-uniq R2.1, R2.2, R2.3, R2.4: uniq features batch 2",426527,6673,65910,360610,0.7591,10153,10258,105,10596,10716,120,113,2,263,38
e19afaba7c6f5ba43e95ea0f9a8b9d246db77017,2026-03-20T01:42:29-05:00,2898,stitch,cmd/uniq,cmd,srd028,"R3.1, R3.2, R3.3, R3.4",False,"Task 2898: [stitch] prd028-uniq R3.1, R3.2, R3.3, R3.4: uniq features batch 3",474228,15682,77539,396682,1.075,10258,10374,116,10716,10872,156,222,2,280,8
1948f829c9ecbb26f639d30b2cc3911ca7e5d357,2026-03-20T01:44:11-05:00,2899,stitch,cmd/comm,cmd,srd029,"R1.1, R1.2, R1.3, R1.4",False,"Task 2899: [stitch] prd029-comm R1.1, R1.2, R1.3, R1.4: comm core implementation",610229,5349,72365,537855,0.855,10374,10563,189,10872,11041,169,91,2,358,0
e3d1fe77c6597a89048d20ba4e64d340e43f9339,2026-03-20T01:49:47-05:00,2901,stitch,cmd/uniq,cmd,srd028,"R4.1, R4.2, R4.3, R4.4",False,"Task 2901: [stitch] prd028-uniq R4.1, R4.2, R4.3, R4.4: uniq features batch 4",1247015,11939,79514,1167485,1.3793,10563,10564,1,11041,11078,37,235,2,45,7
2520ae9986032e596cba276437c9c6848457a30b,2026-03-20T01:51:52-05:00,2902,stitch,cmd/comm,cmd,srd029,"R2.1, R2.2, R2.3, R2.4",False,"Task 2902: [stitch] prd029-comm R2.1, R2.2, R2.3, R2.4: comm features batch 2",433172,6902,67525,365640,0.7774,10564,10650,86,11078,11175,97,114,2,202,19
b7ad2dcc4987f17317293c44d2788203330ce349,2026-03-20T02:03:03-05:00,2904,stitch,cmd/comm,cmd,srd029,"R3.1, R3.2, R3.3, R3.4",False,"Task 2904: [stitch] [stitch] prd029-comm R3.1, R3.2, R3.3, R3.4: comm features batch 3",2829026,30357,106238,2722757,2.7844,10650,10780,130,11175,11263,88,560,2,275,57
f5c818a0a3adafae0db0a909a32d45360dfa7f77,2026-03-20T02:05:24-05:00,2905,stitch,cmd/md5sum,cmd,srd030,"R1.1, R1.2, R1.3, R1.4",False,"Task 2905: [stitch] [stitch] prd030-md5sum R1.1, R1.2, R1.3, R1.4: md5sum core implementation",1201556,7074,67590,1133948,1.1664,10780,10895,115,11263,11385,122,128,2,237,0
c7a509e5d56133ccb350e6d6923f2b72e17d8ebd,2026-03-20T02:10:53-05:00,2907,stitch,cmd/comm,cmd,srd029,"R4.1, R4.2, R4.3, R4.4",False,"Task 2907: [stitch] prd029-comm R4.1, R4.2, R4.3, R4.4: comm features batch 4",1417692,11179,80960,1331865,1.4757,10895,10897,2,11385,11419,34,234,2,41,5
661e141f53cf4ebcca071f1fe0ef981fc2d26af9,2026-03-20T02:14:23-05:00,2908,stitch,cmd/md5sum,cmd,srd030,"R2.1, R2.2, R2.3, R2.4",False,"Task 2908: [stitch] prd030-md5sum R2.1, R2.2, R2.3, R2.4: md5sum features batch 2",833814,11874,73756,760046,1.1379,10897,11076,179,11419,11578,159,198,2,360,22
b958adbc35bca32b6750ac5575e38d5c7868c350,2026-03-20T02:15:42-05:00,2909,stitch,cmd/sha1sum,cmd,srd031,"R1.1, R1.2, R1.3, R1.4",False,"Task 2909: [stitch] prd031-sha1sum R1.1, R1.2, R1.3, R1.4: sha1sum core implementation",365850,3986,68069,297775,0.674,11076,11202,126,11578,11700,122,66,2,248,0
90436c4cbe8d9e9d7fcf3a57ec34db6833b1e595,2026-03-20T02:19:11-05:00,2911,stitch,cmd/md5sum,cmd,srd030,"R3.1, R3.2, R3.3",False,"Task 2911: [stitch] [stitch] prd030-md5sum R3.1, R3.2, R3.3: md5sum features batch 3",511481,3317,68084,443389,0.7302,11202,11204,2,11700,11770,70,73,2,73,1
3a291d86714369fa0f313a65d1b8f8da5ee0e36e,2026-03-20T02:21:39-05:00,2912,stitch,cmd/sha1sum,cmd,srd031,"R2.1, R2.2, R2.3, R3.1",False,"Task 2912: [stitch] [stitch] prd031-sha1sum R2.1, R2.2, R2.3, R3.1: sha1sum features batch 2",629845,8210,76046,553790,0.9575,11204,11373,169,11770,11977,207,135,2,377,1
86a3b4ae6250b304c40c4eb413cb257844e22549,2026-03-20T02:24:47-05:00,2914,stitch,cmd/md5sum,cmd,srd030,"R4.1, R4.2, R4.3",False,"Task 2914: [stitch] prd030-md5sum R4.1, R4.2, R4.3: md5sum features batch 4",517441,3323,68193,449240,0.7339,11373,11374,1,11977,12010,33,72,2,35,1
b365c18f77c5984ff106adc54b1397ff900e9107,2026-03-20T02:26:09-05:00,2915,stitch,cmd/sha1sum,cmd,srd031,"R3.2, R4.1, R4.2, R4.3",False,"Task 2915: [stitch] prd031-sha1sum R3.2, R4.1, R4.2, R4.3: sha1sum features batch 3+4",562440,3542,78155,484277,0.8192,11374,11376,2,12010,12057,47,70,2,51,2
91447bfe1e0a22f6df8a100ce1a72e95b90fccb1,2026-03-20T02:28:10-05:00,2916,stitch,cmd/sha256sum,cmd,srd032,"R1.1, R1.2, R1.3, R1.4",False,"Task 2916: [stitch] prd032-sha256sum R1.1, R1.2, R1.3, R1.4: sha256sum core implementation",749031,5648,80753,668268,0.9801,11376,11504,128,12057,12244,187,109,2,315,0
8cc308172f272120822438fe5ebb02f1b2005ecb,2026-03-20T02:32:44-05:00,2918,stitch,cmd/sha256sum,cmd,srd032,"R2.1, R2.2, R2.3, R3.1",False,"Task 2918: [stitch] [stitch] prd032-sha256sum R2.1, R2.2, R2.3, R3.1: sha256sum features batch 2",648401,9497,83246,565146,1.0403,11504,11676,172,12244,12423,179,149,2,356,5
0acdabbf8f64d37cd5d556eedf32e85408e723a2,2026-03-20T02:35:03-05:00,2919,stitch,cmd/sha512sum,cmd,srd033,"R1.1, R1.2, R1.3, R1.4",False,"Task 2919: [stitch] [stitch] prd033-sha512sum R1.1, R1.2, R1.3, R1.4: sha512sum core implementation",690787,7615,74339,616438,0.9633,11676,11976,300,12423,12616,193,126,2,493,0
cf10d0bfa6d743212a84baa29ba3c0e7940960bb,2026-03-20T02:39:26-05:00,2921,stitch,cmd/sha256sum,cmd,srd032,"R3.2, R4.1, R4.2, R4.3",False,"Task 2921: [stitch] prd032-sha256sum R3.2, R4.1, R4.2, R4.3: sha256sum features batch 3+4",1231032,7180,78988,1148289,1.2661,11976,11984,8,12616,12711,95,144,2,112,9
fbd5dbc77be3c5c49e8f63dee58b2e251d368565,2026-03-20T02:41:47-05:00,2922,stitch,cmd/sha512sum,cmd,srd033,"R2.1, R2.2, R2.3, R3.1",False,"Task 2922: [stitch] prd033-sha512sum R2.1, R2.2, R2.3, R3.1: sha512sum features batch 2",488654,7827,80820,407827,0.9047,11984,11984,0,12711,12952,241,129,1,243,2
6d7b7baa4dc6bf45a63132ef8487e0e07e3d8319,2026-03-20T02:41:47-05:00,2922,stitch,cmd/sha512sum,cmd,srd033,"R2.1, R2.2, R2.3, R3.1",False,"Task 2922: [stitch] prd033-sha512sum R2.1, R2.2, R2.3, R3.1: sha512sum features batch 2",326516,1481,59676,266834,0.5434,11984,11984,0,12952,12952,0,43,1,243,2
f9d66693c1a1126447a9bedf6fa9fc38436b9db9,2026-03-20T02:47:35-05:00,2925,stitch,cmd/sha512sum,cmd,srd033,"R3.2, R4.1, R4.2, R4.3",False,"Task 2925: [stitch] prd033-sha512sum R3.2, R4.1, R4.2, R4.3: sha512sum features batch 3+4",842679,3421,80696,761972,0.9709,11984,11992,8,12952,12977,25,76,2,41,8
1ebf2e10909a2ea671dd72224995ded630ef28f3,2026-03-20T02:52:19-05:00,2927,stitch,cmd/ts,cmd,srd004,"R1.1, R1.2, R1.3, R1.4",False,"Task 2927: [stitch] [stitch] prd004-ts R1.1, R1.2, R1.3, R1.4: ts features batch 1",806480,4096,76828,729641,0.9475,11992,12046,54,12977,13030,53,87,2,107,0
1d4339f7d213d16041e82fcd9506206d14b6f255,2026-03-20T02:58:13-05:00,2929,stitch,cmd/ts,cmd,srd004,"R1.5, R1.6, R2.1, R2.2",False,"Task 2929: [stitch] [stitch] prd004-ts R1.5, R1.6, R2.1, R2.2: ts features batch 2",549802,16292,76695,473099,1.1232,12046,12212,166,13030,13064,34,247,2,224,24
f3fcaf3f979053278292bfe8a2a54f1b524642e7,2026-03-20T03:04:31-05:00,2931,stitch,cmd/ts,cmd,srd004,"R2.3, R2.4, R3.1, R3.2",False,"Task 2931: [stitch] [stitch] prd004-ts R2.3, R2.4, R3.1, R3.2: ts features batch 3",1071434,16674,79914,991506,1.4121,12212,12283,71,13064,13127,63,258,2,150,16
6ae78066564a91e21284a120301f8437e7a0a33c,2026-03-20T03:10:49-05:00,2933,stitch,cmd/ts,cmd,srd004,"R3.3, R3.4, R4.1, R4.2",False,"Task 2933: [stitch] prd004-ts R3.3, R3.4, R4.1, R4.2: ts features batch 4",965574,12960,79808,885753,1.3053,12283,12315,32,13127,13190,63,249,2,112,17
0a27cdea35f8d49c59b2c718b62db0025f871b57,2026-03-20T03:14:43-05:00,2935,stitch,cmd/ts,cmd,srd004,"R4.3, R5.1, R5.2, R5.3",False,"Task 2935: [stitch] prd004-ts R4.3, R5.1, R5.2, R5.3: ts features batch 5",692471,5885,72764,619697,0.9118,12315,12320,5,13190,13232,42,117,2,50,3
88303b401d1936376fb50b182ea5151683ddb129,2026-03-20T09:23:25-05:00,2946,stitch,cmd/mkdir,cmd,srd034,"R1.1, R1.2, R1.3, R1.4",False,"Task 2946: [stitch] prd034-mkdir R1.1, R1.2, R1.3, R1.4: mkdir core implementation",354689,8329,67371,287312,0.773,12495,12638,143,13303,13232,-71,116,1,318,0
0e984ccfb476675ef5d1b9d7b58565ec1b4774ce,2026-03-20T09:31:55-05:00,2947,stitch,cmd/mkdir,cmd,srd034,"R1.1-R1.4, R2.1-R2.3",False,"Task 2947: [stitch] prd034-mkdir R1.1-R1.4, R2.1-R2.3: mkdir differential tests",692712,32721,107687,585017,1.7836,12813,12813,0,13303,13539,236,491,1,236,0
df3b7b39d87094c01bf2149e7bb6a3adf2bde096,2026-03-20T09:37:53-05:00,2950,stitch,cmd/mkdir,cmd,srd034,"R2.2, R2.3, R3.1, R3.2",False,"Task 2950: [stitch] prd034-mkdir R2.2, R2.3, R3.1, R3.2: mkdir extended implementation",277659,1730,63764,213890,0.5487,12938,12938,0,13539,13539,0,50,1,129,4
32ae26192283a96d8dddf3d7d474f0ed767cb949,2026-03-20T09:37:53-05:00,2950,stitch,cmd/mkdir,cmd,srd034,"R2.2, R2.3, R3.1, R3.2",False,"Task 2950: [stitch] prd034-mkdir R2.2, R2.3, R3.1, R3.2: mkdir extended implementation",359701,12940,69588,290107,0.9035,12813,12938,125,13539,13539,0,213,1,129,4
f24479bb4af60e7e630231141671ccb08a9e282a,2026-03-20T09:45:53-05:00,2955,stitch,cmd/mkdir,cmd,srd034,"R4.1, R4.2, R4.3",False,"Task 2955: [stitch] [stitch] prd034-mkdir R4.1, R4.2, R4.3: mkdir error handling and edge cases",532066,13863,76773,455285,1.0541,12938,12939,1,13539,13586,47,245,2,67,19
6abd717ec1bda93cc02fe8f8782decbd1221d345,2026-03-20T09:47:17-05:00,2957,stitch,cmd/rmdir,cmd,srd035,"R1.1, R1.2, R1.3, R1.4",False,"Task 2957: [stitch] [stitch] prd035-rmdir R1.1, R1.2, R1.3, R1.4: rmdir core implementation",267066,2546,61256,205805,0.5494,12939,13078,139,13586,13586,0,56,1,139,0
7f57186697956cc5caaeef3b4e2ecdc6dfbd4cde,2026-03-20T09:55:07-05:00,2959,stitch,cmd/rmdir,cmd,srd035,"R2.1, R2.2, R2.3, R3.1",False,"Task 2959: [stitch] prd035-rmdir R2.1, R2.2, R2.3, R3.1: rmdir extended flags and parents mode",575473,24442,87303,488162,1.4008,13078,13153,75,13586,13807,221,373,2,322,26
3b9d95829a45cfb2f805f74d7c9a3900d2e68452,2026-03-20T10:02:52-05:00,2961,stitch,cmd/rmdir,cmd,srd035,"R3.2, R3.3, R3.4, R4.1",False,"Task 2961: [stitch] prd035-rmdir R3.2, R3.3, R3.4, R4.1: rmdir verbose mode and version/help",1315422,16197,82558,1232847,1.5374,13153,13174,21,13807,13850,43,336,2,75,11
a1de6b3ff5530bceca30f9a776d0894305b70abe,2026-03-20T10:07:57-05:00,2962,stitch,cmd/mktemp,cmd,srd036,"R1.1, R1.2, R1.3, R1.4",False,"Task 2962: [stitch] prd036-mktemp R1.1, R1.2, R1.3, R1.4: mktemp core implementation",732877,14962,78733,654134,1.1932,13174,13306,132,13850,14113,263,290,2,395,0
40d2640502aefeb5616cf60475a699b6a296fbc2,2026-03-20T10:16:09-05:00,2964,stitch,cmd/rmdir,cmd,srd035,"R4.2, R4.3",False,"Task 2964: [stitch] [stitch] prd035-rmdir R4.2, R4.3: rmdir error handling and edge cases",1851336,12306,87688,1763625,1.7376,13306,13298,-8,14113,14169,56,335,2,65,17
5298ca6dd38cf60bca320bdc3595582c3aa0a9b0,2026-03-20T10:21:23-05:00,2965,stitch,cmd/mktemp,cmd,srd036,"R1.5, R2.1, R2.2, R2.3",False,"Task 2965: [stitch] [stitch] prd036-mktemp R1.5, R2.1, R2.2, R2.3: mktemp template validation and directory mode",464728,13206,76570,388151,1.0028,13298,13372,74,14169,14290,121,298,2,250,55
ab6c5474bf1b6542b92ba2a62ee7895b8267023d,2026-03-20T10:29:11-05:00,2967,stitch,cmd/mktemp,cmd,srd036,"R3.1, R3.2, R3.3, R3.4",False,"Task 2967: [stitch] prd036-mktemp R3.1, R3.2, R3.3, R3.4: mktemp suffix mode and quiet flag",509177,21002,88251,420919,1.2871,13372,13414,42,14290,14411,121,307,2,209,46
6daed9c9542d61d5f222b0ed98f9f45e4a0e756e,2026-03-20T10:36:39-05:00,2969,stitch,cmd/mktemp,cmd,srd036,"R3.5, R3.6, R4.1, R4.2",False,"Task 2969: [stitch] prd036-mktemp R3.5, R3.6, R4.1, R4.2: mktemp tmpdir mode and differential tests",612962,20902,87972,524982,1.3349,13414,13471,57,14411,14571,160,324,2,236,19
519581a10673339fb19dad7577a20c85348119e3,2026-03-20T10:39:13-05:00,2970,stitch,cmd/unlink,cmd,srd038,"R1.1, R1.2, R1.3, R2.1",False,"Task 2970: [stitch] prd038-unlink R1.1, R1.2, R1.3, R2.1: unlink core implementation",744578,7396,71779,672788,0.97,13471,13547,76,14571,14798,227,138,2,303,0
cd6813b2ff830c48a5f3f74fd051184eec9f6f1a,2026-03-20T10:41:56-05:00,2972,stitch,cmd/ln,cmd,srd037,"R1.1, R1.2, R1.3, R1.4",False,"Task 2972: [stitch] [stitch] prd037-ln R1.1, R1.2, R1.3, R1.4: ln hard link creation (contract + core)",476903,3875,61582,415313,0.6895,13547,13706,159,14798,14798,0,73,1,159,0
7e2f1c9d581bdde7d13a26df04ac62da817ec3df,2026-03-20T10:50:16-05:00,2974,stitch,cmd/mktemp,cmd,srd036,"R4.3, R4.4",False,"Task 2974: [stitch] prd036-mktemp R4.3, R4.4: mktemp error diagnostics and final edge cases",554445,27373,97333,457105,1.5212,13706,13735,29,14798,14988,190,387,2,228,9
b0d73b1e15e3e54be9008ac4aea0e09589221b14,2026-03-20T10:55:47-05:00,2975,stitch,cmd/ln,cmd,srd037,"R2.1, R2.2, R2.3, R2.4",False,"Task 2975: [stitch] prd037-ln R2.1, R2.2, R2.3, R2.4: ln symbolic link creation",1184910,15043,82669,1102225,1.4439,13735,13836,101,14988,15395,407,314,2,548,40
341a2a0dc2d6f0d1fbc6dd20c110584141cfcbc6,2026-03-20T10:55:47-05:00,2975,stitch,cmd/ln,cmd,srd037,"R2.1, R2.2, R2.3, R2.4",False,"Task 2975: [stitch] prd037-ln R2.1, R2.2, R2.3, R2.4: ln symbolic link creation",204088,2842,63156,140928,0.5363,13836,13836,0,15395,15395,0,110,2,548,40
eeed65966904b06cffe70d5b13cac6a6fb4ef562,2026-03-20T11:08:54-05:00,2978,stitch,cmd/ln,cmd,srd037,"R3.1, R3.2, R3.3, R3.4",False,"Task 2978: [stitch] [stitch] prd037-ln R3.1, R3.2, R3.3, R3.4: ln force, backup, and interactive modes",1378416,30170,98442,1279959,2.0096,13836,13923,87,15395,15530,135,511,2,263,41
d1b6a75cca52d10ffff20b6fd482c410764924d7,2026-03-20T16:38:26-05:00,2980,stitch,cmd/ln,cmd,srd037,"R3.5, R3.6, R4.1, R4.2",False,"Task 2980: [stitch] prd037-ln R3.5, R3.6, R4.1, R4.2: ln verbose mode, directory targeting, and error diagnostics",987061,30089,103911,883139,1.8433,13923,13964,41,15530,15619,89,496,2,167,37
8101c2bc22779297e40d9708c52ddde6486b777f,2026-03-20T16:51:09-05:00,2981,stitch,cmd/env,cmd,srd039,"R1.1, R1.2, R1.3, R2.1",False,"Task 2981: [stitch] prd039-env R1.1, R1.2, R1.3, R2.1: env basic environment display and variable assignment",1082573,40535,104801,977760,2.1573,13964,14119,155,15619,15726,107,750,2,262,0
351b6c1bdaaa1bd1b61ecaea06f51192522f19c1,2026-03-20T16:56:18-05:00,2983,stitch,cmd/ln,cmd,srd037,"R4.3, R3.2, R3.3",False,"Task 2983: [stitch] [stitch] prd037-ln R4.3, prd038-unlink R3.2, R3.3: ln and unlink remaining error handling",985936,8147,87508,898416,1.1999,14119,14119,0,15726,15766,40,166,2,44,4
2cd53a4db59517ba2675aa406cbef0d4b8c1ef90,2026-03-20T16:59:53-05:00,2984,stitch,cmd/env,cmd,srd039,"R2.2, R2.3, R3.1, R3.2",False,"Task 2984: [stitch] [stitch] prd039-env R2.2, R2.3, R3.1, R3.2: env unset variables and option modes",450304,11195,72150,378147,0.9199,14119,14170,51,15766,15801,35,202,2,115,29
4513036a96d34b8a246b8ff9d701ba267677b2fb,2026-03-20T17:07:28-05:00,2986,stitch,cmd/env,cmd,srd039,"R3.3, R4.1, R4.2, R4.3",False,"Task 2986: [stitch] prd039-env R3.3, R4.1, R4.2, R4.3: env command execution and remaining options",575702,19123,81249,494445,1.2331,14170,14226,56,15801,15820,19,338,2,95,20
90d471a5a25f3abb41d21dfe8a0fbd5938cb615e,2026-03-20T17:08:59-05:00,2987,stitch,cmd/printenv,cmd,srd040,"R1.1, R1.2, R1.3, R2.1",False,"Task 2987: [stitch] prd040-printenv R1.1, R1.2, R1.3, R2.1: printenv basic variable display and exit codes",347184,3303,63090,284088,0.619,14226,14364,138,15820,15888,68,77,2,206,0
c44441d62ff94a62f025fc55135669aead6bfd88,2026-03-20T17:13:11-05:00,2989,stitch,cmd/printenv,cmd,srd040,"R2.2, R2.3, R2.4, R3.1",False,"Task 2989: [stitch] prd040-printenv R2.2, R2.3, R2.4, R3.1: printenv null termination and version/help",416786,4537,63817,352962,0.6888,14364,14365,1,15888,15930,42,114,2,48,5
8df397465f8ccb49573393921fc26b3ecbd0012d,2026-03-20T17:19:59-05:00,2990,stitch,cmd/id,cmd,srd041,"R1.1, R1.2, R1.3, R2.1",False,"Task 2990: [stitch] prd041-id R1.1, R1.2, R1.3, R2.1: id basic user identity display",968017,18635,80992,887012,1.4156,14365,14591,226,15930,16021,91,391,2,317,0
d798f5b3eae5b93faeb20bfe677d750c261e6d3e,2026-03-20T17:25:09-05:00,2992,stitch,cmd/id,cmd,srd041,"R2.2, R2.3, R2.4, R3.1",False,"Task 2992: [stitch] [stitch] prd041-id R2.2, R2.3, R2.4, R3.1: id format output options and group display",873938,9229,68496,805429,1.0616,14591,14781,190,16021,16121,100,178,2,304,14
8497cbd0565da37ae9025dde22369fceb615486a,2026-03-20T17:29:00-05:00,2994,stitch,cmd/printenv,cmd,srd040,"R3.2, R3.3",False,"Task 2994: [stitch] prd040-printenv R3.2, R3.3: printenv error handling and edge cases",483469,3396,62505,420956,0.6861,14781,14781,0,16121,16144,23,85,2,25,2
662e93c41a42884602c0d4e27b31d204852765a9,2026-03-20T17:32:17-05:00,2995,stitch,cmd/id,cmd,srd041,"R3.2, R3.3, R4.1, R4.2",False,"Task 2995: [stitch] prd041-id R3.2, R3.3, R4.1, R4.2: id error handling and additional features",626931,10153,75342,551580,1.0005,14781,14803,22,16144,16208,64,184,2,110,24
a6a404e5317ec76e08dd56c00dcc9f343f864c07,2026-03-20T17:36:15-05:00,2997,stitch,cmd/whoami,cmd,srd042,"R1.1, R1.2, R2.1, R2.2",False,"Task 2997: [stitch] [stitch] prd042-whoami R1.1, R1.2, R2.1, R2.2: whoami basic implementation and output",974833,4369,71408,903411,1.0073,14803,14881,78,16208,16265,57,116,2,135,0
d2b38383badadc4a9c9c94341dd6b2d772654888,2026-03-20T17:38:33-05:00,2998,stitch,cmd/groups,cmd,srd043,"R1.1, R1.2, R1.3, R2.1",False,"Task 2998: [stitch] [stitch] prd043-groups R1.1, R1.2, R1.3, R2.1: groups basic implementation and current user display",815625,4594,70129,745484,0.926,14881,15010,129,16265,16340,75,121,2,204,0
303a7512977a572c42a902a336e47a9ef6602ec5,2026-03-20T17:42:10-05:00,3000,stitch,cmd/groups,cmd,srd043,"R2.2, R2.3, R3.1, R3.2",False,"Task 3000: [stitch] prd043-groups R2.2, R2.3, R3.1, R3.2: groups additional features and error handling",411230,3223,61807,349416,0.6416,15010,15011,1,16340,16342,2,89,2,5,2
a951e9c18e972c4f13ad963e2d191d33a9bd4b07,2026-03-20T17:46:47-05:00,3001,stitch,cmd/id,cmd,srd041,"R4.3, R3.1, R3.2, R3.3",False,"Task 3001: [stitch] prd041-id R4.3, prd042-whoami R3.1, R3.2, R3.3: id final edge case and whoami error handling",1353669,12088,85129,1268523,1.5159,15011,15016,5,16342,16389,47,263,4,56,4
5fab87b15a6f8850851899f08d9cba2563c38097,2026-03-20T18:02:06-05:00,3003,stitch,cmd/groups,cmd,srd043,R3.3,False,Task 3003: [stitch] prd043-groups R3.3: groups final edge case handling,321869,2444,57485,264378,0.5526,15016,15016,0,16389,16407,18,83,1,18,0
853cb6892d61ef0e7350c64500901a8e270de7bb,2026-03-20T18:04:06-05:00,3004,stitch,cmd/sort,cmd,srd053,"R1.1, R1.2, R1.3, R1.4",False,"Task 3004: [stitch] prd053-sort R1.1, R1.2, R1.3, R1.4: sort basic implementation and input handling",633268,5574,75324,557935,0.8891,15016,15246,230,16407,16553,146,107,2,376,0
f14d8796e2753bb10bfff87907e8fc1f912ef802,2026-03-20T20:12:57-05:00,3006,stitch,cmd/sort,cmd,srd053,"R1.5, R1.6, R1.7",False,"Task 3006: [stitch] [stitch] prd053-sort R1.5, R1.6, R1.7: sort ordering flags and output options",518283,26686,84376,433900,1.4563,15246,15347,101,16553,16690,137,489,2,286,48
786a515e0b8cac44f445c0788a169ac3d6d9d622,2026-03-20T20:41:57-05:00,3008,stitch,cmd/sort,cmd,srd053,"R2.1, R2.2, R2.3, R2.4",False,"Task 3008: [stitch] prd053-sort R2.1, R2.2, R2.3, R2.4: sort key field extraction and field-based sorting",1209095,47113,49002,1160081,2.0642,15347,15691,344,16690,16804,114,699,2,510,52
acb981a3fba43eee97347eb0e2117342873e84ab,2026-03-20T20:55:20-05:00,3010,stitch,cmd/sort,cmd,srd053,"R3.1, R3.2, R3.3, R3.4",False,"Task 3010: [stitch] prd053-sort R3.1, R3.2, R3.3, R3.4: sort comparison modes and stability",2007851,43876,120597,1887235,2.7943,15691,15999,308,16804,16924,120,697,3,468,40
c83a91b6418b78d0bbfeb0191a2cec98fbd52a87,2026-03-20T21:09:34-05:00,3011,stitch,cmd/tr,cmd,srd054,"R1.1, R1.2, R1.3, R1.4",False,"Task 3011: [stitch] prd054-tr R1.1, R1.2, R1.3, R1.4: tr basic implementation and input handling",852759,51556,157839,694911,2.6229,15999,16473,474,16924,17032,108,840,2,582,0
2d149748b7a9532e5a402d51697698d0d654804e,2026-03-20T21:14:14-05:00,3013,stitch,cmd/sort,cmd,srd053,"R4.1, R4.2, R4.3, R4.4",False,"Task 3013: [stitch] [stitch] prd053-sort R4.1, R4.2, R4.3, R4.4: sort merge mode and advanced features",2119150,10139,92936,2026190,1.8475,16473,16548,75,17032,17193,161,187,2,242,6
5a7701b3313f05706f01151211344833eb0750a5,2026-03-20T21:26:20-05:00,3014,stitch,cmd/tr,cmd,srd054,"R2.1, R2.2, R2.3, R2.4",False,"Task 3014: [stitch] [stitch] prd054-tr R2.1, R2.2, R2.3, R2.4: tr character classes and set operations",829395,44421,108480,720906,2.149,16548,16674,126,17193,17277,84,711,2,343,133
8ec6cbbe81b4cb952d089244d4939f9455ae8e22,2026-03-20T21:30:23-05:00,3016,stitch,cmd/tr,cmd,srd054,"R3.1, R3.2, R3.3",False,"Task 3016: [stitch] prd054-tr R3.1, R3.2, R3.3: tr squeeze repeats and delete-complement",544182,6058,74265,469909,0.8506,16674,16675,1,17277,17349,72,118,2,74,1
6f8d1005aae1221b69f626754486605ef2b26b8f,2026-03-20T21:32:30-05:00,3017,stitch,cmd/tail,cmd,srd055,"R1.1, R1.2, R1.3, R1.4",False,"Task 3017: [stitch] prd055-tail R1.1, R1.2, R1.3, R1.4: tail basic implementation and input handling",476444,6431,75634,400803,0.8339,16675,17036,361,17349,17449,100,113,2,461,0
684fc37cc2cdc0dbaba35350dc5e8eeb41106151,2026-03-20T21:35:22-05:00,3019,stitch,cmd/tr,cmd,srd054,"R4.1, R4.2, R4.3",False,"Task 3019: [stitch] [stitch] prd054-tr R4.1, R4.2, R4.3: tr octal escapes and equivalence classes",782701,4628,72920,709770,0.9264,17036,17061,25,17449,17527,78,90,2,104,1
d87110c12eac8b65cbeb7366fc964f822434afa5,2026-03-20T21:37:40-05:00,3020,stitch,cmd/tail,cmd,srd055,"R2.1, R2.2, R2.3",False,"Task 3020: [stitch] [stitch] prd055-tail R2.1, R2.2, R2.3: tail byte-count mode",449610,8559,70932,378671,0.8467,17061,17202,141,17527,17624,97,125,2,268,30
35205976926687138f237a2044064426c73d0528,2026-03-20T21:41:06-05:00,3022,stitch,cmd/tail,cmd,srd055,"R3.1, R3.2, R3.3, R3.4",False,"Task 3022: [stitch] prd055-tail R3.1, R3.2, R3.3, R3.4: tail line-offset and follow modes",626108,4362,73596,549722,0.8578,17202,17203,1,17624,17716,92,91,2,95,2
0f7f189b17e5e15fb498ccf7209f1345be0817ed,2026-03-20T21:50:52-05:00,3023,stitch,cmd/cp,cmd,srd056,"R1.1, R1.2, R1.3, R1.4",False,"Task 3023: [stitch] prd056-cp R1.1, R1.2, R1.3, R1.4: cp basic file copy and argument handling",1552196,32602,109365,1442815,2.2201,17203,17512,309,17716,18155,439,572,2,748,0
7f8c9e3265792130aa5f9d8e6cb850586272a0a8,2026-03-20T21:55:16-05:00,3025,stitch,cmd/tail,cmd,srd055,"R4.1, R4.2, R4.3, R4.4",False,"Task 3025: [stitch] prd055-tail R4.1, R4.2, R4.3, R4.4: tail advanced features and edge cases",1162438,9019,81560,1080863,1.2757,17512,17513,1,18155,18237,82,151,2,85,2
81170f75cedf36700872f5c3d7e57586c1c48bcb,2026-03-20T21:58:54-05:00,3026,stitch,cmd/cp,cmd,srd056,"R2.1, R2.2, R2.3, R2.4",False,"Task 3026: [stitch] prd056-cp R2.1, R2.2, R2.3, R2.4: cp recursive copy and directory handling",769953,15351,83169,686774,1.247,17513,17655,142,18237,18443,206,206,2,356,8
dc1cefa494b1bdda8bb943f36f16374678e3025e,2026-03-20T22:15:01-05:00,3028,stitch,cmd/cp,cmd,srd056,"R3.1, R3.2, R3.3, R3.4",False,"Task 3028: [stitch] [stitch] prd056-cp R3.1, R3.2, R3.3, R3.4: cp preservation and metadata handling",1438764,55188,129263,1309488,2.8424,17655,17875,220,18443,18664,221,841,3,494,53
d1e598d3bbc94d887f0124007ed5e52b1b564145,2026-03-20T22:19:03-05:00,3029,stitch,cmd/mv,cmd,srd057,"R1.1, R1.2, R1.3, R1.4",False,"Task 3029: [stitch] [stitch] prd057-mv R1.1, R1.2, R1.3, R1.4: mv basic file move and argument handling",718512,12469,80323,638179,1.1329,17875,18081,206,18664,18902,238,226,2,444,0
75ce32b532fafd67d97c7b042350fd46e1f753c5,2026-03-20T22:31:11-05:00,3031,stitch,cmd/cp,cmd,srd056,"R4.1, R4.2, R4.3, R4.4",False,"Task 3031: [stitch] prd056-cp R4.1, R4.2, R4.3, R4.4: cp error handling and edge cases",1628019,34834,114928,1513075,2.3458,18081,18196,115,18902,19030,128,595,2,258,15
fc425ee6dfbc75ffca603d0702d4a7faf7840ae5,2026-03-20T22:39:56-05:00,3032,stitch,cmd/mv,cmd,srd057,"R2.1, R2.2, R2.3, R2.4",False,"Task 3032: [stitch] prd057-mv R2.1, R2.2, R2.3, R2.4: mv cross-device move and overwrite handling",1227296,30317,95270,1132012,1.9194,18196,18259,63,19030,19204,174,511,2,274,37
cbc5ffab1aa5491826567cb6bb392f5ce669f319,2026-03-20T22:53:21-05:00,3034,stitch,cmd/mv,cmd,srd057,"R3.1, R3.2, R3.3",False,"Task 3034: [stitch] prd057-mv R3.1, R3.2, R3.3: mv verbose mode and backup handling",581225,43666,105681,475537,1.99,18259,18359,100,19204,19379,175,657,2,326,51
49595b14e6448c3a9f7406128c433d8d8e6b0cfa,2026-03-20T22:56:00-05:00,3035,stitch,cmd/rm,cmd,srd058,"R1.1, R1.2, R1.3, R1.4",False,"Task 3035: [stitch] prd058-rm R1.1, R1.2, R1.3, R1.4: rm basic file removal and argument handling",556265,10097,78748,477509,0.9834,18359,18556,197,19379,19742,363,145,2,560,0
17638033a87e8b1d7da1a85409c96d2b419bbc65,2026-03-20T23:01:19-05:00,3037,stitch,cmd/mv,cmd,srd057,"R4.1, R4.2, R4.3, R4.4",False,"Task 3037: [stitch] prd057-mv R4.1, R4.2, R4.3, R4.4: mv error handling and edge cases",837420,9961,83292,754117,1.1969,18556,18559,3,19742,19839,97,219,2,100,0
956435585099fd8d20b07a879eebe32128eb2ed8,2026-03-20T23:04:25-05:00,3038,stitch,cmd/rm,cmd,srd058,"R2.1, R2.2, R2.3, R2.4",False,"Task 3038: [stitch] prd058-rm R2.1, R2.2, R2.3, R2.4: rm recursive removal and directory handling",800432,11434,76223,724198,1.1244,18559,18626,67,19839,19996,157,171,2,233,9
2984bd10b2c90d9d1f2e1ee338ea1e8cbb15479d,2026-03-20T23:16:30-05:00,3040,stitch,cmd/rm,cmd,srd058,"R3.1, R3.2, R3.3, R3.4",False,"Task 3040: [stitch] [stitch] prd058-rm R3.1, R3.2, R3.3, R3.4: rm interactive prompting and verbose output",1155636,38867,109777,1045847,2.1808,18626,18813,187,19996,20292,296,599,2,509,26
6db2fe035628d1aecf039c84c5b2d093b91e83e8,2026-03-20T23:27:06-05:00,3041,stitch,cmd/date,cmd,srd060,"R1.1, R1.2, R1.3, R1.4",False,"Task 3041: [stitch] [stitch] prd060-date R1.1, R1.2, R1.3, R1.4: date basic output and format string",668707,37561,102318,566381,1.8617,18813,19188,375,20292,20453,161,622,2,536,0
fe48e7652e635d4aea7f95d71bec4b916a2fbf4b,2026-03-20T23:32:42-05:00,3043,stitch,cmd/rm,cmd,srd058,"R4.1, R4.2, R4.3, R4.4",False,"Task 3043: [stitch] prd058-rm R4.1, R4.2, R4.3, R4.4: rm error handling and edge cases",1446392,11533,87559,1358816,1.5151,19188,19192,4,20453,20656,203,232,2,207,0
34a32297c7c501176b1a74ff6a0700e564306aac,2026-03-20T23:39:36-05:00,3044,stitch,cmd/date,cmd,srd060,"R2.1, R2.2, R2.3, R2.4",False,"Task 3044: [stitch] prd060-date R2.1, R2.2, R2.3, R2.4: date input parsing and --date flag",1197268,26080,91927,1105327,1.7793,19192,19304,112,20656,20803,147,398,2,272,13
8316f63745922955bed02ee89b9e8d2d31e4055f,2026-03-20T23:45:14-05:00,3046,stitch,cmd/date,cmd,srd060,"R3.1, R3.2, R3.3, R3.4",False,"Task 3046: [stitch] [stitch] prd060-date R3.1, R3.2, R3.3, R3.4: date timezone and reference time",952130,13867,83695,868423,1.304,19304,19397,93,20803,20950,147,210,2,272,32
aca4f3b70423ae4641f24ecf96b2cfcd5b9fa665,2026-03-20T23:46:45-05:00,3047,stitch,cmd/sleep,cmd,srd061,"R1.1, R1.2, R1.3, R1.4",False,"Task 3047: [stitch] [stitch] prd061-sleep R1.1, R1.2, R1.3, R1.4: sleep basic duration and single-argument parsing",691167,4090,63626,627530,0.8137,19397,19526,129,20950,21037,87,79,2,216,0
af4fc8336acc915f568a42abed53d899598029f0,2026-03-20T23:49:55-05:00,3049,stitch,cmd/date,cmd,srd060,"R4.1, R4.2, R4.3, R4.4",False,"Task 3049: [stitch] prd060-date R4.1, R4.2, R4.3, R4.4: date error handling and edge cases",729375,4928,76298,653067,0.9266,19526,19528,2,21037,21157,120,102,2,123,1
fb1ca26cea57ee05e4a99efeb503d8b5330756fd,2026-03-20T23:52:02-05:00,3050,stitch,cmd/sleep,cmd,srd061,"R2.1, R2.2, R2.3, R2.4",False,"Task 3050: [stitch] prd061-sleep R2.1, R2.2, R2.3, R2.4: sleep multiple arguments and suffix parsing",421733,5900,65325,356401,0.734,19528,19530,2,21157,21234,77,113,2,88,9
2bff639140751fb0560229a01d31e90a8867dae4,2026-03-20T23:56:24-05:00,3052,stitch,cmd/sleep,cmd,srd061,"R3.1, R3.2, R3.3, R3.4",False,"Task 3052: [stitch] prd061-sleep R3.1, R3.2, R3.3, R3.4: sleep error handling and invalid input",804606,6933,68959,735635,0.9722,19530,19541,11,21234,21300,66,134,2,85,8
f5c69e2f2cdc50ffce93635d811a70b158408284,2026-03-20T23:58:34-05:00,3053,stitch,cmd/touch,cmd,srd062,"R1.1, R1.2, R1.3, R1.4",False,"Task 3053: [stitch] prd062-touch R1.1, R1.2, R1.3, R1.4: touch basic file creation and timestamp update",948689,7044,76741,871935,1.0918,19541,19698,157,21300,21478,178,115,2,335,0
cc45eb114e7982915ff45e0a61d3d02f5a5f6163,2026-03-21T00:01:54-05:00,3055,stitch,cmd/sleep,cmd,srd061,"R4.1, R4.2, R4.3, R4.4",False,"Task 3055: [stitch] [stitch] prd061-sleep R4.1, R4.2, R4.3, R4.4: sleep signal handling and edge cases",578838,4461,67411,511418,0.7886,19698,19700,2,21478,21498,20,94,2,31,9
4b3174584e5659d80cf483f013a78ae580b4b039,2026-03-21T00:10:18-05:00,3056,stitch,cmd/touch,cmd,srd062,"R2.1, R2.2, R2.3, R2.4",False,"Task 3056: [stitch] [stitch] prd062-touch R2.1, R2.2, R2.3, R2.4: touch timestamp options and reference file",532294,31041,93183,439104,1.578,19700,19880,180,21498,21635,137,484,2,381,64
060dcf461a1ad53df01e8b9b601c836597007ea7,2026-03-21T00:26:59-05:00,3058,stitch,cmd/touch,cmd,srd062,"R3.1, R3.2, R3.3, R3.4",False,"Task 3058: [stitch] prd062-touch R3.1, R3.2, R3.3, R3.4: touch --no-create flag and error handling",2646107,61196,133478,2512607,3.6206,19880,20072,192,21635,21859,224,861,3,483,67
12b94bbe0db4454f67bc8e4dc07d452aebe018b1,2026-03-21T00:31:49-05:00,3059,stitch,cmd/timeout,cmd,srd063,"R1.1, R1.2, R1.3, R1.4",False,"Task 3059: [stitch] prd063-timeout R1.1, R1.2, R1.3, R1.4: timeout basic command execution and duration parsing",468105,17280,76273,391825,1.1047,20072,20282,210,21859,21944,85,276,2,295,0
c2c76b05ed7c740d6aca5ab3a64093c6fee831b9,2026-03-21T00:35:28-05:00,3061,stitch,cmd/touch,cmd,srd062,"R4.1, R4.2, R4.3, R4.4",False,"Task 3061: [stitch] prd062-touch R4.1, R4.2, R4.3, R4.4: touch date string parsing and edge cases",661427,5439,80157,581261,0.9276,20282,20284,2,21944,22057,113,104,2,116,1
644bd63d23200fa85f25521ff3a0fcab46919938,2026-03-21T01:04:22-05:00,3062,stitch,cmd/timeout,cmd,srd063,"R2.1, R2.2, R2.3, R2.4",False,"Task 3062: [stitch] prd063-timeout R2.1, R2.2, R2.3, R2.4: timeout signal handling and forwarding",1056535,53062,53902,1002622,2.1648,20284,20554,270,22057,22122,65,801,2,377,42
588e3e0e5fd4f407e06a01bce03e9dd7eb77d600,2026-03-21T01:16:01-05:00,3064,stitch,cmd/timeout,cmd,srd063,"R3.1, R3.2, R3.3, R3.4",False,"Task 3064: [stitch] [stitch] prd063-timeout R3.1, R3.2, R3.3, R3.4: timeout --kill-after and exit status handling",2202490,32656,113616,2088851,2.571,20554,20580,26,22122,22186,64,576,2,105,15
52e8cd66e715e7d6ac813657c8f616f817c4da58,2026-03-21T01:18:05-05:00,3065,stitch,cmd/shuf,cmd,srd064,"R1.1, R1.2, R1.3, R1.4",False,"Task 3065: [stitch] [stitch] prd064-shuf R1.1, R1.2, R1.3, R1.4: shuf basic line shuffling and stdin/file input",671010,6330,70244,600756,0.8977,20580,20758,178,22186,22447,261,110,2,439,0
62811cb5308b7e368ecf5e50e508f51613331036,2026-03-21T01:22:00-05:00,3067,stitch,cmd/timeout,cmd,srd063,"R4.1, R4.2, R4.3, R4.4",False,"Task 3067: [stitch] prd063-timeout R4.1, R4.2, R4.3, R4.4: timeout verbose mode and edge cases",466386,7081,74035,392344,0.836,20758,20759,1,22447,22504,57,124,2,60,2
1eaefb818b66b44d8ebdfc923d20c63a6a015d96,2026-03-21T01:25:44-05:00,3068,stitch,cmd/shuf,cmd,srd064,"R2.1, R2.2, R2.3, R2.4",False,"Task 3068: [stitch] prd064-shuf R2.1, R2.2, R2.3, R2.4: shuf range mode and count limiting",1239111,14128,79837,1159258,1.4319,20759,20969,210,22504,22878,374,210,2,619,35
8bc5c9665a9473b7c8f3ce388e739deeebbff87a,2026-03-21T01:27:01-05:00,3069,stitch,cmd/factor,cmd,srd065,"R1.1, R1.2, R1.3, R1.4",False,"Task 3069: [stitch] prd065-factor R1.1, R1.2, R1.3, R1.4: factor basic integer factorization and stdin/argument input",357337,3596,65947,291384,0.6478,20969,21114,145,22878,22965,87,63,2,232,0
f9c288fedcc99990414a2190a4982014bce9f2aa,2026-03-21T01:32:24-05:00,3071,stitch,cmd/shuf,cmd,srd064,"R3.1, R3.2, R3.3, R3.4",False,"Task 3071: [stitch] prd064-shuf R3.1, R3.2, R3.3, R3.4: shuf echo mode and repeat mode",507117,14955,84799,422311,1.1151,21114,21129,15,22965,23146,181,214,2,210,14
4ff0be63449451913aa10a9d76e2ea29f548d1ae,2026-03-21T01:40:36-05:00,3072,stitch,cmd/factor,cmd,srd065,"R2.1, R2.2, R2.3, R2.4",False,"Task 3072: [stitch] prd065-factor R2.1, R2.2, R2.3, R2.4: factor large number handling and output formatting",781360,26081,86530,694820,1.5403,21129,21117,-12,23146,23202,56,477,2,89,45
e23906291e57deb956a12721fe64ef2415973a64,2026-03-21T01:49:07-05:00,3074,stitch,cmd/shuf,cmd,srd064,"R4.1, R4.2, R4.3, R4.4",False,"Task 3074: [stitch] [stitch] prd064-shuf R4.1, R4.2, R4.3, R4.4: shuf file input mode and error handling",785984,27703,100782,685193,1.6651,21117,21163,46,23202,23561,359,399,2,439,34
07671847fc2fa2412542934009dc25a8bdcfd7da,2026-03-21T01:50:58-05:00,3075,stitch,cmd/factor,cmd,srd065,"R3.1, R3.2, R3.3, R3.4",False,"Task 3075: [stitch] [stitch] prd065-factor R3.1, R3.2, R3.3, R3.4: factor error handling and input validation",642896,4530,65759,577127,0.8129,21163,21189,26,23561,23586,25,89,2,54,3
013ad4f63ffa38eaa46870dbfafd72bbec49a6e8,2026-03-21T01:54:35-05:00,3077,stitch,cmd/factor,cmd,srd065,"R4.1, R4.2, R4.3, R4.4",False,"Task 3077: [stitch] prd065-factor R4.1, R4.2, R4.3, R4.4: factor differential tests and edge cases",647726,4240,67382,580334,0.8174,21189,21189,0,23586,23640,54,92,1,55,1
cd2bda0f43421f878cd99c70ce37ae680497ed85,2026-03-21T02:01:02-05:00,3078,stitch,cmd/expr,cmd,srd066,"R1.1, R1.2, R1.3, R1.4",False,"Task 3078: [stitch] prd066-expr R1.1, R1.2, R1.3, R1.4: expr basic expression evaluation and argument parsing",860056,24364,87732,772313,1.5436,21189,21542,353,23640,23789,149,374,2,502,0
e122c2893c8cc2c4fbff2e380691d13dbc59cff5,2026-03-21T02:11:09-05:00,3080,stitch,cmd/expr,cmd,srd066,"R2.1, R2.2, R2.3, R2.4",False,"Task 3080: [stitch] prd066-expr R2.1, R2.2, R2.3, R2.4: expr comparison and pattern matching operators",292770,1790,68242,224523,0.5835,21752,21752,0,23843,23843,0,43,2,287,23
2fe297ebb0d7aae070ebe460a0fb8f4911405cab,2026-03-21T02:11:09-05:00,3080,stitch,cmd/expr,cmd,srd066,"R2.1, R2.2, R2.3, R2.4",False,"Task 3080: [stitch] prd066-expr R2.1, R2.2, R2.3, R2.4: expr comparison and pattern matching operators",656889,33666,97847,559034,1.7328,21542,21752,210,23789,23843,54,523,2,287,23
94de0107fb77b107048edcddd3be1043254d2ef7,2026-03-21T02:20:55-05:00,3083,stitch,cmd/split,cmd,srd067,"R1.1, R1.2, R1.3, R1.4",False,"Task 3083: [stitch] prd067-split R1.1, R1.2, R1.3, R1.4: split basic file splitting and argument parsing",590249,27152,89719,500522,1.4898,21752,22021,269,23843,24111,268,398,2,537,0
e1082666280080d87e8f794255c08ff5165db126,2026-03-21T02:25:21-05:00,3085,stitch,cmd/expr,cmd,srd066,"R4.1, R4.2, R4.3, R4.4",False,"Task 3085: [stitch] [stitch] prd066-expr R4.1, R4.2, R4.3, R4.4: expr string and logical operators",1140571,8086,80575,1056360,1.2521,22021,22021,0,24111,24178,67,155,2,71,4
e4f66207d594ca953f758a217f2ea01cd4b18337,2026-03-21T02:30:12-05:00,3086,stitch,cmd/split,cmd,srd067,"R2.1, R2.2, R2.3, R2.4",False,"Task 3086: [stitch] [stitch] prd067-split R2.1, R2.2, R2.3, R2.4: split line-count and byte-count modes",1570032,18190,87207,1482806,1.7413,22021,22544,523,24178,24343,165,276,2,717,29
312d3455281405ecc7438b50aa2dd7b0603c4bab,2026-03-21T02:38:34-05:00,3088,stitch,cmd/split,cmd,srd067,"R3.1, R3.2, R3.3, R3.4",False,"Task 3088: [stitch] prd067-split R3.1, R3.2, R3.3, R3.4: split chunk-count and round-robin modes",1039178,23195,104961,934206,1.703,22544,22726,182,24343,24454,111,379,2,353,60
3405f91ffc779329b3b12770552b4dcda786b70c,2026-03-21T02:49:53-05:00,3089,stitch,cmd/csplit,cmd,srd068,"R1.1, R1.2, R1.3, R1.4",False,"Task 3089: [stitch] prd068-csplit R1.1, R1.2, R1.3, R1.4: csplit basic file splitting and argument parsing",719777,38548,115730,604039,1.9891,22726,23166,440,24454,24514,60,662,2,500,0
a20d1cb96079dd21d8e812e0d4558eaea55fed55,2026-03-21T02:53:18-05:00,3091,stitch,cmd/split,cmd,srd067,"R4.1, R4.2, R4.3, R4.4",False,"Task 3091: [stitch] prd067-split R4.1, R4.2, R4.3, R4.4: split filter mode and additional suffix options",675745,3506,79956,595780,0.8853,23166,23167,1,24514,24627,113,80,2,116,2
45a34902fce856cc320b2dd2e841669126fe9a35,2026-03-21T03:54:28-05:00,3092,stitch,cmd/csplit,cmd,srd068,"R2.1, R2.2, R2.3, R2.4",False,"Task 3092: [stitch] prd068-csplit R2.1, R2.2, R2.3, R2.4: csplit repeat counts and offset patterns",2058465,51026,58370,2000076,2.6406,23167,23295,128,24627,24694,67,887,2,235,40
94f0a8e4ee9bd563e2553fb71c7c317ce6c808d4,2026-03-21T04:04:00-05:00,3094,stitch,cmd/csplit,cmd,srd068,"R3.1, R3.2, R3.3, R3.4",False,"Task 3094: [stitch] [stitch] prd068-csplit R3.1, R3.2, R3.3, R3.4: csplit error handling and edge cases",1591948,24215,92373,1499557,1.9326,23295,23312,17,24694,24773,79,466,2,110,14
5416b94e0f8b4d32699777c3ea9c72c56462f4da,2026-03-21T04:08:12-05:00,3095,stitch,cmd/join,cmd,srd069,"R1.1, R1.2, R1.3, R1.4",False,"Task 3095: [stitch] [stitch] prd069-join R1.1, R1.2, R1.3, R1.4: join basic file joining and argument parsing",575633,15113,82487,493138,1.14,23312,23618,306,24773,25039,266,239,2,572,0
deada7bde7881687bc83b1a3cd1a3a34e1e5f7bd,2026-03-21T04:16:41-05:00,3097,stitch,cmd/csplit,cmd,srd068,"R4.1, R4.2, R4.3, R4.4",False,"Task 3097: [stitch] [stitch] prd068-csplit R4.1, R4.2, R4.3, R4.4: csplit suppress output and elide empty files",781599,7154,72568,709021,1.2181,23618,23665,47,25039,25084,45,425,2,146,54
c21b28138d622f1f4defa4eb64394640589c0b4a,2026-03-21T04:21:33-05:00,3098,stitch,cmd/join,cmd,srd069,"R2.1, R2.2, R2.3, R2.4",False,"Task 3098: [stitch] [stitch] prd069-join R2.1, R2.2, R2.3, R2.4: join field selection and output formatting",676234,18422,82718,593507,1.2743,23665,23811,146,25084,25181,97,277,2,296,53
6cd7b4890e4f0cec92e7eb29781192420b905ee3,2026-03-21T04:26:45-05:00,3100,stitch,cmd/join,cmd,srd069,"R3.1, R3.2, R3.3, R3.4",False,"Task 3100: [stitch] prd069-join R3.1, R3.2, R3.3, R3.4: join pairing semantics and unpairable lines",586016,14284,82117,498744,1.1455,23811,23990,179,25181,25328,147,194,2,340,14
158f44427c21c8a80cb4a4321ecd3088944b7bdc,2026-03-21T04:49:35-05:00,3101,stitch,cmd/fmt,cmd,srd070,"R1.1, R1.2, R1.3, R1.4",False,"Task 3101: [stitch] prd070-fmt R1.1, R1.2, R1.3, R1.4: fmt basic paragraph filling and argument parsing",3701305,25018,54056,3647208,2.7871,23990,24359,369,25328,25501,173,440,2,542,0
998af5cc800d5c9a20306a3500c9252f1dba46b3,2026-03-21T05:32:47-05:00,3103,stitch,cmd/join,cmd,srd069,"R4.1, R4.2, R4.3, R4.4",False,"Task 3103: [stitch] prd069-join R4.1, R4.2, R4.3, R4.4: join header handling and compatibility options",1104795,41216,43141,1061643,1.8309,24359,24461,102,25501,25543,42,650,2,179,35
e206ae39728857cb3a1920523950c0d94159d89c,2026-03-21T05:44:16-05:00,3104,stitch,cmd/fmt,cmd,srd070,"R2.1, R2.2, R2.3, R2.4",False,"Task 3104: [stitch] prd070-fmt R2.1, R2.2, R2.3, R2.4: fmt crown margin and split-only modes",1218705,42159,105904,1112788,2.2723,24461,24593,132,25543,25637,94,677,2,286,60
f19b11c46b250a8fd661634943e3062fb33a8836,2026-03-21T07:05:38-05:00,3107,stitch,cmd/numfmt,cmd,srd071,"R1.1, R1.2, R1.3, R1.4",False,"Task 3107: [stitch] [stitch] prd071-numfmt R1.1, R1.2, R1.3, R1.4: numfmt basic number parsing and SI/IEC scaling",1331034,50740,117819,1213202,2.6115,24593,25021,428,25637,25712,75,754,2,503,0
eab0e3702424ae12ace41c3d1ce1a805c5b0c17a,2026-03-21T07:19:12-05:00,3110,stitch,cmd/numfmt,cmd,srd071,"R2.1, R2.2, R2.3, R2.4",False,"Task 3110: [stitch] prd071-numfmt R2.1, R2.2, R2.3, R2.4: numfmt format and output modes",841979,46713,111349,730621,2.2291,25021,25265,244,25712,25831,119,721,3,382,19
8c3d615f4b82a0f6febcc77686dd586bccabdbdc,2026-03-21T07:25:43-05:00,3112,stitch,cmd/fmt,cmd,srd070,"R4.1, R4.2, R4.3, R4.4",False,"Task 3112: [stitch] [stitch] prd070-fmt R4.1, R4.2, R4.3, R4.4: fmt error handling and edge cases",1357018,15711,89724,1263364,1.6049,25265,25267,2,25831,25865,34,278,2,41,5
2c93035af21fa2890f3edea8ce83544c03ec688e,2026-03-21T07:35:56-05:00,3113,stitch,cmd/numfmt,cmd,srd071,"R3.1, R3.2, R3.3, R3.4",False,"Task 3113: [stitch] [stitch] prd071-numfmt R3.1, R3.2, R3.3, R3.4: numfmt field selection and header handling",1053826,38986,110782,943033,2.1386,25267,25567,300,25865,25941,76,599,3,394,18
6d974526547bf12f52ec9f2ce3ba81bf7603c808,2026-03-21T07:48:45-05:00,3115,stitch,cmd/numfmt,cmd,srd071,"R4.1, R4.2, R4.3, R4.4",False,"Task 3115: [stitch] prd071-numfmt R4.1, R4.2, R4.3, R4.4: numfmt error handling and validation",1567249,33170,110274,1456959,2.247,25567,25626,59,25941,26001,60,551,3,137,18
077753477106ffe84e8800a5b7bc6f373b0a72a4,2026-03-21T08:38:07-05:00,3118,stitch,cmd/printf,cmd,srd073,,True,Task 3118: [stitch] prd073-printf (contract): cmd/printf package stubs,331370,1632,78034,253331,0.6552,25626,25705,79,26001,26001,0,43,1,79,0
551b762d118f095969c69dab9a7e656f47f37c98,2026-03-21T08:50:50-05:00,3119,stitch,cmd/printf,cmd,srd073,"R1.1, R1.2, R1.3, R1.4",False,"Task 3119: [stitch] prd073-printf R1.1, R1.2, R1.3, R1.4: printf format string parsing and basic output",1357080,48842,129339,1227729,2.6433,25705,26182,477,26001,26104,103,748,2,620,40
cfc7beb59c0968bc6cdf4dd7abc3c98c137d666f,2026-03-21T08:55:18-05:00,3120,stitch,cmd/printf,cmd,srd073,"R2.1, R2.2, R2.3, R2.4",False,"Task 3120: [stitch] prd073-printf R2.1, R2.2, R2.3, R2.4: printf format specifiers and conversions",1619778,14373,94531,1525229,1.7128,26182,26186,4,26104,26163,59,250,2,84,21
ec8141cdc12f059763611c517a4ff86cc0e1d052,2026-03-21T09:00:39-05:00,3122,stitch,cmd/printf,cmd,srd073,"R3.1, R3.2, R3.3, R3.4",False,"Task 3122: [stitch] [stitch] prd073-printf R3.1, R3.2, R3.3, R3.4: printf escape sequences and argument cycling",1386280,10548,78562,1307700,1.4087,26186,26188,2,26163,26188,25,224,2,43,16
1911043694d0b567996eaf7bec57fcce25b8087e,2026-03-21T09:05:50-05:00,3124,stitch,cmd/printf,cmd,srd073,"R4.1, R4.2, R4.3, R4.4",False,"Task 3124: [stitch] prd073-printf R4.1, R4.2, R4.3, R4.4: printf error handling and edge cases",2095589,10398,86860,2004291,1.8537,26188,26197,9,26188,26225,37,229,2,73,27
5426b6ac42fa05da1ad3ff12de66ba4438bb3ae5,2026-03-21T09:09:16-05:00,3126,stitch,cmd/od,cmd,srd072,,True,Task 3126: [stitch] prd072-od (contract): cmd/od package stubs,493687,2886,64346,429333,0.689,26197,26273,76,26225,26249,24,68,2,100,0
d0f0c5d8bfdbd6cf067e2020e4a0ec62b67b127a,2026-03-23T09:20:17-04:00,3161,stitch,pkg/testutils,pkg,srd001,R1.1-R1.4,True,Task 3161: [stitch] prd001-testutils R1.1-R1.4: pkg/testutils types and signatures (contract),320902,1239,56082,264814,0.5139,0,55,55,0,0,0,43,1,55,0
83b60553dee5f933f5099372c2d1d04ee6c2d5a2,2026-03-23T09:22:44-04:00,3163,stitch,pkg/sys,pkg,srd002,R1.1-R1.4,True,Task 3163: [stitch] prd002-sys R1.1-R1.4: pkg/sys types and signatures (contract),458240,1813,57716,400516,0.6063,55,143,88,0,0,0,46,3,88,0
fcc57c0db8a4bdce4bd72bf5a818311d14adf892,2026-03-23T09:25:59-04:00,3165,stitch,pkg/encutil,pkg,srd088,R1.1-R1.3,True,Task 3165: [stitch] prd088-encutil R1.1-R1.3: pkg/encutil types and signatures (contract),198090,914,57644,140442,0.4534,143,196,53,0,0,0,23,1,53,0
48d3e394e24a29fea1be0f64a23db9d3dca3bdd8,2026-03-23T09:29:56-04:00,3167,stitch,pkg/testutils,pkg,srd001,R2.1-R2.4,False,Task 3167: [stitch] [stitch] prd001-testutils R2.1-R2.4: pkg/testutils DiffTest and RunDiffTests (implementation),656307,7187,69248,587049,0.906,196,424,228,0,0,0,134,2,244,16
7400ab8545c2879058fc184e475631a0cbf74a19,2026-03-23T09:31:31-04:00,3168,stitch,pkg/testutils,pkg,srd001,"R2.5-R2.6, R3.1-R3.2",False,"Task 3168: [stitch] [stitch] prd001-testutils R2.5-R2.6, R3.1-R3.2: pkg/testutils BuildBinary and error reporting (implementation)",506796,2930,69141,437647,0.7242,424,462,38,0,0,0,74,1,38,0
37220ce96f91463cf4c3ac1b680efff090efe906,2026-03-23T09:38:14-04:00,3169,stitch,pkg/sys,pkg,srd002,"R1.5-R1.7, R2.1",False,"Task 3169: [stitch] [stitch] prd002-sys R1.5-R1.7, R2.1: pkg/sys Stat, Lstat, FileInfo, and InstallSIGPIPEHandler (implementation)",436981,9342,70009,366965,0.8546,462,577,115,0,0,0,139,5,132,17
96899d78a41be3778dcc40f3ff0f138265ea6a11,2026-03-23T09:41:04-04:00,3170,stitch,pkg/sys,pkg,srd002,"R2.2-R2.4, R2.5",False,"Task 3170: [stitch] [stitch] prd002-sys R2.2-R2.4, R2.5: pkg/sys terminal and resize (implementation)",921958,4444,66437,855507,0.9542,577,640,63,0,0,0,151,4,81,14
59f8626dd0d5936be2b9493e4498f729717579c2,2026-03-23T09:46:54-04:00,3173,stitch,pkg/testutils,pkg,srd001,R5.1-R5.2,False,Task 3173: [stitch] prd001-testutils R5.1-R5.2: BuildBinary caching and test helpers (implementation),468328,3619,71971,396350,0.7385,640,686,46,0,0,0,88,1,54,8
ef798151be80069f7f8ba602fd8592f2e4328e01,2026-03-23T09:48:28-04:00,3174,stitch,pkg/sys,pkg,srd002,"R2.6, R3.1-R3.3",False,"Task 3174: [stitch] prd002-sys R2.6, R3.1-R3.3: process group and priority syscalls (implementation)",393924,4038,72556,321362,0.7151,686,773,87,0,0,0,76,2,87,0
1af77e9cd981e03941175e9c77ef9dc7ad98d66f,2026-03-23T09:49:55-04:00,3175,stitch,pkg/format,pkg,srd003,"R1.1-R1.4, R2.1-R2.4",False,"Task 3175: [stitch] prd003-format R1.1-R1.4, R2.1-R2.4: HumanSize and color output (implementation)",562736,3356,73638,489090,0.7887,773,976,203,0,0,0,66,2,203,0
7aa2aabd86df0d327efd4673e2935da0ca0dd56e,2026-03-23T10:47:47-04:00,3177,stitch,pkg/format,pkg,srd003,"R2.5-R2.7, R3.1-R3.3",False,"Task 3177: [stitch] prd003-format R2.5-R2.7, R3.1-R3.3: ColorEnabled helpers and padding functions (implementation)",411896,2703,75326,336564,0.7067,976,1115,139,0,0,0,58,1,139,0
a0167b0371ebb769c30b79f882aaedd1fddada21,2026-03-23T10:49:26-04:00,3178,stitch,pkg/format,pkg,srd003,R3.4-R3.6,False,Task 3178: [stitch] prd003-format R3.4-R3.6: Columns edge cases and format tests (implementation),334089,4902,77796,256288,0.7369,1115,1115,0,0,258,258,82,1,258,0
508a74b6a58cdc5d58b65980bf92f6102c0c3ac1,2026-03-23T14:48:16-04:00,3179,stitch,cmd/hashutil,cmd,srd086,"R1.1-R1.4, R2.1-R2.3",False,"Task 3179: [stitch] prd086-hashutil R1.1-R1.4, R2.1-R2.3 (contract and core implementation)",503181,3975,79782,423392,0.8097,1115,1352,237,258,258,0,70,2,237,0
5d3998356c51db2618e02b0ce94d2e3128cb132f,2026-03-23T14:50:48-04:00,3180,stitch,cmd/hashutil,cmd,srd086,"R2.3, R3.1-R3.2",False,"Task 3180: [stitch] prd086-hashutil R2.3, R3.1-R3.2: VerifyChecksums and DigestFiles (implementation)",760663,9933,76610,684042,1.0692,1352,1430,78,258,706,448,134,4,638,112
724b67b9584b79199bd167c9b6280dff3f5a854f,2026-03-23T14:53:58-04:00,3182,stitch,pkg/sizeparse,pkg,srd087,"R1.1-R1.4, R2.1-R2.2, R3.1-R3.2",True,"Task 3182: [stitch] prd087-sizeparse R1.1-R1.4, R2.1-R2.2, R3.1-R3.2 (contract)",517704,1169,78728,438969,0.7408,1430,1466,36,706,706,0,37,1,36,0
16167124c471312ac11b046d61bffce331dde07e,2026-03-23T14:57:21-04:00,3183,stitch,pkg/sizeparse,pkg,srd087,"R1.1-R1.4, R2.1-R2.2",False,"Task 3183: [stitch] prd087-sizeparse R1.1-R1.4, R2.1-R2.2 (implementation)",745816,13583,79785,666020,1.1713,1466,1607,141,706,878,172,185,2,321,8
877c561b9490b8e068f73998ba7400e9e666685c,2026-03-23T14:58:15-04:00,3184,stitch,pkg/encutil,pkg,srd088,"R2.1-R2.3, R3.1-R3.2",True,"Task 3184: [stitch] prd088-encutil R2.1-R2.3, R3.1-R3.2 (contract)",443417,1589,81057,362354,0.7275,1607,1615,8,878,878,0,36,2,57,49
2a057056cb0befe2e02df68885194ccd8bcd006c,2026-03-23T15:01:29-04:00,3185,stitch,pkg/encutil,pkg,srd088,"R2.1-R2.3, R3.1-R3.2",False,"Task 3185: [stitch] prd088-encutil R2.1-R2.3, R3.1-R3.2 (implementation)",907478,11059,77478,829987,1.1758,1615,1668,53,878,1126,248,176,2,318,17
2f13597dadf39ef614b659d24d99c678f6c131a9,2026-03-23T15:06:27-04:00,3188,stitch,cmd/version,cmd,srd059,R1.1-R1.5,True,Task 3188: [stitch] prd059-version R1.1-R1.5 (contract),536247,1575,82509,453731,0.782,1668,1740,72,1126,1126,0,40,1,72,0
41ff677afbc9ca15685d4b0f266305cd9c7aea6a,2026-03-23T15:07:43-04:00,3189,stitch,cmd/version,cmd,srd059,R1.1-R1.5,False,Task 3189: [stitch] prd059-version R1.1-R1.5 (implementation),421410,2696,64072,357331,0.6466,1740,1740,0,1126,1267,141,56,1,141,0
734561248846fb3f215e7c8c7b4eb4440861bc8e,2026-03-23T15:08:52-04:00,3190,stitch,cmd/cat,cmd,srd006,R1.1-R5.4,True,Task 3190: [stitch] prd006-cat R1.1-R5.4 (contract),342558,2383,63725,278827,0.5973,1740,1862,122,1267,1267,0,51,1,122,0
4eb44dc05759135881fe40731228a1c81803f1d2,2026-03-23T15:15:36-04:00,3192,stitch,cmd/cat,cmd,srd006,R1.2-R3.3,False,Task 3192: [stitch] prd006-cat R1.2-R3.3 (implementation),670898,20002,81491,589398,1.3041,1862,2033,171,1267,1267,0,296,1,187,16
b5f6db53499dd5a499cf3fb38b016f1e937707c8,2026-03-23T15:15:36-04:00,3192,stitch,cmd/cat,cmd,srd006,R1.2-R3.3,False,Task 3192: [stitch] prd006-cat R1.2-R3.3 (implementation),358046,3373,65970,292070,0.6427,2033,2033,0,1267,1267,0,75,1,187,16
90001856b29d2b9befd67f09be429821fb3bd965,2026-03-23T15:19:12-04:00,3194,stitch,cmd/cat,cmd,srd006,R5.1-R5.4,False,Task 3194: [stitch] prd006-cat R5.1-R5.4 (implementation),671197,5552,69072,602115,0.8716,2033,2076,43,1267,1267,0,107,1,44,1
6a6be9ce9338e94e17eb160748d6fc8c13b912a5,2026-03-23T15:22:28-04:00,3195,stitch,cmd/cat,cmd,srd006,R1.2-R5.4,False,Task 3195: [stitch] prd006-cat R1.2-R5.4 (tests),808546,5634,77246,731289,0.9893,2076,2076,0,1267,1432,165,178,1,165,0
4eb013e560be4d423f6e0d090c4d347baae7e537,2026-03-23T15:22:28-04:00,3195,stitch,cmd/cat,cmd,srd006,R1.2-R5.4,False,Task 3195: [stitch] prd006-cat R1.2-R5.4 (tests),284713,1827,65335,219373,0.5637,2076,2076,0,1432,1432,0,49,1,165,0
6c43b2f9137b3a201fc857b7621a386cff54a6c2,2026-03-23T15:31:22-04:00,3202,stitch,pkg/testutils,pkg,srd001,,True,Task 3202: [stitch] prd001-testutils (contract),359932,2605,82222,277705,0.7179,2076,2092,16,1432,1432,0,62,1,16,0
948f0a8c476ba2312b3c8bc78d0503f90aa8e71c,2026-03-23T15:31:22-04:00,3202,stitch,pkg/testutils,pkg,srd001,,True,Task 3202: [stitch] prd001-testutils (contract),208181,918,61770,146407,0.4822,2092,2092,0,1432,1432,0,27,1,16,0
589975ff15f53be4d9cabccd63c351fc1f5543a2,2026-03-23T15:33:50-04:00,3204,stitch,pkg/sys,pkg,srd002,,True,Task 3204: [stitch] prd002-sys (contract),555127,4013,86805,468315,0.877,2092,2102,10,1432,1432,0,90,1,10,0
bf0b65a396a8f787c0746bd917d0ae919fb81df6,2026-03-23T15:35:17-04:00,3205,stitch,pkg/sys,pkg,srd002,,False,Task 3205: [stitch] prd002-sys (implementation),441667,3945,71020,370640,0.7279,2102,2102,0,1432,1660,228,70,1,228,0
eda7ba1a5076ab230463db01e7a22d677df60d5f,2026-03-23T15:35:17-04:00,3205,stitch,pkg/sys,pkg,srd002,,False,Task 3205: [stitch] prd002-sys (implementation),205117,2023,62202,142911,0.5108,2102,2102,0,1660,1660,0,44,1,228,0
e23e638337b834d3dc08a64ce669402b0a19473c,2026-03-23T17:44:38-04:00,3212,stitch,cmd/sponge,cmd,srd007,"R1.1-R1.5, R2.1",False,"Task 3212: [stitch] cmd/sponge: core stdin buffering and file write (prd007 R1.1-R1.5, R2.1)",582808,3055,66583,516216,0.7507,2102,2240,138,1660,1660,0,73,1,138,0
72c32058d3b1da7d39b2772a5144f3346320f175,2026-03-23T18:03:52-04:00,3213,stitch,cmd/sponge,cmd,srd007,"R2.2-R2.5, R3.1-R3.2",False,"Task 3213: [stitch] cmd/sponge: append mode and file permission preservation (prd007 R2.2-R2.5, R3.1-R3.2)",353477,4592,9576,343895,0.3466,2240,2336,96,1660,1660,0,84,1,111,15
5384ccc2f8d09f846cfcc98f8598ca6899f05217,2026-03-23T18:05:59-04:00,3214,stitch,cmd/sponge,cmd,srd007,"R3.3, R4.1-R4.3, R5.1-R5.2",False,"Task 3214: [stitch] cmd/sponge: error handling, exit codes, and signal cleanup (prd007 R3.3, R4.1-R4.3, R5.1-R5.2)",514625,6133,68046,446571,0.8019,2336,2405,69,1660,1660,0,111,1,80,11
aa133d777e41a5f4b1d87e1e536340d2402046ab,2026-03-23T18:07:19-04:00,3215,stitch,cmd/sponge,cmd,srd007,"R5.3-R5.4, R6.1-R6.2",False,"Task 3215: [stitch] cmd/sponge: SIGPIPE handling and help/version output (prd007 R5.3-R5.4, R6.1-R6.2)",435917,2732,66370,369540,0.6679,2405,2406,1,1660,1660,0,63,1,2,1
a932f803d4dbac052e1e6577d11242b1b650a3ad,2026-03-23T18:20:05-04:00,3217,stitch,cmd/du,cmd,srd009,"R1.1-R1.5, R2.1",False,"Task 3217: [stitch] [stitch] cmd/du: core directory traversal and basic size output (prd009 R1.1-R1.5, R2.1)",1350015,34879,107484,1242517,2.1651,2406,2586,180,1660,1796,136,566,2,316,0
5059afcc63508e61f477b2d6c7ac1baa3cafa066,2026-03-23T18:25:47-04:00,3218,stitch,cmd/du,cmd,srd009,R2.2-R2.6,False,Task 3218: [stitch] [stitch] cmd/du: display options and size formatting (prd009 R2.2-R2.6),623664,18223,90263,533393,1.2865,2586,2660,74,1796,1834,38,325,2,139,27
9ccfeb19a3457a0ae26d638852045af40a24618f,2026-03-23T18:31:34-04:00,3219,stitch,cmd/du,cmd,srd009,"R2.7-R2.8, R3.1-R3.3",False,"Task 3219: [stitch] [stitch] cmd/du: summarize, total, depth limit, and filesystem options (prd009 R2.7-R2.8, R3.1-R3.3)",768524,16588,83297,685217,1.278,2660,2753,93,1834,1929,95,329,2,206,18
d3fead7d0d3eebf4304f88622e9c36f5d132bca5,2026-03-23T18:34:57-04:00,3220,stitch,cmd/du,cmd,srd009,"R4.1-R4.2, R5.1",False,"Task 3220: [stitch] [stitch] cmd/du: error handling, exit codes, and help/version output (prd009 R4.1-R4.2, R5.1)",1609968,9020,89311,1520638,1.5441,2753,2794,41,1929,2023,94,185,2,137,2
00b87d6e59eaf68b6bcf7f014e95b653f9627860,2026-03-23T18:40:53-04:00,3222,stitch,cmd/true,cmd,srd013,"R1.1-R1.3, R2.1-R2.3",False,"Task 3222: [stitch] cmd/true: core exit behavior, argument handling, and help/version (prd013 R1.1-R1.3, R2.1-R2.3)",426228,1660,64502,361719,0.6255,2794,2859,65,2023,2023,0,43,1,65,0
b8b3faf597fd98f66c71f30ca86b704168cacaed,2026-03-23T18:43:43-04:00,3223,stitch,cmd/true,cmd,srd013,"R3.1-R3.2, R4.1-R4.3",False,"Task 3223: [stitch] cmd/true: error handling, exit codes, and differential tests (prd013 R3.1-R3.2, R4.1-R4.3)",926524,6269,73791,852720,1.0443,2859,2859,0,2023,2133,110,152,1,110,0
0f5dfd54e671d763df49cbde32054b0417181647,2026-03-23T18:44:37-04:00,3224,stitch,cmd/false,cmd,srd014,"R1.1-R1.3, R2.1-R2.3",False,"Task 3224: [stitch] cmd/false: core exit behavior, argument handling, and help/version (prd014 R1.1-R1.3, R2.1-R2.3)",337631,1952,60362,277263,0.5647,2859,2925,66,2133,2133,0,38,1,66,0
447a9cfbe7d2a5b1627dfca3240617255659703f,2026-03-23T18:46:30-04:00,3225,stitch,cmd/false,cmd,srd014,"R3.1-R3.2, R4.1-R4.3",False,"Task 3225: [stitch] cmd/false: error handling, exit codes, and differential tests (prd014 R3.1-R3.2, R4.1-R4.3)",600056,5079,70226,529821,0.8308,2925,2918,-7,2133,2243,110,97,2,122,19
fc263e78bf28e40342ec3c85194a6c5c986eb215,2026-03-23T18:49:47-04:00,3227,stitch,cmd/yes,cmd,srd012,"R1.1-R1.4, R2.1-R2.2",False,"Task 3227: [stitch] [stitch] cmd/yes: core output behavior, argument handling, and help/version (prd012 R1.1-R1.4, R2.1-R2.2)",480042,2360,61736,418298,0.654,2918,3012,94,2243,2243,0,49,1,94,0
0f651e7853d3d259d78b62c28b10709c68a371e8,2026-03-23T18:52:46-04:00,3228,stitch,cmd/yes,cmd,srd012,"R3.1-R3.3, R4.1-R4.3",False,"Task 3228: [stitch] [stitch] cmd/yes: error handling, exit codes, and differential tests (prd012 R3.1-R3.3, R4.1-R4.3)",397090,11032,76659,320425,0.9152,3012,3012,0,2243,2403,160,162,1,160,0
bd80edd56e6723ca3bf15b8d4deef2700f7f564c,2026-03-23T18:55:28-04:00,3229,stitch,cmd/basename,cmd,srd015,"R1.1-R1.3, R2.1-R2.3",False,"Task 3229: [stitch] [stitch] cmd/basename: core path extraction, suffix removal, and help/version (prd015 R1.1-R1.3, R2.1-R2.3)",361428,8933,67791,293631,0.7939,3012,3176,164,2403,2403,0,146,1,164,0
8d8bb35d21abcdbc00687fd6b06226e6786d2af3,2026-03-23T18:57:50-04:00,3230,stitch,cmd/basename,cmd,srd015,"R1.4-R1.5, R3.1-R3.4",False,"Task 3230: [stitch] [stitch] cmd/basename: multiple mode, error handling, exit codes, and differential tests (prd015 R1.4-R1.5, R3.1-R3.4)",949502,7518,76254,873235,1.1012,3176,3197,21,2403,2583,180,125,2,220,19
fda3c9c7fbd43133ff75fa8d79afffe8462e4024,2026-03-23T19:01:38-04:00,3232,stitch,cmd/basename,cmd,srd015,R4.1-R4.3,False,Task 3232: [stitch] cmd/basename: differential tests (prd015 R4.1-R4.3),518647,5038,68834,449805,0.7811,3197,3197,0,2583,2605,22,92,1,23,1
f72598e1eabd043d24b5af7911fc98bd1c38067d,2026-03-23T19:03:02-04:00,3233,stitch,cmd/dirname,cmd,srd016,"R1.1-R1.3, R2.1-R2.2",False,"Task 3233: [stitch] cmd/dirname: core path extraction, help/version (prd016 R1.1-R1.3, R2.1-R2.2)",350042,3192,63667,286369,0.6209,3197,3330,133,2605,2605,0,68,1,133,0
70bd6ec12ce49b6ad276d7caa6b97a6fe4e2e3b7,2026-03-23T19:04:51-04:00,3234,stitch,cmd/dirname,cmd,srd016,"R1.4-R1.5, R3.1-R3.3",False,"Task 3234: [stitch] cmd/dirname: multiple args, zero-terminated mode, error handling, exit codes (prd016 R1.4-R1.5, R3.1-R3.3)",352501,2643,64213,288282,0.6116,3330,3352,22,2605,2605,0,93,1,36,14
48997320266b8e3500cfc0a534ee4772c394e59f,2026-03-23T19:06:36-04:00,3235,stitch,cmd/dirname,cmd,srd016,R4.1-R4.3,False,Task 3235: [stitch] cmd/dirname: differential tests (prd016 R4.1-R4.3),521428,4427,69804,451616,0.7728,3352,3352,0,2605,2772,167,88,1,167,0
f7707704a48139d0b765e43ad836db72901d63d7,2026-03-23T19:10:55-04:00,3237,stitch,cmd/tee,cmd,srd017,"R1.1-R1.3, R2.1-R2.3",False,"Task 3237: [stitch] [stitch] cmd/tee: core stdin-to-files copy, append mode, help/version (prd017 R1.1-R1.3, R2.1-R2.3)",428192,5125,65346,362839,0.718,3352,3509,157,2772,2772,0,83,1,157,0
56f3699b2793e94da8ef7d6e2d501dc0b20167f3,2026-03-23T19:13:31-04:00,3238,stitch,cmd/tee,cmd,srd017,"R1.4-R1.5, R3.1-R3.4",False,"Task 3238: [stitch] [stitch] cmd/tee: signal handling, error handling, exit codes (prd017 R1.4-R1.5, R3.1-R3.4)",515674,8606,68237,447429,0.8654,3509,3566,57,2772,2772,0,140,1,69,12
a13d3ffe7e6582ea299cfa907c3cfe67902693ed,2026-03-23T19:17:41-04:00,3239,stitch,cmd/tee,cmd,srd017,R4.1-R4.3,False,Task 3239: [stitch] [stitch] cmd/tee: differential tests (prd017 R4.1-R4.3),1316901,13116,89640,1227245,1.5019,3566,3566,0,2772,3074,302,234,1,302,0
ec4125f9c5758a41b948375b405f0b12b572d9fe,2026-03-23T19:22:56-04:00,3240,stitch,cmd/head,cmd,srd018,"R1.1-R1.5, R2.1",False,"Task 3240: [stitch] [stitch] cmd/head: core line/byte counting, multi-file headers, help/version (prd018 R1.1-R1.5, R2.1)",577719,18737,80440,497271,1.2199,3566,3897,331,3074,3074,0,299,1,331,0
714cda8773586008a51a5cd60518289216b55d5b,2026-03-23T19:30:36-04:00,3242,stitch,cmd/head,cmd,srd018,"R2.2-R2.3, R3.1-R3.4",False,"Task 3242: [stitch] cmd/head: quiet/verbose modes, zero-terminated, error handling (prd018 R2.2-R2.3, R3.1-R3.4)",738451,15343,78456,659985,1.204,3897,3964,67,3074,3074,0,258,1,116,49
4ab4cfbe925be242b59f531407b3eec7ad30857f,2026-03-23T19:32:21-04:00,3243,stitch,cmd/head,cmd,srd018,R4.1-R4.4,False,Task 3243: [stitch] cmd/head: differential tests (prd018 R4.1-R4.4),649862,4755,78490,571363,0.8952,3964,3964,0,3074,3344,270,88,1,270,0
bb5f4fbc634d9a7c4b686d6029b4ff4ba430772b,2026-03-23T19:34:24-04:00,3244,stitch,cmd/seq,cmd,srd019,"R1.1-R1.5, R2.1",False,"Task 3244: [stitch] cmd/seq: core sequence generation, format string, help/version (prd019 R1.1-R1.5, R2.1)",675620,5611,69634,605976,0.8785,3964,4232,268,3344,3344,0,106,1,268,0
68446e705309ac6a56c95f78f0ea4e972d56d5e3,2026-03-23T19:36:02-04:00,3245,stitch,cmd/seq,cmd,srd019,"R2.2-R2.4, R3.1-R3.3",False,"Task 3245: [stitch] cmd/seq: separator, equal-width, error handling, exit codes (prd019 R2.2-R2.4, R3.1-R3.3)",360577,4724,66730,293841,0.6821,4232,4263,31,3344,3344,0,82,1,52,21
9f2a1a927a6dc26006152f94bbfc3dc964f5e616,2026-03-23T19:45:41-04:00,3247,stitch,cmd/head,cmd,srd018,"R3.5, R3.4",False,"Task 3247: [stitch] [stitch] cmd/head + cmd/seq: remaining implementation (prd018 R3.5, prd019 R3.4)",847970,25773,96869,751091,1.6254,4263,4353,90,3344,3344,0,410,2,98,8
48687bad6cad27297a1376631941a1307be5c775,2026-03-23T19:47:20-04:00,3248,stitch,cmd/seq,cmd,srd019,R4.1-R4.4,False,Task 3248: [stitch] [stitch] cmd/seq: differential tests (prd019 R4.1-R4.4),646242,3828,76236,569997,0.8572,4353,4353,0,3344,3518,174,81,1,174,0
55e125f59e93a9bb519405f07efaaa74b8b544a0,2026-03-23T19:53:12-04:00,3249,stitch,cmd/wc,cmd,srd005,"R1.1-R1.4, R2.1-R2.2",False,"Task 3249: [stitch] [stitch] cmd/wc: core line/word/byte counting, help/version, stdin (prd005 R1.1-R1.4, R2.1-R2.2)",516679,22439,86794,429878,1.3184,4353,4704,351,3518,3518,0,337,1,351,0
7b67e230680e52ce4b683b8a18cf043af09ec79a,2026-03-23T19:55:46-04:00,3250,stitch,cmd/wc,cmd,srd005,"R2.3-R2.6, R3.1-R3.2",False,"Task 3250: [stitch] [stitch] cmd/wc: max-line-length, multiple files, totals, error handling (prd005 R2.3-R2.6, R3.1-R3.2)",461939,10889,73625,388307,0.9266,4704,4824,120,3518,3518,0,138,1,169,49
b9f9cca94730fa676e8faa895baff1bcf32d38ad,2026-03-23T20:09:58-04:00,3252,stitch,cmd/wc,cmd,srd005,"R3.3, R4.1-R4.4, R5.1",False,"Task 3252: [stitch] cmd/wc: features and options (prd005 R3.3, R4.1-R4.4, R5.1)",2631441,35230,116286,2515126,2.8652,4824,5031,207,3518,3640,122,592,2,376,47
5902c709d32233f080ec05fdbb6c2ddc27dec355,2026-03-23T20:16:18-04:00,3253,stitch,cmd/wc,cmd,srd005,"R5.2, R6.1-R6.3",False,"Task 3253: [stitch] cmd/wc: remaining features and tests (prd005 R5.2, R6.1-R6.3)",993296,19482,93188,898347,1.5275,5031,5045,14,3640,3701,61,363,2,104,29
63444fcbce926fb502e9627de72e2329b699c08f,2026-03-23T20:18:08-04:00,3254,stitch,cmd/arch,cmd,srd045,"R1.1-R1.2, R2.1-R2.2, R3.1-R3.2",False,"Task 3254: [stitch] cmd/arch: implementation and differential tests (prd045 R1.1-R1.2, R2.1-R2.2, R3.1-R3.2)",888750,5278,69414,819323,0.9755,5045,5142,97,3701,3813,112,94,2,209,0
910ba00f779bc10d1d82763a84133139a0ea4b1e,2026-03-23T20:20:44-04:00,3255,stitch,cmd/hostid,cmd,srd048,"R1.1-R1.2, R2.1-R2.2, R3.1-R3.2",False,"Task 3255: [stitch] cmd/hostid: implementation and differential tests (prd048 R1.1-R1.2, R2.1-R2.2, R3.1-R3.2)",277961,1947,62899,215057,0.5493,5235,5235,0,3928,3928,0,53,2,208,0
ea991b53c967666578079e5e0ae95d1c4959cbda,2026-03-23T20:20:44-04:00,3255,stitch,cmd/hostid,cmd,srd048,"R1.1-R1.2, R2.1-R2.2, R3.1-R3.2",False,"Task 3255: [stitch] cmd/hostid: implementation and differential tests (prd048 R1.1-R1.2, R2.1-R2.2, R3.1-R3.2)",821698,6161,69850,751836,0.9666,5142,5235,93,3813,3928,115,140,2,208,0
fd199c468c77feab640a1fcef8a9daf30be35cfa,2026-03-23T20:27:02-04:00,3259,stitch,cmd/uname,cmd,srd044,"R1.1-R1.5, R2.1",False,"Task 3259: [stitch] [stitch] cmd/uname: implementation (prd044 R1.1-R1.5, R2.1)",346204,2724,62679,283519,0.6016,5235,5420,185,3928,3928,0,49,1,185,0
97c99116ae56501e4fc55038324ebfeeaf8b2d83,2026-03-23T20:31:24-04:00,3260,stitch,cmd/uname,cmd,srd044,"R1.6-R1.9, R2.2",False,"Task 3260: [stitch] [stitch] cmd/uname: remaining flags and combined output (prd044 R1.6-R1.9, R2.2)",1301189,13697,77553,1223618,1.439,5420,5494,74,3928,3928,0,243,1,102,28
fbb0ad8746e6fefaeb13e5fbf5373248e09b9442,2026-03-23T20:37:25-04:00,3262,stitch,cmd/uname,cmd,srd044,"R3.1, R3.2, R4.1, R4.2, R4.3",False,"Task 3262: [stitch] cmd/uname: error handling, version output, and differential tests (prd044 R3.1, R3.2, R4.1, R4.2, R4.3)",724820,11064,77400,647410,1.0841,5494,5502,8,3928,4028,100,191,2,109,1
ca90d4db91cadadedf36a7035ff523dc1de66f21,2026-03-23T20:38:34-04:00,3263,stitch,cmd/nproc,cmd,srd046,"R1.1, R1.2, R1.3, R1.4, R2.1, R2.2",False,"Task 3263: [stitch] cmd/nproc: core implementation and flag handling (prd046 R1.1, R1.2, R1.3, R1.4, R2.1, R2.2)",412270,2851,61677,350586,0.6321,5502,5654,152,4028,4028,0,52,1,152,0
4c9c5ac09ac4c8ffab888607189b521bb0db6634,2026-03-23T20:40:53-04:00,3264,stitch,cmd/nproc,cmd,srd046,"R2.3, R3.1, R3.2, R3.3",False,"Task 3264: [stitch] cmd/nproc: remaining flags and differential tests (prd046 R2.3, R3.1, R3.2, R3.3)",852582,6841,73148,779422,1.018,5654,5659,5,4028,4164,136,122,2,143,2
9454fb4120b6c3e6ec8f5b63a6104adfedd0184e,2026-03-23T20:42:01-04:00,3265,stitch,cmd/hostname,cmd,srd047,"R1.1, R1.2, R2.1, R2.2, R3.1, R3.2",False,"Task 3265: [stitch] cmd/hostname: full implementation and differential tests (prd047 R1.1, R1.2, R2.1, R2.2, R3.1, R3.2)",444739,3313,67552,377180,0.6936,5659,5744,85,4164,4276,112,52,2,197,0
cbd62994c73ec48fadd01d17c37fa58f64c4462b,2026-03-23T20:49:57-04:00,3267,stitch,cmd/ls,cmd,srd008,"R1.1, R1.2, R1.3, R1.4, R1.5, R1.6",False,"Task 3267: [stitch] [stitch] cmd/ls: basic directory listing and output modes (prd008 R1.1, R1.2, R1.3, R1.4, R1.5, R1.6)",4095466,14168,94549,4000873,2.9458,5744,6355,611,4276,4276,0,310,1,611,0
04a9428c8f7e0e8f41d731565f00cd97da6d2fee,2026-03-23T21:00:11-04:00,3269,stitch,cmd/ls,cmd,srd008,"R1.7, R1.8, R1.9, R1.10, R1.11, R1.12",False,"Task 3269: [stitch] [stitch] cmd/ls: sorting, filtering, and display flags (prd008 R1.7, R1.8, R1.9, R1.10, R1.11, R1.12)",1047235,38274,135597,911629,2.2602,6355,6600,245,4276,4276,0,591,2,628,383
998c09d5c6d11b777be6cb53eb39e918679b5018,2026-03-23T21:04:41-04:00,3272,stitch,cmd/ls,cmd,srd008,"R1.13, R1.14, R2.1, R2.2, R2.3, R2.4",False,"Task 3272: [stitch] prd008-ls R1.13, R1.14, R2.1, R2.2, R2.3, R2.4 -- cmd/ls contract and core entry point",849751,7477,81160,768580,1.0785,6600,6672,72,4276,4276,0,165,2,73,1
81a4116d9ad3585eea9ef5b5b4afe396c9837602,2026-03-23T21:08:57-04:00,3273,stitch,cmd/ls,cmd,srd008,"R2.5, R2.6, R2.7, R2.8, R2.9, R2.10",False,"Task 3273: [stitch] prd008-ls R2.5, R2.6, R2.7, R2.8, R2.9, R2.10 -- sorting and type indicators",1103944,13022,90529,1013402,1.3981,6672,6730,58,4276,4276,0,240,2,108,50
92d9c8ea2f90d3dac90da71ddea8233d28032eaa,2026-03-23T21:12:36-04:00,3274,stitch,cmd/ls,cmd,srd008,"R2.11, R2.12, R2.13, R2.14, R2.15",False,"Task 3274: [stitch] prd008-ls R2.11, R2.12, R2.13, R2.14, R2.15 -- output format flags and column control",1317386,11171,92286,1225085,1.4687,6730,6768,38,4276,4276,0,201,2,45,7
690379efa78c51b59d8fb3415f014c1ad6639149,2026-03-23T21:25:32-04:00,3275,stitch,cmd/ls,cmd,srd008,"R3.1, R3.2, R3.3, R3.4, R3.5, R3.6",False,"Task 3275: [stitch] prd008-ls R3.1, R3.2, R3.3, R3.4, R3.5, R3.6 -- color output and symlink handling",1874692,39146,121016,1753659,2.6119,6768,6957,189,4276,4276,0,760,2,227,38
37bc416c6154ce0a2ae6cdff72918bfdaf9a5853,2026-03-23T21:25:32-04:00,3275,stitch,cmd/ls,cmd,srd008,"R3.1, R3.2, R3.3, R3.4, R3.5, R3.6",False,"Task 3275: [stitch] prd008-ls R3.1, R3.2, R3.3, R3.4, R3.5, R3.6 -- color output and symlink handling",444842,5724,90261,333378,1.0173,6957,6957,0,4276,4276,0,129,2,227,38
e20157bf00b15b14c8249c630d2272c355aa8319,2026-03-23T21:37:48-04:00,3278,stitch,cmd/ls,cmd,srd008,"R3.13, R3.14, R3.15, R4.1, R4.2, R4.3",False,"Task 3278: [stitch] [stitch] prd008-ls R3.13, R3.14, R3.15, R4.1, R4.2, R4.3 -- SELinux context and recursive listing",788903,23079,102471,686423,1.5607,6957,7084,127,4276,4276,0,407,1,139,12
6881d276aab19f6f8eb8e1b5dfe7280822406261,2026-03-23T21:46:30-04:00,3282,stitch,cmd/ls,cmd,srd008,"R4.4, R4.5, R4.6, R4.7, R4.8, R4.9",False,"Task 3282: [stitch] prd008-ls R4.4, R4.5, R4.6, R4.7, R4.8, R4.9 -- sorting and display options",1576147,22641,114247,1461884,2.0111,7084,7108,24,4276,4546,270,392,3,299,5
77bfe5ffdc8b120beff798c967bde5b6eac95492,2026-03-23T21:49:34-04:00,3283,stitch,cmd/pwd,cmd,srd051,"R1.1, R1.2, R1.3, R1.4, R2.1, R2.2",False,"Task 3283: [stitch] prd051-pwd R1.1, R1.2, R1.3, R1.4, R2.1, R2.2 -- pwd implementation",1158200,8293,76540,1081644,1.2266,7108,7274,166,4546,4680,134,165,2,300,0
2d3e66057a7ff12253a4fd0b2a9494e38144622d,2026-03-23T21:52:49-04:00,3284,stitch,cmd/pwd,cmd,srd051,"R3.1, R3.2, R3.3",False,"Task 3284: [stitch] prd051-pwd R3.1, R3.2, R3.3 -- pwd error handling and edge cases",1015653,7941,74882,940757,1.137,7274,7286,12,4680,4713,33,178,2,50,5
69a51161ae57aeaa9951e05c1f340e04c16f2869,2026-03-23T22:01:19-04:00,3285,stitch,cmd/tty,cmd,srd052,"R1.1, R1.2, R1.3, R2.1, R2.2, R3.1",False,"Task 3285: [stitch] prd052-tty R1.1, R1.2, R1.3, R2.1, R2.2, R3.1 -- tty implementation",759755,32159,96652,663094,1.7396,7286,7486,200,4713,4850,137,494,2,337,0
75c45b84ae453ac7796785071b50e8d55b13bf00,2026-03-23T22:05:36-04:00,3287,stitch,cmd/logname,cmd,srd053,"R1.1, R1.2, R2.1, R2.2, R2.3, R3.1",False,"Task 3287: [stitch] prd053-logname R1.1, R1.2, R2.1, R2.2, R2.3, R3.1 -- logname implementation",406699,2083,60728,345964,0.6046,7486,7585,99,4850,4850,0,44,1,99,0
1b3527a92fbdc82aa056d2bddb25ddc3dab153d8,2026-03-23T22:07:14-04:00,3288,stitch,cmd/logname,cmd,srd053,"R3.2, R3.3",False,"Task 3288: [stitch] prd053-logname R3.2, R3.3 -- logname differential tests",1020976,4364,75245,945717,1.0523,7585,7585,0,4850,4965,115,82,1,115,0
948b8facb4cd7213210589315c17a5bb690b1cfe,2026-03-23T22:10:21-04:00,3289,stitch,cmd/realpath,cmd,srd049,"R1.1, R1.2, R1.3, R1.4, R1.5, R2.1",False,"Task 3289: [stitch] prd049-realpath R1.1, R1.2, R1.3, R1.4, R1.5, R2.1 -- realpath core implementation",514667,10085,68289,446370,0.9022,7585,7751,166,4965,4965,0,168,1,166,0
67c56f76deba0bb1065f0ab6f2861914df12906d,2026-03-23T22:14:33-04:00,3290,stitch,cmd/realpath,cmd,srd049,"R2.2, R2.3, R3.1, R3.2, R3.3",False,"Task 3290: [stitch] prd049-realpath R2.2, R2.3, R3.1, R3.2, R3.3 -- realpath flags and error handling",467216,15596,75325,391884,1.0567,7751,7851,100,4965,4965,0,236,1,125,25
7dbea3cd5ec76ec4036274857f2a0f3b7d7b4490,2026-03-23T22:19:00-04:00,3292,stitch,cmd/readlink,cmd,srd050,"R1.1, R1.2, R1.3, R1.4, R1.5, R1.6",False,"Task 3292: [stitch] [stitch] prd050-readlink R1.1, R1.2, R1.3, R1.4, R1.5, R1.6 -- readlink core implementation",756739,8527,70620,686108,0.9977,7851,8081,230,4965,4965,0,137,1,230,0
44d33f95139dfa645fd3fccba743ab8c85058f85,2026-03-23T22:21:15-04:00,3293,stitch,cmd/readlink,cmd,srd050,"R2.1, R2.2, R3.1, R3.2",False,"Task 3293: [stitch] [stitch] prd050-readlink R2.1, R2.2, R3.1, R3.2 -- readlink flags and error handling",452212,6570,70813,381392,0.7976,8081,8143,62,4965,4965,0,117,1,67,5
f4b1446797f4f77ad05905709ab4b03d5382dcdd,2026-03-23T22:24:08-04:00,3294,stitch,cmd/readlink,cmd,srd050,"R4.1, R4.2, R4.3",False,"Task 3294: [stitch] [stitch] prd050-readlink R4.1, R4.2, R4.3 -- readlink differential tests",803513,9335,80409,723093,1.0975,8143,8143,0,4965,5274,309,156,1,309,0
41d9643046893fde0a5b655e48e58500436d6374,2026-03-23T22:26:21-04:00,3295,stitch,cmd/echo,cmd,srd020,"R1.1, R1.2, R1.3, R1.4, R2.1, R2.2",False,"Task 3295: [stitch] [stitch] prd020-echo R1.1, R1.2, R1.3, R1.4, R2.1, R2.2 -- echo core implementation",997002,5056,65192,931795,0.9998,8143,8342,199,5274,5274,0,116,1,199,0
5605dd94fc5e4de85ffe6f95beb9bae42c29af4d,2026-03-23T22:29:58-04:00,3297,stitch,cmd/echo,cmd,srd020,"R2.3, R2.4, R3.1, R3.2, R3.3",False,"Task 3297: [stitch] prd020-echo R2.3, R2.4, R3.1, R3.2, R3.3 -- echo escape sequences and error handling",567754,2745,66158,501587,0.733,8342,8345,3,5274,5274,0,89,1,6,3
4b2f8a0c1ca03d1d16c9c6aa4b5ceb980061ed5e,2026-03-23T22:31:41-04:00,3298,stitch,cmd/echo,cmd,srd020,"R4.1, R4.2, R4.3",False,"Task 3298: [stitch] prd020-echo R4.1, R4.2, R4.3 -- echo differential tests",525920,3435,69159,456753,0.7465,8345,8345,0,5274,5396,122,87,1,122,0
c6b4437ef5a1759ad4bdf932fd6150447d76ff2a,2026-03-23T22:34:52-04:00,3299,stitch,cmd/tac,cmd,srd021,"R1.1, R1.2, R1.3, R1.4, R2.1, R2.2",False,"Task 3299: [stitch] prd021-tac R1.1, R1.2, R1.3, R1.4, R2.1, R2.2 -- tac core implementation",1074464,9761,74524,999925,1.2098,8345,8572,227,5396,5396,0,172,1,227,0
4aec9524ac158eb82f9750f9267f3dcb35f40612,2026-03-23T22:36:24-04:00,3300,stitch,cmd/tac,cmd,srd021,"R2.3, R2.4, R3.1, R3.2, R3.3, R3.4",False,"Task 3300: [stitch] prd021-tac R2.3, R2.4, R3.1, R3.2, R3.3, R3.4 -- tac flags and error handling",282920,5165,65758,217157,0.6487,8572,8659,87,5396,5396,0,74,1,101,14
faf24fa9efb7a4ba19bdf1fb52a5be5e31b2c64f,2026-03-23T22:39:56-04:00,3302,stitch,cmd/tac,cmd,srd021,"R4.1, R4.2, R4.3",False,"Task 3302: [stitch] prd021-tac R4.1, R4.2, R4.3 -- tac differential tests",390658,2925,75734,314918,0.704,8659,8659,0,5396,5551,155,75,1,155,0
8341a2d942607cb567b942758457c8e32b04b5b1,2026-03-23T22:44:20-04:00,3303,stitch,cmd/nl,cmd,srd022,"R1.1, R1.2, R1.3, R1.4, R2.1, R2.2",False,"Task 3303: [stitch] prd022-nl R1.1, R1.2, R1.3, R1.4, R2.1, R2.2 -- nl core implementation",743483,15260,79750,663723,1.2118,8659,9022,363,5551,5551,0,248,1,363,0
c3b6c3aeb1a8eddf16d3c9598b1e66e724bc86c6,2026-03-23T22:48:26-04:00,3304,stitch,cmd/nl,cmd,srd022,"R2.3, R2.4, R3.1, R3.2, R3.3, R3.4",False,"Task 3304: [stitch] prd022-nl R2.3, R2.4, R3.1, R3.2, R3.3, R3.4 -- nl flags and error handling",984391,13866,77030,907348,1.2818,9022,9102,80,5551,5551,0,227,1,110,30
6e7da51074d89f018a176e99bf997c3992283f25,2026-03-23T22:57:09-04:00,3305,stitch,cmd/nl,cmd,srd022,"R4.1, R4.2, R4.3, R4.4",False,"Task 3305: [stitch] prd022-nl R4.1, R4.2, R4.3, R4.4 -- nl differential tests",1989627,26992,107877,1881729,2.29,9102,9121,19,5551,5871,320,507,2,342,3
b7ec05cbb6ad3dc410c1ccf058927988adee8db8,2026-03-23T23:03:43-04:00,3307,stitch,cmd/fold,cmd,srd023,"R1.1, R1.2, R1.3, R1.4, R2.1, R2.2",False,"Task 3307: [stitch] [stitch] prd023-fold R1.1, R1.2, R1.3, R1.4, R2.1, R2.2 -- fold core implementation",581589,15834,80722,500859,1.1508,9121,9398,277,5871,5871,0,255,1,277,0
5fdfa08ab643d167d5841d9295c9bb303c42fd9e,2026-03-23T23:11:38-04:00,3308,stitch,cmd/fold,cmd,srd023,"R2.3, R3.1, R3.2, R3.3, R3.4",False,"Task 3308: [stitch] [stitch] prd023-fold R2.3, R3.1, R3.2, R3.3, R3.4 -- fold flags and error handling",667214,29542,97220,569986,1.6312,9398,9589,191,5871,5871,0,457,1,196,5
51fc144c0830763c84b930c837737034e47add25,2026-03-23T23:14:58-04:00,3309,stitch,cmd/fold,cmd,srd023,"R4.1, R4.2, R4.3, R4.4",False,"Task 3309: [stitch] [stitch] prd023-fold R4.1, R4.2, R4.3, R4.4 -- fold differential tests",1293484,9211,84895,1208573,1.3652,9589,9601,12,5871,6185,314,184,2,328,2
b7059d1f8fab6af18a0a36afeb8c81249cf3020f,2026-03-23T23:18:54-04:00,3310,stitch,cmd/expand,cmd,srd024,"R1.1, R1.2, R1.3, R1.4, R2.1, R2.2",False,"Task 3310: [stitch] [stitch] prd024-expand R1.1, R1.2, R1.3, R1.4, R2.1, R2.2 -- expand core implementation",481639,13115,77513,404119,1.0144,9601,9881,280,6185,6185,0,220,1,280,0
513af35ae1f9a3afb02c25ba755eba109a64fd77,2026-03-23T23:22:47-04:00,3312,stitch,cmd/expand,cmd,srd024,"R2.3, R2.4, R3.1, R3.2, R3.3, R3.4",False,"Task 3312: [stitch] prd024-expand R2.3, R2.4, R3.1, R3.2, R3.3, R3.4 -- expand flags and error handling",899294,6174,68381,830900,0.9972,9881,9894,13,6185,6185,0,130,1,16,3
c61178c27b4909274d9e6faafcc808e8a550cc44,2026-03-23T23:26:19-04:00,3313,stitch,cmd/expand,cmd,srd024,"R4.1, R4.2, R4.3",False,"Task 3313: [stitch] prd024-expand R4.1, R4.2, R4.3 -- expand differential tests",703713,7960,74220,629483,0.9777,9894,9894,0,6185,6424,239,195,1,239,0
d802002ea6afa12f735392aab56ea3302370db9e,2026-03-23T23:29:18-04:00,3314,stitch,cmd/unexpand,cmd,srd025,"R1.1, R1.2, R1.3, R1.4, R2.1, R2.2",False,"Task 3314: [stitch] prd025-unexpand R1.1, R1.2, R1.3, R1.4, R2.1, R2.2 -- unexpand core implementation",531624,9175,71672,459944,0.9073,9894,10127,233,6424,6424,0,160,1,233,0
108ee123a03dec09aeac9176f2988093e279a31c,2026-03-23T23:31:51-04:00,3315,stitch,cmd/unexpand,cmd,srd025,"R2.3, R3.1, R3.2, R3.3, R4.1, R4.2",False,"Task 3315: [stitch] prd025-unexpand R2.3, R3.1, R3.2, R3.3, R4.1, R4.2 -- unexpand tab-stops, file handling, and differential tests",640586,7583,75999,564578,0.9469,10127,10230,103,6424,6576,152,135,2,305,50
bdb973d3506790ba270a794c839130d4a6180596,2026-03-23T23:42:16-04:00,3317,stitch,cmd/cut,cmd,srd026,"R1.1, R1.2, R1.3, R1.4, R2.1, R2.2",False,"Task 3317: [stitch] [stitch] prd026-cut R1.1, R1.2, R1.3, R1.4, R2.1, R2.2 -- cut core implementation, byte and character modes",687821,33789,103431,584382,1.7834,10230,10903,673,6576,6576,0,476,1,673,0
460c825d51d3680d4313437d5bb4e06dc69b9ad6,2026-03-23T23:43:40-04:00,3318,stitch,cmd/cut,cmd,srd026,"R2.3, R2.4, R3.1, R3.2, R3.3",False,"Task 3318: [stitch] [stitch] prd026-cut R2.3, R2.4, R3.1, R3.2, R3.3 -- cut field mode, delimiter handling, and complement",450217,2399,69183,381027,0.6829,10903,10904,1,6576,6576,0,67,1,2,1
1357e71f597d00d60c6fcfb6c1dce0d2cc296a2b,2026-03-23T23:45:29-04:00,3319,stitch,cmd/cut,cmd,srd026,"R4.1, R4.2, R4.3, R4.4",False,"Task 3319: [stitch] [stitch] prd026-cut R4.1, R4.2, R4.3, R4.4 -- cut differential tests",686300,4867,84083,598574,0.9647,10904,10904,0,6576,6836,260,93,1,260,0
51d70ef6d138ddb92ff48cdfe8d82c273cca425d,2026-03-23T23:50:57-04:00,3320,stitch,cmd/paste,cmd,srd027,"R1.1, R1.2, R1.3, R1.4, R2.1, R2.2",False,"Task 3320: [stitch] [stitch] prd027-paste R1.1, R1.2, R1.3, R1.4, R2.1, R2.2 -- paste core implementation and delimiter handling",698211,17623,85834,612368,1.2833,10904,11226,322,6836,6836,0,309,1,322,0
333b56bab58ee168baca5af160ad2936c464044c,2026-03-23T23:59:17-04:00,3322,stitch,cmd/paste,cmd,srd027,"R2.3, R3.1, R3.2, R3.3",False,"Task 3322: [stitch] [stitch] prd027-paste R2.3, R3.1, R3.2, R3.3 -- paste serial mode and error handling",599842,22738,84773,515061,1.3559,11226,11326,100,6836,6836,0,348,1,113,13
60e51cdb9a2dd21e5e69cb1fa5fe2ad2be382661,2026-03-24T00:00:40-04:00,3323,stitch,cmd/paste,cmd,srd027,"R4.1, R4.2, R4.3, R4.4",False,"Task 3323: [stitch] [stitch] prd027-paste R4.1, R4.2, R4.3, R4.4 -- paste differential tests",471377,3536,74955,396415,0.7551,11326,11326,0,6836,7061,225,67,1,225,0
b04ef26f0ffe6a8477a31d178d1282c2c66c08b6,2026-03-24T00:03:57-04:00,3324,stitch,cmd/uniq,cmd,srd028,"R1.1, R1.2, R1.3, R1.4, R2.1, R2.2",False,"Task 3324: [stitch] [stitch] prd028-uniq R1.1, R1.2, R1.3, R1.4, R2.1, R2.2 -- uniq core implementation and counting",561821,10327,83036,478777,1.0166,11326,11670,344,7061,7061,0,178,1,344,0
4b00bae146ad56e8aa5d5346c3dd25ea672c17cb,2026-03-24T00:09:45-04:00,3325,stitch,cmd/uniq,cmd,srd028,"R2.3, R2.4, R3.1, R3.2, R3.3, R3.4",False,"Task 3325: [stitch] [stitch] prd028-uniq R2.3, R2.4, R3.1, R3.2, R3.3, R3.4 -- uniq field/char skipping and case folding",503497,21362,83636,419854,1.2667,11670,11840,170,7061,7061,0,332,1,241,71
40fd5881bd559d93df465390593a610cc5326f17,2026-03-24T00:15:58-04:00,3327,stitch,cmd/comm,cmd,srd029,"R1.1, R1.2, R1.3, R1.4, R2.1, R2.2",False,"Task 3327: [stitch] [stitch] prd029-comm R1.1, R1.2, R1.3, R1.4, R2.1, R2.2 -- comm core comparison and column suppression",1203582,10237,87143,1116424,1.3589,11840,12188,348,7061,7061,0,183,1,348,0
8d61ba8608d86c6666393b405a29682b7320d0ab,2026-03-24T00:24:16-04:00,3328,stitch,cmd/comm,cmd,srd029,"R2.3, R2.4, R3.1, R3.2, R3.3, R3.4",False,"Task 3328: [stitch] [stitch] prd029-comm R2.3, R2.4, R3.1, R3.2, R3.3, R3.4 -- comm delimiter, order checking, and error handling",1278324,27406,92196,1186113,1.8545,12188,12377,189,7061,7061,0,481,1,253,64
4a370d8ac12a4c137ee1b2f245c3eb17f9611a09,2026-03-24T00:26:58-04:00,3329,stitch,cmd/comm,cmd,srd029,"R4.1, R4.2, R4.3, R4.4",False,"Task 3329: [stitch] [stitch] prd029-comm R4.1, R4.2, R4.3, R4.4 -- comm differential tests",1319949,7439,85775,1234158,1.3392,12377,12368,-9,7061,7341,280,141,2,293,22
f98edaf59044bf90054bda870ed6068544efebce,2026-03-24T00:31:15-04:00,3331,stitch,cmd/md5sum,cmd,srd030,"R1.1, R1.2, R1.3, R1.4, R2.1, R2.2",False,"Task 3331: [stitch] prd030-md5sum R1.1, R1.2, R1.3, R1.4, R2.1, R2.2 -- md5sum core digest implementation",698351,4077,71864,626477,0.8644,12368,12546,178,7341,7341,0,81,1,178,0
ae54d4cb9bba5c752bc04dbeffc56ea7d41a223f,2026-03-24T00:34:44-04:00,3332,stitch,cmd/md5sum,cmd,srd030,"R2.3, R2.4, R3.1, R3.2, R3.3",False,"Task 3332: [stitch] prd030-md5sum R2.3, R2.4, R3.1, R3.2, R3.3 -- md5sum check mode options and error handling",966537,9518,76121,890403,1.159,12546,12595,49,7341,7341,0,192,2,63,14
a1429146b9feef37e8bb4dc965d232b6f2351146,2026-03-24T00:40:07-04:00,3333,stitch,cmd/md5sum,cmd,srd030,"R4.1, R4.2, R4.3",False,"Task 3333: [stitch] prd030-md5sum R4.1, R4.2, R4.3 -- md5sum differential tests",2734565,14507,98786,2635749,2.3528,12595,12595,0,7341,7640,299,303,1,299,0
e1a78ca303bdc4ab7c4f7b6c73ebde50674b92e6,2026-03-24T00:41:40-04:00,3334,stitch,cmd/sha1sum,cmd,srd031,"R1.1, R1.2, R1.3, R1.4, R2.1, R2.2",False,"Task 3334: [stitch] prd031-sha1sum R1.1, R1.2, R1.3, R1.4, R2.1, R2.2 -- sha1sum core digest implementation",502961,3060,64937,438016,0.7014,12595,12773,178,7640,7640,0,77,1,178,0
ca64f06080650e5d0d93cb2de056a65377dde67e,2026-03-24T00:47:18-04:00,3336,stitch,cmd/sha1sum,cmd,srd031,"R2.3, R3.1, R3.2",False,"Task 3336: [stitch] [stitch] prd031-sha1sum R2.3, R3.1, R3.2 -- sha1sum check mode options and error handling",732625,9966,76898,655717,1.0577,12773,12789,16,7640,7640,0,198,1,30,14
6d0cb653f8eb357ca142d5e1a03c6617dd372781,2026-03-24T00:51:36-04:00,3337,stitch,cmd/sha1sum,cmd,srd031,"R4.1, R4.2, R4.3",False,"Task 3337: [stitch] [stitch] prd031-sha1sum R4.1, R4.2, R4.3 -- sha1sum differential tests",1129249,13129,87377,1041858,1.3953,12789,12789,0,7640,7938,298,242,1,298,0
ad42498c4f23a685c5645762d3883d8eeec8bacc,2026-03-24T00:53:15-04:00,3338,stitch,cmd/sha256sum,cmd,srd032,"R1.1, R1.2, R1.3, R1.4, R2.1, R2.2",False,"Task 3338: [stitch] [stitch] prd032-sha256sum R1.1, R1.2, R1.3, R1.4, R2.1, R2.2 -- sha256sum core digest implementation",597223,5009,70466,526748,0.8291,12789,13015,226,7938,7938,0,83,1,226,0
3b4cef870a1e454f0aa3493c63f10e04269757b4,2026-03-24T00:56:13-04:00,3339,stitch,cmd/sha256sum,cmd,srd032,"R2.3, R3.1, R3.2",False,"Task 3339: [stitch] [stitch] prd032-sha256sum R2.3, R3.1, R3.2 -- sha256sum check mode and error handling",1076699,8039,79177,997508,1.1947,13015,13015,0,7938,7938,0,159,1,5,5
503f6e51c3a7756a250c00ac9af3f2714478eb5d,2026-03-24T00:59:43-04:00,3341,stitch,cmd/sha256sum,cmd,srd032,"R4.1, R4.2, R4.3",False,"Task 3341: [stitch] prd032-sha256sum R4.1, R4.2, R4.3 -- sha256sum differential tests",562025,4796,77730,484287,0.8479,13015,13015,0,7938,8239,301,84,1,301,0
e3ef0d5076145e711254eac1a3ee0f6bbd881a6b,2026-03-24T01:01:13-04:00,3342,stitch,cmd/sha512sum,cmd,srd033,"R1.1, R1.2, R1.3, R1.4, R2.1, R2.2",False,"Task 3342: [stitch] prd033-sha512sum R1.1, R1.2, R1.3, R1.4, R2.1, R2.2 -- sha512sum core digest implementation",593524,4005,67944,525571,0.7876,13015,13239,224,8239,8239,0,74,1,224,0
e27e8d3f9f9e6168bbbdbbe0f9adbafc873c020e,2026-03-24T01:04:04-04:00,3343,stitch,cmd/sha512sum,cmd,srd033,"R2.3, R3.1, R3.2",False,"Task 3343: [stitch] prd033-sha512sum R2.3, R3.1, R3.2 -- sha512sum check mode and error handling",638746,7991,75826,562911,0.9552,13239,13270,31,8239,8239,0,153,1,48,17
8c0460e1c002630895ee2fc7bfbd590774a75a54,2026-03-24T15:13:18-04:00,3344,stitch,cmd/sha512sum,cmd,srd033,"R4.1, R4.2, R4.3",False,"Task 3344: [stitch] prd033-sha512sum R4.1, R4.2, R4.3 -- sha512sum differential tests",1356758,6352,82787,1273954,1.3133,13270,13270,0,8239,8552,313,136,1,313,0
c60876a6404b077ec925dddc279eb2145641467f,2026-03-24T15:16:43-04:00,3346,stitch,cmd/unlink,cmd,srd038,"R1.1, R1.2, R1.3, R2.1, R2.2, R2.3",False,"Task 3346: [stitch] [stitch] prd038-unlink R1.1, R1.2, R1.3, R2.1, R2.2, R2.3 -- unlink core implementation",348954,2588,63318,285630,0.6033,13270,13394,124,8552,8552,0,50,1,124,0
f9d121867969d776f81347bf1416a7381c7bae0f,2026-03-24T15:21:07-04:00,3347,stitch,cmd/unlink,cmd,srd038,"R2.4, R3.1, R3.2, R3.3",False,"Task 3347: [stitch] [stitch] prd038-unlink R2.4, R3.1, R3.2, R3.3 -- unlink differential tests",921940,13715,80618,841310,1.2675,13394,13386,-8,8552,8758,206,245,2,211,13
75ab5a21ac6ca7cd44acdbb095a44999176ab563,2026-03-24T15:22:50-04:00,3348,stitch,cmd/mkdir,cmd,srd034,"R1.1, R1.2, R1.3, R1.4, R2.1, R2.2",False,"Task 3348: [stitch] [stitch] prd034-mkdir R1.1, R1.2, R1.3, R1.4, R2.1, R2.2 -- mkdir core implementation",431839,4805,66172,365660,0.7166,13386,13604,218,8758,8758,0,82,1,218,0
35587c34dbd8a2dd198b82508f4fdd5a541ee517,2026-03-24T15:24:39-04:00,3349,stitch,cmd/mkdir,cmd,srd034,"R2.3, R3.1, R3.2, R3.3, R3.4",False,"Task 3349: [stitch] [stitch] prd034-mkdir R2.3, R3.1, R3.2, R3.3, R3.4 -- mkdir verbose mode and error handling",432513,5229,66490,366016,0.7293,13604,13708,104,8758,8758,0,90,1,138,34
18ada7339df30de4f7910272f69d3a7379890eff,2026-03-24T15:29:58-04:00,3351,stitch,cmd/rmdir,cmd,srd035,"R1.1, R1.2, R1.3, R1.4, R2.1, R2.2",False,"Task 3351: [stitch] prd035-rmdir R1.1, R1.2, R1.3, R1.4, R2.1, R2.2 -- rmdir core implementation",944621,9672,84590,860019,1.2006,13708,13931,223,8758,9049,291,158,2,514,0
4279b7539895c09af8fdef35d341bd4cba76a137,2026-03-24T15:33:30-04:00,3352,stitch,cmd/rmdir,cmd,srd035,"R2.3, R3.1, R3.2, R3.3, R3.4",False,"Task 3352: [stitch] prd035-rmdir R2.3, R3.1, R3.2, R3.3, R3.4 -- rmdir verbose mode and error handling",952172,10756,85828,866332,1.2386,13931,13951,20,9049,9175,126,192,2,153,7
09a379205d0d30405e838c7f243d9520ce8314ed,2026-03-24T15:36:17-04:00,3353,stitch,cmd/rmdir,cmd,srd035,"R4.1, R4.2, R4.3",False,"Task 3353: [stitch] prd035-rmdir R4.1, R4.2, R4.3 -- rmdir edge cases and differential tests",679440,7140,83333,596098,0.9974,13951,13951,0,9175,9405,230,145,1,231,1
f68842c172cd706f0c9eff2b35caa1f08c691804,2026-03-24T15:42:42-04:00,3354,stitch,cmd/mktemp,cmd,srd036,"R1.1, R1.2, R1.3, R1.4, R1.5, R2.1",False,"Task 3354: [stitch] prd036-mktemp R1.1, R1.2, R1.3, R1.4, R1.5, R2.1 -- mktemp core implementation",1086331,20986,92567,993751,1.6525,13951,14219,268,9405,9625,220,368,2,488,0
f91df5ba304c199567bdf54530f92ba828a295ae,2026-03-24T15:50:23-04:00,3356,stitch,cmd/mktemp,cmd,srd036,"R2.2, R2.3, R3.1, R3.2, R3.3, R3.4",False,"Task 3356: [stitch] [stitch] prd036-mktemp R2.2, R2.3, R3.1, R3.2, R3.3, R3.4 -- mktemp directory mode and error handling",539033,21420,91933,447093,1.3337,14219,14308,89,9625,9807,182,313,2,319,48
829ac55c75a8b6fa3c9448a806159cfccc71d2c8,2026-03-24T15:57:53-04:00,3357,stitch,cmd/mktemp,cmd,srd036,"R3.5, R3.6, R4.1, R4.2, R4.3, R4.4",False,"Task 3357: [stitch] [stitch] prd036-mktemp R3.5, R3.6, R4.1, R4.2, R4.3, R4.4 -- mktemp edge cases and differential tests",1007457,27112,103009,904437,1.7739,14308,14353,45,9807,9925,118,431,2,169,6
754563bde0da058a9ee5ed5af8dbc5b6a537de9a,2026-03-24T16:01:27-04:00,3358,stitch,cmd/ln,cmd,srd037,"R1.1, R1.2, R1.3, R1.4, R2.1, R2.2",False,"Task 3358: [stitch] [stitch] prd037-ln R1.1, R1.2, R1.3, R1.4, R2.1, R2.2 -- ln core implementation",934318,12883,84655,849651,1.2761,14353,14597,244,9925,10251,326,197,2,570,0
a701e92548ec2002ea7b1ce26756c481403b7049,2026-03-24T16:09:55-04:00,3359,stitch,cmd/ln,cmd,srd037,"R2.3, R2.4, R3.1, R3.2, R3.3, R3.4",False,"Task 3359: [stitch] [stitch] prd037-ln R2.3, R2.4, R3.1, R3.2, R3.3, R3.4 -- ln force mode and advanced options",808803,32798,104615,704179,1.8259,14597,14761,164,10251,10559,308,484,2,495,23
3bcc93964bcc67d6fc432c3dddf08bead0430586,2026-03-24T16:16:51-04:00,3360,stitch,cmd/ln,cmd,srd037,"R3.5, R3.6, R4.1, R4.2, R4.3",False,"Task 3360: [stitch] prd037-ln R3.5, R3.6, R4.1, R4.2, R4.3 -- ln edge cases and differential tests",892314,20693,100816,791488,1.5432,14761,14903,142,10559,10843,284,268,2,444,18
3144be38261f5849f39dd4ade15c1e63c72a5efc,2026-03-24T16:22:51-04:00,3361,stitch,cmd/mkdir,cmd,srd034,"R4.1, R4.2, R4.3",False,"Task 3361: [stitch] prd034-mkdir R4.1, R4.2, R4.3 -- mkdir edge cases and differential tests",1107572,21586,96239,1011320,1.6469,14903,14903,0,10843,11144,301,340,1,301,0
1e17df943b187776ef8b632a54ec6e8e1913e441,2026-03-24T16:34:02-04:00,3362,stitch,cmd/env,cmd,srd039,"R1.1, R1.2, R1.3, R2.1, R2.2, R2.3",False,"Task 3362: [stitch] prd039-env R1.1, R1.2, R1.3, R2.1, R2.2, R2.3 -- env core implementation",1503297,38853,115980,1387301,2.3899,14903,15185,282,11144,11345,201,656,2,483,0
ffbc808ca11cb88a6eebd1b3e4df447a63a9ab84,2026-03-24T16:37:36-04:00,3363,stitch,cmd/env,cmd,srd039,"R3.1, R3.2, R3.3, R4.1, R4.2, R4.3",False,"Task 3363: [stitch] prd039-env R3.1, R3.2, R3.3, R4.1, R4.2, R4.3 -- env advanced options and error handling",483880,8405,77742,406131,0.8991,15185,15200,15,11345,11421,76,195,2,98,7
2966fdbbf1883b172a08517d496690597778369d,2026-03-24T16:42:45-04:00,3365,stitch,cmd/printenv,cmd,srd040,"R1.1, R1.2, R1.3, R2.1, R2.2, R2.3",False,"Task 3365: [stitch] [stitch] prd040-printenv R1.1, R1.2, R1.3, R2.1, R2.2, R2.3 -- printenv core implementation",504997,4140,67488,437501,0.7441,15200,15371,171,11421,11421,0,95,1,171,0
b138d0eb35570f9058cf28b5637534db1d6ad37d,2026-03-24T16:45:04-04:00,3366,stitch,cmd/printenv,cmd,srd040,"R2.4, R3.1, R3.2, R3.3",False,"Task 3366: [stitch] [stitch] prd040-printenv R2.4, R3.1, R3.2, R3.3 -- printenv error handling and edge cases",428071,6197,66092,361972,0.749,15371,15372,1,11421,11421,0,120,1,2,1
9868f2617df72b6f788eab971f539883cbba5579,2026-03-24T16:46:11-04:00,3368,stitch,cmd/whoami,cmd,srd042,"R1.1, R1.2, R2.1, R2.2, R3.1, R3.2",False,"Task 3368: [stitch] [stitch] prd042-whoami R1.1, R1.2, R2.1, R2.2, R3.1, R3.2 -- whoami core implementation",342544,2251,61456,281082,0.5809,15372,15470,98,11421,11421,0,45,1,98,0
bf20b1649ad9bae3ade009c4ca96ea04c972daaa,2026-03-24T16:54:32-04:00,3370,stitch,cmd/id,cmd,srd041,"R1.1, R1.2, R1.3, R2.1, R2.2, R2.3",False,"Task 3370: [stitch] [stitch] prd041-id R1.1, R1.2, R1.3, R2.1, R2.2, R2.3 -- id core implementation",749336,19337,108432,640896,1.4816,15470,15802,332,11421,11421,0,317,1,332,0
29802a7f1908d0ba3900b6dedc1c0518f316771f,2026-03-24T16:57:55-04:00,3371,stitch,cmd/id,cmd,srd041,"R2.4, R3.1, R3.2, R3.3",False,"Task 3371: [stitch] [stitch] prd041-id R2.4, R3.1, R3.2, R3.3 -- id error handling and edge cases",475650,12881,76438,399205,0.9994,15802,15879,77,11421,11421,0,183,1,155,78
3b5d94bab80d6514dc4c2a1759fca188e657db5c,2026-03-24T16:59:57-04:00,3372,stitch,cmd/id,cmd,srd041,"R4.1, R4.2, R4.3",False,"Task 3372: [stitch] [stitch] prd041-id R4.1, R4.2, R4.3 -- id differential tests",1046601,4688,77858,968729,1.0882,15879,15879,0,11421,11569,148,104,2,150,2
4719ec6a19aa39d8bf49982697e623925e161efb,2026-03-24T17:01:27-04:00,3373,stitch,cmd/groups,cmd,srd043,"R1.1, R1.2, R1.3, R2.1, R2.2, R2.3",False,"Task 3373: [stitch] [stitch] prd043-groups R1.1, R1.2, R1.3, R2.1, R2.2, R2.3 -- groups core implementation",491522,2598,92458,399058,0.8424,15879,16051,172,11569,11569,0,70,1,172,0
f07fcfee22c0270b64d1cee6326e06ceb778d49d,2026-03-24T17:13:40-04:00,3375,stitch,cmd/tr,cmd,srd054,"R1.1, R1.2, R1.3, R1.4, R2.1, R2.2",False,"Task 3375: [stitch] [stitch] prd054-tr R1.1, R1.2, R1.3, R1.4, R2.1, R2.2 -- tr core translation",608181,38229,130573,477602,2.0106,16051,16631,580,11569,11569,0,546,1,580,0
5d1b877060305a94d9c3bdbdac65e01949b01980,2026-03-24T17:18:49-04:00,3376,stitch,cmd/tr,cmd,srd054,"R2.3, R2.4, R3.1, R3.2, R3.3",False,"Task 3376: [stitch] [stitch] prd054-tr R2.3, R2.4, R3.1, R3.2, R3.3 -- tr character classes and operations",694612,18655,84276,610327,1.2983,16631,16760,129,11569,11569,0,291,1,166,37
de3faf2f90d8fbfb264e5e63ba4ce7a4679ded9f,2026-03-24T17:21:56-04:00,3377,stitch,cmd/tr,cmd,srd054,"R4.1, R4.2, R4.3",False,"Task 3377: [stitch] [stitch] prd054-tr R4.1, R4.2, R4.3 -- tr error handling and edge cases",559318,8381,75734,483576,0.9247,16760,16765,5,11569,11569,0,168,1,11,6
90d6be51ee24e776adf5c27022210543b50a8041,2026-03-24T17:23:51-04:00,3378,stitch,cmd/tr,cmd,srd054,,False,Task 3378: [stitch] [stitch] prd054-tr differential tests,702002,4834,85034,616959,0.9608,16765,16765,0,11569,11864,295,96,1,295,0
46fc6e71f1dfeec35f08a76673793f35ca001d1c,2026-03-24T17:28:04-04:00,3380,stitch,cmd/sort,cmd,srd053,"R1.1, R1.2, R1.3, R1.4, R1.5, R1.6",False,"Task 3380: [stitch] prd053-sort R1.1, R1.2, R1.3, R1.4, R1.5, R1.6 -- sort core entry point and basic ordering",631734,6809,75228,556497,0.9187,16765,17209,444,11864,11864,0,113,1,444,0
1ab091d500463b44ac5b886d3397da59097d6c02,2026-03-24T17:36:21-04:00,3381,stitch,cmd/sort,cmd,srd053,"R1.7, R2.1, R2.2, R2.3, R2.4",False,"Task 3381: [stitch] prd053-sort R1.7, R2.1, R2.2, R2.3, R2.4 -- sort key definitions and field separator",775912,34304,99016,676887,1.8149,17209,17675,466,11864,11864,0,479,2,594,128
07271dcf62a27b527bfb032f474fc49a165997e8,2026-03-24T17:59:24-04:00,3382,stitch,cmd/sort,cmd,srd053,"R3.1, R3.2, R3.3, R3.4",False,"Task 3382: [stitch] prd053-sort R3.1, R3.2, R3.3, R3.4 -- sort modes and stability",585418,32091,32072,553339,1.2794,17675,18228,553,11864,11864,0,444,4,612,59
d54dc14e4fada1a9d696894083612e26fa2e8489,2026-03-24T18:06:26-04:00,3383,stitch,cmd/sort,cmd,srd053,"R4.1, R4.2, R4.3, R4.4",False,"Task 3383: [stitch] prd053-sort R4.1, R4.2, R4.3, R4.4 -- check mode, error handling, and edge cases",1000882,26918,103826,897045,1.7704,18228,18430,202,11864,11864,0,403,2,250,48
29ae4a315051d46d2d39a8314b2f6343de61a1a7,2026-03-24T18:09:59-04:00,3385,stitch,cmd/tail,cmd,srd055,,True,Task 3385: [stitch] [stitch] prd055-tail (contract) -- exported types and function signatures,432532,2687,65156,367369,0.6581,18430,18510,80,11864,11864,0,64,1,80,0
647961ad5966a6f8fbd12144ab78d65290f5864c,2026-03-24T18:12:02-04:00,3386,stitch,cmd/tail,cmd,srd055,"R1.1, R1.2, R1.3, R1.4, R2.1, R2.2",False,"Task 3386: [stitch] [stitch] prd055-tail R1.1, R1.2, R1.3, R1.4, R2.1, R2.2 -- core entry point and basic line/byte selection",629440,6398,74428,555003,0.9027,18510,18867,357,11864,11864,0,104,1,387,30
cc06bd9f744f3f8871d9d38e907f3f8d11caea70,2026-03-24T18:19:18-04:00,3387,stitch,cmd/tail,cmd,srd055,"R2.3, R3.1, R3.2, R3.3, R3.4",False,"Task 3387: [stitch] [stitch] prd055-tail R2.3, R3.1, R3.2, R3.3, R3.4 -- follow mode and multiple file handling",820187,26346,90614,729563,1.5898,18867,19275,408,11864,11864,0,416,2,459,51
77b9d7933b2486a05e7ab14bea95c8f76ee0091a,2026-03-24T18:21:36-04:00,3388,stitch,cmd/tail,cmd,srd055,"R4.1, R4.2, R4.3, R4.4",False,"Task 3388: [stitch] [stitch] prd055-tail R4.1, R4.2, R4.3, R4.4 -- error handling, headers, and differential tests",505217,4876,82111,423099,0.8467,19275,19275,0,11864,12113,249,117,1,249,0
ef2d4dbb624f1c43f086ca259ab8b54260b045b8,2026-03-24T18:26:33-04:00,3390,stitch,cmd/cp,cmd,srd056,"R1.1, R1.2, R1.3, R1.4, R2.1, R2.2",False,"Task 3390: [stitch] [stitch] prd056-cp R1.1, R1.2, R1.3, R1.4, R2.1, R2.2 -- core entry point and basic copy operations",554645,8507,74953,479684,0.921,19275,19759,484,12113,12113,0,138,1,484,0
e3ee29e7ccf0b6320583d365775792c13b41326d,2026-03-24T18:34:27-04:00,3391,stitch,cmd/cp,cmd,srd056,"R2.3, R2.4, R3.1, R3.2, R3.3, R3.4",False,"Task 3391: [stitch] [stitch] prd056-cp R2.3, R2.4, R3.1, R3.2, R3.3, R3.4 -- recursive copy, preservation, and directory handling",621037,23305,88518,532511,1.4022,19759,19878,119,12113,12113,0,456,1,143,24
1d6cd97d07164c1729a3426df9ae63f84b4133df,2026-03-24T18:38:04-04:00,3392,stitch,cmd/cp,cmd,srd056,"R4.1, R4.2, R4.3, R4.4",False,"Task 3392: [stitch] [stitch] prd056-cp R4.1, R4.2, R4.3, R4.4 -- error handling and differential tests",857127,9430,85859,771257,1.1581,19878,19897,19,12113,12375,262,199,2,281,0
ef3c62216e6b039b94436fb57d0fb5f7c7f9850b,2026-03-24T18:41:21-04:00,3393,stitch,cmd/mv,cmd,srd057,"R1.1, R1.2, R1.3, R1.4, R2.1, R2.2",False,"Task 3393: [stitch] [stitch] prd057-mv R1.1, R1.2, R1.3, R1.4, R2.1, R2.2 -- core entry point and basic move operations",648309,11048,78022,570278,1.049,19897,20376,479,12375,12375,0,177,1,479,0
9ef9a101f7d6c7872e597e5cb7d8e06e6b84a6f5,2026-03-24T18:47:00-04:00,3395,stitch,cmd/mv,cmd,srd057,"R1.2, R2.3, R2.4, R3.1, R3.2, R3.3",False,"Task 3395: [stitch] prd057-mv R1.2, R2.3, R2.4, R3.1, R3.2, R3.3 -- cross-device move, directory handling, and interactive mode",1243521,6418,90953,1152553,1.3053,20376,20436,60,12375,12375,0,162,1,61,1
55299bedd6a0067e160af37c45e2aadbdb9ae903,2026-03-24T18:52:05-04:00,3396,stitch,cmd/mv,cmd,srd057,"R4.1, R4.2, R4.3, R4.4, R1.2",False,"Task 3396: [stitch] prd057-mv R4.1, R4.2, R4.3, R4.4 and prd056-cp R1.2 -- error handling and differential tests",1819520,14856,104089,1715412,1.8798,20436,20466,30,12375,12785,410,287,3,446,6
d9d92c9cb759711ee4d464c8edb6fc57411252ca,2026-03-24T18:56:12-04:00,3397,stitch,cmd/rm,cmd,srd058,"R1.1, R1.2, R1.3, R1.4, R2.1, R2.2",False,"Task 3397: [stitch] prd058-rm R1.1, R1.2, R1.3, R1.4, R2.1, R2.2 -- core entry point and basic removal operations",707763,12857,88374,619380,1.1835,20466,20797,331,12785,13132,347,230,2,678,0
79378cb0ca8e6ba09c8a9aeecfbe92d6b3a7737b,2026-03-24T19:06:24-04:00,3398,stitch,cmd/rm,cmd,srd058,"R2.3, R2.4, R3.1, R3.2, R3.3, R3.4",False,"Task 3398: [stitch] prd058-rm R2.3, R2.4, R3.1, R3.2, R3.3, R3.4 -- recursive removal, interactive mode, and directory handling",1026166,38000,117910,908246,2.1411,20797,20968,171,13132,13414,282,594,2,486,33
6f612efc9148c711ee070275fa20894b0c062cb0,2026-03-24T19:11:14-04:00,3400,stitch,cmd/rm,cmd,srd058,"R4.1, R4.2, R4.3, R4.4",False,"Task 3400: [stitch] prd058-rm R4.1, R4.2, R4.3, R4.4 -- error handling and differential tests",1149028,7581,94072,1054943,1.305,20968,20970,2,13414,13602,188,144,2,192,2
73f7775d65c1b4374591b429753411c3fa86a570,2026-03-24T19:12:24-04:00,3401,stitch,cmd/sleep,cmd,srd061,"R1.1, R1.2, R1.3, R1.4, R2.1, R2.2",False,"Task 3401: [stitch] prd061-sleep R1.1, R1.2, R1.3, R1.4, R2.1, R2.2 -- core entry point and basic duration parsing",341484,2471,61180,280298,0.5843,20970,21087,117,13602,13602,0,52,1,117,0
e7ee4e06cfcf4025d26eb3ddbfe489d2bdf7158e,2026-03-24T19:14:28-04:00,3402,stitch,cmd/sleep,cmd,srd061,"R2.3, R2.4, R3.1, R3.2, R3.3, R3.4",False,"Task 3402: [stitch] prd061-sleep R2.3, R2.4, R3.1, R3.2, R3.3, R3.4 -- error handling, special values, and flag support",358788,6889,66778,292004,0.7356,21087,21135,48,13602,13602,0,107,1,56,8
77ea145fdfeecf6ae4b3b0ec8e02683c626c285e,2026-03-24T19:16:32-04:00,3403,stitch,cmd/sleep,cmd,srd061,"R4.1, R4.2, R4.3, R4.4",False,"Task 3403: [stitch] prd061-sleep R4.1, R4.2, R4.3, R4.4 -- differential tests",556700,6514,76626,480066,0.8818,21135,21135,0,13602,13786,184,107,1,184,0
dcd183f38ae3fb575012e7c09a8f7593a28eb3fb,2026-03-24T19:19:49-04:00,3405,stitch,cmd/factor,cmd,srd065,"R1.1, R1.2, R1.3, R1.4, R2.1, R2.2",False,"Task 3405: [stitch] prd065-factor R1.1, R1.2, R1.3, R1.4, R2.1, R2.2 -- core entry point and basic factorization",362965,2739,66419,296540,0.6319,21135,21310,175,13786,13786,0,54,1,175,0
691df31cf53725f5ade8e9cfe63fe7b335efc335,2026-03-24T19:22:22-04:00,3406,stitch,cmd/factor,cmd,srd065,"R2.3, R2.4, R3.1, R3.2, R3.3, R3.4",False,"Task 3406: [stitch] prd065-factor R2.3, R2.4, R3.1, R3.2, R3.3, R3.4 -- error handling, large numbers, and edge cases",438937,7251,68069,370861,0.7922,21310,21331,21,13786,13786,0,135,1,23,2
efd0bb0429d9458ef4f40306aede12258f49b6ae,2026-03-24T19:23:49-04:00,3407,stitch,cmd/factor,cmd,srd065,"R4.1, R4.2, R4.3, R4.4",False,"Task 3407: [stitch] prd065-factor R4.1, R4.2, R4.3, R4.4 -- differential tests",538637,3272,71719,466910,0.7635,21331,21331,0,13786,13938,152,69,1,152,0
875033b781e1535b535f3c4a1db60a1ccf6fda7c,2026-03-24T19:29:23-04:00,3408,stitch,cmd/date,cmd,srd060,"R1.1, R1.2, R1.3, R1.4, R2.1, R2.2",False,"Task 3408: [stitch] prd060-date R1.1, R1.2, R1.3, R1.4, R2.1, R2.2 -- core entry point and basic date output",966094,22082,85313,880769,1.5257,21331,21778,447,13938,13938,0,314,1,447,0
9832c150a8fe4d88f18e0a253bc7b746bc9e154d,2026-03-24T19:38:08-04:00,3410,stitch,cmd/date,cmd,srd060,"R2.3, R2.4, R3.1, R3.2, R3.3, R3.4",False,"Task 3410: [stitch] prd060-date R2.3, R2.4, R3.1, R3.2, R3.3, R3.4 -- date formatting extensions and error handling",737287,26758,91476,645802,1.5636,21778,21906,128,13938,13938,0,394,1,151,23
9df5872e1bc5ee6b25e03abad5abd8302b119585,2026-03-24T19:40:53-04:00,3411,stitch,cmd/date,cmd,srd060,"R4.1, R4.2, R4.3, R4.4",False,"Task 3411: [stitch] prd060-date R4.1, R4.2, R4.3, R4.4 -- differential tests for date",1144016,9286,86428,1057574,1.3012,21906,21906,0,13938,14418,480,148,1,480,0
c9e3b977a477cba4e260579b2cd657b6ebe20a76,2026-03-24T19:42:49-04:00,3412,stitch,cmd/touch,cmd,srd062,"R1.1, R1.2, R1.3, R1.4, R2.1, R2.2",False,"Task 3412: [stitch] prd062-touch R1.1, R1.2, R1.3, R1.4, R2.1, R2.2 -- core entry point and basic touch operations",463177,6736,73752,389418,0.8241,21906,22407,501,14418,14418,0,99,1,501,0
039b7a43132a40ba72ea73f04e45c4d02e8b4186,2026-03-24T19:46:33-04:00,3413,stitch,cmd/touch,cmd,srd062,"R2.3, R2.4, R3.1, R3.2, R3.3, R3.4",False,"Task 3413: [stitch] prd062-touch R2.3, R2.4, R3.1, R3.2, R3.3, R3.4 -- error handling, symlinks, and edge cases",813711,10453,83813,729887,1.1502,22407,22418,11,14418,14418,0,208,1,14,3
02a945cd1d997ad57604726f0f5d4d4507825bb0,2026-03-24T19:56:01-04:00,3415,stitch,cmd/touch,cmd,srd062,"R4.1, R4.2, R4.3, R4.4",False,"Task 3415: [stitch] Task: [stitch] prd062-touch R4.1, R4.2, R4.3, R4.4 -- differential tests for touch",942160,27966,106363,835787,1.7819,22418,22418,0,14418,14712,294,428,1,294,0
f12d815e302091da781ae156663874f14d796ccc,2026-03-24T19:59:59-04:00,3416,stitch,cmd/timeout,cmd,srd063,"R1.1, R1.2, R1.3, R1.4, R2.1, R2.2",False,"Task 3416: [stitch] Task: [stitch] prd063-timeout R1.1, R1.2, R1.3, R1.4, R2.1, R2.2 -- core entry point and basic timeout operations",391355,15531,76850,314499,1.0259,22418,22847,429,14712,14712,0,222,1,429,0
5a341bf35a293b77add12af23d38f8bbd2fd6fb4,2026-03-24T20:03:42-04:00,3417,stitch,cmd/timeout,cmd,srd063,"R2.3, R2.4, R3.1, R3.2, R3.3, R3.4",False,"Task 3417: [stitch] Task: [stitch] prd063-timeout R2.3, R2.4, R3.1, R3.2, R3.3, R3.4 -- signal forwarding, foreground mode, and edge cases",484556,13216,78050,406499,1.0215,22847,22891,44,14712,14712,0,204,1,52,8
27ec2b56a1c0793b0cc6439d033d3b7a7cbdd456,2026-03-24T20:14:30-04:00,3418,stitch,cmd/timeout,cmd,srd063,"R4.1, R4.2, R4.3, R4.4",False,"Task 3418: [stitch] Task: [stitch] prd063-timeout R4.1, R4.2, R4.3, R4.4 -- differential tests for timeout",1517689,37007,115251,1402423,2.3468,22891,22891,0,14712,14935,223,630,1,223,0
727cbf009892c66c404f8d68e0f58494152dad7e,2026-03-24T20:18:25-04:00,3420,stitch,cmd/shuf,cmd,srd064,"R1.1, R1.2, R1.3, R1.4, R2.1, R2.2",False,"Task 3420: [stitch] [stitch] prd064-shuf R1.1, R1.2, R1.3, R1.4, R2.1, R2.2 -- core entry point and basic shuf operations",378719,5431,71214,307499,0.7346,22891,23159,268,14935,14935,0,89,1,268,0
efa98c9ef07b6adaf8d329f444105c175c4b1382,2026-03-24T20:23:33-04:00,3421,stitch,cmd/shuf,cmd,srd064,"R2.3, R2.4, R3.1, R3.2, R3.3, R3.4",False,"Task 3421: [stitch] [stitch] prd064-shuf R2.3, R2.4, R3.1, R3.2, R3.3, R3.4 -- range mode, repeat mode, and edge cases",679260,20663,83071,596180,1.3339,23159,23352,193,14935,14935,0,289,1,214,21
4d0753cd23e5ea66adee8b260da77c8796c4d0fc,2026-03-24T20:28:13-04:00,3422,stitch,cmd/shuf,cmd,srd064,"R4.1, R4.2, R4.3, R4.4",False,"Task 3422: [stitch] [stitch] prd064-shuf R4.1, R4.2, R4.3, R4.4 -- differential tests for shuf",868368,9720,82560,785797,1.152,23352,23352,0,14935,15238,303,261,1,303,0
402ba684e00174e75a226dae5f3086a351d3372c,2026-03-24T20:35:45-04:00,3423,stitch,cmd/expr,cmd,srd066,"R1.1, R1.2, R1.3, R1.4, R2.1, R2.2",False,"Task 3423: [stitch] [stitch] prd066-expr R1.1, R1.2, R1.3, R1.4, R2.1, R2.2 -- core entry point and basic expr operations",416112,26941,85945,330161,1.3758,23352,23772,420,15238,15238,0,435,1,420,0
e00a6a080a77d020edd70c0595a5f689b6168f27,2026-03-24T20:35:45-04:00,3423,stitch,cmd/expr,cmd,srd066,"R1.1, R1.2, R1.3, R1.4, R2.1, R2.2",False,"Task 3423: [stitch] [stitch] prd066-expr R1.1, R1.2, R1.3, R1.4, R2.1, R2.2 -- core entry point and basic expr operations",287589,1969,65793,221791,0.5714,23772,23772,0,15238,15238,0,44,1,420,0
3badadccf7b16b6e2d719372ed67f97b086ed212,2026-03-24T20:41:09-04:00,3426,stitch,cmd/expr,cmd,srd066,"R4.1, R4.2, R4.3, R4.4",False,"Task 3426: [stitch] [stitch] prd066-expr R4.1, R4.2, R4.3, R4.4 -- differential tests for expr",1066722,5559,79729,986979,1.1664,23772,23772,0,15238,15452,214,132,1,214,0
5168b5a906ca1f5751a51f0bf44ea41e8585003d,2026-03-24T20:47:17-04:00,3427,stitch,cmd/split,cmd,srd067,"R1.1, R1.2, R1.3, R1.4, R2.1, R2.2",False,"Task 3427: [stitch] [stitch] prd067-split R1.1, R1.2, R1.3, R1.4, R2.1, R2.2 -- core entry point and basic split operations",1021418,22702,95109,926297,1.6252,23772,24256,484,15452,15677,225,351,2,709,0
bc024cb6d3159ce418d6485e3749291b5fa3fbe1,2026-03-24T20:57:51-04:00,3428,stitch,cmd/split,cmd,srd067,"R2.3, R2.4, R3.1, R3.2, R3.3, R3.4",False,"Task 3428: [stitch] [stitch] prd067-split R2.3, R2.4, R3.1, R3.2, R3.3, R3.4 -- additional split modes and edge cases",676250,39707,107743,568499,1.9504,24256,24736,480,15677,15677,0,612,2,529,49
c99d63c066fffc6b8836896c2965b799a7e8fada,2026-03-24T21:02:54-04:00,3430,stitch,cmd/split,cmd,srd067,"R4.1, R4.2, R4.3, R4.4",False,"Task 3430: [stitch] [stitch] prd067-split R4.1, R4.2, R4.3, R4.4 -- differential tests for split",1006300,9388,89162,917126,1.2506,24736,24736,0,15677,15891,214,168,1,221,7
06798479000beb531c62c7b2984053de2cf06c50,2026-03-24T21:31:42-04:00,3431,stitch,cmd/csplit,cmd,srd068,"R1.1, R1.2, R1.3, R1.4, R2.1, R2.2",False,"Task 3431: [stitch] [stitch] prd068-csplit R1.1, R1.2, R1.3, R1.4, R2.1, R2.2 -- core entry point and basic csplit operations",1397197,47863,63352,1333832,2.2595,24736,25351,615,15891,15891,0,792,1,615,0
141772abfcf835426fffc334874d0fe33098fc24,2026-03-24T21:39:00-04:00,3432,stitch,cmd/csplit,cmd,srd068,"R2.3, R2.4, R3.1, R3.2, R3.3, R3.4",False,"Task 3432: [stitch] [stitch] prd068-csplit R2.3, R2.4, R3.1, R3.2, R3.3, R3.4 -- error handling, edge cases, and --keep-files",742791,26528,93447,649335,1.572,25351,25415,64,15891,15891,0,422,1,82,18
c6594e8dbc447b7a14a5e3ac9b55cadf1ac8dafc,2026-03-24T21:44:12-04:00,3433,stitch,cmd/csplit,cmd,srd068,"R4.1, R4.2, R4.3, R4.4",False,"Task 3433: [stitch] [stitch] prd068-csplit R4.1, R4.2, R4.3, R4.4 -- differential tests for csplit",1387130,17087,109486,1277630,1.7503,25415,25415,0,15891,16437,546,294,1,546,0
cdb8547191cdf4a274bb0427ecb10ab79a60e96c,2026-03-24T21:53:02-04:00,3435,stitch,cmd/join,cmd,srd069,"R1.1, R1.2, R1.3, R1.4, R2.1, R2.2",False,"Task 3435: [stitch] prd069-join R1.1, R1.2, R1.3, R1.4, R2.1, R2.2 -- core entry point and basic join operations",1106737,20454,98457,1008267,1.6309,25415,26189,774,16437,16437,0,399,1,774,0
ea49bb2f4884faf7db608426661379a5b94d8281,2026-03-24T22:08:02-04:00,3436,stitch,cmd/join,cmd,srd069,"R2.3, R2.4, R3.1, R3.2, R3.3, R3.4",False,"Task 3436: [stitch] prd069-join R2.3, R2.4, R3.1, R3.2, R3.3, R3.4 -- error handling, edge cases, and advanced options",1592648,56761,145019,1447614,3.0493,26189,26268,79,16437,16437,0,880,1,127,48
5f61f6b9d5fb229190066dcae29254b46a0a4f16,2026-03-24T22:10:26-04:00,3437,stitch,cmd/join,cmd,srd069,"R4.1, R4.2, R4.3, R4.4",False,"Task 3437: [stitch] prd069-join R4.1, R4.2, R4.3, R4.4 -- differential tests for join",1068167,7213,93796,974359,1.2538,26268,26268,0,16437,16755,318,125,1,318,0
cd1850139d0aa9fab62bf96e3c410b5e08ea7fc8,2026-03-24T22:17:24-04:00,3438,stitch,cmd/fmt,cmd,srd070,"R1.1, R1.2, R1.3, R1.4, R2.1, R2.2",False,"Task 3438: [stitch] prd070-fmt R1.1, R1.2, R1.3, R1.4, R2.1, R2.2 -- core entry point and basic fmt operations",446097,28319,93890,352201,1.4709,26268,26695,427,16755,16755,0,401,1,427,0
1dc7002a30029670f31290ffa9d5f93c5bd909e2,2026-03-24T22:23:23-04:00,3440,stitch,cmd/fmt,cmd,srd070,"R2.3, R2.4, R3.1, R3.2",False,"Task 3440: [stitch] prd070-fmt R2.3, R2.4, R3.1, R3.2 -- error handling and advanced formatting",398684,14414,78289,320389,1.0099,26695,26755,60,16755,16755,0,241,1,109,49
2c9af58d438bb92a8e16f4b0d29f0260c8a0d45f,2026-03-24T23:55:54-04:00,3441,stitch,cmd/fmt,cmd,srd070,"R4.1, R4.2, R5.1, R5.2, R5.3, R5.4",False,"Task 3441: [stitch] prd070-fmt R4.1, R4.2, R5.1, R5.2, R5.3, R5.4 -- differential tests",2211948,52093,73708,2138221,2.8322,26755,26883,128,16755,17008,253,846,2,390,9
fe414a04c0a5b86cdfa83be72cdae4f212400b28,2026-03-25T00:10:42-04:00,3442,stitch,cmd/numfmt,cmd,srd071,"R1.1, R1.2, R1.3, R1.4, R2.1, R2.2",False,"Task 3442: [stitch] prd071-numfmt R1.1, R1.2, R1.3, R1.4, R2.1, R2.2 -- core entry point and basic numfmt operations",2513517,57193,131818,2381678,3.4446,26883,27463,580,17008,17084,76,869,2,656,0
d2d8f6621818d2bc46a5c6806e12ebec708f580c,2026-03-25T00:21:14-04:00,3443,stitch,cmd/numfmt,cmd,srd071,"R2.3, R2.4, R3.1, R3.2, R3.3, R3.4",False,"Task 3443: [stitch] prd071-numfmt R2.3, R2.4, R3.1, R3.2, R3.3, R3.4 -- advanced options and error handling",862217,42922,114512,747696,2.1626,27463,27851,388,17084,17109,25,614,2,459,46
eda516d6dd3e5d969ac73b9d1ea3a1d9c9ffda7b,2026-03-25T00:25:30-04:00,3445,stitch,cmd/numfmt,cmd,srd071,"R4.1, R4.2, R4.3, R4.4",False,"Task 3445: [stitch] prd071-numfmt R4.1, R4.2, R4.3, R4.4 -- differential tests",674858,7510,94870,579980,1.0707,27851,27851,0,17109,17245,136,121,1,162,26
58f35da04537b1ceebf9d7307ffd4fe0ee2841e8,2026-03-25T01:11:15-04:00,3446,stitch,cmd/od,cmd,srd072,"R1.1, R1.2, R1.3, R1.4, R2.1, R2.2",False,"Task 3446: [stitch] prd072-od R1.1, R1.2, R1.3, R1.4, R2.1, R2.2 -- core entry point and basic od operations",1258623,57677,67196,1191415,2.4577,27851,28453,602,17245,17245,0,890,1,602,0
e393ea65c07a05371f7edf382028703c329e0e27,2026-03-25T01:14:15-04:00,3447,stitch,cmd/od,cmd,srd072,"R2.3, R2.4, R3.1, R3.2, R3.3, R3.4",False,"Task 3447: [stitch] prd072-od R2.3, R2.4, R3.1, R3.2, R3.3, R3.4 -- advanced options and error handling",728250,8243,76859,651381,1.0122,28453,28485,32,17245,17245,0,162,1,34,2
51ac7bce62c776f35d8298c163969794006b5d7f,2026-03-25T01:27:32-04:00,3448,stitch,cmd/od,cmd,srd072,"R4.1, R4.2, R4.3, R4.4",False,"Task 3448: [stitch] prd072-od R4.1, R4.2, R4.3, R4.4 -- differential tests",4716856,38621,129549,4587266,4.069,28485,28505,20,17245,17656,411,779,2,440,9
2e5226c8949a2b39ef63716a9c5c93bd212b8a6f,2026-03-25T01:38:49-04:00,3450,stitch,cmd/printf,cmd,srd073,"R1.1, R1.2, R1.3, R1.4, R2.1, R2.2",False,"Task 3450: [stitch] [stitch] prd073-printf R1.1, R1.2, R1.3, R1.4, R2.1, R2.2 -- core entry point and basic printf operations",1326744,37797,102398,1224332,2.1971,28505,28991,486,17656,17656,0,537,1,486,0
e8194a02abe83b3a3c3dae5d7e316c8f0382cd27,2026-03-25T01:42:45-04:00,3451,stitch,cmd/printf,cmd,srd073,"R2.3, R2.4, R3.1, R3.2, R3.3, R3.4",False,"Task 3451: [stitch] [stitch] prd073-printf R2.3, R2.4, R3.1, R3.2, R3.3, R3.4 -- width, precision, flags, and error handling",740432,12184,77742,662680,1.1219,28991,29085,94,17656,17656,0,219,1,116,22
52036b0a803bb3b2b26ca0a3d62d9b2fd97c3f0c,2026-03-25T01:45:22-04:00,3452,stitch,cmd/printf,cmd,srd073,"R4.1, R4.2, R4.3, R4.4",False,"Task 3452: [stitch] [stitch] prd073-printf R4.1, R4.2, R4.3, R4.4 -- differential tests",1249273,7067,92646,1156613,1.3341,29085,29085,0,17656,18117,461,138,1,461,0
88743df766313bd9a117a8e7f4e5b966e9bf4438,2026-03-25T01:46:39-04:00,3453,stitch,cmd/sha224sum,cmd,srd074,"R1.1, R1.2, R1.3, R1.4, R2.1, R2.2",False,"Task 3453: [stitch] [stitch] prd074-sha224sum R1.1, R1.2, R1.3, R1.4, R2.1, R2.2 -- core sha224sum implementation",363014,3648,66453,296555,0.6548,29085,29268,183,18117,18117,0,61,1,183,0
4ec76021d81014d9b9b18ca362a16fee3facfcab,2026-03-25T01:52:29-04:00,3455,stitch,cmd/sha224sum,cmd,srd074,"R2.3, R3.1, R3.2, R4.1, R4.2, R4.3",False,"Task 3455: [stitch] prd074-sha224sum R2.3, R3.1, R3.2, R4.1, R4.2, R4.3 -- check mode, error handling, and differential tests",1683607,11113,90221,1593366,1.6385,29268,29320,52,18117,18431,314,210,2,372,6
90bf39f664236a5418ab70b5faa4cde9f1307368,2026-03-25T01:54:06-04:00,3456,stitch,cmd/sha384sum,cmd,srd075,"R1.1, R1.2, R1.3, R1.4, R2.1, R2.2",False,"Task 3456: [stitch] prd075-sha384sum R1.1, R1.2, R1.3, R1.4, R2.1, R2.2 -- core sha384sum implementation",606506,3769,70108,536389,0.8006,29320,29544,224,18431,18431,0,80,1,224,0
2c1cda81aded8a9a27618e57644f941a2f7dae77,2026-03-25T01:58:53-04:00,3457,stitch,cmd/sha384sum,cmd,srd075,"R2.3, R3.1, R3.2, R4.1, R4.2, R4.3",False,"Task 3457: [stitch] prd075-sha384sum R2.3, R3.1, R3.2, R4.1, R4.2, R4.3 -- strict mode, error handling, and differential tests",639554,15413,91031,548515,1.2286,29544,29566,22,18431,18750,319,269,2,342,1
dc212d4d2dad523234ce411a36e4c03d743461b8,2026-03-25T02:03:00-04:00,3458,stitch,cmd/b2sum,cmd,srd076,"R1.1, R1.2, R1.3, R1.4, R2.1, R2.2",False,"Task 3458: [stitch] prd076-b2sum R1.1, R1.2, R1.3, R1.4, R2.1, R2.2 -- core b2sum implementation",1065509,10708,78783,986712,1.2535,29566,29845,279,18750,18750,0,231,3,285,1
244b6b5d0d9557c5ac1a736ad5fe11c88e89d144,2026-03-25T02:07:32-04:00,3460,stitch,cmd/b2sum,cmd,srd076,"R2.3, R3.1, R3.2, R3.3",False,"Task 3460: [stitch] prd076-b2sum R2.3, R3.1, R3.2, R3.3 -- strict mode and error handling",575447,5635,80308,495131,0.8904,29845,29864,19,18750,18750,0,110,1,33,14
2c9d8d3ed96e7dd1c9b7b77b25597bcfebc575c9,2026-03-25T02:12:10-04:00,3461,stitch,cmd/b2sum,cmd,srd076,"R4.1, R4.2, R4.3",False,"Task 3461: [stitch] prd076-b2sum R4.1, R4.2, R4.3 -- differential tests",987405,13894,94516,892877,1.3846,29864,29864,0,18750,19088,338,260,1,338,0
bb9540c3061063b8580ac1fef9ed6e6ac7882571,2026-03-25T02:18:14-04:00,3462,stitch,cmd/cksum,cmd,srd077,"R1.1, R1.2, R1.3, R1.4, R2.1, R2.2",False,"Task 3462: [stitch] prd077-cksum R1.1, R1.2, R1.3, R1.4, R2.1, R2.2 -- core cksum implementation",1060143,15659,86756,973374,1.4205,29864,30212,348,19088,19088,0,346,1,348,0
0d7f0ed9215b3c2dad9a1c99c5f723e434f66fb9,2026-03-25T02:21:00-04:00,3463,stitch,cmd/cksum,cmd,srd077,"R2.3, R3.1, R3.2, R3.3",False,"Task 3463: [stitch] prd077-cksum R2.3, R3.1, R3.2, R3.3 -- strict mode, error handling, and version output",572337,4886,71584,496752,0.9534,30212,30241,29,19088,19088,0,148,1,39,10
053c9a3fbdae7328a995626d532070d549431e19,2026-03-25T02:26:13-04:00,3465,stitch,cmd/sum,cmd,srd078,"R1.1, R1.2, R1.3, R1.4, R2.1, R2.2",False,"Task 3465: [stitch] [stitch] prd078-sum R1.1, R1.2, R1.3, R1.4, R2.1, R2.2 -- core sum implementation",1286271,10338,85644,1200611,1.3941,30241,30457,216,19088,19239,151,179,2,367,0
b72325174ea3e2afce47a6a63711ca580295f96b,2026-03-25T02:28:17-04:00,3466,stitch,cmd/sum,cmd,srd078,"R3.1, R3.2, R3.3",False,"Task 3466: [stitch] [stitch] prd078-sum R3.1, R3.2, R3.3 -- error handling and version output",740594,7036,80065,660519,1.0066,30457,30490,33,19239,19287,48,105,2,85,4
37ed7cbfb8e2f1990e9fe61abca459084167be6c,2026-03-25T02:33:44-04:00,3467,stitch,cmd/base32,cmd,srd079,"R1.1, R1.2, R1.3, R1.4, R2.1, R2.2",False,"Task 3467: [stitch] [stitch] prd079-base32 R1.1, R1.2, R1.3, R1.4, R2.1, R2.2 -- core base32 encode implementation",1551629,13069,80381,1471228,1.5648,30490,30647,157,19287,19381,94,310,2,251,0
c64d4e4a097fcb84244ad3febcae4c8f995a92fa,2026-03-25T02:36:23-04:00,3468,stitch,cmd/base32,cmd,srd079,"R2.3, R2.4, R3.1, R3.2, R3.3",False,"Task 3468: [stitch] [stitch] prd079-base32 R2.3, R2.4, R3.1, R3.2, R3.3 -- decode mode, error handling, and version output",832840,6231,72541,760287,1.0399,30647,30750,103,19381,19426,45,140,2,177,29
aebc5d2f3f849d8c63010e298a0d5b04a249821c,2026-03-25T02:41:01-04:00,3470,stitch,cmd/base64,cmd,srd080,"R1.1, R1.2, R1.3, R1.4, R2.1, R2.2",False,"Task 3470: [stitch] prd080-base64 R1.1, R1.2, R1.3, R1.4, R2.1, R2.2 -- core base64 encode and basic decode",773457,5808,72572,700874,0.9493,30750,31007,257,19426,19567,141,145,2,398,0
c8b7137a3204307d52c86a9245c17da04891021d,2026-03-25T02:44:01-04:00,3471,stitch,cmd/base64,cmd,srd080,"R2.3, R2.4, R3.1, R3.2, R3.3",False,"Task 3471: [stitch] prd080-base64 R2.3, R2.4, R3.1, R3.2, R3.3 -- decode mode error handling and version output",824401,7858,80091,744299,1.0692,31007,31008,1,19567,19619,52,162,2,59,6
02d528b2e0bca7d4fbf9264501951e2ecff74c35,2026-03-25T03:28:16-04:00,3472,stitch,cmd/basenc,cmd,srd081,"R1.1, R1.2, R1.3, R1.4, R2.1, R2.2",False,"Task 3472: [stitch] prd081-basenc R1.1, R1.2, R1.3, R1.4, R2.1, R2.2 -- core basenc encode and basic decode",1665037,51048,68512,1596510,2.5027,31008,31454,446,19619,19875,256,793,2,702,0
45bbe76de9ab255ea5bd01820c73c1245775433a,2026-03-25T03:31:00-04:00,3473,stitch,cmd/basenc,cmd,srd081,"R2.3, R2.4, R3.1, R3.2, R3.3, R3.4",False,"Task 3473: [stitch] prd081-basenc R2.3, R2.4, R3.1, R3.2, R3.3, R3.4 -- decode error handling and version output",927507,7136,81275,846220,1.1095,31454,31455,1,19875,19938,63,144,2,69,5
a92fac7510f657c15b72d921ad82b5a3089b74a2,2026-03-25T03:41:14-04:00,3475,stitch,cmd/stat,cmd,srd082,"R1.1, R1.2, R1.3, R1.4, R2.1, R2.2",False,"Task 3475: [stitch] [stitch] prd082-stat R1.1, R1.2, R1.3, R1.4, R2.1, R2.2 -- core stat output and format directives",1567790,21911,122936,1444839,2.0386,31455,32197,742,19938,20214,276,324,2,1018,0
97e718f9b1fd73f3a18ff21107193b8b8e5cf501,2026-03-25T08:41:33-04:00,3477,stitch,cmd/truncate,cmd,srd083,"R1.1, R1.2, R1.3, R1.4, R2.1, R2.2",False,"Task 3477: [stitch] [stitch] prd083-truncate R1.1, R1.2, R1.3, R1.4, R2.1, R2.2 -- core truncate size operations",1829566,14917,100139,1729407,1.8636,32197,32568,371,20214,20753,539,249,2,910,0
5f48243a3889302cefa51c4be31404bbc5ef4c97,2026-03-25T08:48:08-04:00,3478,stitch,cmd/truncate,cmd,srd083,"R3.1, R3.2, R3.3",False,"Task 3478: [stitch] [stitch] prd083-truncate R3.1, R3.2, R3.3 -- error handling and version output",868197,22840,96602,771585,1.5606,32568,32591,23,20753,20803,50,374,2,83,10
a19c41303892e153e8c7d8024b9074cadac4e69a,2026-03-25T09:10:58-04:00,3480,stitch,cmd/stat,cmd,srd082,"R2.3, R3.1, R3.2",False,"Task 3480: [stitch] prd082-stat R2.3, R3.1, R3.2 -- additional format directives and error handling",537479,18720,85121,452351,1.2262,32591,32615,24,20803,20803,0,321,1,28,4
bc36a00a3e1492a41796b07025ea8b9d643b8ad3,2026-03-25T09:15:35-04:00,3481,stitch,cmd/stat,cmd,srd082,"R4.1, R4.2, R4.3",False,"Task 3481: [stitch] prd082-stat R4.1, R4.2, R4.3 -- version output and differential tests",679082,14631,101066,578008,1.2865,32615,32616,1,20803,20968,165,256,2,169,3
ef7e2d8f2535bf0ef905113a6a7fafb353e70876,2026-03-25T09:17:18-04:00,3482,stitch,cmd/link,cmd,srd084,"R1.1, R1.2, R1.3, R1.4",False,"Task 3482: [stitch] prd084-link R1.1, R1.2, R1.3, R1.4 -- core link hard link creation",761839,4399,71088,690740,0.8997,32616,32749,133,20968,20968,0,84,1,133,0
268a05abff110f945b64540a11d13a2154860d7d,2026-03-25T09:19:50-04:00,3483,stitch,cmd/link,cmd,srd084,"R2.1, R2.2, R2.3",False,"Task 3483: [stitch] prd084-link R2.1, R2.2, R2.3 -- link version output and differential tests",950344,6253,76037,874294,1.0688,32749,32749,0,20968,21210,242,133,1,242,0
3bc10c20c16f324fab3e679972f1470df19fe071,2026-03-25T09:27:11-04:00,3485,stitch,cmd/sync,cmd,srd085,"R1.1, R1.2, R1.3, R1.4",False,"Task 3485: [stitch] [stitch] prd085-sync R1.1, R1.2, R1.3, R1.4 -- core sync file and filesystem synchronization",655473,18662,79196,576268,1.2497,32749,32973,224,21210,21210,0,310,1,224,0
8fa5c853a710cf8748ea99a35a6d52daed5ae92a,2026-03-25T09:29:10-04:00,3486,stitch,cmd/sync,cmd,srd085,"R2.1, R2.2, R2.3",False,"Task 3486: [stitch] [stitch] prd085-sync R2.1, R2.2, R2.3 -- version output and differential tests",627034,4525,73223,553802,0.8477,32973,32975,2,21210,21346,136,100,2,142,4
7558dba7826d8fbb5d8945825b9c59d2e2992347,2026-03-25T09:32:15-04:00,3487,stitch,cmd/chmod,cmd,srd089,"R1.1, R1.2, R1.3, R1.4",False,"Task 3487: [stitch] [stitch] prd089-chmod R1.1, R1.2, R1.3, R1.4 -- core chmod symbolic and octal mode parsing",518299,10621,69804,448487,0.9261,32975,33368,393,21346,21346,0,165,1,393,0
047467c92cae1470f1fc94a621e025f2edab33cf,2026-03-25T09:41:31-04:00,3488,stitch,cmd/chmod,cmd,srd089,"R2.1, R2.2, R2.3, R2.4",False,"Task 3488: [stitch] [stitch] prd089-chmod R2.1, R2.2, R2.3, R2.4 -- chmod recursive, verbose, and preserve-root flags",295434,2767,69006,226423,0.6137,33613,33613,0,21346,21346,0,64,1,256,11
0f79e0d76422e803c583d9e01587652c47b895e9,2026-03-25T09:41:31-04:00,3488,stitch,cmd/chmod,cmd,srd089,"R2.1, R2.2, R2.3, R2.4",False,"Task 3488: [stitch] [stitch] prd089-chmod R2.1, R2.2, R2.3, R2.4 -- chmod recursive, verbose, and preserve-root flags",783918,35997,100227,683682,1.8682,33368,33613,245,21346,21346,0,535,1,256,11
f485731b562a09281127ef0d8b6e55532c161f00,2026-03-25T09:49:39-04:00,3491,stitch,cmd/chmod,cmd,srd089,"R4.1, R4.2, R4.3",False,"Task 3491: [stitch] prd089-chmod R4.1, R4.2, R4.3 -- chmod differential tests",1338508,13638,113321,1225173,1.6619,33613,33613,0,21346,21947,601,256,1,601,0
1a8b0ba9fc77dd9af85cdd5826b10545555371e4,2026-03-25T09:51:30-04:00,3492,stitch,cmd/chgrp,cmd,srd090,"R1.1, R1.2, R1.3, R1.4",False,"Task 3492: [stitch] prd090-chgrp R1.1, R1.2, R1.3, R1.4 -- chgrp core group change implementation",840718,3750,70129,770577,0.9174,33613,33772,159,21947,21947,0,93,1,159,0
3e0a623d2ae907e8d9445fcc90d7a428cdf4a591,2026-03-25T09:54:12-04:00,3493,stitch,cmd/chgrp,cmd,srd090,"R2.1, R2.2, R2.3, R3.1",False,"Task 3493: [stitch] prd090-chgrp R2.1, R2.2, R2.3, R3.1 -- chgrp recursive, verbose, dereference, and version/help",636927,7275,76307,559743,0.9431,33772,34066,294,21947,21947,0,143,1,314,20
b5d76997e53b7b52a5cbdf2b213a7cb2ac8a2b22,2026-03-25T09:59:28-04:00,3495,stitch,cmd/chgrp,cmd,srd090,"R3.2, R3.3",False,"Task 3495: [stitch] prd090-chgrp R3.2, R3.3 -- chgrp differential tests and error edge cases",1170935,7847,88835,1082086,1.2925,34066,34066,0,21947,22248,301,170,2,303,2
c36e03760b06b37079754036b074d18d762f5eef,2026-03-25T10:08:36-04:00,3496,stitch,cmd/chown,cmd,srd091,"R1.1, R1.2, R1.3, R1.4",False,"Task 3496: [stitch] prd091-chown R1.1, R1.2, R1.3, R1.4 -- chown core ownership change implementation",1898907,27217,111447,1787440,2.3466,34066,34465,399,22248,22826,578,530,2,977,0
515ff49a39751ea721271ddd5ead487634bfc1aa,2026-03-25T10:13:50-04:00,3497,stitch,cmd/chown,cmd,srd091,"R2.1, R2.2, R2.3, R3.1",False,"Task 3497: [stitch] prd091-chown R2.1, R2.2, R2.3, R3.1 -- chown recursive, verbose, dereference, and version/help",1215644,20760,103412,1112219,1.7215,34465,34669,204,22826,23048,222,293,2,447,21
90c95269c727d624d72b907c2931d9b68077b5ce,2026-03-25T10:16:04-04:00,3498,stitch,cmd/chown,cmd,srd091,"R3.2, R3.3",False,"Task 3498: [stitch] prd091-chown R3.2, R3.3 -- chown differential tests and error edge cases",778755,6195,97657,676442,1.1267,34669,34669,0,23048,23231,183,109,2,185,2
82db19f8ae11b8596c157f9decec5a485db70187,2026-03-25T10:19:35-04:00,3500,stitch,cmd/mkfifo,cmd,srd092,"R1.1, R1.2, R1.3, R1.4",False,"Task 3500: [stitch] [stitch] prd092-mkfifo R1.1, R1.2, R1.3, R1.4 -- mkfifo core implementation",359313,2817,65515,293792,0.6268,34669,34845,176,23231,23231,0,54,1,176,0
d583dfb591cfaf2a4c69219fc87a20715f6c5958,2026-03-25T10:22:18-04:00,3501,stitch,cmd/mkfifo,cmd,srd092,"R2.1, R2.2, R2.3",False,"Task 3501: [stitch] [stitch] prd092-mkfifo R2.1, R2.2, R2.3 -- mkfifo differential tests",1253705,8364,80185,1173504,1.2971,34845,34845,0,23231,23580,349,142,1,349,0
28003d6958a1f768f2af4ef3ec20b88edc77a838,2026-03-25T10:23:56-04:00,3502,stitch,cmd/mknod,cmd,srd093,"R1.1, R1.2, R1.3",False,"Task 3502: [stitch] [stitch] prd093-mknod R1.1, R1.2, R1.3 -- mknod core implementation",431209,4826,65766,365436,0.7144,34845,35153,308,23580,23580,0,79,1,308,0
c7eaa57cc755fe7c17931cd7b8ef92e3fd03c757,2026-03-25T10:27:49-04:00,3503,stitch,cmd/mknod,cmd,srd093,"R2.1, R2.2, R2.3",False,"Task 3503: [stitch] [stitch] prd093-mknod R2.1, R2.2, R2.3 -- mknod differential tests",1582462,10045,84753,1497690,1.5298,35153,35167,14,23580,23985,405,214,2,421,2
be747265840daec22f9330635b6b5458aa0600ea,2026-03-25T10:34:28-04:00,3505,stitch,cmd/nice,cmd,srd094,"R1.1, R1.2, R1.3, R1.4",False,"Task 3505: [stitch] prd094-nice R1.1, R1.2, R1.3, R1.4 -- nice core implementation",406602,15298,80468,326128,1.0485,35167,35360,193,23985,23985,0,257,1,193,0
70637c2ccb778511fb9117aa6e2fbd33683c41cc,2026-03-25T10:37:19-04:00,3506,stitch,cmd/nice,cmd,srd094,"R2.1, R2.2, R2.3",False,"Task 3506: [stitch] prd094-nice R2.1, R2.2, R2.3 -- nice differential tests",473691,7205,75659,398025,0.852,35360,35360,0,23985,24110,125,150,1,125,0
e33482eb34b87c53da1a3e18d9e767b5b3970bd1,2026-03-25T10:39:30-04:00,3507,stitch,cmd/nohup,cmd,srd095,"R1.1, R1.2, R1.3, R1.4",False,"Task 3507: [stitch] prd095-nohup R1.1, R1.2, R1.3, R1.4 -- nohup core implementation",469414,6471,73667,395740,0.8201,35360,35499,139,24110,24110,0,111,1,139,0
9819bd1b9e629d1ca72119f3d64926027cf9b7db,2026-03-25T10:49:23-04:00,3508,stitch,cmd/nohup,cmd,srd095,"R2.1, R2.2, R2.3",False,"Task 3508: [stitch] prd095-nohup R2.1, R2.2, R2.3 -- nohup differential tests",703043,36786,104586,598449,1.8726,35499,35499,0,24110,24408,298,573,1,298,0
deb197c8f921e3f51b177326a113c1abeed650d9,2026-03-25T10:55:09-04:00,3510,stitch,cmd/users,cmd,srd096,"R1.1, R1.2, R1.3, R2.1",False,"Task 3510: [stitch] [stitch] prd096-users R1.1, R1.2, R1.3, R2.1 -- users core implementation",600852,9562,70000,530843,0.9853,35499,35661,162,24408,24408,0,201,1,162,0
7a6f85854d4c06985ce007f2c28c6d5f68dfad41,2026-03-25T10:57:06-04:00,3511,stitch,cmd/users,cmd,srd096,"R2.2, R2.3",False,"Task 3511: [stitch] [stitch] prd096-users R2.2, R2.3 -- users differential tests",523277,4117,69016,454253,0.7614,35661,35661,0,24408,24467,59,97,1,59,0
f4466e949f9b408e586bcacc1402a8c3936f7658,2026-03-25T11:23:23-04:00,3512,stitch,cmd/who,cmd,srd097,"R1.1, R1.2, R1.3, R1.4",False,"Task 3512: [stitch] [stitch] prd097-who R1.1, R1.2, R1.3, R1.4 -- who core implementation",903498,40687,45447,858041,1.7303,35661,36155,494,24467,24467,0,629,1,494,0
b1f3b33d65b5ee42798050058882f6e5d2d1973d,2026-03-25T11:27:28-04:00,3513,stitch,cmd/who,cmd,srd097,"R2.1, R2.2, R2.3, R2.4",False,"Task 3513: [stitch] [stitch] prd097-who R2.1, R2.2, R2.3, R2.4 -- who options and am-i mode",317075,13794,79532,237538,0.9607,36155,36185,30,24467,24467,0,223,1,40,10
205bbc62fef774ecc5147cc977cdf3545b7c85e9,2026-03-25T11:32:35-04:00,3515,stitch,cmd/who,cmd,srd097,"R3.1, R3.2, R3.3",False,"Task 3515: [stitch] prd097-who R3.1, R3.2, R3.3 -- who differential tests",1014718,9364,84359,930346,1.2266,36185,36185,0,24467,24647,180,200,1,180,0
12e44e1523204440811c06d0dbc845a55fe9588b,2026-03-25T11:43:25-04:00,3516,stitch,cmd/pinky,cmd,srd098,"R1.1, R1.2, R1.3",False,"Task 3516: [stitch] prd098-pinky R1.1, R1.2, R1.3 -- pinky core implementation",4009085,32521,104098,3904945,3.4163,36185,36609,424,24647,24647,0,627,1,424,0
5b4ac53a1f73db357b34d2abfccf8cca1ab9c0f0,2026-03-25T11:48:34-04:00,3517,stitch,cmd/pinky,cmd,srd098,"R2.1, R2.2, R2.3",False,"Task 3517: [stitch] prd098-pinky R2.1, R2.2, R2.3 -- pinky options and flags",316463,18049,80647,235811,1.0732,36609,36646,37,24647,24647,0,288,1,69,32
f83969199edf6e197397371fef902102da3bc51a,2026-03-25T11:49:53-04:00,3518,stitch,cmd/pinky,cmd,srd098,"R3.1, R3.2, R3.3",False,"Task 3518: [stitch] prd098-pinky R3.1, R3.2, R3.3 -- pinky differential tests",388324,3203,73622,314696,0.6976,36646,36646,0,24647,24858,211,58,1,211,0
f1bab3b28a06081811e71a65d1e6d10c623e7575,2026-03-25T13:34:10-04:00,3520,stitch,cmd/shred,cmd,srd099,"R1.1, R1.2, R1.3, R1.4",False,"Task 3520: [stitch] prd099-shred R1.1, R1.2, R1.3, R1.4 -- shred core implementation",631830,6616,75835,555986,1.0244,36646,37124,478,24858,24858,0,191,1,478,0
e6a2febaef0fff935c1beb7ab4bf95b2ce7da7e5,2026-03-25T13:37:16-04:00,3521,stitch,cmd/shred,cmd,srd099,"R2.1, R2.2, R2.3, R2.4",False,"Task 3521: [stitch] prd099-shred R2.1, R2.2, R2.3, R2.4 -- shred options and flags",462905,7894,73195,389703,0.8497,37124,37156,32,24858,24858,0,166,1,48,16
44d1d223dbc7a9a80cd45b05b387d5862ddc89b3,2026-03-25T13:39:35-04:00,3522,stitch,cmd/shred,cmd,srd099,"R3.1, R3.2, R3.3",False,"Task 3522: [stitch] prd099-shred R3.1, R3.2, R3.3 -- shred differential tests",586358,6604,81455,504895,0.9267,37156,37156,0,24858,25126,268,120,1,268,0
1a86efe1646b9ce61d078eb642420e660ad37622,2026-03-25T13:41:23-04:00,3523,stitch,cmd/chroot,cmd,srd100,"R1.1, R1.2, R1.3",False,"Task 3523: [stitch] prd100-chroot R1.1, R1.2, R1.3 -- chroot core implementation",218142,3745,7581,207891,0.6297,37156,37438,282,25126,25126,0,86,1,282,0
9281bddc68531cf15e1f51d925e5b626ef3fefaf,2026-03-25T13:46:26-04:00,3525,stitch,cmd/chroot,cmd,srd100,"R2.1, R2.2, R2.3",False,"Task 3525: [stitch] prd100-chroot R2.1, R2.2, R2.3 -- chroot options and error handling",301975,11478,73644,228326,0.8614,37438,37485,47,25126,25126,0,156,1,121,74
b6f96bf655d6558287ac3c8eab475cfaac3167be,2026-03-25T13:51:22-04:00,3526,stitch,cmd/install,cmd,srd101,"R1.1, R1.2, R1.3, R1.4",False,"Task 3526: [stitch] prd101-install R1.1, R1.2, R1.3, R1.4 -- install core implementation",703520,17473,88654,614857,1.2984,37485,38028,543,25126,25385,259,279,2,802,0
b1c0ea86c9c1a6aa12747949b0131913859c65c4,2026-03-25T13:59:09-04:00,3527,stitch,cmd/install,cmd,srd101,"R2.1, R2.2, R2.3, R2.4",False,"Task 3527: [stitch] prd101-install R2.1, R2.2, R2.3, R2.4 -- install options and flags",654890,28228,97790,557092,1.5955,38028,38217,189,25385,25385,0,447,2,226,37
84733dd96403440c88797215115f1c408c985866,2026-03-25T14:06:41-04:00,3528,stitch,cmd/install,cmd,srd101,"R3.1, R3.2, R3.3",False,"Task 3528: [stitch] prd101-install R3.1, R3.2, R3.3 -- install differential tests",584783,27124,107404,477372,1.5881,38217,38217,0,25385,25686,301,432,1,323,22
293a9d1b8a908a4791b2b77bfb05cb15fb89b150,2026-03-25T14:30:00-04:00,3530,stitch,cmd/tsort,cmd,srd102,"R1.1, R1.2, R1.3, R1.4",False,"Task 3530: [stitch] [stitch] prd102-tsort R1.1, R1.2, R1.3, R1.4 -- tsort core implementation",1867953,13901,19125,1848802,1.3916,38217,38473,256,25686,25686,0,339,1,256,0
12be0b900b60b3912299c6fb9ee07ad1dd3c7f28,2026-03-25T14:47:38-04:00,3531,stitch,cmd/tsort,cmd,srd102,"R2.1, R2.2, R2.3",False,"Task 3531: [stitch] [stitch] prd102-tsort R2.1, R2.2, R2.3 -- tsort differential tests",845493,5007,13525,831956,0.6257,38473,38473,0,25686,25828,142,115,1,142,0
edd005be79b17662b486492b6c0b5b29830e10a5,2026-03-25T14:53:52-04:00,3532,stitch,cmd/pathchk,cmd,srd103,"R1.1, R1.2, R1.3, R1.4",False,"Task 3532: [stitch] [stitch] prd103-pathchk R1.1, R1.2, R1.3, R1.4 -- pathchk core implementation",579744,22698,101422,478314,1.4405,38473,38679,206,25828,25828,0,355,1,206,0
d94b11750cedbc3355d4c1bcdd84a1b39e06d9da,2026-03-25T15:00:06-04:00,3533,stitch,cmd/pathchk,cmd,srd103,"R2.1, R2.2, R2.3",False,"Task 3533: [stitch] [stitch] prd103-pathchk R2.1, R2.2, R2.3 -- pathchk differential tests",778480,17206,88226,690244,1.3267,38679,38679,0,25828,25963,135,357,1,135,0
e046d264f541affff48178657b55cd78a4a471fa,2026-03-25T15:07:39-04:00,3535,stitch,cmd/test,cmd,srd104,"R1.1, R1.2, R2.1, R2.2",False,"Task 3535: [stitch] prd104-test R1.1, R1.2, R2.1, R2.2 -- test core implementation",561699,17954,77556,484135,1.1757,38679,38953,274,25963,25963,0,296,1,274,0
09ebedb06882e1065acb1b0f2bf235da8657ef0c,2026-03-25T15:17:04-04:00,3536,stitch,cmd/test,cmd,srd104,"R3.1, R3.2, R4.1, R4.2",False,"Task 3536: [stitch] prd104-test R3.1, R3.2, R4.1, R4.2 -- test differential tests",1016448,34926,102528,913909,1.971,38953,39136,183,25963,26070,107,546,2,297,7
1ae5b91de099cd30c162f700d64be157fbc0434a,2026-03-25T17:34:42-04:00,3538,stitch,cmd/stty,cmd,srd105,"R2.1, R2.2, R2.3, R2.4",False,"Task 3538: [stitch] prd105-stty R2.1, R2.2, R2.3, R2.4 -- stty settings modification",834857,58540,59817,775031,2.2249,39136,39974,838,26070,26070,0,853,6,838,0
f18cc1b91de6bef6cae29f5b0e38775eb6000aa6,2026-03-25T17:44:00-04:00,3540,stitch,cmd/stty,cmd,srd105,"R1.1, R1.2, R1.3, R1.4",False,"Task 3540: [stitch] prd105-stty R1.1, R1.2, R1.3, R1.4 -- stty display and query",429437,24873,97869,331562,1.3993,39974,40177,203,26070,26070,0,390,4,221,18
d02fc77b789a1874de1390e58623e7771bb09920,2026-03-25T17:46:20-04:00,3541,stitch,cmd/stty,cmd,srd105,"R3.1, R3.2, R3.3",False,"Task 3541: [stitch] prd105-stty R3.1, R3.2, R3.3 -- stty differential tests",849030,5421,82978,766041,1.0372,40177,40177,0,26070,26193,123,121,1,123,0
ce5918f0c0e23d52f5cb593c68395e71759d5a02,2026-03-25T17:52:44-04:00,3542,stitch,cmd/df,cmd,srd106,"R1.1, R1.2, R1.3, R1.4",False,"Task 3542: [stitch] prd106-df R1.1, R1.2, R1.3, R1.4 -- df core filesystem queries",892265,24214,89141,803113,1.5641,40177,40541,364,26193,26193,0,367,3,364,0
66e806e319c167b63ee09d67749b585e0aad8620,2026-03-25T17:55:58-04:00,3543,stitch,cmd/df,cmd,srd106,"R1.5, R2.1, R2.2, R2.3",False,"Task 3543: [stitch] prd106-df R1.5, R2.1, R2.2, R2.3 -- df output options and human-readable formatting",486273,11003,78832,407434,0.9715,40541,40646,105,26193,26193,0,177,1,120,15
b6cd02d57b9abe3297cdfa6da39e65c995be4d2a,2026-03-25T18:01:28-04:00,3545,stitch,cmd/df,cmd,srd106,"R3.1, R3.2, R3.3, R3.4",False,"Task 3545: [stitch] [stitch] prd106-df R3.1, R3.2, R3.3, R3.4 -- df filesystem type filtering and exclusion",1041016,11110,89794,951209,1.3146,40646,40733,87,26193,26283,90,202,2,214,37
fc2151cd2eb2c55bd0bf39508e10357bfef66343,2026-03-25T18:04:49-04:00,3546,stitch,cmd/df,cmd,srd106,"R3.5, R3.6, R3.7",False,"Task 3546: [stitch] [stitch] prd106-df R3.5, R3.6, R3.7 -- df additional display and formatting options",1063200,11248,86981,976206,1.313,40733,40953,220,26283,26316,33,181,2,281,28
119868177459d5b4e97b54fb4ff4a19105d8dd8b,2026-03-25T18:07:17-04:00,3547,stitch,cmd/df,cmd,srd106,"R4.1, R4.2, R4.3",False,"Task 3547: [stitch] [stitch] prd106-df R4.1, R4.2, R4.3 -- df error handling and edge cases",1658187,5405,83707,1574460,1.4456,40953,40953,0,26316,26348,32,129,2,36,4
83b16562c9539c5f3afd4396f650c91a79cf9386,2026-03-25T18:17:15-04:00,3548,stitch,cmd/dir,cmd,srd107,"R1.1, R1.2, R1.3, R1.4",False,"Task 3548: [stitch] [stitch] prd107-dir R1.1, R1.2, R1.3, R1.4 -- dir core directory listing",1340627,37593,123205,1217409,2.3186,40953,41327,374,26348,26445,97,581,2,471,0
4248d7ec2a66aad389019f20834a26c8fada0df6,2026-03-25T18:31:10-04:00,3550,stitch,cmd/dir,cmd,srd107,"R1.5, R2.1, R2.2, R2.3",False,"Task 3550: [stitch] prd107-dir R1.5, R2.1, R2.2, R2.3 -- dir additional features and output options",2122630,43890,130528,1992083,2.9092,41327,42344,1017,26445,26581,136,700,3,1358,205
d271c21356c0540f64ad8305821a2fc80d088cdc,2026-03-25T18:37:06-04:00,3551,stitch,cmd/dir,cmd,srd107,"R2.4, R1.1, R1.2, R1.3",False,"Task 3551: [stitch] prd107-dir R2.4, prd108-vdir R1.1, R1.2, R1.3 -- dir error handling and vdir core listing",1507165,21856,123676,1383475,2.0112,42344,43735,1391,26581,26834,253,337,4,1644,0
7cf86ecf0b47d8de945e37ee855a890afaa16f40,2026-03-25T18:40:56-04:00,3552,stitch,cmd/vdir,cmd,srd108,"R1.4, R1.5, R1.6, R2.1",False,"Task 3552: [stitch] prd108-vdir R1.4, R1.5, R1.6, R2.1 -- vdir display options and sorting",2223411,9962,107666,2115723,1.9799,43735,43755,20,26834,26933,99,209,2,122,3
7782326a01219f481ae7c0591b3c33bc154ff8ab,2026-03-25T18:48:50-04:00,3553,stitch,cmd/vdir,cmd,srd108,"R2.2, R2.3, R2.4",False,"Task 3553: [stitch] prd108-vdir R2.2, R2.3, R2.4 -- vdir error handling and edge cases",3683232,22063,109048,3574148,3.0204,43755,43776,21,26933,26967,34,455,3,63,8
23c5f268503a5b6a0ca959a548c983bcf66eacbe,2026-03-25T18:59:30-04:00,3555,stitch,cmd/dircolors,cmd,srd109,"R1.1, R1.2, R1.3, R1.4",False,"Task 3555: [stitch] Task 3554: [stitch] prd109-dircolors R1.1, R1.2, R1.3, R1.4 -- dircolors core database and default output",1142052,30672,112927,1029112,1.9872,43776,44048,272,26967,27057,90,518,2,362,0
0d0e8123efa8332e46dacb5058a1b083bcd2bdc5,2026-03-25T19:06:14-04:00,3556,stitch,cmd/dircolors,cmd,srd109,"R2.1, R2.2, R2.3, R2.4",False,"Task 3556: [stitch] Task 3555: [stitch] prd109-dircolors R2.1, R2.2, R2.3, R2.4 -- dircolors shell output modes and -b/-c/-p flags",1016019,22706,93153,922854,1.6113,44048,44302,254,27057,27067,10,386,2,273,9
baf02730e46725725036e3abef7006917a3157a5,2026-03-25T19:14:08-04:00,3557,stitch,cmd/dircolors,cmd,srd109,"R2.5, R3.1, R3.2, R3.3",False,"Task 3557: [stitch] Task 3556: [stitch] prd109-dircolors R2.5, R3.1, R3.2, R3.3 -- dircolors configuration file parsing and custom database",993112,27864,100286,892815,1.7698,44302,44474,172,27067,27177,110,457,2,311,29
1f6d12744c4cb1ff0fdf15a3d25b61ae975e116f,2026-03-25T19:23:12-04:00,3558,stitch,cmd/dircolors,cmd,srd109,"R3.4, R3.5",False,"Task 3558: [stitch] Task 3557: [stitch] prd109-dircolors R3.4, R3.5 -- dircolors error handling and version/help",1063330,32755,110021,953298,1.9832,44474,44504,30,27177,27289,112,525,2,162,20
8aefad914c11759f1f90123dd68f2a11ddf37245,2026-03-25T21:04:12-04:00,3562,stitch,cmd/pr,cmd,srd110,"R3.1, R3.2",False,"Task 3562: [stitch] prd110-pr R3.1, R3.2 -- pr error handling and version/help",1717734,19967,103972,1613743,1.956,44504,45156,652,27289,27415,126,299,2,778,0
e4015c44b5888521119ad6f6b0e1862b23d0eab3,2026-03-25T22:42:11-04:00,3565,stitch,cmd/pr,cmd,srd110,"R1.1, R1.2, R1.3, R1.4",False,"Task 3565: [stitch] prd110-pr R1.1, R1.2, R1.3, R1.4 -- pr core page layout and line numbering",1003564,17623,94134,909418,1.4837,45156,45181,25,27415,27568,153,351,2,189,11
e60a0807f462c7c7ff5a2e354ba27479d602e4ac,2026-03-27T12:02:15-04:00,3576,stitch,cmd/chronic,cmd,srd112,"R1.1, R1.2, R1.3",False,"Task 3576: [stitch] prd112-chronic R1.1, R1.2, R1.3 -- chronic core command execution",482760,3013,60226,422526,0.663,45181,45280,99,27568,27568,0,68,1,99,0
8c5eb7dd7cb98be31a4c2c912b0386c6ffd83dd1,2026-03-27T12:10:24-04:00,3577,stitch,cmd/chronic,cmd,srd112,"R2.1, R2.2, R2.3",False,"Task 3577: [stitch] prd112-chronic R2.1, R2.2, R2.3 -- chronic error handling and options",969993,28095,91595,878386,1.7141,45280,45350,70,27568,27732,164,471,2,248,14
39da13ebd57f0295f5f8ea780ba43561a5f6f19c,2026-03-27T12:11:35-04:00,3578,stitch,cmd/pee,cmd,srd113,"R1.1, R1.2, R1.3",False,"Task 3578: [stitch] prd113-pee R1.1, R1.2, R1.3 -- pee core stdin distribution",547220,2231,58316,488895,0.6647,45350,45423,73,27732,27732,0,52,1,73,0
1ca89fcc5742a41763cfb748bd047b93beffc3bf,2026-03-27T12:12:57-04:00,3579,stitch,cmd/pee,cmd,srd113,"R2.1, R2.2",False,"Task 3579: [stitch] prd113-pee R2.1, R2.2 -- pee error handling and edge cases",580404,2858,63936,516459,0.7293,45423,45425,2,27732,27793,61,63,2,69,6
d16dde19d2f02a6297adb3cb42d41fd99e936fd8,2026-03-27T12:16:19-04:00,3581,stitch,cmd/vidir,cmd,srd114,"R1.1, R1.2, R1.3, R1.4",False,"Task 3581: [stitch] [stitch] prd114-vidir R1.1, R1.2, R1.3, R1.4 -- vidir core directory editing",675471,4985,87331,588132,0.9645,45425,45754,329,27793,27793,0,88,1,329,0
20bbd66bc2c0ec529d1c4ba4dc9c3d3bd0ba3fb9,2026-03-27T12:21:26-04:00,3582,stitch,cmd/vidir,cmd,srd114,"R2.1, R2.2",False,"Task 3582: [stitch] [stitch] prd114-vidir R2.1, R2.2 -- vidir error handling and edge cases",1806094,11878,104528,1701548,1.8011,45754,45789,35,27793,27859,66,286,2,102,1
25bd09994ac2549abcf427bb81ecd8d904f102b0,2026-03-28T20:48:25-04:00,3657,stitch,cmd/users,cmd,srd096,"R1.1, R1.2, R1.3, R2.1",False,"Task 3657: [stitch] cmd/users: implement core behavior (prd096 R1.1, R1.2, R1.3, R2.1)",466398,5456,58514,407876,0.7061,0,90,90,0,0,0,99,1,90,0
79f4a0690093b2e6b2f05073353662861c8b084a,2026-03-28T20:50:25-04:00,3658,stitch,cmd/users,cmd,srd096,"R2.2, R2.3, R3.1, R3.2",False,"Task 3658: [stitch] cmd/users: implement remaining behavior (prd096 R2.2, R2.3, R3.1, R3.2)",611461,4899,59630,551821,0.7711,90,94,4,0,0,0,104,1,7,3
5d5602468cc5cde395abbcf58fd94347bfe43388,2026-03-28T20:53:16-04:00,3659,stitch,cmd/users,cmd,srd096,R3.3,False,Task 3659: [stitch] cmd/users: differential tests (prd096 R3.3),411337,7207,61478,349852,0.7394,94,94,0,0,46,46,155,1,46,0
062024a1ac013e5f20e6045c1c8362f28693d611,2026-03-28T20:54:33-04:00,3660,stitch,cmd/who,cmd,srd097,"R1.1, R1.2, R1.3, R1.4",False,"Task 3660: [stitch] cmd/who: implement core behavior (prd097 R1.1, R1.2, R1.3, R1.4)",534808,3126,58317,476482,0.6809,94,271,177,46,46,0,63,1,177,0
a7591b14b90b85c846a61c33a34cdf02d8117721,2026-03-28T21:04:54-04:00,3667,stitch,pkg/testutils,pkg,srd001,"R1.1, R1.2, R1.3, R1.4",True,"Task 3667: [stitch] pkg/testutils: define DiffTest contract (prd001 R1.1, R1.2, R1.3, R1.4) (contract)",385436,1454,53727,331702,0.538,0,65,65,0,0,0,43,2,65,0
1d1f87ef54024e99727c77c5bbd4c1aa88e5acd0,2026-03-28T21:06:33-04:00,3668,stitch,pkg/testutils,pkg,srd001,"R2.1, R2.2, R2.3, R2.4",False,"Task 3668: [stitch] pkg/testutils: implement RunDiffTests core (prd001 R2.1, R2.2, R2.3, R2.4)",492783,5511,65393,427382,0.7602,65,204,139,0,0,0,82,1,147,8
9d75329db16b71ace9c9e755ba70fa122eea4df4,2026-03-28T21:07:34-04:00,3669,stitch,pkg/sys,pkg,srd002,"R1.1, R1.2, R1.3, R1.4",True,"Task 3669: [stitch] pkg/sys: define FileInfo and system call contract (prd002 R1.1, R1.2, R1.3, R1.4) (contract)",420764,2333,60769,359988,0.6182,204,299,95,0,0,0,46,4,95,0
467d6f98a4f35f9f6c011cf151c751adcaacade9,2026-03-28T21:09:30-04:00,3670,stitch,pkg/sys,pkg,srd002,"R1.5, R1.6, R1.7, R2.1",False,"Task 3670: [stitch] pkg/sys: implement Stat, Lstat, and FileInfo population (prd002 R1.5, R1.6, R1.7, R2.1)",489884,6654,61501,428375,0.765,299,396,97,0,0,0,101,4,104,7
b38e21ee184755355bf4e70b619063979f147b35,2026-03-28T21:12:17-04:00,3672,stitch,pkg/sys,pkg,srd002,"R2.2, R2.3, R2.4, R2.5",False,"Task 3672: [stitch] pkg/sys: implement TerminalWidth, IsTerminal, SIGPIPE handler, and OnTerminalResize (prd002 R2.2, R2.3, R2.4, R2.5)",338395,3679,58818,279571,0.5994,396,471,75,0,0,0,70,1,82,7
541314334da0a27cb3ca34cf1d0efb7eb294b98b,2026-03-28T21:13:13-04:00,3673,stitch,pkg/sys,pkg,srd002,"R2.6, R3.1, R3.2, R3.3",False,"Task 3673: [stitch] pkg/sys: implement process priority and process group operations (prd002 R2.6, R3.1, R3.2, R3.3)",277864,1701,59769,218090,0.5252,471,512,41,0,0,0,40,1,41,0
5d7546d5f3c4009d738ff7880a3fa3b82937f67c,2026-03-28T21:14:37-04:00,3674,stitch,pkg/testutils,pkg,srd001,"R2.5, R2.6, R3.1, R3.2",False,"Task 3674: [stitch] pkg/testutils: implement BuildBinary and ComposeNormalizers (prd001 R2.5, R2.6, R3.1, R3.2)",657702,4316,66736,590956,0.8205,512,557,45,0,0,0,70,3,95,50
a787afe3462ced9ca3850bf7f187b8fa63c3f7f3,2026-03-28T21:15:53-04:00,3675,stitch,pkg/testutils,pkg,srd001,"R3.3, R3.4, R3.5, R3.6",False,"Task 3675: [stitch] pkg/testutils: implement WorkDir support, Env handling, ExpectedFiles verification, and exit code comparison (prd001 R3.3, R3.4, R3.5, R3.6)",362815,3767,64420,298389,0.646,557,610,53,0,0,0,58,1,53,0
afaafc7d6b576697548f095a29e752ac7f5bc723,2026-03-28T21:22:00-04:00,3677,stitch,pkg/testutils,pkg,srd001,"R4.1, R4.2, R4.3, R4.4",False,"Task 3677: [stitch] pkg/testutils: implement RunDiffTests binary execution and output comparison (prd001 R4.1, R4.2, R4.3, R4.4)",973674,13544,80080,893581,1.286,610,625,15,0,262,262,211,3,452,175
6acb9a8242c1f86e6490273cd9f35c3aa89026f0,2026-03-28T21:23:54-04:00,3678,stitch,pkg/testutils,pkg,srd001,"R5.1, R5.2",False,"Task 3678: [stitch] pkg/testutils: implement TimestampNormalizer (prd001 R5.1, R5.2)",445013,5680,66433,377862,0.7497,625,639,14,262,365,103,96,3,146,29
e60da31a190631053ae28796c688182a17fbea20,2026-03-28T21:24:50-04:00,3679,stitch,pkg/format,pkg,srd003,,False,Task 3679: [stitch] pkg/format: define exported types and function stubs (prd003 contract),459391,1708,55685,403698,0.5926,639,732,93,365,365,0,39,4,93,0
7ff78cd1900458049977edc246963ecabd7440d0,2026-03-28T21:26:29-04:00,3680,stitch,pkg/format,pkg,srd003,"R1.1, R1.2, R1.3, R1.4",False,"Task 3680: [stitch] pkg/format: implement HumanSize and size formatting (prd003 R1.1, R1.2, R1.3, R1.4)",555761,5188,62875,492877,0.7692,732,783,51,365,427,62,84,2,116,3
fab17e8d4200cbd5ffaa680f3cc4c9d2b1a7dc3d,2026-03-28T21:30:20-04:00,3682,stitch,pkg/format,pkg,srd003,"R2.1, R2.2, R2.3, R2.4",False,"Task 3682: [stitch] pkg/format: implement ANSI color functions (prd003 R2.1, R2.2, R2.3, R2.4)",359581,5474,63434,296141,0.6814,783,888,105,427,427,0,88,1,111,6
ffef9545e7e4303c1f22d08b35b62df8b9c353f8,2026-03-28T21:32:01-04:00,3683,stitch,pkg/format,pkg,srd003,"R2.5, R2.6, R2.7, R3.1",False,"Task 3683: [stitch] pkg/format: implement ResetColorEnabled and padding (prd003 R2.5, R2.6, R2.7, R3.1)",498270,4179,62043,436219,0.7104,888,907,19,427,427,0,86,2,27,8
e2cebec5dee3cc43d3016c6da99f0d80d910b9cb,2026-03-28T21:33:35-04:00,3684,stitch,pkg/format,pkg,srd003,"R3.2, R3.3, R3.4, R3.5",False,"Task 3684: [stitch] pkg/format: implement PadLeft and column layout (prd003 R3.2, R3.3, R3.4, R3.5)",629616,4088,63876,565730,0.7843,907,1006,99,427,427,0,79,3,114,15
2ad4fb74896f2918e0e7f8981124e05515616260,2026-03-28T21:34:26-04:00,3685,stitch,pkg/hashutil,pkg,srd086,,False,Task 3685: [stitch] pkg/hashutil: define exported types and function stubs (prd086 contract),395663,1758,55895,339761,0.5632,1006,1091,85,427,427,0,38,1,85,0
88c329f741c4fd59958254d97d1757e00b05640e,2026-03-28T21:38:11-04:00,3687,stitch,pkg/sizeparse,pkg,srd087,,False,Task 3687: [stitch] pkg/sizeparse: define exported types and function stubs (prd087 contract),324748,886,70676,254067,0.5909,1091,1125,34,427,427,0,24,1,34,0
c6f33cb7c5856c53f156390ffb985988ad554478,2026-03-28T21:38:51-04:00,3688,stitch,pkg/encutil,pkg,srd088,,False,Task 3688: [stitch] pkg/encutil: define exported types and function stubs (prd088 contract),241863,970,69631,172228,0.5456,1125,1181,56,427,427,0,23,1,56,0
baa4d3d138f7605f48a37e332063b9a1e144664b,2026-03-28T21:40:11-04:00,3689,stitch,pkg/hashutil,pkg,srd086,"R1.1, R1.2, R1.3, R1.4",False,"Task 3689: [stitch] pkg/hashutil: implement digest computation and output formatting (prd086 R1.1, R1.2, R1.3, R1.4)",600292,3655,76741,523543,0.8328,1181,1259,78,427,427,0,66,2,111,33
cf0e9c289f0bb94ed642cfabd14bee80a0f67ea3,2026-03-28T21:41:24-04:00,3690,stitch,pkg/hashutil,pkg,srd086,"R2.1, R2.2, R2.3, R3.1",False,"Task 3690: [stitch] pkg/hashutil: implement checksum parsing and verification (prd086 R2.1, R2.2, R2.3, R3.1)",604561,3195,77155,527398,0.8258,1259,1403,144,427,427,0,57,2,166,22
b176ece0634cbf97557a69824f510203221c9fcb,2026-03-28T21:46:24-04:00,3692,stitch,pkg/sizeparse,pkg,srd087,"R1.1, R1.2, R1.3, R1.4",False,"Task 3692: [stitch] pkg/sizeparse: implement core size string parsing (prd087 R1.1, R1.2, R1.3, R1.4)",1189035,7738,83597,1105424,1.2687,1403,1540,137,427,427,0,142,2,139,2
4cd6cab19d3b7cb7091c3fadc3747c7c191933be,2026-03-28T21:48:22-04:00,3693,stitch,pkg/sizeparse,pkg,srd087,"R2.1, R2.2, R3.1, R3.2",False,"Task 3693: [stitch] pkg/sizeparse: implement ParseWithOptions and error handling (prd087 R2.1, R2.2, R3.1, R3.2)",577232,4812,63440,513783,0.7737,1540,1544,4,427,427,0,101,1,7,3
5f3032a985b55d44f67fa3956bef53a4da336537,2026-03-28T21:49:39-04:00,3694,stitch,pkg/encutil,pkg,srd088,"R1.1, R1.2, R1.3, R2.1",False,"Task 3694: [stitch] pkg/encutil: implement encoding and input handling (prd088 R1.1, R1.2, R1.3, R2.1)",449157,3816,80013,369138,0.7801,1544,1592,48,427,427,0,63,3,69,21
654c184dc86a5b870eabdb8c7cdc823462f45911,2026-03-28T21:51:02-04:00,3695,stitch,pkg/encutil,pkg,srd088,"R2.2, R2.3, R3.1, R3.2",False,"Task 3695: [stitch] pkg/encutil: implement decoding and error handling (prd088 R2.2, R2.3, R3.1, R3.2)",727729,3228,81808,645912,0.915,1592,1687,95,427,427,0,66,2,105,10
20e26c512b61f26d26d267cdb228c2f8153b6294,2026-03-28T21:57:24-04:00,3698,stitch,pkg/hashutil,pkg,srd086,R3.2,False,Task 3698: [stitch] pkg/hashutil: implement remaining feature (prd086 R3.2),650243,4464,85595,564640,0.9289,1687,1687,0,427,730,303,77,1,303,0
2b78ad5e252282dd375bf3d0a27da93fee04d39a,2026-03-28T21:58:27-04:00,3699,stitch,cmd/cat,cmd,srd006,"R1.1, R1.2, R1.3, R1.4",False,"Task 3699: [stitch] cmd/cat: implement basic concatenation and stdin (prd006 R1.1, R1.2, R1.3, R1.4)",470693,1675,57119,413566,0.6057,1687,1747,60,730,730,0,48,1,60,0
acbcaaf419eb45efc209a3f390158925d7e12e71,2026-03-28T22:00:22-04:00,3700,stitch,cmd/cat,cmd,srd006,"R1.5, R2.1, R2.2, R2.3",False,"Task 3700: [stitch] cmd/cat: implement display flags and error handling (prd006 R1.5, R2.1, R2.2, R2.3)",711003,5518,61934,649058,0.8496,1747,1888,141,730,730,0,99,1,161,20
0a4384f646c52c9ef7e48c5a623a64a42597ce1d,2026-03-28T22:04:26-04:00,3702,stitch,cmd/cat,cmd,srd006,"R2.4, R3.1, R3.2, R3.3",False,"Task 3702: [stitch] cmd/cat: implement remaining R2 and R3 features (prd006 R2.4, R3.1, R3.2, R3.3)",594225,6045,73748,520468,0.8723,1888,1917,29,730,845,115,110,2,190,46
02f7fab86e4abf6b7fc266d69b0c971b061dfa13,2026-03-28T22:06:46-04:00,3703,stitch,cmd/cat,cmd,srd006,"R4.1, R4.2, R4.3, R4.4",False,"Task 3703: [stitch] cmd/cat: implement R4 flag interactions batch 1 (prd006 R4.1, R4.2, R4.3, R4.4)",448086,7769,67583,380496,0.8069,1917,2010,93,845,929,84,123,2,186,9
3e80f7b4946f9c12f4abf822eceae6edb1167ea1,2026-03-28T22:08:01-04:00,3704,stitch,cmd/cat,cmd,srd006,"R4.5, R4.6, R4.7, R4.8",False,"Task 3704: [stitch] cmd/cat: implement R4 flag interactions batch 2 (prd006 R4.5, R4.6, R4.7, R4.8)",593590,2964,65500,528081,0.7476,2010,2023,13,929,977,48,58,2,63,2
07e5e08623b66428687e3982f796ab25a31d8fd7,2026-03-28T22:14:50-04:00,3705,stitch,cmd/cat,cmd,srd006,"R4.9, R5.1, R5.2, R5.3",False,"Task 3705: [stitch] cmd/cat: implement remaining R4 and R5 features (prd006 R4.9, R5.1, R5.2, R5.3)",1192190,21964,90651,1101525,1.6665,2023,2035,12,977,1055,78,392,2,93,3
51262dfd9886d696904b3357a021c26cd3634b3b,2026-03-28T22:19:09-04:00,3707,stitch,cmd/cat,cmd,srd006,R5.4,False,Task 3707: [stitch] cmd/cat: implement remaining feature (prd006 R5.4),1105253,6900,72001,1033237,1.1392,2035,2046,11,1055,1095,40,136,2,53,2
57f8506f445dee0237bf5d59893d32d27750bf48,2026-03-28T22:21:18-04:00,3708,stitch,cmd/sponge,cmd,srd007,"R1.1, R1.2, R1.3, R1.4",False,"Task 3708: [stitch] cmd/sponge: implement core stdin buffering and temp file (prd007 R1.1, R1.2, R1.3, R1.4)",957426,5781,66922,890490,1.0081,2046,2243,197,1095,1230,135,113,2,332,0
7f7e0dd1c5f74c9b78e1cdbde3e2b474bc712289,2026-03-28T22:27:23-04:00,3709,stitch,cmd/sponge,cmd,srd007,"R1.5, R2.1, R2.2, R2.3",False,"Task 3709: [stitch] cmd/sponge: implement error handling and edge cases (prd007 R1.5, R2.1, R2.2, R2.3)",505412,22982,82690,422715,1.3028,2243,2285,42,1230,1349,119,348,2,166,5
2b0518f53e3107c67ac75766e2ddb747e716e0e3,2026-03-28T22:32:21-04:00,3710,stitch,cmd/sponge,cmd,srd007,"R2.4, R2.5, R3.1, R3.2",False,"Task 3710: [stitch] cmd/sponge: implement append mode and remaining R2/R3 features (prd007 R2.4, R2.5, R3.1, R3.2)",503899,20177,82495,421397,1.2308,2285,2363,78,1349,1511,162,280,2,261,21
8205c8c99bdc25d4732783100a66a8bf4f09ae3d,2026-03-28T22:37:43-04:00,3712,stitch,cmd/sponge,cmd,srd007,"R3.3, R4.1, R4.2, R4.3",False,"Task 3712: [stitch] cmd/sponge: implement remaining R3 and R4 features (prd007 R3.3, R4.1, R4.2, R4.3)",704287,4558,70758,633519,0.873,2363,2363,0,1511,1648,137,91,2,139,2
ad601d2e1494e960ae28a6867b700b7f168a0f37,2026-03-28T22:41:15-04:00,3713,stitch,cmd/sponge,cmd,srd007,"R5.1, R5.2, R5.3, R5.4",False,"Task 3713: [stitch] cmd/sponge: implement R5 features (prd007 R5.1, R5.2, R5.3, R5.4)",500333,13606,80264,420062,1.0519,2363,2378,15,1648,1790,142,191,2,174,17
2bad54567a2e043628d2b6fc4f6559179f83d1ff,2026-03-28T22:43:48-04:00,3714,stitch,cmd/sponge,cmd,srd007,"R6.1, R6.2",False,"Task 3714: [stitch] cmd/sponge: implement final features (prd007 R6.1, R6.2)",668082,8381,77247,590826,0.9878,2378,2378,0,1790,1952,162,131,2,164,2
5aae530695b7d0995087cb6898959ef36199a317,2026-03-28T22:45:00-04:00,3715,stitch,cmd/version,cmd,srd059,"R1.1, R1.2, R1.3, R1.4",False,"Task 3715: [stitch] cmd/version: implement version command (prd059 R1.1, R1.2, R1.3, R1.4)",467819,2628,57336,410475,0.6293,2378,2419,41,1952,2048,96,53,2,137,0
f20a23906e50fbfb297fb835cd7d89bd9dfe9987,2026-03-28T22:48:40-04:00,3717,stitch,cmd/version,cmd,srd059,R1.5,False,Task 3717: [stitch] cmd/version: implement remaining feature (prd059 R1.5),536096,2326,57623,478464,0.6576,2419,2420,1,2048,2048,0,58,2,7,6
3a8aa88feeea869807d2cd399c00b33912e08a00,2026-03-28T22:52:48-04:00,3718,stitch,cmd/du,cmd,srd009,"R1.1, R1.2, R1.3, R1.4",False,"Task 3718: [stitch] cmd/du: implement core traversal and default output (prd009 R1.1, R1.2, R1.3, R1.4)",613336,13962,81680,531647,1.1254,2420,2525,105,2048,2048,0,233,1,105,0
a3a1b47ce990cfc689228bb6ff3bc65fa610f078,2026-03-28T22:56:01-04:00,3719,stitch,cmd/du,cmd,srd009,"R1.5, R2.1, R2.2, R2.3",False,"Task 3719: [stitch] cmd/du: implement size options and output flags (prd009 R1.5, R2.1, R2.2, R2.3)",377229,11796,70055,307168,0.8864,2525,2583,58,2048,2048,0,178,1,76,18
4a589be79203fbd8d6db009ad419ef8952091171,2026-03-28T23:02:30-04:00,3720,stitch,cmd/du,cmd,srd009,"R2.4, R2.5, R2.6, R2.7",False,"Task 3720: [stitch] cmd/du: implement filtering and depth flags (prd009 R2.4, R2.5, R2.6, R2.7)",628966,12136,72684,556273,1.0359,2583,2647,64,2048,2048,0,370,1,83,19
50f9ce54deb37b42050d804627f971cca726cbd9,2026-03-28T23:08:38-04:00,3722,stitch,cmd/du,cmd,srd009,"R2.8, R3.1, R3.2, R3.3",False,"Task 3722: [stitch] cmd/du: implement filesystem crossing and error handling (prd009 R2.8, R3.1, R3.2, R3.3)",461688,11902,71499,390182,0.9395,2647,2686,39,2048,2048,0,197,1,62,23
8ce91f4409ea0b168ec91cf6da7704bdca726369,2026-03-28T23:11:06-04:00,3723,stitch,cmd/du,cmd,srd009,"R4.1, R4.2, R5.1",False,"Task 3723: [stitch] cmd/du: implement exit codes and help/version output (prd009 R4.1, R4.2, R5.1)",371084,8642,67977,303101,0.7925,2686,2728,42,2048,2048,0,132,1,43,1
b0038da00d456809dd87e220d1efcb619c154209,2026-03-28T23:13:40-04:00,3724,stitch,cmd/true,cmd,srd013,"R1.1, R1.2, R1.3, R2.1",False,"Task 3724: [stitch] cmd/true: implement core exit and help/version (prd013 R1.1, R1.2, R1.3, R2.1)",1607511,5562,76191,1531299,1.381,2728,2771,43,2048,2109,61,139,2,104,0
393dd81f3a4c4964dfa52adf6715417647378f2b,2026-03-28T23:15:25-04:00,3725,stitch,cmd/true,cmd,srd013,"R2.2, R2.3, R3.1, R3.2",False,"Task 3725: [stitch] cmd/true: implement version output, error handling, and SIGPIPE (prd013 R2.2, R2.3, R3.1, R3.2)",483329,4678,60419,422902,0.7061,2771,2783,12,2109,2129,20,89,2,50,18
67c2e2a24f2db99ad8ded2d615dc4bbab1011cfa,2026-03-28T23:18:35-04:00,3727,stitch,cmd/true,cmd,srd013,"R4.1, R4.2, R4.3",False,"Task 3727: [stitch] cmd/true: implement exit codes and edge cases (prd013 R4.1, R4.2, R4.3)",341991,2847,59146,282839,0.5823,2783,2783,0,2129,2148,19,62,1,19,0
b261b5eb0d40f4e1a41d8d63f39d94ef250bd641,2026-03-28T23:20:40-04:00,3728,stitch,cmd/false,cmd,srd014,"R1.1, R1.2, R1.3, R2.1",False,"Task 3728: [stitch] cmd/false: implement core exit and help/version (prd014 R1.1, R1.2, R1.3, R2.1)",491883,6044,62604,429271,0.7571,2783,2830,47,2148,2243,95,111,2,142,0
0f19c6ba23d65eb25934eeb9ff04dc12c2794f48,2026-03-28T23:21:52-04:00,3729,stitch,cmd/false,cmd,srd014,"R2.2, R2.3, R3.1, R3.2",False,"Task 3729: [stitch] cmd/false: implement version output, error handling, and SIGPIPE (prd014 R2.2, R2.3, R3.1, R3.2)",346961,3503,60188,286767,0.6072,2830,2848,18,2243,2271,28,55,2,52,6
09f2b4e085b5ba59a245edf1ced9a9ddb2d7b7f7,2026-03-28T23:24:15-04:00,3730,stitch,cmd/false,cmd,srd014,"R4.1, R4.2, R4.3",False,"Task 3730: [stitch] cmd/false: implement exit codes and edge cases (prd014 R4.1, R4.2, R4.3)",805793,7218,66191,739590,0.964,2848,2839,-9,2271,2294,23,126,2,43,29
4c9021060cbbe3f5519057c3cb97575865dc9e0f,2026-03-28T23:28:46-04:00,3732,stitch,cmd/yes,cmd,srd012,"R1.1, R1.2, R1.3, R2.1",False,"Task 3732: [stitch] cmd/yes: implement core output, help, and version (prd012 R1.1, R1.2, R1.3, R2.1)",873566,5737,66930,806623,0.9651,2839,2917,78,2294,2440,146,139,2,224,0
4bf1e92e78a217d04b60bc385c2aabb5eaa8ab65,2026-03-28T23:33:17-04:00,3733,stitch,cmd/yes,cmd,srd012,"R1.4, R2.2, R3.1, R3.2",False,"Task 3733: [stitch] cmd/yes: implement version output, error handling, and SIGPIPE (prd012 R1.4, R2.2, R3.1, R3.2)",915898,10639,68878,847007,1.12,2917,2932,15,2440,2515,75,234,2,93,3
6ea32f43faf7afd576055a096179b404bea27c66,2026-03-28T23:37:50-04:00,3734,stitch,cmd/yes,cmd,srd012,"R3.3, R4.1, R4.2, R4.3",False,"Task 3734: [stitch] cmd/yes: implement exit codes and edge cases (prd012 R3.3, R4.1, R4.2, R4.3)",924859,11447,74960,849886,1.1797,2932,2932,0,2515,2591,76,236,2,84,8
5b50d9b325c125c9cfe94e7a6deb384d9f43c1cc,2026-03-28T23:40:15-04:00,3735,stitch,cmd/basename,cmd,srd015,"R1.1, R1.2, R1.3, R1.4",False,"Task 3735: [stitch] cmd/basename: implement core basename and help/version (prd015 R1.1, R1.2, R1.3, R1.4)",958210,5413,67168,891028,1.0007,2932,3045,113,2591,2701,110,109,2,223,0
70b8d14e69b391bf0b846f2a3457d8f0de722aa5,2026-03-28T23:44:31-04:00,3737,stitch,cmd/basename,cmd,srd015,"R1.5, R2.1, R2.2, R2.3",False,"Task 3737: [stitch] cmd/basename: implement suffix stripping, multiple mode, and zero termination (prd015 R1.5, R2.1, R2.2, R2.3)",589789,8515,67514,522266,0.896,3045,3197,152,2701,2780,79,122,2,251,20
194820005b9e38967de294441ac2c6633f92da0b,2026-03-28T23:45:45-04:00,3738,stitch,cmd/basename,cmd,srd015,"R3.1, R3.2, R3.3, R3.4",False,"Task 3738: [stitch] cmd/basename: implement error handling and edge cases (prd015 R3.1, R3.2, R3.3, R3.4)",429611,2619,63423,366181,0.645,3197,3198,1,2780,2780,0,57,1,3,2
03aed3cd5fe0ac4f2ec9e6bbd5fcf87c9c411913,2026-03-28T23:46:52-04:00,3739,stitch,cmd/basename,cmd,srd015,"R4.1, R4.2, R4.3",False,"Task 3739: [stitch] cmd/basename: implement exit codes and edge cases (prd015 R4.1, R4.2, R4.3)",428612,2185,62385,366220,0.6277,3198,3198,0,2780,2794,14,51,2,16,2
373e85d59cdb2a9845312e2a4615d918b1b03c86,2026-03-28T23:49:09-04:00,3740,stitch,cmd/dirname,cmd,srd016,"R1.1, R1.2, R1.3, R1.4",False,"Task 3740: [stitch] cmd/dirname: implement core dirname, help, version, and zero termination (prd016 R1.1, R1.2, R1.3, R1.4)",205380,966,59188,146188,0.4672,3355,3355,0,2952,2952,0,28,2,315,0
8da999fb2b0940c3d5d990cae2bbcc665bdc9734,2026-03-28T23:49:09-04:00,3740,stitch,cmd/dirname,cmd,srd016,"R1.1, R1.2, R1.3, R1.4",False,"Task 3740: [stitch] cmd/dirname: implement core dirname, help, version, and zero termination (prd016 R1.1, R1.2, R1.3, R1.4)",1138581,6871,71580,1066985,1.1527,3198,3355,157,2794,2952,158,120,2,315,0
83ca53059a41a97047ebcc809b53f2b76ef82abd,2026-03-28T23:53:02-04:00,3744,stitch,cmd/dirname,cmd,srd016,"R4.1, R4.2, R4.3",False,"Task 3744: [stitch] cmd/dirname: implement exit codes and edge cases (prd016 R4.1, R4.2, R4.3)",350214,2739,61809,288399,0.599,3355,3355,0,2952,2970,18,58,1,19,1
7d95ae4f82336578855de1a2badd0d58b9420c89,2026-03-28T23:54:41-04:00,3745,stitch,cmd/tee,cmd,srd017,"R1.1, R1.2, R1.3, R1.4",False,"Task 3745: [stitch] cmd/tee: implement core tee, help, version, and append mode (prd017 R1.1, R1.2, R1.3, R1.4)",733998,4597,66423,667564,0.8639,3355,3544,189,2970,3092,122,83,2,311,0
589b7a6f55be64955dd0265415fefe4a78531426,2026-03-28T23:58:23-04:00,3747,stitch,cmd/tee,cmd,srd017,"R1.5, R2.1, R2.2, R2.3",False,"Task 3747: [stitch] cmd/tee: implement ignore-interrupt and write-error modes (prd017 R1.5, R2.1, R2.2, R2.3)",351874,4898,61744,290124,0.6534,3544,3556,12,3092,3092,0,78,1,17,5
8deded9dfbef8cb83967387a330ba822139eab9f,2026-03-29T00:00:01-04:00,3748,stitch,cmd/tee,cmd,srd017,"R3.1, R3.2, R3.3, R3.4",False,"Task 3748: [stitch] cmd/tee: implement error diagnostics and stderr messages (prd017 R3.1, R3.2, R3.3, R3.4)",423139,4725,61842,361290,0.6853,3556,3583,27,3092,3092,0,83,1,55,28
c76e144e52063366cf2cc70406734c97df651c79,2026-03-29T00:04:44-04:00,3749,stitch,cmd/tee,cmd,srd017,"R4.1, R4.2, R4.3",False,"Task 3749: [stitch] cmd/tee: implement exit codes and differential tests (prd017 R4.1, R4.2, R4.3)",822488,14396,77236,745241,1.2153,3583,3583,0,3092,3186,94,265,1,132,38
42939c3f2637ed57d518bc0541df33d8ffcc9d07,2026-03-29T00:08:13-04:00,3750,stitch,cmd/head,cmd,srd018,"R1.1, R1.2, R1.3, R1.4",False,"Task 3750: [stitch] cmd/head: implement core head, help, version, and line mode (prd018 R1.1, R1.2, R1.3, R1.4)",1501450,11211,71669,1429761,1.4432,3583,3868,285,3186,3186,0,193,1,285,0
6eddec27516e2555ff23066a63ebad61706be807,2026-03-29T00:13:07-04:00,3752,stitch,cmd/head,cmd,srd018,"R1.5, R2.1, R2.2, R2.3",False,"Task 3752: [stitch] cmd/head: implement byte count mode and multi-file handling (prd018 R1.5, R2.1, R2.2, R2.3)",743934,6455,67863,676060,0.9236,3868,3997,129,3186,3186,0,117,1,148,19
0e08e750404cedd48993e4c37d193e63134eeb15,2026-03-29T00:16:22-04:00,3753,stitch,cmd/head,cmd,srd018,"R3.1, R3.2, R3.3, R3.4",False,"Task 3753: [stitch] cmd/head: implement error diagnostics and stderr messages (prd018 R3.1, R3.2, R3.3, R3.4)",557950,10730,73174,484768,0.968,3997,4025,28,3186,3186,0,180,1,38,10
4e66bb0d59497a035a7a698ae33adb0a56aa1f62,2026-03-29T00:19:28-04:00,3754,stitch,cmd/head,cmd,srd018,"R3.5, R4.1, R4.2, R4.3",False,"Task 3754: [stitch] cmd/head: implement write error handling and exit codes (prd018 R3.5, R4.1, R4.2, R4.3)",646497,10513,73745,572743,1.0101,4025,4059,34,3186,3186,0,170,1,39,5
f71d98d54b0bfd2a1ae6cbad4307b2183da8d812,2026-03-29T00:22:19-04:00,3755,stitch,cmd/head,cmd,srd018,R4.4,False,Task 3755: [stitch] cmd/head: implement differential tests (prd018 R4.4),756424,9573,83127,673287,1.0956,4059,4059,0,3186,3550,364,155,1,364,0
6bf89b83a3df4c9b1f36482e61d3fe4088055efa,2026-03-29T00:27:38-04:00,3757,stitch,cmd/seq,cmd,srd019,"R1.1, R1.2, R1.3, R1.4",False,"Task 3757: [stitch] cmd/seq: implement core seq, help, version, and basic mode (prd019 R1.1, R1.2, R1.3, R1.4)",804572,11834,81893,722668,1.1691,4059,4242,183,3550,3550,0,197,1,183,0
d7a7917fd9d7859304cc5f96699c5466dd583a3c,2026-03-29T00:29:37-04:00,3758,stitch,cmd/seq,cmd,srd019,"R1.5, R2.1, R2.2, R2.3",False,"Task 3758: [stitch] cmd/seq: implement format string, separator, and equal-width (prd019 R1.5, R2.1, R2.2, R2.3)",875353,5978,64092,811248,0.9557,4242,4393,151,3550,3550,0,103,1,168,17
d2e4ffaf50cb617ce4018f3338b0962c289e155d,2026-03-29T00:32:41-04:00,3759,stitch,cmd/seq,cmd,srd019,"R2.4, R3.1, R3.2, R3.3",False,"Task 3759: [stitch] cmd/seq: implement floating-point precision and error diagnostics (prd019 R2.4, R3.1, R3.2, R3.3)",570339,10206,74959,495372,0.9714,4393,4441,48,3550,3550,0,169,1,76,28
3ff9dd3e78e969338fdad434c5d28e04f42778c6,2026-03-29T00:34:40-04:00,3760,stitch,cmd/seq,cmd,srd019,"R3.4, R4.1, R4.2, R4.3",False,"Task 3760: [stitch] cmd/seq: implement write error handling and exit codes (prd019 R3.4, R4.1, R4.2, R4.3)",627036,4705,70258,556769,0.8352,4441,4456,15,3550,3550,0,103,1,20,5
f155460cc76e6ed12e76deb5b34a2c0384577492,2026-03-29T00:37:48-04:00,3762,stitch,cmd/version,cmd,srd011,"R1.1, R2.1, R3.1, R4.1",False,"Task 3762: [stitch] cmd/version: implement version command (prd011 R1.1, R2.1, R3.1, R4.1)",412150,3080,59838,352305,0.6272,4456,4461,5,3550,3550,0,60,1,8,3
3bebe76435e650f3339dc86c51babdf0e125d902,2026-03-29T00:39:22-04:00,3763,stitch,cmd/version,cmd,srd011,R5.1,False,Task 3763: [stitch] cmd/version: implement differential tests (prd011 R5.1),417183,4075,61249,355927,0.6627,4461,4461,0,3550,3604,54,77,1,58,4
0e33f05e2867c5e4189d005a7ba3c5b29c2af15a,2026-03-29T00:40:56-04:00,3764,stitch,cmd/seq,cmd,srd019,R4.4,False,Task 3764: [stitch] cmd/seq: implement differential tests (prd019 R4.4),696175,3949,70500,625665,0.8522,4461,4461,0,3604,3819,215,76,1,215,0
0fa9b9545c49135a1cd2608404ccc57c94cf26a1,2026-03-29T00:44:50-04:00,3765,stitch,cmd/wc,cmd,srd005,"R1.1, R1.2, R1.3, R1.4",False,"Task 3765: [stitch] cmd/wc: implement core wc, help, version, and counting modes (prd005 R1.1, R1.2, R1.3, R1.4)",554522,14302,74093,480421,1.0609,4461,4773,312,3819,3819,0,217,1,312,0
96630aaf3ad64a748e0b4c66c7c9a6c6035afbe9,2026-03-29T00:51:23-04:00,3767,stitch,cmd/wc,cmd,srd005,"R2.1, R2.2, R2.3, R2.4",False,"Task 3767: [stitch] cmd/wc: file input handling and multi-file totals (prd005 R2.1, R2.2, R2.3, R2.4)",1900856,12079,104944,1795893,1.8559,4773,4786,13,3819,3974,155,258,2,186,18
9c45a25394d387f2e21945135bff203ab787418b,2026-03-29T01:02:56-04:00,3768,stitch,cmd/wc,cmd,srd005,"R2.5, R2.6, R3.1, R3.2",False,"Task 3768: [stitch] cmd/wc: stdin null delimiters and column-aligned output (prd005 R2.5, R2.6, R3.1, R3.2)",1530051,43001,114418,1415617,2.498,4786,4923,137,3974,4055,81,674,2,266,48
680bf9b6b4f12b621de4996c9bc4f541d1a521ed,2026-03-29T01:12:48-04:00,3769,stitch,cmd/wc,cmd,srd005,"R3.3, R4.1, R4.2, R4.3",False,"Task 3769: [stitch] cmd/wc: selective count display and error handling (prd005 R3.3, R4.1, R4.2, R4.3)",2350873,31278,100873,2249975,2.5375,4923,5021,98,4055,4257,202,574,2,331,31
38f1309627a6f801de9f775314771f4f7e4f97de,2026-03-29T01:23:37-04:00,3770,stitch,cmd/wc,cmd,srd005,"R4.4, R5.1, R5.2, R6.1",False,"Task 3770: [stitch] cmd/wc: totals with errors, GNU compat, and SIGPIPE (prd005 R4.4, R5.1, R5.2, R6.1)",1087794,39140,109131,978652,2.1499,5021,5084,63,4257,4505,248,631,2,343,32
354c69f4a76a9b96e96dfc33028b50db20bfdf14,2026-03-29T01:29:38-04:00,3772,stitch,cmd/wc,cmd,srd005,"R6.2, R6.3",False,"Task 3772: [stitch] cmd/wc: prd005 R6.2, R6.3",778217,10089,80238,697969,1.1027,5084,5089,5,4505,4583,78,203,2,86,3
ebd646a355e42a006abc293c4bb795b95ed082fc,2026-03-29T01:31:31-04:00,3773,stitch,cmd/arch,cmd,srd045,"R1.1, R1.2, R2.1, R2.2",False,"Task 3773: [stitch] cmd/arch: prd045 R1.1, R1.2, R2.1, R2.2",1107215,4404,60505,1046693,1.0117,5089,5124,35,4583,4583,0,95,1,35,0
891cced0b1f8f441eed07bf0ec143da46068aa17,2026-03-29T01:32:40-04:00,3774,stitch,cmd/arch,cmd,srd045,"R3.1, R3.2, R3.3",False,"Task 3774: [stitch] cmd/arch: prd045 R3.1, R3.2, R3.3 (tests)",434584,2395,64118,370459,0.6459,5124,5124,0,4583,4645,62,54,1,62,0
55709eb009107d6135b9be127369d6cf60352ccc,2026-03-29T01:34:09-04:00,3775,stitch,cmd/hostid,cmd,srd048,"R1.1, R1.2, R2.1, R2.2",False,"Task 3775: [stitch] cmd/hostid: prd048 R1.1, R1.2, R2.1, R2.2",943859,2645,57850,885994,0.8708,5124,5171,47,4645,4645,0,72,1,47,0
10771fea469dcb131aa4fdc4fb3bb84c47dd5404,2026-03-29T01:37:21-04:00,3777,stitch,cmd/uname,cmd,srd044,"R1.1, R1.2, R1.3, R1.4",False,"Task 3777: [stitch] cmd/uname: prd044 R1.1, R1.2, R1.3, R1.4",682995,3100,59366,623618,0.7604,5171,5269,98,4645,4645,0,62,1,98,0
2a0db80c042863785a0aa57e81894d0f8f85f4d6,2026-03-29T01:38:40-04:00,3778,stitch,cmd/uname,cmd,srd044,"R1.5, R1.6, R1.7, R1.8",False,"Task 3778: [stitch] cmd/uname: prd044 R1.5, R1.6, R1.7, R1.8",339699,3240,58419,281274,0.5868,5269,5322,53,4645,4645,0,62,1,75,22
0dc7450449423f547b80030f605d6546793be806,2026-03-29T01:40:09-04:00,3779,stitch,cmd/uname,cmd,srd044,"R1.9, R2.1, R2.2, R3.1",False,"Task 3779: [stitch] cmd/uname: prd044 R1.9, R2.1, R2.2, R3.1",486894,3869,60662,426224,0.689,5322,5366,44,4645,4645,0,73,1,55,11
34a570647f46e855719d169912dd2f0c9ed08ee7,2026-03-29T01:43:31-04:00,3780,stitch,cmd/uname,cmd,srd044,"R3.2, R4.1, R4.2, R4.3",False,"Task 3780: [stitch] cmd/uname: prd044 R3.2, R4.1, R4.2, R4.3 (tests)",1786819,9082,75566,1711229,1.5551,5366,5414,48,4645,4806,161,186,2,215,6
c7f0c04e27fef6f1927dcef1b7a2fe1c1ff52402,2026-03-29T01:46:55-04:00,3782,stitch,cmd/nproc,cmd,srd046,"R1.1, R1.2, R1.3, R1.4",False,"Task 3782: [stitch] cmd/nproc: prd046 R1.1, R1.2, R1.3, R1.4",481865,2140,60098,421759,0.64,5414,5492,78,4806,4806,0,50,1,78,0
12791d5597be61c2f17cd69ce70ba6d5ba3b4c03,2026-03-29T01:48:09-04:00,3783,stitch,cmd/nproc,cmd,srd046,"R2.1, R2.2, R2.3, R3.1",False,"Task 3783: [stitch] cmd/nproc: prd046 R2.1, R2.2, R2.3, R3.1",419699,2984,60741,358951,0.6337,5492,5512,20,4806,4806,0,58,1,21,1
bfbdb89de3e91a890ff36f17cdb6309d5b51794e,2026-03-29T01:49:09-04:00,3784,stitch,cmd/nproc,cmd,srd046,"R3.2, R3.3",False,"Task 3784: [stitch] cmd/nproc: prd046 R3.2, R3.3 (tests)",339782,2183,58409,281367,0.5603,5512,5512,0,4806,4926,120,45,1,120,0
0ac1be90b98b7944060183a2550cfbba4173ede5,2026-03-29T01:50:22-04:00,3785,stitch,cmd/hostname,cmd,srd047,"R1.1, R1.2, R2.1, R2.2",False,"Task 3785: [stitch] cmd/hostname: prd047 R1.1, R1.2, R2.1, R2.2",557158,2948,60783,496366,0.7018,5512,5599,87,4926,4926,0,57,1,87,0
0653535240df470c4e83e791dec3e15361415c4a,2026-03-29T01:53:34-04:00,3787,stitch,cmd/hostname,cmd,srd047,"R3.1, R3.2, R3.3",False,"Task 3787: [stitch] cmd/hostname: prd047 R3.1, R3.2, R3.3 (tests)",265451,1374,56178,209268,0.4901,5599,5599,0,4926,4980,54,29,1,54,0
4b5f1e2c6b49e9cf2caa0e5c7337a7edbee5a22e,2026-03-29T01:54:54-04:00,3788,stitch,cmd/hostid,cmd,srd048,"R3.1, R3.2, R3.3",False,"Task 3788: [stitch] cmd/hostid: prd048 R3.1, R3.2, R3.3 (tests)",824372,2944,62814,761545,0.847,5599,5599,0,4980,5046,66,66,1,66,0
545c029869ba7a03388f36435482da976b195bc1,2026-03-29T01:56:43-04:00,3789,stitch,cmd/ls,cmd,srd008,,True,Task 3789: [stitch] cmd/ls: prd008 (contract),690340,4759,91184,599148,0.9885,5599,5966,367,5046,5046,0,94,1,367,0
59b8fd55e6eb5edad89b49befb3ae473d70a906e,2026-03-29T07:57:45-04:00,3790,stitch,cmd/ls,cmd,srd008,"R1.1, R1.2, R1.3, R1.4",False,"Task 3790: [stitch] cmd/ls: prd008 R1.1, R1.2, R1.3, R1.4",660581,35501,99283,561290,1.7887,5966,6328,362,5046,5046,0,549,1,454,92
550664b2278e6c7799becd068e138361daabb75a,2026-03-29T08:03:25-04:00,3792,stitch,cmd/ls,cmd,srd008,"R1.5, R1.6, R1.7, R1.8",False,"Task 3792: [stitch] cmd/ls: prd008 R1.5, R1.6, R1.7, R1.8",330432,17253,82946,247481,1.0735,6328,6446,118,5046,5046,0,257,1,143,25
18c2f4461898e0e66ab109fa18d0aff55ba8935d,2026-03-29T08:05:12-04:00,3793,stitch,cmd/ls,cmd,srd008,"R1.9, R1.10, R1.11, R1.12",False,"Task 3793: [stitch] cmd/ls: prd008 R1.9, R1.10, R1.11, R1.12",312427,5051,73185,239237,0.7033,6446,6466,20,5046,5046,0,91,1,27,7
6acb178165d7ab909c5fd0181315a63540f347e2,2026-03-29T08:06:56-04:00,3794,stitch,cmd/ls,cmd,srd008,"R1.13, R1.14, R2.1, R2.2",False,"Task 3794: [stitch] cmd/ls: prd008 R1.13, R1.14, R2.1, R2.2",231183,4591,73640,157539,0.6538,6523,6523,0,5046,5046,0,91,1,60,3
e816b0472daecb3866b4475e2f096a4153b40231,2026-03-29T08:06:56-04:00,3794,stitch,cmd/ls,cmd,srd008,"R1.13, R1.14, R2.1, R2.2",False,"Task 3794: [stitch] cmd/ls: prd008 R1.13, R1.14, R2.1, R2.2",326632,4893,77559,249068,0.7316,6466,6523,57,5046,5046,0,88,1,60,3
1d0e5a04df2f88c7e3e4944a254517b731393a58,2026-03-29T08:14:02-04:00,3797,stitch,cmd/ls,cmd,srd008,"R2.7, R2.8, R2.9, R2.10",False,"Task 3797: [stitch] cmd/ls: prd008 R2.7, R2.8, R2.9, R2.10",595680,12151,82353,513319,1.0752,6523,6607,84,5046,5197,151,206,2,237,2
f24ee5b4a8482f38486a0183100cbe605454a790,2026-03-29T08:21:34-04:00,3798,stitch,cmd/ls,cmd,srd008,"R2.11, R2.12, R2.13, R2.14",False,"Task 3798: [stitch] cmd/ls: prd008 R2.11, R2.12, R2.13, R2.14",597998,29474,102582,495409,1.6257,6607,6696,89,5197,5257,60,435,2,170,21
6fdbe376c9d71031a5aaf08723197dc43dc79205,2026-03-29T08:23:38-04:00,3799,stitch,cmd/ls,cmd,srd008,"R2.15, R3.1, R3.2, R3.3",False,"Task 3799: [stitch] cmd/ls: prd008 R2.15, R3.1, R3.2, R3.3",877883,4728,84957,792915,1.0457,6696,6703,7,5257,5299,42,106,2,52,3
68d1efb51b222af94ac282f18a034d98e68efd88,2026-03-29T08:31:24-04:00,3800,stitch,cmd/ls,cmd,srd008,"R3.4, R3.5, R3.6, R3.7",False,"Task 3800: [stitch] cmd/ls: prd008 R3.4, R3.5, R3.6, R3.7",2310816,17538,99700,2211091,2.1672,6703,6751,48,5299,5365,66,449,2,126,12
b4f9a13ff1d602d493429c89c761c9c55f5ba7db,2026-03-29T08:36:35-04:00,3802,stitch,cmd/ls,cmd,srd008,"R3.8, R3.9, R3.10, R3.11",False,"Task 3802: [stitch] cmd/ls: prd008 R3.8, R3.9, R3.10, R3.11",2648073,10446,99519,2548526,2.1575,6751,6807,56,5365,5451,86,210,2,153,11
f2c3ffad1a45c0fb6dd21f1e089b62ef0a080405,2026-03-29T08:39:27-04:00,3803,stitch,cmd/ls,cmd,srd008,"R3.12, R3.13, R3.14, R3.15",False,"Task 3803: [stitch] cmd/ls: prd008 R3.12, R3.13, R3.14, R3.15",1396671,7239,93030,1303624,1.4143,6807,6808,1,5451,5577,126,154,2,129,2
91310d0a1cc0e527c237de90e17b99cf869ca0b8,2026-03-29T08:47:39-04:00,3804,stitch,cmd/ls,cmd,srd008,"R4.1, R4.2, R4.3, R4.4",False,"Task 3804: [stitch] cmd/ls: prd008 R4.1, R4.2, R4.3, R4.4",2217994,26826,118797,2099174,2.4628,6808,6824,16,5577,5648,71,474,2,94,7
ab3d34c9bf45ea51e9fa648d7666bc17e79289c8,2026-03-29T08:49:30-04:00,3805,stitch,cmd/ls,cmd,srd008,"R4.5, R4.6, R4.7, R4.8",False,"Task 3805: [stitch] cmd/ls: prd008 R4.5, R4.6, R4.7, R4.8",994025,4002,88734,905279,1.1073,6824,6824,0,5648,5716,68,92,1,69,1
7bed485542f5776aa5911091070dc6e03b990abe,2026-03-29T08:53:34-04:00,3807,stitch,cmd/ls,cmd,srd008,R4.9,False,Task 3807: [stitch] cmd/ls: prd008 R4.9,1115703,3724,83165,1032524,1.1292,6824,6826,2,5716,5746,30,81,2,34,2
5b4c19d17187cae450c9cea108d25314ed450ec9,2026-03-29T08:56:33-04:00,3808,stitch,cmd/realpath,cmd,srd049,"R1.1, R1.2, R1.3, R1.4",False,"Task 3808: [stitch] cmd/realpath: prd049 R1.1, R1.2, R1.3, R1.4",996949,10192,75030,921905,1.1848,6826,7039,213,5746,5906,160,162,2,373,0
e2326743b096b3f57924f69fe21a57fbf2496a26,2026-03-29T08:59:11-04:00,3809,stitch,cmd/realpath,cmd,srd049,"R1.5, R2.1, R2.2, R2.3",False,"Task 3809: [stitch] cmd/realpath: prd049 R1.5, R2.1, R2.2, R2.3",765874,8868,69304,696559,1.0032,7039,7183,144,5906,6009,103,141,2,270,23
8d0b85ec6245b7af1ca94c6fb5a362f372ee2f51,2026-03-29T09:01:38-04:00,3810,stitch,cmd/realpath,cmd,srd049,"R3.1, R3.2, R3.3, R4.1",False,"Task 3810: [stitch] cmd/realpath: prd049 R3.1, R3.2, R3.3, R4.1",531925,6260,69409,462508,0.8216,7183,7184,1,6009,6076,67,129,2,70,2
9c3e33082ce622bc17b3a73a85fe4c603c9e3529,2026-03-29T09:01:38-04:00,3810,stitch,cmd/realpath,cmd,srd049,"R3.1, R3.2, R3.3, R4.1",False,"Task 3810: [stitch] cmd/realpath: prd049 R3.1, R3.2, R3.3, R4.1",747856,2060,83550,664296,0.9059,7184,7184,0,6076,6076,0,68,2,70,2
8f52808adae125b07705898a747f1ba89c1ceb75,2026-03-29T09:06:22-04:00,3813,stitch,cmd/realpath,cmd,srd049,"R4.2, R4.3",False,"Task 3813: [stitch] cmd/realpath: prd049 R4.2, R4.3",367180,2655,65261,301913,0.6252,7184,7184,0,6076,6076,0,60,2,2,2
d0f533631a93defbe3546fa7c5b451d445a7e2b6,2026-03-29T09:09:27-04:00,3814,stitch,cmd/readlink,cmd,srd050,,True,Task 3814: [stitch] cmd/readlink: prd050 (contract),289922,1272,64475,225442,0.5475,7458,7458,0,6214,6214,0,34,2,412,0
f08c712f5f5a0e07e9c0f88228dc4d5786e7a434,2026-03-29T09:09:27-04:00,3814,stitch,cmd/readlink,cmd,srd050,,True,Task 3814: [stitch] cmd/readlink: prd050 (contract),1276657,10982,77257,1199383,1.3572,7184,7458,274,6076,6214,138,171,2,412,0
2feb2bfc295f767363273a6bf2eadadf4ff5f11e,2026-03-29T09:13:55-04:00,3818,stitch,cmd/readlink,cmd,srd050,"R2.2, R3.1, R3.2",False,"Task 3818: [stitch] cmd/readlink: prd050 R2.2, R3.1, R3.2",272759,1675,58810,213944,0.5164,7458,7457,-1,6214,6214,0,37,1,1,2
91bf323e929176d4c18a5466829c7a7bb5aa82a0,2026-03-29T09:15:42-04:00,3819,stitch,cmd/readlink,cmd,srd050,"R4.1, R4.2, R4.3",False,"Task 3819: [stitch] cmd/readlink: prd050 R4.1, R4.2, R4.3",754902,4299,68835,686056,0.8808,7457,7458,1,6214,6214,0,90,1,2,1
33bf75a08b582df2796e4e62fdbd7e1d2fde2a1b,2026-03-29T09:16:55-04:00,3820,stitch,cmd/pwd,cmd,srd051,,True,Task 3820: [stitch] cmd/pwd: prd051 (contract),853134,2552,85315,767809,0.981,7458,7568,110,6214,6214,0,59,1,110,0
68165d0285a54265d695445c39a42dbea6d06e74,2026-03-29T09:20:25-04:00,3822,stitch,cmd/pwd,cmd,srd051,"R1.1, R1.2, R1.3, R1.4",False,"Task 3822: [stitch] cmd/pwd: prd051 R1.1, R1.2, R1.3, R1.4",476041,2372,58338,417695,0.6328,7568,7634,66,6214,6214,0,49,1,70,4
e4ffe99542f8bc1437cbaabdf96978dbbf495ba1,2026-03-29T09:22:40-04:00,3823,stitch,cmd/pwd,cmd,srd051,"R2.1, R2.2, R3.1, R3.2",False,"Task 3823: [stitch] cmd/pwd: prd051 R2.1, R2.2, R3.1, R3.2",702962,6047,71621,631331,0.9145,7634,7689,55,6214,6214,0,119,1,72,17
d4c0fe15dff8c300bec354e8c9d02f97c543bf41,2026-03-29T09:24:40-04:00,3824,stitch,cmd/pwd,cmd,srd051,R3.3,False,Task 3824: [stitch] cmd/pwd: prd051 R3.3,1120708,5011,68128,1052564,1.0774,7689,7695,6,6214,6336,122,102,2,135,7
62a92e764ea343bf1361add13d8b0a0b7bce2491,2026-03-29T09:25:39-04:00,3825,stitch,cmd/tty,cmd,srd052,,True,Task 3825: [stitch] cmd/tty: prd052 (contract),278953,2523,60546,218402,0.5507,7695,7861,166,6336,6336,0,43,1,166,0
549e6b33d743215c28239282baae387ae3d54441,2026-03-29T09:30:50-04:00,3827,stitch,cmd/tty,cmd,srd052,"R1.1, R1.2, R1.3, R2.1",False,"Task 3827: [stitch] cmd/tty: prd052 R1.1, R1.2, R1.3, R2.1",998471,8934,69527,928930,1.1224,7861,7898,37,6336,6336,0,198,1,39,2
ecf360b5bd743cf0044106ea12d68bb14248f65a,2026-03-29T09:32:08-04:00,3828,stitch,cmd/tty,cmd,srd052,"R2.2, R3.1, R3.2, R3.3",False,"Task 3828: [stitch] cmd/tty: prd052 R2.2, R3.1, R3.2, R3.3",582691,2517,65784,516898,0.7326,7898,7898,0,6336,6423,87,61,1,87,0
167e2a9411e4074ed96e70dc362e2e160aeab6df,2026-03-29T09:33:05-04:00,3829,stitch,cmd/logname,cmd,srd053,,True,Task 3829: [stitch] cmd/logname: prd053-logname (contract),273324,2425,59150,214169,0.5374,7898,8048,150,6423,6423,0,43,1,150,0
5fcf0ef27f23a6a2b1cd044b9d903b174520beda,2026-03-29T09:34:25-04:00,3830,stitch,cmd/logname,cmd,srd053,"R1.1, R1.2, R2.1, R2.2",False,"Task 3830: [stitch] cmd/logname: prd053-logname R1.1, R1.2, R2.1, R2.2",549581,2614,59107,490465,0.68,8048,8050,2,6423,6423,0,64,1,6,4
72f20494f7160fdc498ac7e4f6195035f9364a46,2026-03-29T09:38:11-04:00,3832,stitch,cmd/logname,cmd,srd053,"R2.3, R3.1, R3.2, R3.3",False,"Task 3832: [stitch] cmd/logname: prd053-logname R2.3, R3.1, R3.2, R3.3",1160597,4298,66626,1093954,1.0709,8050,8050,0,6423,6505,82,117,2,83,1
634dcab7725e81390c39c941f353c4753301dbba,2026-03-29T09:39:02-04:00,3833,stitch,cmd/echo,cmd,srd020,,True,Task 3833: [stitch] cmd/echo: prd020-echo (contract),331204,1503,55962,275236,0.525,8050,8078,28,6505,6535,30,35,2,58,0
a2873a4c13e9ef0382f1076ae0ab184ddd4b6e5b,2026-03-29T09:40:18-04:00,3834,stitch,cmd/echo,cmd,srd020,"R1.1, R1.2, R1.3, R1.4",False,"Task 3834: [stitch] cmd/echo: prd020-echo R1.1, R1.2, R1.3, R1.4",412597,3132,59875,352715,0.6289,8078,8120,42,6535,6618,83,59,2,134,9
795c29f8bd862fa647ad095415695974c0d6a83f,2026-03-29T09:42:33-04:00,3835,stitch,cmd/echo,cmd,srd020,"R2.1, R2.2, R2.3, R2.4",False,"Task 3835: [stitch] cmd/echo: prd020-echo R2.1, R2.2, R2.3, R2.4",883578,6603,67218,816347,0.9934,8120,8239,119,6618,6734,116,119,2,254,19
63eb9ece5727d769e295e279bc2815e8b4016794,2026-03-29T09:46:55-04:00,3837,stitch,cmd/echo,cmd,srd020,"R3.1, R3.2, R3.3",False,"Task 3837: [stitch] cmd/echo: prd020-echo R3.1, R3.2, R3.3",997884,5267,69872,927998,1.0324,8239,8239,0,6734,6783,49,142,2,51,2
d6ef606d4b91c8ca82e20847883bef7f87c039db,2026-03-29T09:48:56-04:00,3838,stitch,cmd/echo,cmd,srd020,"R4.1, R4.2, R4.3",False,"Task 3838: [stitch] cmd/echo: prd020-echo R4.1, R4.2, R4.3",456408,5749,70051,386350,0.7748,8239,8239,0,6783,6835,52,103,1,52,0
aaf84acaec00bdb671723504073aa72028409bbb,2026-03-29T09:49:56-04:00,3839,stitch,cmd/tac,cmd,srd021,,True,Task 3839: [stitch] cmd/tac: prd021-tac (contract),407228,2132,57822,349399,0.5894,8239,8329,90,6835,6863,28,45,2,118,0
4d16d79fa3cac1015d033350c58d503c2796e714,2026-03-29T09:53:18-04:00,3840,stitch,cmd/tac,cmd,srd021,"R1.1, R1.2, R1.3, R1.4",False,"Task 3840: [stitch] cmd/tac: prd021-tac R1.1, R1.2, R1.3, R1.4",781368,10760,72794,708563,1.0783,8329,8357,28,6863,6924,61,185,2,100,11
6109191e851cd6e24851b852b11cafb5da87ad44,2026-03-29T09:56:41-04:00,3842,stitch,cmd/nl,cmd,srd022,,True,Task 3842: [stitch] cmd/nl: prd022-nl (contract),719623,5216,62818,656794,0.8515,8357,8659,302,6924,6950,26,100,2,328,0
4291516199c06b296d0cc632b026098ba4f2cd0f,2026-03-29T10:00:25-04:00,3843,stitch,cmd/tac,cmd,srd021,"R2.1, R2.2, R2.3, R2.4",False,"Task 3843: [stitch] cmd/tac: prd021-tac R2.1, R2.2, R2.3, R2.4",468052,15218,73232,394813,1.0356,8659,8756,97,6950,6999,49,207,2,157,11
ad6139d72c3b0d1d7714b71f5cd31c0601c07bd9,2026-03-29T10:03:17-04:00,3844,stitch,cmd/tac,cmd,srd021,"R3.1, R3.2, R3.3, R3.4",False,"Task 3844: [stitch] cmd/tac: prd021-tac R3.1, R3.2, R3.3, R3.4",618137,7487,71184,546944,0.9056,8756,8756,0,6999,7036,37,155,1,37,0
b6d2e1c7760df4ddf6f6cf9d548b13aecfee741c,2026-03-29T10:04:43-04:00,3845,stitch,cmd/tac,cmd,srd021,"R4.1, R4.2, R4.3",False,"Task 3845: [stitch] cmd/tac: prd021-tac R4.1, R4.2, R4.3",357389,2757,63132,294251,0.6107,8756,8756,0,7036,7036,0,68,1,1,1
b500027063622d1a4d0fcf43e0ab50d75a5d6903,2026-03-29T10:10:39-04:00,3847,stitch,cmd/nl,cmd,srd022,"R1.1, R1.2, R1.3, R1.4",False,"Task 3847: [stitch] cmd/nl: prd022-nl R1.1, R1.2, R1.3, R1.4",817576,13591,86602,730963,1.2466,8756,8756,0,7036,7119,83,238,1,85,2
8c0927cbc4ed68003234258827c32f2f390ff158,2026-03-29T10:15:56-04:00,3848,stitch,cmd/nl,cmd,srd022,"R2.1, R2.2, R2.3, R2.4",False,"Task 3848: [stitch] cmd/nl: prd022-nl R2.1, R2.2, R2.3, R2.4",885888,14382,80711,805165,1.2666,8756,8762,6,7119,7211,92,300,2,98,0
02d84d9e1c66606979ca936a252a080ef1c8c868,2026-03-29T10:18:29-04:00,3849,stitch,cmd/nl,cmd,srd022,"R3.1, R3.2, R3.3, R3.4",False,"Task 3849: [stitch] cmd/nl: prd022-nl R3.1, R3.2, R3.3, R3.4",863473,6643,73886,789575,1.0227,8762,8762,0,7211,7326,115,134,1,115,0
92fa40819cdcc4e23fbd39de944c38fb3ca74a8e,2026-03-29T10:24:57-04:00,3850,stitch,cmd/nl,cmd,srd022,"R4.1, R4.2, R4.3, R4.4",False,"Task 3850: [stitch] cmd/nl: prd022-nl R4.1, R4.2, R4.3, R4.4",1486345,18333,90728,1395599,1.7233,8762,8765,3,7326,7421,95,370,2,102,4
937c909a1e98a62b05686048bcc7a52efd80d86d,2026-03-29T10:36:44-04:00,3852,stitch,cmd/fold,cmd,srd023,"R1.1, R1.2, R1.3, R1.4",False,"Task 3852: [stitch] cmd/fold: prd023-fold R1.1, R1.2, R1.3, R1.4",979505,36198,97015,882478,1.9526,8765,9018,253,7421,7421,0,613,1,253,0
b55d60c686ceb8c1fd03a8171e7794eb504a02cb,2026-03-29T10:38:13-04:00,3853,stitch,cmd/fold,cmd,srd023,"R2.1, R2.2, R2.3",False,"Task 3853: [stitch] cmd/fold: prd023-fold R2.1, R2.2, R2.3",425482,4895,62823,362652,0.6964,9018,9039,21,7421,7421,0,72,1,30,9
4fd604976caac2068e35acd6bd94be12a22316b9,2026-03-29T10:40:26-04:00,3854,stitch,cmd/fold,cmd,srd023,"R3.1, R3.2, R3.3, R3.4",False,"Task 3854: [stitch] cmd/fold: prd023-fold R3.1, R3.2, R3.3, R3.4",654002,5902,63920,590072,0.8421,9039,9048,9,7421,7421,0,116,1,11,2
65afd33ba77619b319cd9c62211e25c86a48f179,2026-03-29T10:42:44-04:00,3855,stitch,cmd/fold,cmd,srd023,"R4.1, R4.2, R4.3, R4.4",False,"Task 3855: [stitch] cmd/fold: prd023-fold R4.1, R4.2, R4.3, R4.4",1123612,5948,76653,1046944,1.1513,9048,9048,0,7421,7652,231,121,2,234,3
50fe42ff0d3706da3d1b5da1a9a79ced8408c71a,2026-03-29T10:46:33-04:00,3857,stitch,cmd/expand,cmd,srd024,"R1.1, R1.2, R1.3, R1.4",False,"Task 3857: [stitch] cmd/expand: prd024-expand R1.1, R1.2, R1.3, R1.4",835176,4333,69093,766071,0.9233,9048,9186,138,7652,7756,104,85,2,242,0
28f3b451b4026f1ab7b5673da0027fb981c98e23,2026-03-29T10:49:53-04:00,3858,stitch,cmd/expand,cmd,srd024,"R2.1, R2.2, R2.3, R2.4",False,"Task 3858: [stitch] cmd/expand: prd024-expand R2.1, R2.2, R2.3, R2.4",901659,9566,74800,826846,1.1201,9186,9264,78,7756,7820,64,182,2,160,18
d27b0938c698031a5005658a2f1e21391c5f8d2d,2026-03-29T10:56:10-04:00,3859,stitch,cmd/expand,cmd,srd024,"R3.1, R3.2, R3.3, R3.4",False,"Task 3859: [stitch] cmd/expand: prd024-expand R3.1, R3.2, R3.3, R3.4",765285,21046,80264,685011,1.3704,9264,9298,34,7820,7892,72,360,2,130,24
bde4c2d33d0f35347b143c1a4de9fda835f576fd,2026-03-29T11:00:14-04:00,3860,stitch,cmd/expand,cmd,srd024,"R4.1, R4.2, R4.3",False,"Task 3860: [stitch] cmd/expand: prd024-expand R4.1, R4.2, R4.3",1510113,11382,86639,1423456,1.5379,9298,9343,45,7892,7969,77,226,2,134,12
8e153068123c2cdfe868c3fd32f77e8a411ab287,2026-03-29T11:03:52-04:00,3862,stitch,cmd/fold,cmd,srd023,"R1.1, R1.2, R1.3, R1.4",False,"Task 3862: [stitch] cmd/fold: prd023-fold R1.1, R1.2, R1.3, R1.4",512322,3654,64548,447766,0.7187,9343,9343,0,7969,8043,74,72,2,76,2
6c44b7615bd9d52d61673f01bf7cc9c2e14e8107,2026-03-29T11:06:47-04:00,3863,stitch,cmd/fold,cmd,srd023,"R2.1, R2.2, R2.3",False,"Task 3863: [stitch] cmd/fold: prd023-fold R2.1, R2.2, R2.3",1365381,7758,73604,1291759,1.2999,9343,9347,4,8043,8176,133,157,2,139,2
ef9ebe0b03ff32853a642c44611b0fde6e9a3dd8,2026-03-29T11:08:55-04:00,3864,stitch,cmd/fold,cmd,srd023,"R3.1, R3.2, R3.3, R3.4",False,"Task 3864: [stitch] cmd/fold: prd023-fold R3.1, R3.2, R3.3, R3.4",459037,5556,69132,389898,0.766,9347,9347,0,8176,8268,92,109,1,93,1
9767979369591297862d862775fb7bf6a1e64e9c,2026-03-29T11:12:51-04:00,3865,stitch,cmd/unexpand,cmd,srd025,"R1.1, R1.2, R1.3, R1.4",False,"Task 3865: [stitch] cmd/unexpand: prd025-unexpand R1.1, R1.2, R1.3, R1.4",805716,13564,76856,728849,1.1839,9347,9582,235,8268,8486,218,220,2,453,0
28523650d35db59f1447f7bbdb9c500b4e62ea8f,2026-03-29T11:16:38-04:00,3867,stitch,cmd/fold,cmd,srd023,"R4.1, R4.2, R4.3, R4.4",False,"Task 3867: [stitch] cmd/fold: prd023-fold R4.1, R4.2, R4.3, R4.4",707205,5656,70906,636289,0.9028,9582,9582,0,8486,8539,53,134,1,54,1
bd984247ca0fcb95ab0982f4d0152a57fa41f69e,2026-03-29T11:19:05-04:00,3868,stitch,cmd/unexpand,cmd,srd025,"R2.1, R2.2, R2.3",False,"Task 3868: [stitch] cmd/unexpand: prd025-unexpand R2.1, R2.2, R2.3",759778,7661,67845,691922,0.9616,9582,9606,24,8539,8622,83,128,2,137,30
177f49ce371d0c33883f26206c9bf0aa97e6c007,2026-03-29T11:21:53-04:00,3869,stitch,cmd/unexpand,cmd,srd025,"R3.1, R3.2, R3.3",False,"Task 3869: [stitch] cmd/unexpand: prd025-unexpand R3.1, R3.2, R3.3",975724,10277,74899,900812,1.1755,9606,9711,105,8622,8736,114,151,2,247,28
118f889f8f337dc1b0ec9eee712ea68ec622b4f0,2026-03-29T11:24:08-04:00,3870,stitch,cmd/unexpand,cmd,srd025,"R4.1, R4.2, R4.3, R4.4",False,"Task 3870: [stitch] cmd/unexpand: prd025-unexpand R4.1, R4.2, R4.3, R4.4",930177,5035,69464,860700,0.9904,9711,9711,0,8736,8795,59,117,2,61,2
270f8711a5270d58df5e0c8246040ca80e30d05a,2026-03-29T11:29:47-04:00,3872,stitch,cmd/cut,cmd,srd026,"R1.1, R1.2, R1.3, R1.4",False,"Task 3872: [stitch] cmd/cut: prd026-cut R1.1, R1.2, R1.3, R1.4",631517,8672,72661,558847,1.0355,9711,10123,412,8795,8795,0,212,1,412,0
421bb05f71150ba0e5d16a0c93fc80ecc03e36dc,2026-03-29T11:31:54-04:00,3873,stitch,cmd/cut,cmd,srd026,"R2.1, R2.2, R2.3, R2.4",False,"Task 3873: [stitch] cmd/cut: prd026-cut R2.1, R2.2, R2.3, R2.4",447496,6814,66789,380700,0.7782,10123,10212,89,8795,8795,0,111,1,114,25
b142f437204fd832fd5b19c2da256f5c081b0292,2026-03-29T11:35:39-04:00,3874,stitch,cmd/cut,cmd,srd026,"R3.1, R3.2, R3.3, R4.1",False,"Task 3874: [stitch] cmd/cut: prd026-cut R3.1, R3.2, R3.3, R4.1",570699,12922,77781,492910,1.0557,10212,10267,55,8795,8901,106,209,2,167,6
98a63305e11e7435d8ab24a77b368e3d63454b1b,2026-03-29T11:41:55-04:00,3875,stitch,cmd/cut,cmd,srd026,"R4.2, R4.3, R4.4",False,"Task 3875: [stitch] cmd/cut: prd026-cut R4.2, R4.3, R4.4",528182,23380,88436,439739,1.3571,10267,10301,34,8901,9195,294,359,2,353,25
aab22e943b79b3bbf445372f583ae57265c6ac73,2026-03-29T11:48:48-04:00,3877,stitch,cmd/paste,cmd,srd027,"R1.1, R1.2, R1.3, R1.4",False,"Task 3877: [stitch] cmd/paste: prd027-paste R1.1, R1.2, R1.3, R1.4",601533,19302,81865,519660,1.2541,10301,10577,276,9195,9195,0,298,1,276,0
2fafbebbcf92d7f6d3531e2ac8bcfb587163826b,2026-03-29T11:50:25-04:00,3878,stitch,cmd/paste,cmd,srd027,"R2.1, R2.2, R2.3",False,"Task 3878: [stitch] cmd/paste: prd027-paste R2.1, R2.2, R2.3",501835,4891,62725,439102,0.7339,10577,10633,56,9195,9195,0,80,1,68,12
8f108ecdf9af0341668623d1d9ab1e406461ff9b,2026-03-29T11:52:55-04:00,3879,stitch,cmd/paste,cmd,srd027,"R3.1, R3.2, R3.3",False,"Task 3879: [stitch] cmd/paste: prd027-paste R3.1, R3.2, R3.3",478637,7727,73416,405214,0.8547,10633,10649,16,9195,9195,0,133,1,28,12
43f390d827ef1e4d0afbea3a679c891757c84e74,2026-03-29T11:54:34-04:00,3880,stitch,cmd/paste,cmd,srd027,"R4.1, R4.2, R4.3, R4.4",False,"Task 3880: [stitch] cmd/paste: prd027-paste R4.1, R4.2, R4.3, R4.4",381198,4933,69931,311261,0.7161,10649,10649,0,9195,9509,314,82,1,314,0
af689c4a3f36581eda79fa364384e9b2a9aea770,2026-03-29T11:58:05-04:00,3882,stitch,cmd/uniq,cmd,srd028,"R1.1, R1.2, R1.3, R1.4",False,"Task 3882: [stitch] cmd/uniq: prd028-uniq R1.1, R1.2, R1.3, R1.4",741911,5078,76478,665423,0.9377,10649,10776,127,9509,9684,175,98,2,302,0
5292b2d13512aa8c2c8430a11d946495b5ca1e72,2026-03-29T12:00:57-04:00,3883,stitch,cmd/uniq,cmd,srd028,"R2.1, R2.2, R2.3, R2.4",False,"Task 3883: [stitch] cmd/uniq: prd028-uniq R2.1, R2.2, R2.3, R2.4",684210,9582,70921,613279,0.9895,10776,10855,79,9684,9788,104,154,2,205,22
59875452930b31306984d8e6bc904bfae5b1cde6,2026-03-29T12:03:25-04:00,3884,stitch,cmd/uniq,cmd,srd028,"R3.1, R3.2, R3.3, R3.4",False,"Task 3884: [stitch] cmd/uniq: prd028-uniq R3.1, R3.2, R3.3, R3.4",615054,9038,73431,541614,0.9557,10855,10939,84,9788,9897,109,129,2,204,11
dbbb9beebf579c7a934a6d2f18ff38679e3aeed6,2026-03-29T12:06:42-04:00,3885,stitch,cmd/uniq,cmd,srd028,"R4.1, R4.2, R4.3, R4.4",False,"Task 3885: [stitch] cmd/uniq: prd028-uniq R4.1, R4.2, R4.3, R4.4",562151,10588,77502,484641,0.9914,10939,10941,2,9897,10015,118,178,2,122,2
b6ac9ce6389dbfc03532acd6c1cc635d8ccf0cde,2026-03-29T12:13:10-04:00,3887,stitch,cmd/comm,cmd,srd029,"R1.1, R1.2, R1.3, R1.4",False,"Task 3887: [stitch] cmd/comm: prd029-comm R1.1, R1.2, R1.3, R1.4",496022,15742,78733,417282,1.0943,10941,11071,130,10015,10121,106,264,2,236,0
5f03f187485cf948d32a94ff54eec2fa368c3dbd,2026-03-29T12:15:09-04:00,3888,stitch,cmd/comm,cmd,srd029,"R2.1, R2.2, R2.3, R2.4",False,"Task 3888: [stitch] cmd/comm: prd029-comm R2.1, R2.2, R2.3, R2.4",591098,6021,68386,522703,0.8393,11071,11166,95,10121,10190,69,101,2,180,16
e81357fbe2233b423eee2d326074b38a5d6c6a52,2026-03-29T12:21:36-04:00,3889,stitch,cmd/comm,cmd,srd029,"R3.1, R3.2, R3.3, R3.4",False,"Task 3889: [stitch] cmd/comm: prd029-comm R3.1, R3.2, R3.3, R3.4",1947233,25125,96521,1850689,2.1568,11166,11326,160,10190,10281,91,369,2,289,38
b516aa51a172129b3ef827842c527268f70d02bb,2026-03-29T12:25:16-04:00,3890,stitch,cmd/comm,cmd,srd029,"R4.1, R4.2, R4.3, R4.4",False,"Task 3890: [stitch] cmd/comm: prd029-comm R4.1, R4.2, R4.3, R4.4",1067271,10703,83094,980617,1.295,11326,11339,13,10281,10342,61,204,2,77,3
d30bd357d122a636093f5e9eff13f9a8666bcbc1,2026-03-29T12:29:09-04:00,3892,stitch,cmd/md5sum,cmd,srd030,"R1.1, R1.2, R1.3, R1.4",False,"Task 3892: [stitch] cmd/md5sum: prd030-md5sum R1.1, R1.2, R1.3, R1.4",484301,2084,59335,424958,0.6355,11339,11413,74,10342,10342,0,52,1,74,0
9de170d6a151586fae96e4643315ef3e3735f064,2026-03-29T12:30:15-04:00,3893,stitch,cmd/md5sum,cmd,srd030,"R2.1, R2.2, R2.3, R2.4",False,"Task 3893: [stitch] cmd/md5sum: prd030-md5sum R2.1, R2.2, R2.3, R2.4",357923,2912,62676,295241,0.6122,11413,11497,84,10342,10342,0,50,1,97,13
19eac3979027ae8b595bd37780d962b0eb4d489f,2026-03-29T12:30:15-04:00,3893,stitch,cmd/md5sum,cmd,srd030,"R2.1, R2.2, R2.3, R2.4",False,"Task 3893: [stitch] cmd/md5sum: prd030-md5sum R2.1, R2.2, R2.3, R2.4",515924,5341,66475,449441,0.7738,11497,11497,0,10342,10342,0,108,1,97,13
fb5b42af0972263fd2cb9309d682c4c08d55ccb5,2026-03-29T12:35:28-04:00,3895,stitch,cmd/md5sum,cmd,srd030,"R4.1, R4.2, R4.3",False,"Task 3895: [stitch] cmd/md5sum: prd030-md5sum R4.1, R4.2, R4.3",994176,9615,82426,911737,1.2115,11497,11498,1,10342,10624,282,172,2,284,1
b17a4741b4883dbca79b65f2bcb297832af1d04d,2026-03-29T12:39:04-04:00,3897,stitch,cmd/sha1sum,cmd,srd031,"R1.1, R1.2, R1.3, R1.4",False,"Task 3897: [stitch] cmd/sha1sum: prd031-sha1sum R1.1, R1.2, R1.3, R1.4",422696,3761,61280,361409,0.6578,11498,11651,153,10624,10624,0,63,1,153,0
6f71640496818c9f47132d743585c38a5353ba0e,2026-03-29T12:40:16-04:00,3898,stitch,cmd/sha1sum,cmd,srd031,"R2.1, R2.2, R2.3, R3.1",False,"Task 3898: [stitch] cmd/sha1sum: prd031-sha1sum R2.1, R2.2, R2.3, R3.1",422954,1767,61091,361856,0.607,11651,11652,1,10624,10624,0,56,1,2,1
0b7e4cf53733fcbd9573002e82144edb90cbe740,2026-03-29T12:43:50-04:00,3899,stitch,cmd/sha1sum,cmd,srd031,"R3.2, R4.1, R4.2, R4.3",False,"Task 3899: [stitch] cmd/sha1sum: prd031-sha1sum R3.2, R4.1, R4.2, R4.3",803076,8878,74910,728155,1.0543,11652,11654,2,10624,10624,0,197,1,3,1
fbeca6f1c68a38afc51dc980351177d65dd95b09,2026-03-29T12:46:28-04:00,3902,stitch,cmd/sha256sum,cmd,srd032,"R1.1, R1.2, R1.3, R1.4",False,"Task 3902: [stitch] cmd/sha256sum: prd032-sha256sum R1.1, R1.2, R1.3, R1.4",345145,2552,59614,285525,0.5792,11654,11805,151,10624,10624,0,39,1,151,0
75a3b262c3b2dbf1f49308e6d274b496e7f20984,2026-03-29T12:47:54-04:00,3903,stitch,cmd/sha256sum,cmd,srd032,"R2.1, R2.2, R2.3, R3.1",False,"Task 3903: [stitch] cmd/sha256sum: prd032-sha256sum R2.1, R2.2, R2.3, R3.1",519440,2963,65419,454013,0.71,11805,11807,2,10624,10624,0,70,1,3,1
4453821fefe775c6de04da57f441e6de436e7993,2026-03-29T12:53:10-04:00,3904,stitch,cmd/sha256sum,cmd,srd032,"R3.2, R4.1, R4.2, R4.3",False,"Task 3904: [stitch] cmd/sha256sum: prd032-sha256sum R3.2, R4.1, R4.2, R4.3",1050373,17886,88825,961535,1.4831,11807,11828,21,10624,10933,309,298,4,342,12
5f60eb8bfaa79d52b807fb3bdb9f34d46614616d,2026-03-29T12:54:19-04:00,3905,stitch,cmd/sha512sum,cmd,srd033,"R1.1, R1.2, R1.3, R1.4",False,"Task 3905: [stitch] cmd/sha512sum: prd033-sha512sum R1.1, R1.2, R1.3, R1.4",425913,2739,62185,363721,0.639,11828,11982,154,10933,10933,0,51,1,154,0
e3a21f35474ea692c37b4b8a8cc2f0b8530dd0f6,2026-03-29T12:57:41-04:00,3907,stitch,cmd/sha512sum,cmd,srd033,"R2.1, R2.2, R2.3, R3.1",False,"Task 3907: [stitch] cmd/sha512sum: prd033-sha512sum R2.1, R2.2, R2.3, R3.1",530499,4764,68137,462354,0.7762,11982,11984,2,10933,11219,286,77,2,289,1
5f18053812b5d081bd4abfc1adc3efac0fd61291,2026-03-29T12:59:46-04:00,3908,stitch,cmd/sha512sum,cmd,srd033,"R3.2, R4.1, R4.2, R4.3",False,"Task 3908: [stitch] cmd/sha512sum: prd033-sha512sum R3.2, R4.1, R4.2, R4.3",478049,7151,75041,403001,0.8493,11984,11996,12,11219,11263,44,106,2,69,13
9c7d375efa6c1c6518308b83d343fa176e2cc6f5,2026-03-29T13:06:34-04:00,3909,stitch,cmd/mkdir,cmd,srd034,"R1.1, R1.2, R1.3, R1.4",False,"Task 3909: [stitch] cmd/mkdir: prd034-mkdir R1.1, R1.2, R1.3, R1.4",937437,21829,87619,849806,1.5183,11996,12048,52,11263,11475,212,389,2,264,0
67b29458512fc96bae2f5f5e86c7471c57a98a82,2026-03-29T13:13:18-04:00,3910,stitch,cmd/mkdir,cmd,srd034,"R2.1, R2.2, R2.3, R3.1",False,"Task 3910: [stitch] cmd/mkdir: prd034-mkdir R2.1, R2.2, R2.3, R3.1",1470000,25906,87730,1382253,1.8872,12048,12167,119,11475,11659,184,386,2,332,29
cbfb960c6c0fc51d0c368b22dbb1f913ebc74b0a,2026-03-29T13:21:06-04:00,3912,stitch,cmd/mkdir,cmd,srd034,"R3.2, R3.3, R3.4",False,"Task 3912: [stitch] cmd/mkdir: prd034-mkdir R3.2, R3.3, R3.4",704596,21791,85562,619025,1.3891,12167,12231,64,11659,11788,129,323,2,224,31
ad418a737920ca674ecde203c7a459570433ec30,2026-03-29T13:22:50-04:00,3913,stitch,cmd/mkdir,cmd,srd034,"R4.1, R4.2, R4.3",False,"Task 3913: [stitch] cmd/mkdir: prd034-mkdir R4.1, R4.2, R4.3",538590,4574,69116,469466,0.7811,12231,12231,0,11788,11803,15,86,1,22,7
d0634eb0e2530833d2b0f20e7310da0cb6ca42ee,2026-03-29T13:24:44-04:00,3914,stitch,cmd/rmdir,cmd,srd035,"R1.1, R1.2, R1.3, R1.4",False,"Task 3914: [stitch] cmd/rmdir: prd035-rmdir R1.1, R1.2, R1.3, R1.4",797287,5324,71670,725606,0.9439,12231,12310,79,11803,12021,218,94,2,297,0
741d903d408d97463f273d375dfda4a2f15c1507,2026-03-29T13:30:16-04:00,3915,stitch,cmd/rmdir,cmd,srd035,"R2.1, R2.2, R2.3, R3.1",False,"Task 3915: [stitch] cmd/rmdir: prd035-rmdir R2.1, R2.2, R2.3, R3.1",590303,21802,81983,508312,1.3116,12310,12387,77,12021,12193,172,315,2,278,29
8b234a94854dda85051a0704fce94551a1e4a424,2026-03-29T13:36:14-04:00,3917,stitch,cmd/rmdir,cmd,srd035,"R3.2, R3.3, R3.4, R4.1",False,"Task 3917: [stitch] cmd/rmdir: prd035-rmdir R3.2, R3.3, R3.4, R4.1",1021081,15085,82610,938458,1.3627,12387,12410,23,12193,12401,208,210,2,238,7
c788541e5abb950405b7f98af61e082944e45014,2026-03-29T13:39:08-04:00,3918,stitch,cmd/rmdir,cmd,srd035,"R4.2, R4.3",False,"Task 3918: [stitch] cmd/rmdir: prd035-rmdir R4.2, R4.3",799542,6944,73005,726526,0.9932,12410,12410,0,12401,12486,85,159,2,89,4
4e178ff9e3ea07fef01efb4ab89d4764e90f3249,2026-03-29T13:47:58-04:00,3919,stitch,cmd/mktemp,cmd,srd036,"R1.1, R1.2, R1.3, R1.4",False,"Task 3919: [stitch] cmd/mktemp: prd036-mktemp R1.1, R1.2, R1.3, R1.4",998733,32294,101909,896813,1.8927,12410,12570,160,12486,12736,250,513,2,410,0
4b277fded4d5a4f9950a689888aabaeb5432a106,2026-03-29T13:50:30-04:00,3920,stitch,cmd/mktemp,cmd,srd036,"R2.1, R2.2, R2.3",False,"Task 3920: [stitch] cmd/mktemp: prd036-mktemp R2.1, R2.2, R2.3",450319,7826,69075,381237,0.818,12570,12600,30,12736,12840,104,135,2,155,21
e62f1457e554436041ab50dc1a9dbf997d4d0b6a,2026-03-29T13:58:43-04:00,3922,stitch,cmd/mktemp,cmd,srd036,"R1.5, R3.1, R3.2, R3.3",False,"Task 3922: [stitch] cmd/mktemp: prd036-mktemp R1.5, R3.1, R3.2, R3.3",547418,30160,94759,452652,1.5726,12600,12668,68,12840,13068,228,379,2,343,47
2c20d05e00cbb8f3c261ff351e63603414761953,2026-03-29T14:02:56-04:00,3923,stitch,cmd/mktemp,cmd,srd036,"R3.4, R3.5, R3.6",False,"Task 3923: [stitch] cmd/mktemp: prd036-mktemp R3.4, R3.5, R3.6",708339,18586,88989,619341,1.3305,12668,12724,56,13068,13295,227,234,2,290,7
c4b5dd69b528ab53a5b7c4b102a52d513b4ce943,2026-03-29T14:05:27-04:00,3924,stitch,cmd/mktemp,cmd,srd036,"R4.1, R4.2, R4.3, R4.4",False,"Task 3924: [stitch] cmd/mktemp: prd036-mktemp R4.1, R4.2, R4.3, R4.4",1430456,6108,78361,1352077,1.3186,12724,12724,0,13295,13311,16,132,2,20,4
976fbf984980087a5cd490e435e2781a08e70626,2026-03-29T14:07:46-04:00,3925,stitch,cmd/unlink,cmd,srd038,"R1.1, R1.2, R1.3, R2.1",False,"Task 3925: [stitch] cmd/unlink: prd038-unlink R1.1, R1.2, R1.3, R2.1",1090046,5992,79253,1010779,1.1506,12724,12777,53,13311,13512,201,121,2,254,0
4f04f1fd5feb80fd729ca5beba83deba16165362,2026-03-29T14:11:04-04:00,3927,stitch,cmd/unlink,cmd,srd038,"R2.2, R2.3, R2.4, R3.1",False,"Task 3927: [stitch] cmd/unlink: prd038-unlink R2.2, R2.3, R2.4, R3.1",500025,3990,62322,437695,0.7082,12777,12782,5,13512,13512,0,77,2,11,6
a47ce18e4fa9e3f8c3f85e724f534fb113aa2a94,2026-03-29T14:12:54-04:00,3928,stitch,cmd/unlink,cmd,srd038,"R3.2, R3.3",False,"Task 3928: [stitch] cmd/unlink: prd038-unlink R3.2, R3.3",429887,5642,63561,366319,0.7215,12782,12782,0,13512,13534,22,95,2,31,9
3e5da4ef2df9b7e620eb4e32c7a636af4f2cdeec,2026-03-29T14:14:44-04:00,3929,stitch,cmd/ln,cmd,srd037,"R1.1, R1.2, R1.3, R1.4",False,"Task 3929: [stitch] cmd/ln: prd037-ln R1.1, R1.2, R1.3, R1.4",671625,5960,71855,599760,0.898,12782,12901,119,13534,13777,243,93,2,362,0
7fab55895820136cdb52d099bf7cc2e22adf9487,2026-03-29T14:18:34-04:00,3930,stitch,cmd/ln,cmd,srd037,"R2.1, R2.2, R2.3, R2.4",False,"Task 3930: [stitch] cmd/ln: prd037-ln R2.1, R2.2, R2.3, R2.4",482494,16812,78283,404204,1.1117,12901,13034,133,13777,14074,297,213,2,450,20
c3a3df5080ece45fe8ad6165da1d51db1796413a,2026-03-29T14:28:55-04:00,3932,stitch,cmd/ln,cmd,srd037,"R3.1, R3.2, R3.3, R3.4",False,"Task 3932: [stitch] cmd/ln: prd037-ln R3.1, R3.2, R3.3, R3.4",706830,33230,104263,602559,1.7837,13034,13187,153,14074,14267,193,478,2,365,19
8f504cdf87ddd37f5b3156fd6143ef731260469c,2026-03-29T14:36:10-04:00,3933,stitch,cmd/ln,cmd,srd037,"R3.5, R3.6, R4.1, R4.2",False,"Task 3933: [stitch] cmd/ln: prd037-ln R3.5, R3.6, R4.1, R4.2",760166,28302,105050,655107,1.6917,13187,13212,25,14267,14396,129,415,2,170,16
0c1de7b37c690f4fd6825d099963632dc629f72f,2026-03-29T14:38:56-04:00,3934,stitch,cmd/ln,cmd,srd037,R4.3,False,Task 3934: [stitch] cmd/ln: prd037-ln R4.3,1407091,8702,86488,1320586,1.4185,13212,13292,80,14396,14410,14,146,2,121,27
74bdd020aa06b068d545e38721634d0168d6e101,2026-03-29T14:40:44-04:00,3935,stitch,cmd/whoami,cmd,srd042,"R1.1, R1.2, R2.1, R2.2",False,"Task 3935: [stitch] cmd/whoami: prd042-whoami R1.1, R1.2, R2.1, R2.2",840542,4654,69823,770707,0.9382,13292,13404,112,14410,14480,70,90,2,182,0
e26ef66cfcc6b51ac4d753831b45fcdf3588a77b,2026-03-29T14:46:02-04:00,3937,stitch,cmd/whoami,cmd,srd042,"R3.1, R3.2, R3.3",False,"Task 3937: [stitch] cmd/whoami: prd042-whoami R3.1, R3.2, R3.3",415411,2751,59724,355680,0.6199,13404,13404,0,14480,14507,27,68,2,28,1
58a88c37d2d42ac8703402fbb7534c3080fd434d,2026-03-29T14:48:02-04:00,3938,stitch,cmd/groups,cmd,srd043,"R1.1, R1.2, R1.3",False,"Task 3938: [stitch] cmd/groups: prd043-groups R1.1, R1.2, R1.3",1009765,5508,66445,943305,1.0247,13404,13515,111,14507,14581,74,104,2,185,0
3a3112391cf703bab7c053d541f5dc752f6d756a,2026-03-29T14:49:20-04:00,3939,stitch,cmd/groups,cmd,srd043,"R2.1, R2.2, R2.3",False,"Task 3939: [stitch] cmd/groups: prd043-groups R2.1, R2.2, R2.3",558382,3417,60619,497754,0.7132,13515,13518,3,14581,14595,14,60,2,23,6
69a6108d8b34e714ee4c3e308517068bf5d61ac6,2026-03-29T14:50:28-04:00,3940,stitch,cmd/groups,cmd,srd043,"R3.1, R3.2, R3.3",False,"Task 3940: [stitch] cmd/groups: prd043-groups R3.1, R3.2, R3.3",345694,2217,59799,285889,0.5721,13518,13518,0,14595,14595,0,50,1,1,1
a01c06dd803d8ca42be4262b09cad47d96e010f8,2026-03-29T15:00:22-04:00,3942,stitch,cmd/env,cmd,srd039,"R1.1, R1.2, R1.3, R2.1",False,"Task 3942: [stitch] cmd/env: prd039-env R1.1, R1.2, R1.3, R2.1",804396,23206,85540,718846,1.4742,13518,13653,135,14595,14714,119,382,2,254,0
2d486f33fb4942312847d92335a1e9951ab0953c,2026-03-29T15:02:55-04:00,3943,stitch,cmd/env,cmd,srd039,"R2.2, R2.3, R3.1, R3.2",False,"Task 3943: [stitch] cmd/env: prd039-env R2.2, R2.3, R3.1, R3.2",923719,7184,72101,851605,1.0561,13653,13695,42,14714,14789,75,134,2,130,13
956f4685c9fc3f69541320e1091d02a322ee3410,2026-03-29T15:05:06-04:00,3944,stitch,cmd/env,cmd,srd039,"R3.3, R4.1, R4.2, R4.3",False,"Task 3944: [stitch] cmd/env: prd039-env R3.3, R4.1, R4.2, R4.3",519394,5877,66557,452829,0.7894,13695,13695,0,14789,14811,22,112,2,24,2
6d457e08ae64159710aad4f27c2da6a08344c68a,2026-03-29T15:06:55-04:00,3945,stitch,cmd/printenv,cmd,srd040,"R1.1, R1.2, R1.3, R2.1",False,"Task 3945: [stitch] cmd/printenv: prd040-printenv R1.1, R1.2, R1.3, R2.1",613057,5642,69894,543154,0.8495,13695,13781,86,14811,14918,107,89,2,193,0
825b553c8535696bdd3f362feb0ef1365292f0b5,2026-03-29T15:09:41-04:00,3947,stitch,cmd/printenv,cmd,srd040,"R2.2, R2.3, R2.4, R3.1",False,"Task 3947: [stitch] cmd/printenv: prd040-printenv R2.2, R2.3, R2.4, R3.1",489984,2731,60642,429334,0.662,13781,13781,0,14918,14954,36,57,2,38,2
9d5a66ada65111060046632c49031a407e491e60,2026-03-29T15:11:14-04:00,3948,stitch,cmd/printenv,cmd,srd040,"R3.2, R3.3",False,"Task 3948: [stitch] cmd/printenv: prd040-printenv R3.2, R3.3",422551,3501,61298,361246,0.6513,13781,13781,0,14954,15011,57,76,2,59,2
e7555d1bdb80271cc321004aa65230e9c8df8fe5,2026-03-29T15:13:23-04:00,3949,stitch,cmd/id,cmd,srd041,"R1.1, R1.2, R1.3, R2.1",False,"Task 3949: [stitch] cmd/id: prd041-id R1.1, R1.2, R1.3, R2.1",1050567,5724,67846,982706,1.0586,13781,13972,191,15011,15078,67,113,2,258,0
9421b0b7b63e920d020e753e3a689328ebc33c6d,2026-03-29T15:15:11-04:00,3950,stitch,cmd/id,cmd,srd041,"R2.2, R2.3, R2.4, R3.1",False,"Task 3950: [stitch] cmd/id: prd041-id R2.2, R2.3, R2.4, R3.1",432910,5793,63834,369069,0.7284,13972,14085,113,15078,15148,70,88,2,218,35
af27bdb098e00f0e2d343b8f604dc11d3d801852,2026-03-29T15:20:00-04:00,3952,stitch,cmd/id,cmd,srd041,"R3.2, R3.3, R4.1",False,"Task 3952: [stitch] cmd/id: prd041-id R3.2, R3.3, R4.1",699588,9828,70574,629004,1.0013,14085,14125,40,15148,15222,74,159,2,128,14
4ff96a674edba854547d9bba557d0884c6fa5d4d,2026-03-29T15:22:28-04:00,3953,stitch,cmd/id,cmd,srd041,"R4.2, R4.3",False,"Task 3953: [stitch] cmd/id: prd041-id R4.2, R4.3",532665,6177,68145,464512,0.8126,14125,14125,0,15222,15241,19,128,2,21,2
6109b2fe898dcbe4e2b08139c29efb35655c2a1c,2026-03-29T15:33:10-04:00,3954,stitch,cmd/tr,cmd,srd054,"R1.1, R1.2, R1.3, R1.4",False,"Task 3954: [stitch] cmd/tr: prd054-tr R1.1, R1.2, R1.3, R1.4",953616,42113,106507,847099,2.1421,14125,14606,481,15241,15384,143,626,2,624,0
063173e9ed01b5152a1313fe3bf46e5eb5c00b8b,2026-03-29T15:40:29-04:00,3955,stitch,cmd/tr,cmd,srd054,"R2.1, R2.2, R2.3, R2.4",False,"Task 3955: [stitch] cmd/tr: prd054-tr R2.1, R2.2, R2.3, R2.4",551754,29606,93515,458232,1.5538,14606,14774,168,15384,15508,124,420,2,354,62
4c8c1f61a5fca96742a1225d9bebfb0f32d0c8cf,2026-03-29T15:50:38-04:00,3957,stitch,cmd/tr,cmd,srd054,"R3.1, R3.2, R3.3",False,"Task 3957: [stitch] cmd/tr: prd054-tr R3.1, R3.2, R3.3",1839915,26991,108219,1731677,2.2171,14774,14808,34,15508,15564,56,481,2,94,4
8c4d1174e34821f1fe92ac3dd392d4c21f9ecc37,2026-03-29T15:53:37-04:00,3958,stitch,cmd/tr,cmd,srd054,"R4.1, R4.2, R4.3",False,"Task 3958: [stitch] cmd/tr: prd054-tr R4.1, R4.2, R4.3",1776431,8007,80879,1695530,1.6012,14808,14810,2,15564,15644,80,163,2,86,4
f87ab969411abd3907839921e980892011148373,2026-03-29T15:57:59-04:00,3959,stitch,cmd/sort,cmd,srd053,"R1.1, R1.2, R1.3, R1.4",False,"Task 3959: [stitch] cmd/sort: prd053-sort R1.1, R1.2, R1.3, R1.4",746058,10904,81111,664937,1.1543,14810,15009,199,15644,15786,142,246,2,341,0
ba1c14d5fad671ca4073481cf82464a804999429,2026-03-29T16:01:09-04:00,3960,stitch,cmd/tail,cmd,srd055,"R1.1, R1.2, R1.3, R1.4",False,"Task 3960: [stitch] cmd/tail: prd055-tail R1.1, R1.2, R1.3, R1.4",609130,11823,83083,526039,1.0779,15009,15306,297,15786,16039,253,174,2,550,0
2ed558a4c7459ec107a163b678d637df6c8906e5,2026-03-29T16:06:42-04:00,3962,stitch,cmd/sort,cmd,srd053,"R1.5, R1.6, R1.7",False,"Task 3962: [stitch] cmd/sort: prd053-sort R1.5, R1.6, R1.7",735004,15444,76865,658129,1.1956,15306,15387,81,16039,16141,102,229,2,211,28
fd0f7f83c39ede5f6902ea9a2f5bbf328f3e2d40,2026-03-29T16:15:48-04:00,3963,stitch,cmd/sort,cmd,srd053,"R2.1, R2.2, R2.3, R2.4",False,"Task 3963: [stitch] cmd/sort: prd053-sort R2.1, R2.2, R2.3, R2.4",576179,37350,100731,475441,1.8011,15387,15610,223,16141,16257,116,528,2,363,24
27a75c5bc8d61cb099c06a044398d66e1397b052,2026-03-29T16:18:44-04:00,3964,stitch,cmd/tail,cmd,srd055,"R2.1, R2.2, R2.3",False,"Task 3964: [stitch] cmd/tail: prd055-tail R2.1, R2.2, R2.3",720530,9941,75260,645260,1.0416,15610,15689,79,16257,16370,113,159,2,202,10
cd8bf8a280c658ddb04dbe408808656c2bcaa04b,2026-03-29T16:20:12-04:00,3965,stitch,cmd/tail,cmd,srd055,"R3.1, R3.2, R3.3, R3.4",False,"Task 3965: [stitch] cmd/tail: prd055-tail R3.1, R3.2, R3.3, R3.4",609368,3341,68579,540780,0.7826,15689,15690,1,16370,16434,64,71,2,67,2
13195e007b6e034060b3de5cfa3f660308063a6a,2026-03-29T16:34:54-04:00,3967,stitch,cmd/sort,cmd,srd053,"R3.1, R3.2, R3.3, R3.4",False,"Task 3967: [stitch] cmd/sort: prd053-sort R3.1, R3.2, R3.3, R3.4",1277263,53906,120524,1156727,2.6793,15690,16084,394,16434,16556,122,777,3,539,23
915c79d6f15885cbaf57b7ff61058d96cda354b8,2026-03-29T20:24:09-04:00,3968,stitch,cmd/sort,cmd,srd053,"R4.1, R4.2, R4.3, R4.4",False,"Task 3968: [stitch] cmd/sort: prd053-sort R4.1, R4.2, R4.3, R4.4",2600364,12105,91076,2509259,2.1266,16084,16150,66,16556,16810,254,215,2,322,2
676fe266f889801a50e821c200f1e93d0c21eab8,2026-03-29T20:25:46-04:00,3969,stitch,cmd/tail,cmd,srd055,"R4.1, R4.2, R4.3, R4.4",False,"Task 3969: [stitch] cmd/tail: prd055-tail R4.1, R4.2, R4.3, R4.4",619777,3809,70446,549322,0.8102,16150,16150,0,16810,16877,67,81,2,69,2
17a8cb99718c027a257e5e4033502c22e7a9b962,2026-03-29T20:28:21-04:00,3970,stitch,cmd/cp,cmd,srd056,"R1.1, R1.2, R1.3, R1.4",False,"Task 3970: [stitch] cmd/cp: prd056-cp R1.1, R1.2, R1.3, R1.4",886740,8705,75930,810798,1.0976,16150,16517,367,16877,17154,277,138,2,644,0
e3c07d2d851c4b121ba67a96abbe75fc2a005a69,2026-03-29T20:38:54-04:00,3972,stitch,cmd/cp,cmd,srd056,"R2.1, R2.2, R2.3, R2.4",False,"Task 3972: [stitch] cmd/cp: prd056-cp R2.1, R2.2, R2.3, R2.4",918544,33413,102176,816358,1.8822,16517,16636,119,17154,17282,128,508,2,295,48
121b3fdac490406c93feb3212dde04f5cd773745,2026-03-29T20:54:23-04:00,3973,stitch,cmd/cp,cmd,srd056,"R3.1, R3.2, R3.3, R3.4",False,"Task 3973: [stitch] cmd/cp: prd056-cp R3.1, R3.2, R3.3, R3.4",1788948,59754,133629,1655304,3.1568,16636,16896,260,17282,17405,123,911,3,413,30
59538115eec5f92226bac1861cf7e1127a3c9c0d,2026-03-29T20:56:58-04:00,3974,stitch,cmd/cp,cmd,srd056,"R4.1, R4.2, R4.3, R4.4",False,"Task 3974: [stitch] cmd/cp: prd056-cp R4.1, R4.2, R4.3, R4.4",778225,7517,82507,695708,1.0515,16896,16896,0,17405,17497,92,137,2,94,2
482dfb3c4a01b45aeb3f98a52707724c341fe2b2,2026-03-29T21:00:56-04:00,3975,stitch,cmd/mv,cmd,srd057,"R1.1, R1.2, R1.3, R1.4",False,"Task 3975: [stitch] cmd/mv: prd057-mv R1.1, R1.2, R1.3, R1.4",1014129,14641,92758,921359,1.4065,16896,17406,510,17497,17805,308,221,2,818,0
d0af87fcb69a8e3d1f6a304a6c75575318667946,2026-03-29T21:12:38-04:00,3977,stitch,cmd/mv,cmd,srd057,"R2.1, R2.2, R2.3, R2.4",False,"Task 3977: [stitch] cmd/mv: prd057-mv R2.1, R2.2, R2.3, R2.4",1067615,38786,104247,963356,2.1029,17406,17463,57,17805,17990,185,585,2,286,44
22ca8cc40995681e0d1fe96ec141b34412f66662,2026-03-29T21:15:05-04:00,3978,stitch,cmd/mv,cmd,srd057,"R3.1, R3.2, R3.3, R4.1",False,"Task 3978: [stitch] cmd/mv: prd057-mv R3.1, R3.2, R3.3, R4.1",655052,7037,75654,579389,0.9385,17463,17463,0,17990,18249,259,127,2,261,2
11f728f9bf1a8c1aedc377d0624aa9fbb559cce8,2026-03-29T21:18:21-04:00,3979,stitch,cmd/mv,cmd,srd057,"R4.2, R4.3, R4.4",False,"Task 3979: [stitch] cmd/mv: prd057-mv R4.2, R4.3, R4.4",759989,6783,78602,681377,1.0016,17463,17465,2,18249,18481,232,178,2,236,2
5ff778a9764ecf80eccc633d90ec9c0248fc0550,2026-03-29T21:21:36-04:00,3980,stitch,cmd/rm,cmd,srd058,"R1.1, R1.2, R1.3, R1.4",False,"Task 3980: [stitch] cmd/rm: prd058-rm R1.1, R1.2, R1.3, R1.4",1006107,9746,84522,921572,1.2328,17465,17820,355,18481,18899,418,177,2,773,0
3cf3a197e6cb5433ac3e97321386159bcdf34a42,2026-03-29T21:25:51-04:00,3982,stitch,cmd/rm,cmd,srd058,"R2.1, R2.2, R2.3, R2.4",False,"Task 3982: [stitch] cmd/rm: prd058-rm R2.1, R2.2, R2.3, R2.4",863288,6894,74338,788938,1.0315,17820,17826,6,18899,19166,267,137,2,278,5
3d77092e4a99c45d049250c7b0e87e02da92fa24,2026-03-29T21:34:35-04:00,3983,stitch,cmd/rm,cmd,srd058,"R3.1, R3.2, R3.3, R3.4",False,"Task 3983: [stitch] cmd/rm: prd058-rm R3.1, R3.2, R3.3, R3.4",1434713,32468,101323,1333375,2.1117,17826,17979,153,19166,19541,375,504,2,605,77
d4654f4d4913306ad04ae482e3cdfd6ee604478b,2026-03-29T21:37:22-04:00,3984,stitch,cmd/rm,cmd,srd058,"R4.1, R4.2, R4.3, R4.4",False,"Task 3984: [stitch] cmd/rm: prd058-rm R4.1, R4.2, R4.3, R4.4",1105476,6378,80381,1025081,1.1744,17979,17983,4,19541,19710,169,147,2,175,2
7b198b79637904bb2e2f3d5ba09e34ea68765e79,2026-03-29T21:39:33-04:00,3985,stitch,cmd/sleep,cmd,srd061,"R1.1, R1.2, R1.3, R1.4",False,"Task 3985: [stitch] cmd/sleep: prd061-sleep R1.1, R1.2, R1.3, R1.4",951761,6317,66452,885295,1.016,17983,18118,135,19710,19819,109,110,2,244,0
dcbc9b6c95e05155ad604d21984097459cefd169,2026-03-29T21:43:00-04:00,3987,stitch,cmd/sleep,cmd,srd061,"R2.1, R2.2, R2.3, R2.4",False,"Task 3987: [stitch] cmd/sleep: prd061-sleep R2.1, R2.2, R2.3, R2.4",466774,4557,71065,395702,0.756,18118,18118,0,19819,19895,76,93,1,76,0
3d3c51330df144c4dc3a6a4b5806874a31d687eb,2026-03-29T21:44:15-04:00,3988,stitch,cmd/sleep,cmd,srd061,"R3.1, R3.2, R3.3, R3.4",False,"Task 3988: [stitch] cmd/sleep: prd061-sleep R3.1, R3.2, R3.3, R3.4",380646,2759,69168,311472,0.657,18118,18118,0,19895,19926,31,58,1,31,0
829cdb74059fc68c4f6ebf9055953b25457f86d2,2026-03-29T21:45:54-04:00,3989,stitch,cmd/sleep,cmd,srd061,"R4.1, R4.2, R4.3, R4.4",False,"Task 3989: [stitch] cmd/sleep: prd061-sleep R4.1, R4.2, R4.3, R4.4",436370,5455,64742,371621,0.7269,18118,18118,0,19926,19948,22,80,2,34,12
945d7e892a8e29e5a52573ae9fdaa0b799bd3e9c,2026-03-29T21:55:01-04:00,3990,stitch,cmd/date,cmd,srd060,"R1.1, R1.2, R1.3, R1.4",False,"Task 3990: [stitch] cmd/date: prd060-date R1.1, R1.2, R1.3, R1.4",670410,33322,97570,572832,1.8111,18118,18473,355,19948,20086,138,530,2,493,0
340a186f5a16d1c5f3eb465c03f4721f7f609f63,2026-03-29T21:59:32-04:00,3992,stitch,cmd/date,cmd,srd060,"R2.1, R2.2, R2.3, R2.4",False,"Task 3992: [stitch] cmd/date: prd060-date R2.1, R2.2, R2.3, R2.4",1138476,7011,82452,1056010,1.2187,18473,18475,2,20086,20149,63,170,2,68,3
ec2e0d83d428224cf58f23e6ecdb247d41d980c5,2026-03-29T22:01:37-04:00,3993,stitch,cmd/date,cmd,srd060,"R3.1, R3.2, R3.3, R3.4",False,"Task 3993: [stitch] cmd/date: prd060-date R3.1, R3.2, R3.3, R3.4",907186,4278,77402,829772,1.0057,18475,18475,0,20149,20235,86,106,2,88,2
1c72b2b34898db380e9a264c1d9f2ffd0695232e,2026-03-29T22:03:17-04:00,3994,stitch,cmd/date,cmd,srd060,"R4.1, R4.2, R4.3, R4.4",False,"Task 3994: [stitch] cmd/date: prd060-date R4.1, R4.2, R4.3, R4.4",619497,3568,69658,549830,0.7995,18475,18475,0,20235,20264,29,79,2,31,2
8d883ca3e124e03c58ef5b29d2e27d4e119b2412,2026-03-29T22:05:47-04:00,3995,stitch,cmd/touch,cmd,srd062,"R1.1, R1.2, R1.3, R1.4",False,"Task 3995: [stitch] cmd/touch: prd062-touch R1.1, R1.2, R1.3, R1.4",691869,7136,83917,607943,1.0069,18475,18595,120,20264,20475,211,132,2,331,0
f54608a2f26f4d37f9a4a7dbf1003529eb7a3839,2026-03-29T22:12:49-04:00,3997,stitch,cmd/touch,cmd,srd062,"R2.1, R2.2, R2.3, R2.4",False,"Task 3997: [stitch] cmd/touch: prd062-touch R2.1, R2.2, R2.3, R2.4",958638,21263,83315,875311,1.49,18595,18765,170,20475,20685,210,320,2,395,15
c8e4289223999442fe5f9c477531ca931e6e3353,2026-03-29T22:22:34-04:00,3998,stitch,cmd/touch,cmd,srd062,"R3.1, R3.2, R3.3, R3.4",False,"Task 3998: [stitch] cmd/touch: prd062-touch R3.1, R3.2, R3.3, R3.4",1262846,37766,104624,1158209,2.1772,18765,18929,164,20685,20931,246,563,4,474,60
d60f00b537a476c1caa515c33346ee0387a0b601,2026-03-29T22:24:38-04:00,3999,stitch,cmd/touch,cmd,srd062,"R4.1, R4.2, R4.3, R4.4",False,"Task 3999: [stitch] cmd/touch: prd062-touch R4.1, R4.2, R4.3, R4.4",570126,4676,75713,494405,0.8373,18929,18929,0,20931,21092,161,103,2,163,2
a74c8aff7c223187c44242638ff5aeb1587b5876,2026-03-29T22:27:01-04:00,4000,stitch,cmd/timeout,cmd,srd063,"R1.1, R1.2, R1.3, R1.4",False,"Task 4000: [stitch] cmd/timeout: prd063-timeout R1.1, R1.2, R1.3, R1.4",748728,5869,70458,678259,0.9263,18929,19118,189,21092,21298,206,124,2,395,0
1e25b9c20cc3355a2dd1602ac82d58a7174cebf0,2026-03-29T22:46:27-04:00,4002,stitch,cmd/timeout,cmd,srd063,"R2.1, R2.2, R2.3, R2.4",False,"Task 4002: [stitch] cmd/timeout: prd063-timeout R2.1, R2.2, R2.3, R2.4",2736943,64049,153924,2583000,3.8548,19118,19316,198,21298,21414,116,1064,2,374,60
041f9a40af19d74c50e6fdde7a0fa17b13cdb390,2026-03-29T22:51:56-04:00,4003,stitch,cmd/timeout,cmd,srd063,"R3.1, R3.2, R3.3, R3.4",False,"Task 4003: [stitch] cmd/timeout: prd063-timeout R3.1, R3.2, R3.3, R3.4",1422305,15493,104818,1317473,1.7012,19316,19357,41,21414,21473,59,307,2,103,3
1379719155c76c98a5e667f08fee44196f983737,2026-03-29T22:56:31-04:00,4004,stitch,cmd/timeout,cmd,srd063,"R4.1, R4.2, R4.3, R4.4",False,"Task 4004: [stitch] cmd/timeout: prd063-timeout R4.1, R4.2, R4.3, R4.4",1539980,14513,105564,1434401,1.7399,19357,19367,10,21473,21570,97,256,2,162,55
c3aaaf785e02b5bca22cb584d94e0cdc530e6069,2026-03-29T22:58:30-04:00,4005,stitch,cmd/shuf,cmd,srd064,"R1.1, R1.2, R1.3, R1.4",False,"Task 4005: [stitch] cmd/shuf: prd064-shuf R1.1, R1.2, R1.3, R1.4",756964,5716,86447,670508,1.0185,19367,19487,120,21570,21774,204,101,2,324,0
fee7f8058c7250522940a6fb0ec6168b26b0d2ad,2026-03-29T23:18:00-04:00,4007,stitch,cmd/shuf,cmd,srd064,"R2.1, R2.2, R2.3, R2.4",False,"Task 4007: [stitch] cmd/shuf: prd064-shuf R2.1, R2.2, R2.3, R2.4",94690,14,226,94461,1.67,19487,19738,251,21774,22065,291,1062,2,574,32
75ee5a7fae87cf1da0f1f60248dbcdfa65827fcf,2026-03-29T23:24:45-04:00,4008,stitch,cmd/shuf,cmd,srd064,"R3.1, R3.2, R3.3, R3.4",False,"Task 4008: [stitch] cmd/shuf: prd064-shuf R3.1, R3.2, R3.3, R3.4",554783,27392,94463,460313,1.5054,19738,19817,79,22065,22207,142,380,2,346,125
0cabd2916130e472edf5d67480aed282abf7a2b9,2026-03-29T23:26:36-04:00,4009,stitch,cmd/shuf,cmd,srd064,"R4.1, R4.2, R4.3, R4.4",False,"Task 4009: [stitch] cmd/shuf: prd064-shuf R4.1, R4.2, R4.3, R4.4",651422,4163,74565,576848,0.8586,19817,19818,1,22207,22287,80,87,2,85,4
42a4fc214ce80d5836dd2aa2797fd8745e8b0248,2026-03-29T23:28:09-04:00,4010,stitch,cmd/factor,cmd,srd065,"R1.1, R1.2, R1.3, R1.4",False,"Task 4010: [stitch] cmd/factor: prd065-factor R1.1, R1.2, R1.3, R1.4",513341,3773,65184,448149,0.7258,19818,19940,122,22287,22382,95,72,2,217,0
df8208c9b19abe7f1db008f959ad8c12773bb845,2026-03-29T23:36:23-04:00,4012,stitch,cmd/factor,cmd,srd065,"R2.1, R2.2, R2.3, R2.4",False,"Task 4012: [stitch] cmd/factor: prd065-factor R2.1, R2.2, R2.3, R2.4",1091239,20623,85832,1005393,1.5548,19940,19944,4,22382,22442,60,384,2,67,3
a22cde5af2443cc80323d0d202bcc27d74b06d79,2026-03-29T23:39:13-04:00,4013,stitch,cmd/factor,cmd,srd065,"R3.1, R3.2, R3.3, R3.4",False,"Task 4013: [stitch] cmd/factor: prd065-factor R3.1, R3.2, R3.3, R3.4",1307048,6839,73404,1233626,1.2467,19944,19962,18,22442,22477,35,152,2,56,3
065295edf1cf5eee7a09f47b009b6036d14a3ecb,2026-03-29T23:41:22-04:00,4014,stitch,cmd/factor,cmd,srd065,"R4.1, R4.2, R4.3, R4.4",False,"Task 4014: [stitch] cmd/factor: prd065-factor R4.1, R4.2, R4.3, R4.4",820462,5848,68684,751766,0.9514,19962,19963,1,22477,22523,46,110,2,50,3
f6a22f33a99875fac99e2995dffd8a26865a1939,2026-03-29T23:47:31-04:00,4015,stitch,cmd/expr,cmd,srd066,"R1.1, R1.2, R1.3, R1.4",False,"Task 4015: [stitch] cmd/expr: prd066-expr R1.1, R1.2, R1.3, R1.4",1477908,21111,95086,1382805,1.8135,19963,20247,284,22523,22620,97,352,2,381,0
dd3582940dd59c912595cc98cf07ad80b525496b,2026-03-29T23:55:12-04:00,4017,stitch,cmd/expr,cmd,srd066,"R2.1, R2.2, R2.3, R2.4",False,"Task 4017: [stitch] cmd/expr: prd066-expr R2.1, R2.2, R2.3, R2.4",616255,24899,86435,529812,1.4276,20247,20457,210,22620,22654,34,349,2,259,15
a2639ac3a3ca82837f877cd0ea817dd556f3de6f,2026-03-29T23:56:55-04:00,4018,stitch,cmd/expr,cmd,srd066,"R3.1, R3.2, R3.3, R3.4",False,"Task 4018: [stitch] cmd/expr: prd066-expr R3.1, R3.2, R3.3, R3.4",764406,4441,68710,695685,0.8884,20457,20465,8,22654,22687,33,86,2,43,2
9f29bd14beaf8f5fac2545cae544ca6a0d49d9d3,2026-03-29T23:59:27-04:00,4019,stitch,cmd/expr,cmd,srd066,"R4.1, R4.2, R4.3, R4.4",False,"Task 4019: [stitch] cmd/expr: prd066-expr R4.1, R4.2, R4.3, R4.4",791239,7303,71803,716044,1.0063,20465,20473,8,22687,22724,37,134,2,47,2
1b2f6ef19013f75339e27d20246db94a0a1c57f1,2026-03-30T00:05:38-04:00,4020,stitch,cmd/split,cmd,srd067,"R1.1, R1.2, R1.3, R1.4",False,"Task 4020: [stitch] cmd/split: prd067-split R1.1, R1.2, R1.3, R1.4",567116,20414,79552,487556,1.2514,20473,20692,219,22724,22841,117,351,2,336,0
df49b73c3d9656c954b876bb6c7626637e9d3ac2,2026-03-30T00:25:20-04:00,4022,stitch,cmd/split,cmd,srd067,"R2.1, R2.2, R2.3, R2.4",False,"Task 4022: [stitch] cmd/split: prd067-split R2.1, R2.2, R2.3, R2.4",2244246,71843,140429,2103799,3.7257,20692,21050,358,22841,22975,134,1071,2,539,47
0c3c0c7c16cb9632af9be899de924ec611a2e86d,2026-03-30T00:30:30-04:00,4023,stitch,cmd/split,cmd,srd067,"R3.1, R3.2, R3.3, R3.4",False,"Task 4023: [stitch] cmd/split: prd067-split R3.1, R3.2, R3.3, R3.4",530893,21656,87564,443322,1.3104,21050,21165,115,22975,23077,102,291,2,263,46
05de487c6d159a01916fe55cf596e4ea7c34818f,2026-03-30T00:32:03-04:00,4024,stitch,cmd/split,cmd,srd067,"R4.1, R4.2, R4.3, R4.4",False,"Task 4024: [stitch] cmd/split: prd067-split R4.1, R4.2, R4.3, R4.4",639835,3806,72962,566864,0.8346,21165,21165,0,23077,23150,73,73,2,75,2
752ff8ca9dbda58e0097341074a35a4efe93052b,2026-03-30T00:47:10-04:00,4025,stitch,cmd/csplit,cmd,srd068,"R1.1, R1.2, R1.3, R1.4",False,"Task 4025: [stitch] cmd/csplit: prd068-csplit R1.1, R1.2, R1.3, R1.4",1386749,51877,130945,1255791,2.7433,21165,21614,449,23150,23266,116,889,2,565,0
64a0d5b4178eac55b2c7bf72cabf1272e49df170,2026-03-30T01:05:09-04:00,4027,stitch,cmd/csplit,cmd,srd068,"R2.1, R2.2, R2.3, R2.4",False,"Task 4027: [stitch] prd068-csplit R2.1, R2.2, R2.3, R2.4",2054873,57193,125314,1929541,3.1779,21614,21773,159,23266,23371,105,961,2,288,24
da65dc09a6df63e2b2013818d2010ae4f758225b,2026-03-30T01:06:38-04:00,4028,stitch,cmd/csplit,cmd,srd068,"R3.1, R3.2, R3.3, R3.4",False,"Task 4028: [stitch] prd068-csplit R3.1, R3.2, R3.3, R3.4",618042,3620,69682,548351,0.8002,21773,21773,0,23371,23453,82,69,2,84,2
76a56b8fbe840db33fa9a26d25483e73b5165f56,2026-03-30T01:09:42-04:00,4029,stitch,cmd/csplit,cmd,srd068,"R4.1, R4.2, R4.3, R4.4",False,"Task 4029: [stitch] prd068-csplit R4.1, R4.2, R4.3, R4.4",1494600,7845,77702,1416879,1.3903,21773,21773,0,23453,23565,112,165,2,114,2
067187a6ec27edee498519059f6ea2fcde78c2c5,2026-03-30T01:14:18-04:00,4030,stitch,cmd/join,cmd,srd069,"R1.1, R1.2, R1.3, R1.4",False,"Task 4030: [stitch] prd069-join R1.1, R1.2, R1.3, R1.4",763972,16155,82699,681263,1.2614,21773,22001,228,23565,23714,149,260,2,377,0
cd9730f907f7aa055e56bb315851f657c6527368,2026-03-30T01:18:51-04:00,4032,stitch,cmd/join,cmd,srd069,"R2.1, R2.2, R2.3, R2.4",False,"Task 4032: [stitch] prd069-join R2.1, R2.2, R2.3, R2.4",624341,8869,74148,550184,0.9603,22001,22204,203,23714,23781,67,138,2,302,32
593e8ab80c60759fd67272e8ec47f4d9d0681c54,2026-03-30T01:22:04-04:00,4033,stitch,cmd/join,cmd,srd069,"R3.1, R3.2, R3.3, R3.4",False,"Task 4033: [stitch] prd069-join R3.1, R3.2, R3.3, R3.4",520802,12112,84233,436562,1.0476,22204,22377,173,23781,23865,84,172,2,275,18
ae902b123c7ad8c16aac93ea0ffcab483eb48a21,2026-03-30T01:34:12-04:00,4034,stitch,cmd/join,cmd,srd069,"R4.1, R4.2, R4.3, R4.4",False,"Task 4034: [stitch] prd069-join R4.1, R4.2, R4.3, R4.4",1502353,38289,112266,1390072,2.354,22377,22448,71,23865,23886,21,709,2,120,28
98bc335664d205823c6b8d9709074eab60f20e97,2026-03-30T01:37:48-04:00,4035,stitch,cmd/fmt,cmd,srd070,"R1.1, R2.1, R3.1, R4.1",False,"Task 4035: [stitch] prd070-fmt R1.1, R2.1, R3.1, R4.1",969265,10227,75617,893635,1.1752,22448,22617,169,23886,24023,137,198,2,306,0
5082a3a8d6ccb79a542cae54911d5c1ec3ce20b0,2026-03-30T01:55:13-04:00,4037,stitch,cmd/fmt,cmd,srd070,"R5.1, R6.1, R7.1, R8.1",False,"Task 4037: [stitch] prd070-fmt R5.1, R6.1, R7.1, R8.1",1553855,60211,124630,1429209,2.9989,22617,22804,187,24023,24100,77,919,2,321,57
988134203e4e11c3bddf5619eddb6ed4c0eca289,2026-03-30T02:19:34-04:00,4038,stitch,cmd/fmt,cmd,srd070,"R9.1, R10.1, R11.1, R12.1",False,"Task 4038: [stitch] prd070-fmt R9.1, R10.1, R11.1, R12.1",2265249,96511,167424,2097807,4.5082,22804,22979,175,24100,24177,77,1443,2,289,37
9f6f34106ebe545b43b64c82ae46fa1111557dde,2026-03-30T02:21:17-04:00,4039,stitch,cmd/fmt,cmd,srd070,"R13.1, R13.2, R13.3, R13.4",False,"Task 4039: [stitch] prd070-fmt R13.1, R13.2, R13.3, R13.4",541796,2963,69122,472666,0.7425,22979,22980,1,24177,24197,20,83,2,23,2
6c214223578cfee8375778fb7e4c8a6c002512c5,2026-03-30T02:27:43-04:00,4040,stitch,cmd/numfmt,cmd,srd071,"R1.1, R1.2, R1.3, R1.4",False,"Task 4040: [stitch] prd071-numfmt R1.1, R1.2, R1.3, R1.4",1131167,22446,91768,1039386,1.6545,22980,23266,286,24197,24341,144,368,2,430,0
ebb2be2a44a204c9ff2723e5f54b6d5dfb0559a3,2026-03-30T02:43:43-04:00,4042,stitch,cmd/numfmt,cmd,srd071,"R2.1, R2.2, R2.3, R2.4",False,"Task 4042: [stitch] prd071-numfmt R2.1, R2.2, R2.3, R2.4",647057,55586,117943,529107,2.3914,23266,23506,240,24341,24443,102,842,2,419,77
bc7aab76b5160f515889fe9dbc5eef3fdda09ca0,2026-03-30T02:52:25-04:00,4043,stitch,cmd/numfmt,cmd,srd071,"R3.1, R3.2, R3.3, R3.4",False,"Task 4043: [stitch] prd071-numfmt R3.1, R3.2, R3.3, R3.4",1314193,32229,100521,1213658,2.0409,23506,23711,205,24443,24522,79,505,2,318,34
62383de4c5592070800622700c2d34bcbfea7df7,2026-03-30T02:58:14-04:00,4044,stitch,cmd/numfmt,cmd,srd071,"R4.1, R4.2, R4.3, R4.4",False,"Task 4044: [stitch] prd071-numfmt R4.1, R4.2, R4.3, R4.4",641672,21550,93440,548224,1.3969,23711,23765,54,24522,24594,72,331,2,134,8
5bb5bcd5f81d4c445646564025925e8e11ecdbdb,2026-03-30T03:16:45-04:00,4045,stitch,cmd/od,cmd,srd072,"R1.1, R1.2, R1.3, R1.4",False,"Task 4045: [stitch] prd072-od R1.1, R1.2, R1.3, R1.4",1414524,67860,136420,1278091,3.1882,23765,24193,428,24594,24672,78,1094,2,506,0
c495e1fd8d6b87d4dcea9dc99efd832a389fd32d,2026-03-30T03:24:57-04:00,4047,stitch,cmd/od,cmd,srd072,"R2.1, R2.2, R2.3, R2.4",False,"Task 4047: [stitch] prd072-od R2.1, R2.2, R2.3, R2.4",623158,25420,91982,531168,1.476,24193,24334,141,24672,24706,34,374,2,211,36
91bc66d2daaa2be81b7d87e760077368bf511495,2026-03-30T03:30:27-04:00,4048,stitch,cmd/od,cmd,srd072,"R3.1, R3.2, R3.3, R3.4",False,"Task 4048: [stitch] prd072-od R3.1, R3.2, R3.3, R3.4",624894,20020,86824,538062,1.3122,24334,24422,88,24706,24745,39,312,2,137,10
47efbc08b1b4575b2f33dea32a7325a66d67434b,2026-03-30T03:34:53-04:00,4049,stitch,cmd/od,cmd,srd072,"R4.1, R4.2, R4.3, R4.4",False,"Task 4049: [stitch] prd072-od R4.1, R4.2, R4.3, R4.4",1383662,13075,84367,1299278,1.5039,24422,24438,16,24745,24771,26,247,2,49,7
807c762f3eef7da2f7b111dd18c31b3ff4aa8f54,2026-03-30T03:49:06-04:00,4050,stitch,cmd/printf,cmd,srd073,"R1.1, R1.2, R1.3, R1.4",False,"Task 4050: [stitch] prd073-printf R1.1, R1.2, R1.3, R1.4",868211,54297,114042,754160,2.4473,24438,24873,435,24771,24910,139,834,2,574,0
159d4f22c679f60542c46470f1dd500e28925d9e,2026-03-30T03:55:09-04:00,4052,stitch,cmd/printf,cmd,srd073,"R2.1, R2.2, R2.3, R2.4",False,"Task 4052: [stitch] prd073-printf R2.1, R2.2, R2.3, R2.4",501970,17898,80288,421675,1.1601,24873,24956,83,24910,25009,99,247,2,190,8
f042238e55824c3ddf90886186751afbbc518d22,2026-03-30T03:57:07-04:00,4053,stitch,cmd/printf,cmd,srd073,"R3.1, R3.2, R3.3, R3.4",False,"Task 4053: [stitch] prd073-printf R3.1, R3.2, R3.3, R3.4",695970,4569,70127,625833,0.8655,24956,24978,22,25009,25098,89,95,2,113,2
c78da41472dcf440264855b8bfc2aa4c8ab7d032,2026-03-30T04:02:06-04:00,4054,stitch,cmd/printf,cmd,srd073,"R4.1, R4.2, R4.3, R4.4",False,"Task 4054: [stitch] prd073-printf R4.1, R4.2, R4.3, R4.4",1643903,15235,93836,1550047,1.7425,24978,24978,0,25098,25182,84,280,2,87,3
c38b474a6ed3e0b38e5518b8d69cfb30737ca6ee,2026-03-30T04:04:07-04:00,4055,stitch,cmd/sha224sum,cmd,srd074,"R1.1, R1.2, R1.3, R1.4",False,"Task 4055: [stitch] prd074-sha224sum R1.1, R1.2, R1.3, R1.4",483880,6684,76213,407660,0.8473,24978,25151,173,25182,25491,309,101,2,482,0
300db5647b8c6720f6df36e5f8c65e3da1b314a9,2026-03-30T04:04:07-04:00,4055,stitch,cmd/sha224sum,cmd,srd074,"R1.1, R1.2, R1.3, R1.4",False,"Task 4055: [stitch] prd074-sha224sum R1.1, R1.2, R1.3, R1.4",214426,1220,63227,151195,0.5013,25151,25151,0,25491,25491,0,35,2,482,0
8c9321693e83c7f9cf5675f8f4a19769ce435cf2,2026-03-30T04:10:05-04:00,4058,stitch,cmd/sha224sum,cmd,srd074,"R3.2, R4.1, R4.2, R4.3",False,"Task 4058: [stitch] prd074-sha224sum R3.2, R4.1, R4.2, R4.3",873896,5276,74455,799429,0.997,25151,25151,0,25491,25527,36,171,1,37,1
8bba2d572360b08d87bde5afcfe8c98c7415ece6,2026-03-30T04:11:37-04:00,4059,stitch,cmd/sha384sum,cmd,srd075,"R1.1, R1.2, R1.3, R1.4",False,"Task 4059: [stitch] prd075-sha384sum R1.1, R1.2, R1.3, R1.4",379040,3823,68023,311011,0.6763,25151,25324,173,25527,25610,83,71,2,256,0
1c0461fe2d6b19562b3310814f5426cf92bbebf1,2026-03-30T04:13:08-04:00,4060,stitch,cmd/sha384sum,cmd,srd075,"R2.1, R2.2, R2.3, R3.1",False,"Task 4060: [stitch] prd075-sha384sum R2.1, R2.2, R2.3, R3.1",460012,4805,70035,389970,0.7529,25324,25324,0,25610,25835,225,72,1,226,1
d09920c9b0acbb687598af801372b736f3727af8,2026-03-30T04:13:08-04:00,4060,stitch,cmd/sha384sum,cmd,srd075,"R2.1, R2.2, R2.3, R3.1",False,"Task 4060: [stitch] prd075-sha384sum R2.1, R2.2, R2.3, R3.1",309865,2519,71140,238720,0.627,25324,25324,0,25835,25835,0,51,1,226,1
4a54ee6b9d7c024c7dbdf181fcefce50582b4d72,2026-03-30T04:21:20-04:00,4063,stitch,cmd/b2sum,cmd,srd076,"R1.1, R1.2, R1.3, R1.4",False,"Task 4063: [stitch] prd076-b2sum R1.1, R1.2, R1.3, R1.4",979061,14340,88527,890522,1.3571,25324,25547,223,25835,26090,255,268,4,484,1
c15f97f57711377a845d4c142e5ad2ac6c1c8c22,2026-03-30T04:23:51-04:00,4064,stitch,cmd/b2sum,cmd,srd076,"R2.1, R2.2, R2.3, R3.1",False,"Task 4064: [stitch] prd076-b2sum R2.1, R2.2, R2.3, R3.1",1025601,6553,81384,944204,1.1446,25547,25549,2,26090,26201,111,130,2,114,1
69651975a5924e3d1f3203313efcfdca159b2d8c,2026-03-30T04:28:12-04:00,4065,stitch,cmd/b2sum,cmd,srd076,"R3.2, R3.3, R4.1, R4.2",False,"Task 4065: [stitch] prd076-b2sum R3.2, R3.3, R4.1, R4.2",1421234,11575,86264,1334953,1.4961,25549,25562,13,26201,26353,152,240,2,178,13
572d1b5db5b988a215144f097021d2731acdacc5,2026-03-30T04:31:44-04:00,4067,stitch,cmd/b2sum,cmd,srd076,R4.3,False,Task 4067: [stitch] prd076-b2sum R4.3,705894,4107,70287,635597,0.8598,25562,25563,1,26353,26406,53,90,2,56,2
bb4ed1f91572d10a61a84a9d911d8e138fe72607,2026-03-30T04:33:37-04:00,4068,stitch,cmd/cksum,cmd,srd077,"R1.1, R1.2, R1.3, R1.4",False,"Task 4068: [stitch] prd077-cksum R1.1, R1.2, R1.3, R1.4",531762,5284,67864,463890,0.7882,25563,25707,144,26406,26539,133,91,2,277,0
c974345bf15f12c19a724e997a47492341ca2c4c,2026-03-30T04:45:26-04:00,4069,stitch,cmd/cksum,cmd,srd077,"R2.1, R2.2, R2.3, R3.1",False,"Task 4069: [stitch] prd077-cksum R2.1, R2.2, R2.3, R3.1",996113,43877,112425,883677,2.2415,25707,26054,347,26539,26662,123,688,3,504,34
ad15f69aceeb5cd60acda3d43db6f7901638261f,2026-03-30T04:46:54-04:00,4070,stitch,cmd/cksum,cmd,srd077,"R3.2, R3.3",False,"Task 4070: [stitch] prd077-cksum R3.2, R3.3",520829,3147,65509,455312,0.7158,26054,26055,1,26662,26703,41,65,2,44,2
612055ac6b478bc6c9da895e0cf032d7a521db11,2026-03-30T04:51:22-04:00,4072,stitch,cmd/sum,cmd,srd078,"R1.1, R1.2, R1.3, R1.4",False,"Task 4072: [stitch] prd078-sum R1.1, R1.2, R1.3, R1.4",634128,5467,73003,561116,0.8735,26055,26289,234,26703,26841,138,94,2,372,0
1e63cd272cf271c27459e2c8e930d329ca51199a,2026-03-30T04:52:41-04:00,4073,stitch,cmd/sum,cmd,srd078,"R2.1, R2.2, R3.1, R3.2",False,"Task 4073: [stitch] prd078-sum R2.1, R2.2, R3.1, R3.2",361429,4214,64337,297086,0.656,26289,26289,0,26841,26965,124,60,1,129,5
7fed817aad5920bbb4c2796e44b73a38ae12ea9f,2026-03-30T04:53:54-04:00,4074,stitch,cmd/sum,cmd,srd078,R3.3,False,Task 4074: [stitch] prd078-sum R3.3,508406,2217,64052,444346,0.678,26289,26289,0,26965,26994,29,53,1,30,1
961c46b0a349861d65de2c29ddc2907a71754212,2026-03-30T04:57:44-04:00,4075,stitch,cmd/base32,cmd,srd079,"R1.1, R1.2, R1.3, R1.4",False,"Task 4075: [stitch] prd079-base32 R1.1, R1.2, R1.3, R1.4",2001043,11599,78295,1922722,1.7408,26289,26460,171,26994,27093,99,212,2,270,0
9edd1044535ef95bb1ea725a83dd34fe2f562951,2026-03-30T05:01:47-04:00,4077,stitch,cmd/base32,cmd,srd079,"R2.1, R2.2, R2.3, R2.4",False,"Task 4077: [stitch] prd079-base32 R2.1, R2.2, R2.3, R2.4",1143303,6512,69318,1073969,1.1331,26460,26460,0,27093,27147,54,129,1,55,1
0b36e52cecfd78b807801d90113d85a23f67f5d5,2026-03-30T05:05:03-04:00,4078,stitch,cmd/base32,cmd,srd079,"R3.1, R3.2, R3.3",False,"Task 4078: [stitch] prd079-base32 R3.1, R3.2, R3.3",932871,6268,70403,862455,1.028,26460,26469,9,27147,27189,42,178,2,51,0
000e87d54d6e908927cb339f7433734750aee493,2026-03-30T05:07:04-04:00,4079,stitch,cmd/base64,cmd,srd080,"R1.1, R1.2, R1.3, R1.4",False,"Task 4079: [stitch] prd080-base64 R1.1, R1.2, R1.3, R1.4",450255,5761,67236,383012,0.7558,26469,26648,179,27189,27337,148,101,2,327,0
faa9f1885348de2f369b247d581e32c0e8535282,2026-03-30T05:09:12-04:00,4080,stitch,cmd/base64,cmd,srd080,"R2.1, R2.2, R2.3, R2.4",False,"Task 4080: [stitch] prd080-base64 R2.1, R2.2, R2.3, R2.4",905447,3984,68504,836930,0.9463,26648,26653,5,27337,27408,71,109,2,78,2
7373bdd9813e822cdcd38e3a81d5bf5482e0883c,2026-03-30T05:12:31-04:00,4082,stitch,cmd/base64,cmd,srd080,"R3.1, R3.2, R3.3",False,"Task 4082: [stitch] prd080-base64 R3.1, R3.2, R3.3",660997,3445,64545,596442,0.7878,26653,26653,0,27408,27438,30,82,1,31,1
32a015835206073cdca1acd8bc9cf593e60e92be,2026-03-30T05:14:53-04:00,4083,stitch,cmd/basenc,cmd,srd081,"R1.1, R1.2, R1.3, R1.4",False,"Task 4083: [stitch] prd081-basenc R1.1, R1.2, R1.3, R1.4",707729,6967,73629,634090,0.9515,26653,26879,226,27438,27638,200,123,2,426,0
266c77e16b2fca9b910c7d2476a66894a37d834d,2026-03-30T05:22:34-04:00,4084,stitch,cmd/basenc,cmd,srd081,"R2.1, R2.2, R2.3, R2.4",False,"Task 4084: [stitch] prd081-basenc R2.1, R2.2, R2.3, R2.4",815394,26811,91434,723950,1.6038,26879,26989,110,27638,27767,129,441,2,258,19
72eca6ee2d8ba642dfdb75aef586717d516264ac,2026-03-30T05:24:08-04:00,4085,stitch,cmd/basenc,cmd,srd081,"R3.1, R3.2, R3.3, R3.4",False,"Task 4085: [stitch] prd081-basenc R3.1, R3.2, R3.3, R3.4",616788,3956,70381,546398,0.812,26989,26990,1,27767,27825,58,74,2,62,3
35ce4516b4baa3e91bb131c2bf9f32b17392c2be,2026-03-30T05:28:32-04:00,4087,stitch,cmd/link,cmd,srd084,"R1.1, R1.2, R1.3, R1.4",False,"Task 4087: [stitch] prd084-link R1.1, R1.2, R1.3, R1.4",344914,3733,59750,285158,0.6094,26990,27057,67,27825,27825,0,68,1,67,0
5d13426889d56404a71c92b3f437db0802b016c7,2026-03-30T05:28:32-04:00,4087,stitch,cmd/link,cmd,srd084,"R1.1, R1.2, R1.3, R1.4",False,"Task 4087: [stitch] prd084-link R1.1, R1.2, R1.3, R1.4",268719,1012,56829,211885,0.4864,27057,27057,0,27825,27825,0,28,1,67,0
ebd212fb4559984daf92ae6614bc1d4c85736a0e,2026-03-30T05:30:42-04:00,4089,stitch,cmd/link,cmd,srd084,,False,Task 4089: [stitch] prd084-link differential tests,425032,3169,63333,361692,0.6559,27057,27057,0,27825,28013,188,62,1,188,0
197d22d7c723ddba76989b168c7fe51fd1cd8544,2026-03-30T05:32:59-04:00,4090,stitch,cmd/sync,cmd,srd085,"R1.1, R1.2, R1.3, R1.4",False,"Task 4090: [stitch] prd085-sync R1.1, R1.2, R1.3, R1.4",356752,7703,63675,293071,0.7371,27057,27180,123,28013,28013,0,116,1,123,0
0239e3a7ce50c29dcbb68f5cffd72435bb6fdb83,2026-03-30T06:27:51-04:00,4092,stitch,cmd/stat,cmd,srd082,"R1.1, R2.1, R2.2, R2.3",False,"Task 4092: [stitch] prd082-stat R1.1, R2.1, R2.2, R2.3",3450934,71079,91512,3359396,4.0288,27180,27647,467,28013,28125,112,1247,3,579,0
053dc600614068dc59dadb754891b43dbc9c3075,2026-03-30T06:40:44-04:00,4093,stitch,cmd/stat,cmd,srd082,"R3.1, R4.1, R4.2, R5.1",False,"Task 4093: [stitch] prd082-stat R3.1, R4.1, R4.2, R5.1",1412603,46657,113265,1299324,2.5241,27647,28031,384,28125,28256,131,753,4,527,12
bd03b83a8a9ed92860d0ae0b4fd2494bb1c51e2a,2026-03-30T06:44:41-04:00,4094,stitch,cmd/stat,cmd,srd082,"R6.1, R7.1, R7.2, R7.3",False,"Task 4094: [stitch] prd082-stat R6.1, R7.1, R7.2, R7.3",1576666,10336,82497,1494150,1.5212,28031,28067,36,28256,28309,53,217,2,91,2
216d322248c6da64faec143fe084a81e12616711,2026-03-30T06:48:53-04:00,4095,stitch,cmd/sync,cmd,srd085,"R2.1, R2.2, R2.3",False,"Task 4095: [stitch] prd085-sync R2.1, R2.2, R2.3",937759,11111,72485,865261,1.1635,28067,28067,0,28309,28406,97,234,1,97,0
abcc1087167dd036dbe1f9bf20e0dab848b048be,2026-03-30T06:55:03-04:00,4097,stitch,cmd/truncate,cmd,srd083,"R1.1, R1.2, R1.3, R1.4",False,"Task 4097: [stitch] prd083-truncate R1.1, R1.2, R1.3, R1.4",755463,13740,79764,675689,1.1799,28067,28340,273,28406,28406,0,207,1,273,0
b5aaad8737ce3f0ee8e887ac1e5e30b7567cb0ba,2026-03-30T06:56:46-04:00,4098,stitch,cmd/truncate,cmd,srd083,"R2.1, R2.2, R3.1, R3.2",False,"Task 4098: [stitch] prd083-truncate R2.1, R2.2, R3.1, R3.2",438362,5631,64649,373706,0.7317,28340,28437,97,28406,28406,0,83,1,118,21
68fcb0fffb660bd933413cbb97e4715f4e38e511,2026-03-30T06:59:41-04:00,4099,stitch,cmd/truncate,cmd,srd083,R3.3,False,Task 4099: [stitch] prd083-truncate R3.3,658365,10133,81181,577175,1.0493,28437,28437,0,28406,28893,487,157,1,487,0
daee6b965ee9f3c831d0ec031c9ae5df81955f8d,2026-03-30T07:05:05-04:00,4100,stitch,cmd/chmod,cmd,srd089,"R1.1, R1.2, R1.3, R1.4",False,"Task 4100: [stitch] prd089-chmod R1.1, R1.2, R1.3, R1.4",857100,19035,83032,774057,1.3819,28437,28822,385,28893,28893,0,304,1,385,0
68ce9e05e05e35422d4980cd5624ed8403654029,2026-03-30T07:13:00-04:00,4102,stitch,cmd/chmod,cmd,srd089,"R2.1, R2.2, R2.3, R2.4",False,"Task 4102: [stitch] prd089-chmod R2.1, R2.2, R2.3, R2.4",1867272,20664,90182,1777067,1.9689,28822,28987,165,28893,29109,216,328,2,427,46
770a52566882d24e71aebbea4624ab11edfb1a73,2026-03-30T07:16:38-04:00,4103,stitch,cmd/chmod,cmd,srd089,"R3.1, R3.2, R4.1, R4.2",False,"Task 4103: [stitch] prd089-chmod R3.1, R3.2, R4.1, R4.2",846078,13311,79957,763250,1.2285,28987,29025,38,29109,29233,124,198,2,164,2
2c45b40c20ac54fdb09e1b65bb1ce30acc3e2589,2026-03-30T07:17:47-04:00,4104,stitch,cmd/chmod,cmd,srd089,R4.3,False,Task 4104: [stitch] prd089-chmod R4.3,542853,2202,69112,473733,0.7239,29025,29025,0,29233,29259,26,48,2,28,2
c465536d23f922b33ae64c46ed4ffb12279398cc,2026-03-30T07:20:49-04:00,4105,stitch,cmd/chgrp,cmd,srd090,"R1.1, R1.2, R1.3, R1.4",False,"Task 4105: [stitch] prd090-chgrp R1.1, R1.2, R1.3, R1.4",1355555,9205,80907,1274631,1.3732,29025,29240,215,29259,29519,260,162,2,475,0
d969da722ee8faa2afea9afdf14c219617b428d6,2026-03-30T07:28:37-04:00,4107,stitch,cmd/chgrp,cmd,srd090,"R2.1, R2.2, R2.3, R3.1",False,"Task 4107: [stitch] prd090-chgrp R2.1, R2.2, R2.3, R3.1",2227616,21571,86585,2141005,2.1511,29240,29538,298,29519,29674,155,330,2,479,26
55bacd863fb5ef4621fb1dbfe8f346c65cdabb37,2026-03-30T07:33:01-04:00,4108,stitch,cmd/chgrp,cmd,srd090,"R3.2, R3.3",False,"Task 4108: [stitch] prd090-chgrp R3.2, R3.3",1467289,11950,80955,1386316,1.498,29538,29539,1,29674,29758,84,243,2,92,7
bbb59f9d1d842986eb5901732ca75eb9500b3e3c,2026-03-30T07:38:22-04:00,4109,stitch,cmd/chown,cmd,srd091,"R1.1, R1.2, R1.3, R1.4",False,"Task 4109: [stitch] prd091-chown R1.1, R1.2, R1.3, R1.4",921651,20693,90967,830673,1.5013,29539,29924,385,29758,30189,431,300,2,816,0
9eceb6724d8caec13b7a591f913a34ea0ac9d432,2026-03-30T07:42:18-04:00,4110,stitch,cmd/chown,cmd,srd091,"R2.1, R2.2, R2.3, R3.1",False,"Task 4110: [stitch] prd091-chown R2.1, R2.2, R2.3, R3.1",746733,15780,93338,653386,1.3046,29924,30185,261,30189,30384,195,211,2,491,35
0b5df5f04d5863c42970d44b3b61ac49eaaa1efb,2026-03-30T07:46:18-04:00,4112,stitch,cmd/chown,cmd,srd091,"R3.2, R3.3",False,"Task 4112: [stitch] prd091-chown R3.2, R3.3",1099416,4759,78195,1021207,1.1184,30185,30185,0,30384,30442,58,107,2,62,4
7a58cb4f2611fb553d251912301c3be1e28c477b,2026-03-30T07:48:31-04:00,4113,stitch,cmd/mkfifo,cmd,srd092,"R1.1, R1.2, R1.3, R1.4",False,"Task 4113: [stitch] prd092-mkfifo R1.1, R1.2, R1.3, R1.4",719740,6626,73029,646701,0.9455,30185,30343,158,30442,30697,255,111,2,413,0
79289c1766ae5b80be41ae12e5d003968b013f45,2026-03-30T07:49:57-04:00,4114,stitch,cmd/mkfifo,cmd,srd092,"R2.1, R2.2, R2.3",False,"Task 4114: [stitch] prd092-mkfifo R2.1, R2.2, R2.3",508989,3290,64446,444535,0.7073,30343,30343,0,30697,30793,96,64,2,98,2
86cf5d50e149ae172af1de8a1ca87f816f61f257,2026-03-30T07:56:57-04:00,4115,stitch,cmd/mknod,cmd,srd093,"R1.1, R1.2, R1.3",False,"Task 4115: [stitch] prd093-mknod R1.1, R1.2, R1.3",627010,26212,88694,538308,1.4788,30343,30604,261,30793,30998,205,400,2,466,0
a826113d7f5b4e2736a8fb881b93d317bef6247d,2026-03-30T08:00:20-04:00,4117,stitch,cmd/mknod,cmd,srd093,"R2.1, R2.2, R2.3",False,"Task 4117: [stitch] prd093-mknod R2.1, R2.2, R2.3",740322,3720,66036,674275,0.8429,30604,30605,1,30998,31047,49,82,2,52,2
b81d2b9fdf60c1c4535255496d1e12f4b1adbd77,2026-03-30T08:04:33-04:00,4118,stitch,cmd/nice,cmd,srd094,"R1.1, R1.2, R1.3, R1.4",False,"Task 4118: [stitch] prd094-nice R1.1, R1.2, R1.3, R1.4",495543,14686,78052,417484,1.0638,30605,30769,164,31047,31112,65,235,2,229,0
3d8c3d2f94dd94ad5e549f8c0ce7a2ce3595af78,2026-03-30T08:07:01-04:00,4119,stitch,cmd/nice,cmd,srd094,"R2.1, R2.2, R2.3",False,"Task 4119: [stitch] prd094-nice R2.1, R2.2, R2.3",1124586,4499,69523,1055047,1.0746,30769,30774,5,31112,31142,30,129,2,37,2
2bdc68d296fb06f6bbf54502933cfe86edeb859b,2026-03-30T08:10:23-04:00,4120,stitch,cmd/nohup,cmd,srd095,"R1.1, R1.2, R1.3, R1.4",False,"Task 4120: [stitch] prd095-nohup R1.1, R1.2, R1.3, R1.4",749094,10198,77406,671678,1.0746,30774,30911,137,31142,31216,74,183,2,211,0
797a91f0d512b01a0c4eb95888bcedc988b43953,2026-03-30T08:14:54-04:00,4122,stitch,cmd/nohup,cmd,srd095,"R2.1, R2.2, R2.3",False,"Task 4122: [stitch] prd095-nohup R2.1, R2.2, R2.3: nohup error handling and signal behavior",878491,4312,89224,789257,1.0601,30911,30913,2,31216,31231,15,111,2,18,1
f91a0197eb476df03c5a5feb4516b67aa729a7a0,2026-03-30T08:16:05-04:00,4123,stitch,cmd/users,cmd,srd096,"R1.1, R1.2, R1.3",False,"Task 4123: [stitch] prd096-users R1.1, R1.2, R1.3: users utility implementation",562293,2409,83799,478487,0.8232,30913,31007,94,31231,31262,31,53,2,125,0
b40c2165aa6d268a5c92f9669ad1366a1afff0cf,2026-03-30T08:19:16-04:00,4124,stitch,cmd/users,cmd,srd096,"R2.1, R2.2, R2.3",False,"Task 4124: [stitch] prd096-users R2.1, R2.2, R2.3: users error handling and edge cases",1877845,6649,70665,1807154,1.5116,31007,31011,4,31262,31283,21,168,2,25,0
400553d3e87e8c858b1b83ab715a60f2d484d203,2026-03-30T08:22:18-04:00,4125,stitch,cmd/who,cmd,srd097,"R1.1, R1.2, R1.3, R1.4",False,"Task 4125: [stitch] prd097-who R1.1, R1.2, R1.3, R1.4: who utility initial implementation",987614,8591,93158,894445,1.2443,31011,31198,187,31283,31320,37,163,2,224,0
37d36a0e53ad6b88c3e82919ea5d1d4c9df7e72d,2026-03-30T08:33:22-04:00,4127,stitch,cmd/who,cmd,srd097,"R2.1, R2.2, R2.3, R2.4",False,"Task 4127: [stitch] prd097-who R2.1, R2.2, R2.3, R2.4: who error handling and extended options",1357043,34687,100895,1256133,2.1259,31198,31359,161,31320,31373,53,536,2,257,43
e05da69c83eacdaf8fe55ed2641648752f616c24,2026-03-30T08:41:39-04:00,4128,stitch,cmd/who,cmd,srd097,"R3.1, R3.2, R3.3",False,"Task 4128: [stitch] prd097-who R3.1, R3.2, R3.3: who edge cases and differential tests",1032257,27166,91871,940373,1.7236,31359,31359,0,31373,31434,61,476,2,74,13
642df9a4cd55cde830c697707faa4941b8721043,2026-03-30T09:02:37-04:00,4129,stitch,cmd/pinky,cmd,srd098,"R1.1, R1.2, R1.3",False,"Task 4129: [stitch] prd098-pinky R1.1, R1.2, R1.3: pinky utility initial implementation",2904242,77519,144023,2760194,4.2183,31359,31638,279,31434,31434,0,1239,1,279,0
55493751ced942501624a5d7d71e35cad30af9b0,2026-03-30T09:06:49-04:00,4130,stitch,cmd/pinky,cmd,srd098,"R2.1, R2.2, R2.3",False,"Task 4130: [stitch] prd098-pinky R2.1, R2.2, R2.3: pinky error handling and additional flags",983653,13062,76326,907314,1.2573,31638,31700,62,31434,31549,115,231,2,210,33
f4b0ad598747ec67912d86ae8275c6766a372f5f,2026-03-30T09:11:56-04:00,4132,stitch,cmd/pinky,cmd,srd098,"R3.1, R3.2, R3.3",False,"Task 4132: [stitch] prd098-pinky R3.1, R3.2, R3.3: pinky edge cases and differential tests",699883,8248,71581,628292,0.9678,31700,31702,2,31549,31568,19,173,2,25,4
cc1d68eeb56107faf4ab07778a6a6695e36c6c59,2026-03-30T09:18:47-04:00,4133,stitch,cmd/shred,cmd,srd099,"R1.1, R1.2, R1.3, R1.4",False,"Task 4133: [stitch] prd099-shred R1.1, R1.2, R1.3, R1.4: shred initial implementation",1765767,23490,93820,1671927,2.0097,31702,32057,355,31568,31825,257,388,2,612,0
192dfb97da1f8c461f5b0a1296219e3a417f300f,2026-03-30T09:25:40-04:00,4134,stitch,cmd/shred,cmd,srd099,"R2.1, R2.2, R2.3, R2.4",False,"Task 4134: [stitch] prd099-shred R2.1, R2.2, R2.3, R2.4: shred overwrite patterns and options",707868,26452,94345,613514,1.5578,32057,32095,38,31825,31970,145,390,2,202,19
b60914f2b98b31371accc4159459912dca87ead6,2026-03-30T09:27:39-04:00,4135,stitch,cmd/shred,cmd,srd099,"R3.1, R3.2, R3.3",False,"Task 4135: [stitch] prd099-shred R3.1, R3.2, R3.3: shred error handling and edge cases",712289,4777,71853,640426,0.8888,32095,32096,1,31970,32074,104,97,2,107,2
8657cfee5b7dcd2221f8459979e387fc40cf0fdd,2026-03-30T09:31:44-04:00,4137,stitch,cmd/chroot,cmd,srd100,"R1.1, R1.2, R1.3, R2.1",False,"Task 4137: [stitch] prd100-chroot R1.1, R1.2, R1.3, R2.1: chroot initial implementation",578856,5058,66107,512740,0.796,32096,32411,315,32074,32074,0,90,1,315,0
2014dce5393fe8703ba818739678f10b3e47afc9,2026-03-30T09:33:45-04:00,4138,stitch,cmd/chroot,cmd,srd100,"R2.2, R2.3",False,"Task 4138: [stitch] prd100-chroot R2.2, R2.3: chroot error handling and edge cases",286018,5339,63848,222165,0.6436,32411,32409,-2,32074,32074,0,99,1,3,5
8d062489baf20e62554e89e1e643edccb290f87f,2026-03-30T09:36:06-04:00,4139,stitch,cmd/chroot,cmd,srd100,,False,Task 4139: [stitch] prd100-chroot tests: chroot differential tests,528409,6073,70315,458086,0.8204,32409,32409,0,32074,32202,128,121,1,128,0
22b944eb762640cb4302e65dd4c4bdb0a8328b03,2026-03-30T09:42:37-04:00,4140,stitch,cmd/install,cmd,srd101,"R1.1, R1.2, R1.3, R1.4",False,"Task 4140: [stitch] prd101-install R1.1, R1.2, R1.3, R1.4: install initial implementation",617665,25047,105163,512494,1.5397,32409,33031,622,32202,32202,0,371,1,622,0
34348dc6fb289d92d99f8b092e90422114de05b1,2026-03-30T09:48:09-04:00,4142,stitch,cmd/install,cmd,srd101,"R2.1, R2.2, R2.3, R2.4",False,"Task 4142: [stitch] prd101-install R2.1, R2.2, R2.3, R2.4: install permission, ownership, and backup features",899634,10872,76106,823516,1.1593,33031,33081,50,32202,32202,0,202,1,66,16
43c0417e6d17e03d4894864fcbd9da4bb09a9ef5,2026-03-30T09:52:42-04:00,4143,stitch,cmd/install,cmd,srd101,"R3.1, R3.2, R3.3",False,"Task 4143: [stitch] prd101-install R3.1, R3.2, R3.3: install error handling and differential tests",1220064,15662,89173,1130876,1.5144,33081,33128,47,32202,32652,450,252,2,502,5
ffa8e3adc5a4276d455a8ef3c58ba0d9375596d9,2026-03-30T09:57:23-04:00,4144,stitch,cmd/tsort,cmd,srd102,"R1.1, R1.2, R1.3, R1.4",False,"Task 4144: [stitch] prd102-tsort R1.1, R1.2, R1.3, R1.4: tsort initial implementation",2772640,14580,78034,2694570,2.1997,33128,33367,239,32652,32652,0,260,1,239,0
87826a0977003a976d151298ed34e98d7e5ab161,2026-03-30T10:05:38-04:00,4145,stitch,cmd/tsort,cmd,srd102,"R2.1, R2.2, R2.3",False,"Task 4145: [stitch] prd102-tsort R2.1, R2.2, R2.3: tsort error handling and differential tests",2116906,26900,97897,2018984,2.294,33367,33376,9,32652,32813,161,475,2,177,7
9bef165e5a822c3485daa4acbdb8432fa303e809,2026-03-30T10:09:40-04:00,4147,stitch,cmd/pathchk,cmd,srd103,,True,Task 4147: [stitch] prd103-pathchk (contract): pathchk function stubs and flag parsing skeleton,350753,1604,60273,290474,0.5621,33376,33464,88,32813,32813,0,82,1,88,0
6cf4369e8f76c641474056b86cd6509d12e3921c,2026-03-30T10:16:59-04:00,4148,stitch,cmd/pathchk,cmd,srd103,"R1.1, R1.2, R1.3, R1.4",False,"Task 4148: [stitch] prd103-pathchk R1.1, R1.2, R1.3, R1.4: pathchk default and POSIX portable checking",425414,27085,85504,339904,1.3815,33464,33633,169,32813,32813,0,416,1,202,33
d0a6d8e210fa1e74d98660c5d38f4ae32e22e0d1,2026-03-30T10:19:20-04:00,4149,stitch,cmd/pathchk,cmd,srd103,"R2.1, R2.2, R2.3",False,"Task 4149: [stitch] prd103-pathchk R2.1, R2.2, R2.3: pathchk extended POSIX mode and edge cases",588137,6287,65318,522810,0.8269,33633,33679,46,32813,32813,0,118,1,68,22
bd7283d9c7cb3b5bbe8b16892514493743367e42,2026-03-30T10:24:04-04:00,4150,stitch,cmd/pathchk,cmd,srd103,,False,Task 4150: [stitch] prd103-pathchk: pathchk differential tests,716978,14764,81444,635524,1.1959,33679,33679,0,32813,33084,271,262,1,271,0
92232ce8024690c49f0a9c496aeab08180fa0cb5,2026-03-30T10:28:23-04:00,4152,stitch,cmd/test,cmd,srd104,,True,Task 4152: [stitch] prd104-test (contract): test function stubs and flag parsing skeleton,598921,6149,66353,532559,0.8348,33679,34133,454,33084,33084,0,108,1,454,0
944c00b517b1beabf9c9626d2cf87fc27cd0c103,2026-03-30T10:31:52-04:00,4153,stitch,cmd/test,cmd,srd104,"R1.1, R1.2, R2.1, R2.2",False,"Task 4153: [stitch] prd104-test R1.1, R1.2, R2.1, R2.2: test file operators and string operators",623486,12625,74419,549058,1.0553,34133,34140,7,33084,33084,0,186,1,36,29
5efbba0c61d11ddf8ba45c07c69fb2274cb66313,2026-03-30T10:31:52-04:00,4153,stitch,cmd/test,cmd,srd104,"R1.1, R1.2, R2.1, R2.2",False,"Task 4153: [stitch] prd104-test R1.1, R1.2, R2.1, R2.2: test file operators and string operators",294011,5612,66486,227520,0.6696,34140,34140,0,33084,33084,0,114,1,36,29
482225b03f2335f6296b6f7ce0627eecea1e656e,2026-03-30T10:44:12-04:00,4157,stitch,cmd/df,cmd,srd106,"R1.1, R1.2, R1.3, R1.4",False,"Task 4157: [stitch] prd106-df R1.1, R1.2, R1.3, R1.4: core filesystem statistics and default output",992061,24645,85575,906474,1.6043,34140,34511,371,33084,33084,0,433,3,371,0
f4b449fbab6f6acab6cd07320ab20b83d214e57e,2026-03-30T10:48:50-04:00,4158,stitch,cmd/df,cmd,srd106,"R1.5, R2.1, R2.2, R2.3",False,"Task 4158: [stitch] prd106-df R1.5, R2.1, R2.2, R2.3: output formatting and filesystem filtering",922084,15014,78538,843534,1.288,34511,34706,195,33084,33084,0,257,1,216,21
6a8a81403994b817b86de3c11e627ef2879ee415,2026-03-30T10:53:42-04:00,4159,stitch,cmd/df,cmd,srd106,"R3.1, R3.2, R3.3, R3.4",False,"Task 4159: [stitch] prd106-df R3.1, R3.2, R3.3, R3.4: display option flags",891803,18561,84177,807615,1.394,34706,34830,124,33084,33084,0,270,3,188,64
ede8d38a0968f4e1ec22f9e1b2caca16ca1a1c10,2026-03-30T10:57:07-04:00,4160,stitch,cmd/df,cmd,srd106,"R3.5, R3.6, R3.7, R4.1",False,"Task 4160: [stitch] prd106-df R3.5, R3.6, R3.7, R4.1: remaining flags and error handling",585529,8639,79743,505778,0.9673,34830,34833,3,33084,33084,0,184,1,4,1
2e62250bf3f04c1a35d1a962e4c0c54efb7130f1,2026-03-30T11:06:57-04:00,4162,stitch,cmd/df,cmd,srd106,"R4.2, R4.3",False,"Task 4162: [stitch] prd106-df R4.2, R4.3: filesystem type filtering and output edge cases",1362280,18796,93165,1269099,1.6868,34833,34845,12,33084,33179,95,428,2,109,2
a1ff91f52e5512e755116c8dc52585b11d062ce2,2026-03-30T11:22:10-04:00,4163,stitch,cmd/dir,cmd,srd107,"R1.1, R1.2, R1.3, R1.4",False,"Task 4163: [stitch] prd107-dir R1.1, R1.2, R1.3, R1.4: core dir implementation and default output",2860547,54444,131436,2729086,3.5472,34845,35455,610,33179,33322,143,891,2,753,0
3da6f91ca24caf0587051c854069fd7125f74728,2026-03-30T11:34:26-04:00,4164,stitch,cmd/dir,cmd,srd107,"R1.5, R2.1, R2.2, R2.3",False,"Task 4164: [stitch] prd107-dir R1.5, R2.1, R2.2, R2.3: output formatting and listing options",1710069,41508,123674,1586377,2.6039,35455,36036,581,33322,33374,52,713,3,843,210
7ad0df74ab331860c220e38167b6a0c051ec42cd,2026-03-30T16:06:34-04:00,4165,stitch,cmd/dir,cmd,srd107,R2.4,False,Task 4165: [stitch] prd107-dir R2.4: final dir requirement,752947,3715,76643,676294,0.9101,36036,36036,0,33374,33416,42,80,1,43,1
b3104ce1a2eb4033988e98c8eecb017c67862335,2026-03-30T16:13:51-04:00,4168,stitch,cmd/vdir,cmd,srd108,"R1.1, R1.2, R1.3, R1.4",False,"Task 4168: [stitch] prd108-vdir R1.1, R1.2, R1.3, R1.4: core vdir implementation and default output",906146,18209,91710,814425,1.4357,36036,37229,1193,33416,33637,221,287,3,1414,0
fa37fdecb84a49fc174a9438bfbe7f2917b48448,2026-03-30T16:16:40-04:00,4169,stitch,cmd/vdir,cmd,srd108,"R1.5, R1.6, R2.1, R2.2",False,"Task 4169: [stitch] prd108-vdir R1.5, R1.6, R2.1, R2.2: output formatting and listing options",998629,7605,86426,912191,1.1864,37229,37275,46,33637,33685,48,149,3,95,1
e5519b84eff327b4137587a7fbe1a03ae1c735d1,2026-03-30T16:21:16-04:00,4170,stitch,cmd/vdir,cmd,srd108,"R2.3, R2.4",False,"Task 4170: [stitch] prd108-vdir R2.3, R2.4: sorting and final edge cases",1340644,13667,95271,1245358,1.5599,37275,37323,48,33685,33830,145,255,3,200,7
6e178069a3c81d4436b151930bf0fd7f6a70e2a8,2026-03-30T16:23:03-04:00,4171,stitch,cmd/dircolors,cmd,srd109,"R1.1, R1.2, R1.3, R1.4",False,"Task 4171: [stitch] prd109-dircolors R1.1, R1.2, R1.3, R1.4: core dircolors implementation",592042,5074,66104,525929,0.803,37323,37423,100,33830,33905,75,89,2,175,0
983f5a5ea5d05c661a22c18ba950dc130c1a64db,2026-03-30T16:37:15-04:00,4173,stitch,cmd/dircolors,cmd,srd109,"R2.1, R2.2, R2.3, R2.4",False,"Task 4173: [stitch] prd109-dircolors R2.1, R2.2, R2.3, R2.4: database parsing and output format options",2188444,41546,114324,2074097,2.7903,37423,37829,406,33905,34011,106,726,2,556,44
1173e35d8583d9ef1a62223d5cece4b2cdb72218,2026-03-30T16:40:16-04:00,4174,stitch,cmd/dircolors,cmd,srd109,"R2.5, R3.1, R3.2, R3.3",False,"Task 4174: [stitch] prd109-dircolors R2.5, R3.1, R3.2, R3.3: remaining output options and error handling",1333679,7215,79738,1253924,1.3058,37829,37837,8,34011,34065,54,162,2,68,6
49b4e1b1b169b206fadf7c675cbfd3f13d9fada5,2026-03-30T16:44:20-04:00,4175,stitch,cmd/dircolors,cmd,srd109,"R3.4, R3.5",False,"Task 4175: [stitch] prd109-dircolors R3.4, R3.5: final edge cases and completion",2243220,9690,79483,2163709,1.8455,37837,37848,11,34065,34094,29,224,2,43,3
fe6e99e6980926d985e21aca62d2bdae46b98432,2026-03-30T16:47:45-04:00,4176,stitch,cmd/chronic,cmd,srd112,"R1.1, R1.2, R1.3",False,"Task 4176: [stitch] prd112-chronic R1.1, R1.2, R1.3: core chronic implementation",997906,9384,71401,926491,1.1442,37848,37970,122,34094,34188,94,186,2,216,0
36a4320c33aa24bf88ba42d9620d290906e7e89c,2026-03-30T16:52:18-04:00,4178,stitch,cmd/chronic,cmd,srd112,"R2.1, R2.2, R2.3",False,"Task 4178: [stitch] prd112-chronic R2.1, R2.2, R2.3: error handling and edge cases",1223096,7308,72732,1150347,1.2125,37970,37983,13,34188,34216,28,145,2,43,2
2abcec5b4742dc79a064d64d6d66dd3b3ff45511,2026-03-30T16:53:54-04:00,4179,stitch,cmd/pee,cmd,srd113,"R1.1, R1.2, R1.3",False,"Task 4179: [stitch] prd113-pee R1.1, R1.2, R1.3: core pee implementation",778299,3288,89229,689061,0.9845,37983,38104,121,34216,34272,56,73,2,177,0
5bb4d111d7c6ec5130954f2f9c0d6f48ee39b950,2026-03-30T16:55:03-04:00,4180,stitch,cmd/pee,cmd,srd113,"R2.1, R2.2",False,"Task 4180: [stitch] prd113-pee R2.1, R2.2: error handling and remaining features",493949,2434,61121,432820,0.6593,38104,38104,0,34272,34292,20,49,2,22,2
8e55344fc81d0bde7298953601fcd52cae7ebfa6,2026-03-30T16:59:28-04:00,4181,stitch,cmd/vidir,cmd,srd114,"R1.1, R1.2, R1.3, R1.4",False,"Task 4181: [stitch] prd114-vidir R1.1, R1.2, R1.3, R1.4: core vidir implementation",1351393,15323,105227,1246152,1.6639,38104,38414,310,34292,34362,70,249,2,380,0
ce31d33c970ab28f0335eb51330984c3f6b4367d,2026-03-30T17:03:41-04:00,4183,stitch,cmd/vidir,cmd,srd114,"R2.1, R2.2",False,"Task 4183: [stitch] prd114-vidir R2.1, R2.2: error handling and remaining features",597316,6505,68419,528888,0.8547,38414,38414,0,34362,34392,30,122,1,31,1
779ec737c100c35ea011d879c099cb28b64829d2,2026-03-30T17:11:04-04:00,4184,stitch,cmd/ts,cmd,srd004,"R1.1, R1.2, R1.3, R1.4",False,"Task 4184: [stitch] prd004-ts R1.1, R1.2, R1.3, R1.4: core ts implementation",1154748,25253,94852,1059882,1.7542,38414,38589,175,34392,34464,72,424,2,247,0
c22cab08058ca8003c77d3c5bc41069cca9d6ebe,2026-03-30T17:14:04-04:00,4185,stitch,cmd/ts,cmd,srd004,"R1.5, R1.6, R2.1, R2.2",False,"Task 4185: [stitch] prd004-ts R1.5, R1.6, R2.1, R2.2: format options and incremental timestamps",1145340,9115,78434,1066891,1.2516,38589,38621,32,34464,34509,45,160,2,79,2
31ceb1c9b70f20d83d4942e0a1a58dbcb2c6c9ad,2026-03-30T17:19:38-04:00,4186,stitch,cmd/ts,cmd,srd004,"R2.3, R2.4, R3.1, R3.2",False,"Task 4186: [stitch] prd004-ts R2.3, R2.4, R3.1, R3.2: elapsed time and monotonic clock",1164618,18962,88209,1076395,1.5636,38621,38682,61,34509,34555,46,314,2,123,16
65974ca7f4141414be7808806ba8ddc656726a61,2026-03-30T17:25:32-04:00,4188,stitch,cmd/ts,cmd,srd004,"R3.3, R3.4, R4.1, R4.2",False,"Task 4188: [stitch] prd004-ts R3.3, R3.4, R4.1, R4.2: relative timestamps and stdin line processing",989523,9368,75073,914437,1.2078,38682,38709,27,34555,34599,44,228,2,86,15
5f2e081e7c9392e86f598474de1e9a7e3677597f,2026-03-30T17:31:47-04:00,4189,stitch,cmd/ts,cmd,srd004,"R4.3, R5.1, R5.2, R5.3",False,"Task 4189: [stitch] prd004-ts R4.3, R5.1, R5.2, R5.3: additional format and output options",528816,20401,86797,442012,1.2735,38709,38735,26,34599,34645,46,356,2,78,6
8e87f03d462ae0058b0f0f8fa4301e30ef550a1a,2026-03-30T17:46:22-04:00,4190,stitch,cmd/ts,cmd,srd004,"R6.1, R6.2, R7.1, R7.2",False,"Task 4190: [stitch] prd004-ts R6.1, R6.2, R7.1, R7.2: error handling and edge cases",1862895,50370,122502,1740376,2.8952,38735,38954,219,34645,34762,117,854,2,341,5
5790db5309144254822d39fb9921f26d278440be,2026-03-30T17:48:17-04:00,4191,stitch,cmd/ts,cmd,srd004,"R7.3, R8.1, R8.2, R9.1",False,"Task 4191: [stitch] prd004-ts R7.3, R8.1, R8.2, R9.1: final flags and signal handling",579482,4303,76525,502949,0.8374,38954,38964,10,34762,34809,47,95,2,58,1
23561316bb214f1f103856e540ccd4aec2eaa26c,2026-03-30T17:54:41-04:00,4193,stitch,cmd/ts,cmd,srd004,"R9.2, R10.1, R10.2, R10.3",False,"Task 4193: [stitch] prd004-ts R9.2, R10.1, R10.2, R10.3: remaining ts features",547959,18136,91290,456662,1.2523,38964,38990,26,34809,34914,105,275,2,144,13
4419fd7ce91a6d8cb31e95a2192bd4ded1080106,2026-03-30T18:29:37-04:00,4194,stitch,cmd/stty,cmd,srd105,"R1.1, R2.1, R3.1, R3.2",True,"Task 4194: [stitch] prd105-stty R1.1, R2.1, R3.1, R3.2: core terminal attribute display and setting (contract)",2282309,71644,86901,2195387,3.432,38990,39505,515,34914,35057,143,1139,2,658,0
a6e17e077b133086cec25b0bcb862d8a6e5f8b99,2026-03-30T18:43:34-04:00,4195,stitch,cmd/stty,cmd,srd105,"R4.1, R5.1, R6.1, R6.2",False,"Task 4195: [stitch] prd105-stty R4.1, R5.1, R6.1, R6.2: additional stty settings and features",1303462,55851,120741,1182709,2.7423,39505,39948,443,35057,35186,129,817,3,576,4
3023c54e98caf38c7cc41cebfc540c15b11cf198,2026-03-30T18:44:54-04:00,4196,stitch,cmd/stty,cmd,srd105,"R7.1, R7.2, R7.3",False,"Task 4196: [stitch] prd105-stty R7.1, R7.2, R7.3: final stty features",496682,3546,76395,420280,0.7763,39948,39948,0,35186,35275,89,61,2,91,2
3183cdcde7c79038df750656b5d6e4073f9646e7,2026-03-30T18:51:05-04:00,4198,stitch,cmd/pr,cmd,srd110,"R1.1, R2.1, R2.2, R2.3",True,"Task 4198: [stitch] prd110-pr R1.1, R2.1, R2.2, R2.3: core pr page formatting and header/body output (contract)",709870,13540,74303,635557,1.1207,39948,40380,432,35275,35275,0,254,1,432,0
3c5e55eef28a947dc12a9fe8cb137c080e87597e,2026-03-30T19:06:07-04:00,4199,stitch,cmd/pr,cmd,srd110,"R3.1, R4.1, R4.2, R4.3",False,"Task 4199: [stitch] prd110-pr R3.1, R4.1, R4.2, R4.3: column layout, width control, and multi-column formatting",1160892,21069,86984,1073894,1.6074,40380,40616,236,35275,35275,0,843,1,277,41
eb9a4c517f2a8f86bbfdc71501bc8e89dd4c822f,2026-03-30T19:22:34-04:00,4200,stitch,cmd/pr,cmd,srd110,"R5.1, R5.2",False,"Task 4200: [stitch] prd110-pr R5.1, R5.2: line numbering, additional flags, and differential tests",2667869,50449,127659,2540185,3.3293,40616,40753,137,35275,35446,171,967,3,774,466
ca593ea02a990f2bb2331dde67445bf38fd00fc3,2026-03-30T19:29:50-04:00,4201,stitch,cmd/ptx,cmd,srd111,"R1.1, R2.1, R2.2, R2.3",True,"Task 4201: [stitch] prd111-ptx R1.1, R2.1, R2.2, R2.3: core ptx permuted index generation (contract)",712767,26107,86158,626600,1.5045,40753,41070,317,35446,35446,0,418,1,317,0
7396127baa24dff72048669b5d522778cd05dfa1,2026-03-30T20:02:51-04:00,4204,stitch,cmd/ptx,cmd,srd111,"R3.1, R4.1, R4.2",False,"Task 4204: [stitch] prd111-ptx R3.1, R4.1, R4.2: reference formatting, output width control, and GNU compatibility mode",502591,22296,30293,472291,0.9829,41070,41255,185,35446,35446,0,317,1,242,57
2a31918ee4303487818682de472e533f17e91667,2026-03-30T21:38:34-04:00,4205,stitch,cmd/ptx,cmd,srd111,"R5.1, R5.2",False,"Task 4205: [stitch] prd111-ptx R5.1, R5.2: sentence regex, character folding, and differential tests",2500498,55416,78163,2422310,3.0852,41255,41341,86,35446,35592,146,992,2,264,32
ceed186d42b96a360443d637c831d3227dceb60e,2026-04-06T19:20:12-04:00,4411,stitch,pkg/sizeparse,pkg,srd087,,True,Task 4411: [stitch] pkg/sizeparse: srd087 exported API stubs (contract),259091,804,54565,204521,0.4634,0,26,26,0,0,0,22,1,26,0
89522335866c8c05732d7e3b90e1eec5c6f07a34,2026-04-06T19:21:22-04:00,4412,stitch,pkg/testutils,pkg,srd001,,True,Task 4412: [stitch] pkg/testutils: srd001 exported API stubs (contract),542428,2122,60518,481901,0.6723,26,97,71,0,0,0,53,1,71,0
3c6fb7da116e151cdacf7c0ca85d552eac59de38,2026-04-06T19:24:59-04:00,4413,stitch,pkg/sizeparse,pkg,srd087,"R1.1, R1.2, R1.3, R1.4",False,"Task 4413: [stitch] pkg/sizeparse: implement core parsing -- srd087 R1.1, R1.2, R1.3, R1.4",749245,13525,68426,680808,1.1062,97,233,136,0,0,0,201,1,139,3
3206b6aed29a5ab859b6ed1b6dd754bfa95a2d84,2026-04-06T19:27:39-04:00,4414,stitch,pkg/sizeparse,pkg,srd087,"R2.1, R2.2, R3.1, R3.2",False,"Task 4414: [stitch] pkg/sizeparse: implement options and error handling -- srd087 R2.1, R2.2, R3.1, R3.2",591398,7738,66309,525080,0.8705,233,251,18,0,0,0,141,1,24,6
eb3912ff3f3dc979d96247ef3434e773d0be49b6,2026-04-06T19:31:13-04:00,4416,stitch,pkg/sys,pkg,srd002,,True,Task 4416: [stitch] pkg/sys: srd002 exported API stubs (contract),542336,2321,60744,481583,0.6785,251,331,80,0,0,0,47,3,80,0
4fcb21fd3cb11018832d459c42e52c504ce9d744,2026-04-06T19:33:02-04:00,4417,stitch,pkg/testutils,pkg,srd001,"R1.1, R1.2, R1.3, R1.4",False,"Task 4417: [stitch] pkg/testutils: core DiffTest and RunDiffTests -- srd001 R1.1, R1.2, R1.3, R1.4",284501,5890,64085,220411,0.658,331,458,127,0,0,0,94,1,128,1
048225832498e2d0458a46e60ec76fc413b31f4c,2026-04-06T19:34:34-04:00,4418,stitch,pkg/testutils,pkg,srd001,"R2.1, R2.2, R2.3, R2.4",False,"Task 4418: [stitch] pkg/testutils: comparison and reporting -- srd001 R2.1, R2.2, R2.3, R2.4",432987,3198,66183,366797,0.677,458,482,24,0,0,0,75,1,51,27
1130fef438b61fd44125116e7628b3f739889d9a,2026-04-06T19:36:15-04:00,4419,stitch,pkg/testutils,pkg,srd001,"R2.5, R2.6, R3.1, R3.2",False,"Task 4419: [stitch] pkg/testutils: environment, workdir, and file expectations -- srd001 R2.5, R2.6, R3.1, R3.2",739978,4093,68670,671297,0.8672,482,539,57,0,0,0,85,1,62,5
0c86db65cb2d7d2ce0e0d945ff1810a4c0230108,2026-04-06T19:40:15-04:00,4421,stitch,pkg/testutils,pkg,srd001,"R3.3, R3.4, R3.5, R3.6",False,"Task 4421: [stitch] pkg/testutils: normalization helpers -- srd001 R3.3, R3.4, R3.5, R3.6",684694,3481,69630,615054,0.8298,539,617,78,0,0,0,75,2,95,17
b0d1abb2466235663e0a535afe7865e365b16b71,2026-04-06T19:41:39-04:00,4422,stitch,pkg/testutils,pkg,srd001,"R4.1, R4.2, R4.3, R4.4",False,"Task 4422: [stitch] pkg/testutils: BuildBinary and test helpers -- srd001 R4.1, R4.2, R4.3, R4.4",507153,2321,63246,443899,0.6753,617,662,45,0,0,0,69,2,53,8
eb0338dfad470aaa727c76689bae92557f207cc2,2026-04-06T19:43:22-04:00,4423,stitch,pkg/testutils,pkg,srd001,"R5.1, R5.2",False,"Task 4423: [stitch] pkg/testutils: test runner options -- srd001 R5.1, R5.2",376363,5580,69063,307294,0.7248,662,683,21,0,0,0,87,1,31,10
d20975a73a20cac633207c2b2cfc724886ea1d00,2026-04-06T19:45:38-04:00,4424,stitch,pkg/sys,pkg,srd002,"R1.1, R1.2, R1.3, R1.4",False,"Task 4424: [stitch] pkg/sys: Stat, Lstat, and FileInfo -- srd002 R1.1, R1.2, R1.3, R1.4",424644,7787,63937,360700,0.7747,683,768,85,0,0,0,121,3,87,2
92ab3f63ad864034f53ec4329f24465043314e99,2026-04-06T19:49:49-04:00,4426,stitch,pkg/sys,pkg,srd002,"R1.5, R1.6, R1.7",False,"Task 4426: [stitch] pkg/sys: TerminalWidth, IsTerminal, and terminal queries -- srd002 R1.5, R1.6, R1.7",741632,4415,73589,668033,0.9044,768,781,13,0,64,64,79,4,87,6
b5703fa1775e797ae2d0619b941e3cd419078915,2026-04-06T20:01:38-04:00,4427,stitch,pkg/sys,pkg,srd002,"R2.1, R2.2, R2.3, R2.4",False,"Task 4427: [stitch] pkg/sys: InstallSIGPIPEHandler and signal utilities -- srd002 R2.1, R2.2, R2.3, R2.4",95891,39,560,95328,1.6715,781,811,30,64,141,77,692,3,109,2
28163a71067321b8b359f42f0bca93078ddf126a,2026-04-06T20:03:50-04:00,4428,stitch,pkg/sys,pkg,srd002,"R2.5, R2.6, R3.1",False,"Task 4428: [stitch] pkg/sys: OnTerminalResize and additional signal handling -- srd002 R2.5, R2.6, R3.1",717380,5071,63747,653622,0.8521,811,874,63,141,258,117,115,3,186,6
4388258ffc59e1dd690eb9ea64b96cbdead72c1b,2026-04-06T20:06:00-04:00,4429,stitch,pkg/sys,pkg,srd002,"R3.2, R3.3",False,"Task 4429: [stitch] pkg/sys: process group and priority management -- srd002 R3.2, R3.3",671797,4613,75276,596512,0.8841,874,926,52,258,325,67,110,2,119,0
171afd19de2df2b1dbb8ad66995b77327d6a4cf1,2026-04-06T20:09:11-04:00,4431,stitch,pkg/format,pkg,srd003,,True,Task 4431: [stitch] pkg/format: exported types and function signatures (contract) -- srd003,192712,838,53168,139540,0.423,926,988,62,325,325,0,21,1,62,0
da1331613e0c3997b9e5d2452c82cf998983b7c2,2026-04-06T20:11:21-04:00,4432,stitch,pkg/format,pkg,srd003,"R1.1, R1.2, R1.3, R1.4",False,"Task 4432: [stitch] pkg/format: HumanSize formatting -- srd003 R1.1, R1.2, R1.3, R1.4",691661,4094,60423,631227,0.7957,988,1040,52,325,325,0,90,1,53,1
d1327020bd6a7d0a6c33eefd404bff9afe38c9c3,2026-04-06T20:12:45-04:00,4433,stitch,pkg/format,pkg,srd003,"R2.1, R2.2, R2.3, R2.4",False,"Task 4433: [stitch] pkg/format: ANSI color output -- srd003 R2.1, R2.2, R2.3, R2.4",350354,4080,61725,288623,0.6321,1040,1136,96,325,325,0,68,1,99,3
93685ba6bb2c5fd0ef7312aa865d2ee677664f0d,2026-04-06T20:13:59-04:00,4434,stitch,pkg/format,pkg,srd003,"R2.5, R2.6, R2.7, R3.1",False,"Task 4434: [stitch] pkg/format: color reset and column alignment -- srd003 R2.5, R2.6, R2.7, R3.1",661599,2715,64501,597088,0.7696,1136,1187,51,325,325,0,57,1,55,4
593050b6013605fe0ee559836d73d1e07c781ab8,2026-04-06T20:18:07-04:00,4436,stitch,pkg/format,pkg,srd003,"R3.2, R3.3, R3.4, R3.5",False,"Task 4436: [stitch] pkg/format: Columns layout and ANSI-aware padding -- srd003 R3.2, R3.3, R3.4, R3.5",213238,1743,61743,151491,0.5052,1260,1260,0,325,325,0,41,1,75,2
7de0a8e92bec8e4d4479cae2eac4b1778bbfeb68,2026-04-06T20:18:07-04:00,4436,stitch,pkg/format,pkg,srd003,"R3.2, R3.3, R3.4, R3.5",False,"Task 4436: [stitch] pkg/format: Columns layout and ANSI-aware padding -- srd003 R3.2, R3.3, R3.4, R3.5",765900,5192,71487,694402,0.9238,1187,1260,73,325,325,0,104,1,75,2
acba8e746ca0a22f6e4f47b5f92f3e7454102c7f,2026-04-06T20:20:01-04:00,4438,stitch,pkg/hashutil,pkg,srd086,,True,Task 4438: [stitch] pkg/hashutil: exported types and function signatures (contract) -- srd086,516419,1915,76207,440205,0.7443,1260,1340,80,325,325,0,40,1,80,0
bb6170ace3cc93e908ed5e8386e7d8e40692acba,2026-04-06T20:21:24-04:00,4439,stitch,pkg/hashutil,pkg,srd086,"R1.1, R1.2, R1.3, R1.4",False,"Task 4439: [stitch] pkg/hashutil: GNU/BSD formatting and digest computation -- srd086 R1.1, R1.2, R1.3, R1.4",416673,3603,60765,355901,0.6478,1340,1368,28,325,325,0,64,1,32,4
92747b0861aeebb5ec36e632b8e91173b390d3d7,2026-04-06T20:25:32-04:00,4441,stitch,pkg/hashutil,pkg,srd086,"R2.1, R2.2, R2.3",False,"Task 4441: [stitch] pkg/hashutil: checksum line parsing and verification -- srd086 R2.1, R2.2, R2.3",576327,6504,65546,510772,0.8277,1368,1462,94,325,572,247,111,2,345,4
6c4f0a229c66703e0244069561e92bf1bd08e2cc,2026-04-06T20:26:48-04:00,4442,stitch,pkg/hashutil,pkg,srd086,"R3.1, R3.2",False,"Task 4442: [stitch] pkg/hashutil: DigestFiles multi-file hashing and output -- srd086 R3.1, R3.2",512798,2556,66227,446563,0.7011,1462,1498,36,572,572,0,59,1,37,1
867c550d4f2a78db723d6b775639c1856f2113ff,2026-04-06T20:27:31-04:00,4443,stitch,pkg/encutil,pkg,srd088,,True,Task 4443: [stitch] pkg/encutil: exported types and function signatures (contract) -- srd088,262552,1010,76478,186070,0.5963,1498,1552,54,572,572,0,24,1,54,0
09a9bb06a6bab2ccd094994c54ce51c894e16173,2026-04-06T20:28:56-04:00,4444,stitch,pkg/encutil,pkg,srd088,"R1.1, R1.2, R1.3",False,"Task 4444: [stitch] pkg/encutil: Encode, Decode, and OpenInput implementation -- srd088 R1.1, R1.2, R1.3",408295,3116,58806,349482,0.6202,1552,1610,58,572,572,0,66,1,72,14
832310eaa77645b7dbf90475a94480ae3e849e98,2026-04-06T20:33:10-04:00,4446,stitch,pkg/encutil,pkg,srd088,"R2.1, R2.2, R2.3",False,"Task 4446: [stitch] pkg/encutil: Decode wrapping and garbage handling -- srd088 R2.1, R2.2, R2.3",420442,4532,64546,355889,0.6947,1610,1639,29,572,572,0,86,1,32,3
a1aa69b6adcfc9ec2f9f6d842d6c58e4a43e0e66,2026-04-06T20:48:21-04:00,4447,stitch,pkg/encutil,pkg,srd088,"R3.1, R3.2",False,"Task 4447: [stitch] pkg/encutil: tests -- srd088 R3.1, R3.2",487097,3432,59869,427220,0.6736,1639,1639,0,572,800,228,76,1,228,0
f470b7217fbb4b1c32e7829e23376a58557edced,2026-04-06T20:49:22-04:00,4448,stitch,cmd/cat,cmd,srd006,"R1.1, R1.2, R1.3, R1.4",False,"Task 4448: [stitch] cmd/cat: core file concatenation -- srd006 R1.1, R1.2, R1.3, R1.4",476251,2252,59089,417154,0.6342,1639,1698,59,800,800,0,45,1,59,0
3b762043c23a8ca473567998db7d078fbba02744,2026-04-06T20:51:28-04:00,4449,stitch,cmd/cat,cmd,srd006,"R1.5, R2.1, R2.2, R2.3",False,"Task 4449: [stitch] cmd/cat: flag handling -- srd006 R1.5, R2.1, R2.2, R2.3",352579,6107,62318,290255,0.6873,1698,1807,109,800,800,0,109,1,119,10
edf037613a4d890d6e9d9f9f642f1585e5c48387,2026-04-06T21:01:51-04:00,4451,stitch,cmd/cat,cmd,srd006,"R2.4, R3.1, R3.2, R3.3",False,"Task 4451: [stitch] cmd/cat: error handling and stdin -- srd006 R2.4, R3.1, R3.2, R3.3",520175,7726,68244,451923,0.8457,1807,1824,17,800,800,0,272,1,19,2
1b38cc8922e04ab059a91fff244ec7f7b0bbbba9,2026-04-06T21:04:35-04:00,4452,stitch,cmd/cat,cmd,srd006,"R4.1, R4.2, R4.3, R4.4",False,"Task 4452: [stitch] cmd/cat: display transformations part 1 -- srd006 R4.1, R4.2, R4.3, R4.4",677999,8797,66996,610993,0.9442,1824,1915,91,800,800,0,146,1,116,25
e53f15a19ac141e6e7f4e63c9e3ab1c2ff11831c,2026-04-06T21:06:12-04:00,4453,stitch,cmd/cat,cmd,srd006,"R4.5, R4.6, R4.7, R4.8",False,"Task 4453: [stitch] cmd/cat: display transformations part 2 -- srd006 R4.5, R4.6, R4.7, R4.8",430358,3582,62921,367430,0.6666,1915,1928,13,800,800,0,80,1,14,1
2bc2eb3e31a25475a9c857b839ebeb666169fc2a,2026-04-06T21:07:59-04:00,4454,stitch,cmd/cat,cmd,srd006,"R4.9, R5.1, R5.2, R5.3",False,"Task 4454: [stitch] cmd/cat: remaining display option and version/help -- srd006 R4.9, R5.1, R5.2, R5.3",364637,6025,65346,299285,0.7087,1928,1952,24,800,800,0,89,1,39,15
79b5bcf263dcecd4ae6ae1b3d1a19379c0b22d21,2026-04-06T21:22:06-04:00,4456,stitch,cmd/cat,cmd,srd006,R5.4,False,Task 4456: [stitch] cmd/cat: final requirement -- srd006 R5.4,81581,156,478,81100,1.0278,1952,1952,0,800,880,80,665,1,80,0
afd9f2bfb9c9878c4ff581a707f573a0f92d568d,2026-04-06T21:27:16-04:00,4457,stitch,cmd/sponge,cmd,srd007,"R1.1, R1.2, R1.3, R1.4",False,"Task 4457: [stitch] cmd/sponge: core stdin buffering and file output -- srd007 R1.1, R1.2, R1.3, R1.4",757128,18117,78462,678656,1.2827,1952,2090,138,880,997,117,290,2,255,0
35db634fe1c2b0a5f199837714f6f8a60a08e1ac,2026-04-06T21:34:00-04:00,4458,stitch,cmd/sponge,cmd,srd007,"R1.5, R2.1, R2.2, R2.3",False,"Task 4458: [stitch] cmd/sponge: flag handling and append mode -- srd007 R1.5, R2.1, R2.2, R2.3",741881,25669,89606,652266,1.5279,2090,2222,132,997,1096,99,384,2,250,19
c1721572b206f6b87164fc317ef80527ff916b90,2026-04-06T21:39:16-04:00,4459,stitch,cmd/sponge,cmd,srd007,"R2.4, R2.5, R3.1, R3.2",False,"Task 4459: [stitch] cmd/sponge: error handling and edge cases -- srd007 R2.4, R2.5, R3.1, R3.2",532553,19852,86882,445664,1.2622,2222,2278,56,1096,1259,163,298,2,242,23
f8543a6df5cd39123e380c181034fb230e39b15e,2026-04-06T21:42:48-04:00,4461,stitch,cmd/version,cmd,srd011,"R1.1, R2.1, R3.1, R4.1",False,"Task 4461: [stitch] cmd/version: version output and build metadata -- srd011 R1.1, R2.1, R3.1, R4.1",398057,1797,56475,341575,0.5687,2278,2325,47,1259,1259,0,45,1,47,0
14e4cbecb9cf7e8df50a349595344c86478bf101,2026-04-06T21:44:20-04:00,4462,stitch,cmd/sponge,cmd,srd007,"R3.3, R4.1, R4.2, R4.3",False,"Task 4462: [stitch] cmd/sponge: additional features and edge cases -- srd007 R3.3, R4.1, R4.2, R4.3",504075,2811,62737,441330,0.6831,2325,2328,3,1259,1259,0,73,1,4,1
62fe4db94d4aebfec79411f501c8b68da37ba68d,2026-04-06T21:45:49-04:00,4463,stitch,cmd/sponge,cmd,srd007,"R5.1, R5.2, R5.3, R5.4",False,"Task 4463: [stitch] cmd/sponge: remaining features -- srd007 R5.1, R5.2, R5.3, R5.4",505516,3107,63678,441830,0.6966,2328,2341,13,1259,1259,0,71,1,15,2
1947439875b45d05398abb77b67a9efe710f0854,2026-04-06T21:48:09-04:00,4464,stitch,cmd/sponge,cmd,srd007,"R6.1, R6.2",False,"Task 4464: [stitch] cmd/sponge: final requirements -- srd007 R6.1, R6.2",622705,5763,71760,550936,0.8681,2341,2341,0,1259,1352,93,122,2,94,1
7244545a46a90c9a1104d6637000f4890f4cefc5,2026-04-06T21:52:52-04:00,4466,stitch,cmd/du,cmd,,,True,Task 4466: [stitch] cmd/du (contract),287005,1874,63602,223398,0.5561,2341,2416,75,1352,1352,0,43,1,75,0
442d62e7c8ae2b2976a8753a5ca51cd1b98f4266,2026-04-06T22:02:49-04:00,4467,stitch,cmd/du,cmd,srd009,"R1.1, R1.2, R1.3, R1.4",False,"Task 4467: [stitch] cmd/du: core traversal and disk usage -- srd009 R1.1, R1.2, R1.3, R1.4",650764,31380,97407,553349,1.67,2416,2509,93,1352,1457,105,580,2,223,25
d7fb26fff5f543cc02288c6e3a94dbd8c23866ca,2026-04-06T22:05:59-04:00,4468,stitch,cmd/du,cmd,srd009,"R1.5, R2.1, R2.2, R2.3",False,"Task 4468: [stitch] cmd/du: output formatting and basic flags -- srd009 R1.5, R2.1, R2.2, R2.3",1446614,9557,82777,1363819,1.4383,2509,2603,94,1457,1590,133,173,2,239,12
547ec7fdabee8706ddb668158dacc4171652ad48,2026-04-06T22:15:05-04:00,4469,stitch,cmd/du,cmd,srd009,"R2.4, R2.5, R2.6, R2.7",False,"Task 4469: [stitch] cmd/du: additional flags -- srd009 R2.4, R2.5, R2.6, R2.7",868646,34510,101808,766828,1.8825,2603,2697,94,1590,1771,181,527,2,353,78
0e4e1f62cb8f4aea34713e206b6f7aadd7c5d14b,2026-04-06T22:20:59-04:00,4471,stitch,cmd/du,cmd,srd009,"R2.8, R3.1, R3.2, R3.3",False,"Task 4471: [stitch] cmd/du: cross-filesystem and threshold filtering -- srd009 R2.8, R3.1, R3.2, R3.3",727330,7879,75998,651322,0.9977,2697,2698,1,1771,1771,0,192,1,4,3
495d1b97ab00929020173ad57c6c68d768a7dd79,2026-04-06T22:24:42-04:00,4472,stitch,cmd/du,cmd,srd009,"R4.1, R4.2, R5.1",False,"Task 4472: [stitch] cmd/du: error handling and final requirements -- srd009 R4.1, R4.2, R5.1",501281,13255,81332,419942,1.0497,2698,2709,11,1771,1822,51,203,2,69,7
bead6577db4e5120111aa923d7d733dad119e500,2026-04-06T22:24:42-04:00,4472,stitch,cmd/du,cmd,srd009,"R4.1, R4.2, R5.1",False,"Task 4472: [stitch] cmd/du: error handling and final requirements -- srd009 R4.1, R4.2, R5.1",195574,723,54618,140952,0.4299,2709,2709,0,1822,1822,0,21,2,69,7
01598e49ac5c65e7fc98fdad56676cd2db90ff9a,2026-04-06T22:27:04-04:00,4474,stitch,cmd/version,cmd,srd059,"R1.1, R1.2, R1.3, R1.4",False,"Task 4474: [stitch] cmd/version: version output and flags -- srd059 R1.1, R1.2, R1.3, R1.4",606896,3824,68474,538413,0.7928,2709,2709,0,1822,1924,102,86,1,102,0
e36c5a742b3c2f4f540a782360fb12c1a0f7e388,2026-04-06T22:34:01-04:00,4476,stitch,cmd/version,cmd,srd059,"R1.5, R5.1",False,"Task 4476: [stitch] cmd/version: remaining requirements -- srd059 R1.5, srd011 R5.1",689141,12697,70994,618137,1.0703,2709,2716,7,1924,1993,69,225,2,77,1
8cbccdb55531b266ec77fbad91b6a3df5c0451e5,2026-04-06T22:35:35-04:00,4477,stitch,cmd/true,cmd,srd013,"R1.1, R1.2, R1.3, R2.1",False,"Task 4477: [stitch] cmd/true: core behavior and help flag -- srd013 R1.1, R1.2, R1.3, R2.1",612828,2960,67601,545218,0.7692,2716,2756,40,1993,2046,53,77,2,93,0
923b1bec8f12077c41bb2830d627b4e83dbcaccd,2026-04-06T22:37:18-04:00,4478,stitch,cmd/true,cmd,srd013,"R2.2, R2.3, R3.1, R3.2",False,"Task 4478: [stitch] cmd/true: flag handling and stream behavior -- srd013 R2.2, R2.3, R3.1, R3.2",759551,3423,60354,699185,0.8124,2756,2772,16,2046,2065,19,85,2,42,7
a7cdcf00a6502f8468fc2692b561c5bb61b09f32,2026-04-06T22:38:44-04:00,4479,stitch,cmd/true,cmd,srd013,"R4.1, R4.2, R4.3",False,"Task 4479: [stitch] cmd/true: error handling and final requirements -- srd013 R4.1, R4.2, R4.3",343163,3574,59377,283780,0.6024,2772,2772,0,2065,2072,7,68,2,10,3
95a2753e4d75bd65138c86acd78ea43d7e90d937,2026-04-06T22:45:04-04:00,4481,stitch,cmd/false,cmd,srd014,"R1.1, R1.2, R1.3, R2.1",False,"Task 4481: [stitch] cmd/false: core exit behavior and flag recognition -- srd014 R1.1, R1.2, R1.3, R2.1",403204,2342,57242,345955,0.5893,2772,2828,56,2072,2072,0,53,1,56,0
34a055d3c35199ece87bcee2c39de0f5a107e207,2026-04-06T22:47:23-04:00,4483,stitch,cmd/false,cmd,srd014,"R4.1, R4.2, R4.3",False,"Task 4483: [stitch] cmd/false: error handling and final requirements -- srd014 R4.1, R4.2, R4.3",738117,3916,66371,671735,0.8486,2828,2820,-8,2072,2157,85,71,2,89,12
c6747d9ddc092825936be2317fe6fe8bc2126afc,2026-04-06T22:52:16-04:00,4484,stitch,cmd/yes,cmd,srd012,"R1.1, R1.2, R1.3, R1.4",False,"Task 4484: [stitch] cmd/yes: core output behavior and flag recognition -- srd012 R1.1, R1.2, R1.3, R1.4",402324,1877,56899,345418,0.5753,2820,2887,67,2157,2157,0,43,1,67,0
9b83f93f70e373abd0278402abaa1c2ca4cf8908,2026-04-06T22:55:19-04:00,4486,stitch,cmd/yes,cmd,srd012,"R2.1, R2.2, R3.1, R3.2",False,"Task 4486: [stitch] cmd/yes: output loop tuning and SIGPIPE behavior -- srd012 R2.1, R2.2, R3.1, R3.2",542005,1874,58219,483777,0.6527,2887,2893,6,2157,2157,0,44,1,12,6
ab46a7e5a34e27f7faea21e698921ce3b0a2a9ab,2026-04-06T22:57:12-04:00,4487,stitch,cmd/yes,cmd,srd012,"R3.3, R4.1, R4.2, R4.3",False,"Task 4487: [stitch] cmd/yes: differential tests and error handling -- srd012 R3.3, R4.1, R4.2, R4.3",886152,4444,65592,820547,0.9314,2893,2893,0,2157,2279,122,97,2,123,1
aa9ec1b216807845089ef381630d3b495995ebea,2026-04-06T22:59:06-04:00,4488,stitch,cmd/basename,cmd,srd015,"R1.1, R1.2, R1.3, R1.4",False,"Task 4488: [stitch] cmd/basename: core path extraction -- srd015 R1.1, R1.2, R1.3, R1.4",656850,3674,64053,592787,0.7886,2893,2965,72,2279,2380,101,97,2,173,0
747e49a552a27b324e07ca666fd800495bebfc1e,2026-04-06T23:01:04-04:00,4489,stitch,cmd/basename,cmd,srd015,"R1.5, R2.1, R2.2, R2.3",False,"Task 4489: [stitch] cmd/basename: suffix removal and multiple arguments mode -- srd015 R1.5, R2.1, R2.2, R2.3",565298,4986,61815,503474,0.7628,2965,3085,120,2380,2445,65,101,2,202,17
aed63d8c58feef96def4b0f1ef4844b61d1e86d6,2026-04-06T23:07:04-04:00,4491,stitch,cmd/basename,cmd,srd015,"R3.1, R3.2, R3.3, R3.4",False,"Task 4491: [stitch] cmd/basename: differential tests and error handling -- srd015 R3.1, R3.2, R3.3, R3.4",579564,13614,77972,501584,1.0785,3085,3087,2,2445,2480,35,226,2,53,16
e3b0860e635912c121d5cd6e51bd8ebe7f172a6c,2026-04-06T23:09:28-04:00,4492,stitch,cmd/basename,cmd,srd015,"R4.1, R4.2, R4.3",False,"Task 4492: [stitch] cmd/basename: version, help, and SIGPIPE -- srd015 R4.1, R4.2, R4.3",628646,7161,73540,555097,0.9162,3087,3138,51,2480,2501,21,126,2,73,1
1efb53e183c6e85cadf6cd2758fc7d0f2ee77300,2026-04-06T23:10:37-04:00,4493,stitch,cmd/dirname,cmd,srd016,"R1.1, R1.2, R1.3, R1.4",False,"Task 4493: [stitch] cmd/dirname: core path extraction -- srd016 R1.1, R1.2, R1.3, R1.4",443346,2210,64601,378738,0.6484,3138,3197,59,2501,2553,52,53,2,111,0
cdd7364f0f1334da80d0e4cc10ec879022138e64,2026-04-06T23:11:48-04:00,4494,stitch,cmd/dirname,cmd,srd016,"R1.5, R2.1, R2.2",False,"Task 4494: [stitch] cmd/dirname: zero-terminated output and multiple arguments -- srd016 R1.5, R2.1, R2.2",362510,2821,63264,299240,0.6156,3197,3221,24,2553,2563,10,53,2,38,4
22fe2af01b336044d15851069f758c5a76543d7b,2026-04-06T23:16:04-04:00,4496,stitch,cmd/dirname,cmd,srd016,"R3.1, R3.2, R3.3",False,"Task 4496: [stitch] cmd/dirname: differential tests and error handling -- srd016 R3.1, R3.2, R3.3",613813,3637,68418,545386,0.7913,3221,3226,5,2563,2603,40,112,2,45,0
3ead7dd6618f661e3c4a12671b48b36b5c88574c,2026-04-06T23:17:20-04:00,4497,stitch,cmd/dirname,cmd,srd016,"R4.1, R4.2, R4.3",False,"Task 4497: [stitch] cmd/dirname: version, help, and SIGPIPE -- srd016 R4.1, R4.2, R4.3",352149,2728,61253,290890,0.5965,3226,3282,56,2603,2603,0,59,1,76,20
521f680ebb67b819b632e4bccaf38d9d60d757bc,2026-04-06T23:18:49-04:00,4498,stitch,cmd/tee,cmd,srd017,"R1.1, R1.2, R1.3, R1.4",False,"Task 4498: [stitch] cmd/tee: core stdin copy to stdout and files -- srd017 R1.1, R1.2, R1.3, R1.4",818043,3423,65515,752516,0.8714,3282,3384,102,2603,2603,0,71,1,102,0
caaa09431d97d453fa4c07fbf6b99dc43541c8fc,2026-04-06T23:20:51-04:00,4499,stitch,cmd/tee,cmd,srd017,"R1.5, R2.1, R2.2, R2.3",False,"Task 4499: [stitch] cmd/tee: append mode and signal handling -- srd017 R1.5, R2.1, R2.2, R2.3",419736,4864,60932,358797,0.6819,3384,3440,56,2603,2603,0,105,1,64,8
cce7f6c4ff237d5fb05f1839ec10a64935d0bc38,2026-04-06T23:24:33-04:00,4501,stitch,cmd/tee,cmd,srd017,"R3.1, R3.2, R3.3, R3.4",False,"Task 4501: [stitch] cmd/tee: error handling and write failure diagnostics -- srd017 R3.1, R3.2, R3.3, R3.4",346762,3376,60135,286621,0.6036,3440,3494,54,2603,2603,0,78,1,76,22
965b21752706d002017529f18541c6d75a1aa3fe,2026-04-06T23:27:03-04:00,4502,stitch,cmd/tee,cmd,srd017,"R4.1, R4.2, R4.3",False,"Task 4502: [stitch] cmd/tee: version, help, and SIGPIPE -- srd017 R4.1, R4.2, R4.3",1290261,6763,74793,1215451,1.2443,3494,3535,41,2603,2779,176,132,2,218,1
a4c60c66ac01ff6f6e0334e7bc5a729463f0e96b,2026-04-06T23:29:33-04:00,4503,stitch,cmd/head,cmd,srd018,"R1.1, R1.2, R1.3, R1.4",False,"Task 4503: [stitch] cmd/head: core first-N-lines output and stdin reading -- srd018 R1.1, R1.2, R1.3, R1.4",517160,8138,71747,445405,0.8746,3535,3735,200,2779,2779,0,131,1,200,0
c22a9d2c7c062fb72129e808fb7b95294c122319,2026-04-06T23:33:31-04:00,4504,stitch,cmd/head,cmd,srd018,"R1.5, R2.1, R2.2, R2.3",False,"Task 4504: [stitch] cmd/head: byte count mode and multi-file processing -- srd018 R1.5, R2.1, R2.2, R2.3",545812,13965,74118,471686,1.0482,3735,3886,151,2779,2779,0,218,1,202,51
ac86677902a61d2a46afc5ad09effad501d059f6,2026-04-06T23:38:58-04:00,4506,stitch,cmd/head,cmd,srd018,"R3.1, R3.2, R3.3, R3.4",False,"Task 4506: [stitch] cmd/head: negative counts and quiet/verbose header control -- srd018 R3.1, R3.2, R3.3, R3.4",1372184,6889,83241,1288926,1.337,3886,3889,3,2779,3057,278,157,2,288,7
9bfa6d4462b1ace8d833ff33a080bbbd42051cfa,2026-04-06T23:42:14-04:00,4507,stitch,cmd/head,cmd,srd018,"R3.5, R4.1, R4.2, R4.3",False,"Task 4507: [stitch] cmd/head: error handling and edge cases -- srd018 R3.5, R4.1, R4.2, R4.3",788135,6906,72496,715628,0.9836,3889,3899,10,3057,3161,104,178,2,118,4
b838b8826e635abcaf9d4f633dd74915f4281123,2026-04-06T23:47:07-04:00,4508,stitch,cmd/seq,cmd,srd019,"R1.1, R1.2, R1.3, R1.4",False,"Task 4508: [stitch] cmd/seq: core sequence generation and argument forms -- srd019 R1.1, R1.2, R1.3, R1.4",511051,15505,81927,429117,1.1143,3899,4061,162,3161,3220,59,276,2,221,0
a3e77aed4e74c63d0a2b1576ee7250e4c1313310,2026-04-06T23:52:09-04:00,4509,stitch,cmd/seq,cmd,srd019,"R1.5, R2.1, R2.2, R2.3",False,"Task 4509: [stitch] cmd/seq: descending sequences, version/help, and separator option -- srd019 R1.5, R2.1, R2.2, R2.3",485802,17811,77856,407939,1.1359,4061,4140,79,3220,3273,53,282,2,139,7
a979c8d40df6cdca67ed9d066c336930a58fcf68,2026-04-06T23:56:50-04:00,4511,stitch,cmd/head,cmd,srd018,R4.4,False,Task 4511: [stitch] cmd/head: final edge case -- srd018 R4.4,1189845,6637,77590,1112240,1.2071,4140,4147,7,3273,3287,14,135,2,32,11
f72c0df9be3b19a164c313cdc515fa8d6da524ef,2026-04-07T00:02:40-04:00,4512,stitch,cmd/seq,cmd,srd019,"R2.4, R3.1, R3.2, R3.3",False,"Task 4512: [stitch] cmd/seq: format strings and equal-width padding -- srd019 R2.4, R3.1, R3.2, R3.3",1438278,20788,90035,1348226,1.7566,4147,4268,121,3287,3323,36,334,2,189,32
86b7aeb4df3c1c5f8d1830d2698e8ff520ccc3ab,2026-04-07T00:04:35-04:00,4513,stitch,cmd/seq,cmd,srd019,"R3.4, R4.1, R4.2, R4.3",False,"Task 4513: [stitch] cmd/seq: -w/-f interaction and edge cases -- srd019 R3.4, R4.1, R4.2, R4.3",806507,4217,72306,734190,0.9245,4268,4269,1,3323,3345,22,97,2,24,1
274d800bf4c0ee51f3909e148332274de817182d,2026-04-07T00:06:30-04:00,4514,stitch,cmd/seq,cmd,srd019,R4.4,False,Task 4514: [stitch] cmd/seq: final edge case -- srd019 R4.4,569513,4810,75427,494078,0.8387,4269,4269,0,3345,3354,9,96,1,10,1
e726138a08e21bb50226f3241f7843db70570404,2026-04-07T00:09:07-04:00,4516,stitch,cmd/wc,cmd,srd005,,True,Task 4516: [stitch] [contract] cmd/wc: exported types and function signatures -- srd005 contract,349966,1482,59791,290169,0.5902,4269,4338,69,3354,3354,0,51,1,69,0
8199a64411e91a877ae4000d0fa082222a57b44e,2026-04-07T00:10:24-04:00,4517,stitch,cmd/wc,cmd,srd005,"R1.1, R1.2, R1.3, R1.4",False,"Task 4517: [stitch] cmd/wc: core counting logic -- srd005 R1.1, R1.2, R1.3, R1.4",358700,2701,63084,295610,0.6096,4338,4430,92,3354,3354,0,57,1,103,11
dc41570d5a8d995c8863b4d08212e149c6d53905,2026-04-07T00:12:49-04:00,4518,stitch,cmd/wc,cmd,srd005,"R2.1, R2.2, R2.3, R2.4",False,"Task 4518: [stitch] cmd/wc: flag parsing and output formatting -- srd005 R2.1, R2.2, R2.3, R2.4",1001334,6172,68519,932801,1.049,4430,4653,223,3354,3354,0,129,1,235,12
294bdb0e4a9901d5d295a03d55e575c1dceaa0d3,2026-04-07T00:17:52-04:00,4519,stitch,cmd/wc,cmd,srd005,"R2.5, R2.6, R3.1, R3.2",False,"Task 4519: [stitch] cmd/wc: multi-file, stdin, totals, and error handling -- srd005 R2.5, R2.6, R3.1, R3.2",738664,15597,75852,662802,1.1955,4653,4642,-11,3354,3354,0,285,1,35,46
563ac021b626396accc9122563ed87640b0295f0,2026-04-07T00:22:55-04:00,4521,stitch,cmd/wc,cmd,srd005,"R3.3, R4.1, R4.2, R4.3",False,"Task 4521: [stitch] cmd/wc: continued features -- srd005 R3.3, R4.1, R4.2, R4.3",376506,6065,70511,305989,0.7453,4642,4716,74,3354,3354,0,87,1,85,11
92e026f2979435b5f9834022f3c3219d7ab63757,2026-04-07T07:04:36-04:00,4522,stitch,cmd/wc,cmd,srd005,"R4.4, R5.1, R5.2, R6.1",False,"Task 4522: [stitch] cmd/wc: continued features -- srd005 R4.4, R5.1, R5.2, R6.1",402324,16639,77427,324891,1.0624,4716,4801,85,3354,3354,0,240,1,97,12
8b818ccbd6da0c50da2a378f56b274af557680d3,2026-04-07T07:06:24-04:00,4523,stitch,cmd/wc,cmd,srd005,"R6.2, R6.3",False,"Task 4523: [stitch] cmd/wc: final features -- srd005 R6.2, R6.3",448513,4989,67236,381270,0.7356,4801,4817,16,3354,3354,0,90,1,20,4
9b09f77ab7dfe5e5f55c0b9d954e541f8dbd841b,2026-04-07T07:10:09-04:00,4526,stitch,cmd/arch,cmd,srd045,"R1.1, R1.2, R2.1, R2.2",False,"Task 4526: [stitch] cmd/arch: implementation -- srd045 R1.1, R1.2, R2.1, R2.2",857144,4001,60298,796833,0.9158,4817,4909,92,3354,3354,0,99,1,92,0
ae4de5974d4db6c62811cda0b27b66ef3b935419,2026-04-07T07:11:01-04:00,4527,stitch,cmd/arch,cmd,srd045,"R3.1, R3.2, R3.3",False,"Task 4527: [stitch] cmd/arch: differential tests -- srd045 R3.1, R3.2, R3.3",366939,1689,64794,302139,0.5983,4909,4909,0,3354,3443,89,32,1,89,0
3d8086171c1cc2576e90ff8d53815315ce367c90,2026-04-07T07:12:35-04:00,4528,stitch,cmd/hostid,cmd,srd048,"R1.1, R1.2, R2.1, R2.2",False,"Task 4528: [stitch] cmd/hostid: implementation -- srd048 R1.1, R1.2, R2.1, R2.2",723982,3815,64925,659046,0.8307,4909,4990,81,3443,3443,0,76,1,81,0
019091d648f0bb6194d6a09d4b31a5a7f2972209,2026-04-07T07:13:37-04:00,4529,stitch,cmd/hostid,cmd,srd048,"R3.1, R3.2, R3.3",False,"Task 4529: [stitch] cmd/hostid: differential tests -- srd048 R3.1, R3.2, R3.3",367173,1800,63888,303279,0.596,4990,4990,0,3443,3523,80,43,1,80,0
8b04832356358319ac346fa99d20062abfad09da,2026-04-07T07:17:39-04:00,4531,stitch,cmd/uname,cmd,srd044,"R1.1, R1.2, R1.3, R1.4",False,"Task 4531: [stitch] cmd/uname: implementation -- srd044 R1.1, R1.2, R1.3, R1.4",345434,3306,59880,285548,0.5997,4990,5126,136,3523,3523,0,72,1,136,0
ad70ba7014ec6dd0bad6303769c3cbf54b7e3951,2026-04-07T07:19:05-04:00,4532,stitch,cmd/uname,cmd,srd044,"R1.5, R1.6, R1.7, R1.8",False,"Task 4532: [stitch] cmd/uname: implementation -- srd044 R1.5, R1.6, R1.7, R1.8",411193,2744,58826,352360,0.6125,5126,5180,54,3523,3523,0,68,1,57,3
1fa292d7e0709b4cb3d41ef4a608d5cea6a5dc6d,2026-04-07T07:20:35-04:00,4533,stitch,cmd/uname,cmd,srd044,"R1.9, R2.1, R2.2, R3.1",False,"Task 4533: [stitch] cmd/uname: implementation -- srd044 R1.9, R2.1, R2.2, R3.1",419528,3946,60693,358828,0.6574,5180,5213,33,3523,3523,0,72,1,41,8
26147f78df3ce598695821dd76b7477bad7f6e20,2026-04-07T07:24:04-04:00,4534,stitch,cmd/uname,cmd,srd044,"R3.2, R4.1, R4.2, R4.3",False,"Task 4534: [stitch] cmd/uname: differential tests -- srd044 R3.2, R4.1, R4.2, R4.3",1590050,9898,79561,1510469,1.5,5213,5250,37,3523,3690,167,192,2,210,6
24f8ae6f5adb95eafddf9b921f3c41ce7b388618,2026-04-07T07:27:29-04:00,4536,stitch,cmd/nproc,cmd,srd046,"R1.1, R1.2, R1.3, R1.4",False,"Task 4536: [stitch] cmd/nproc: implementation -- srd046 R1.1, R1.2, R1.3, R1.4",492369,2711,60773,431588,0.6634,5250,5358,108,3690,3690,0,56,1,108,0
53abc57b920a170bf4a7dec2fcf612ac41507f3b,2026-04-07T07:28:45-04:00,4537,stitch,cmd/nproc,cmd,srd046,"R2.1, R2.2, R2.3",False,"Task 4537: [stitch] cmd/nproc: implementation -- srd046 R2.1, R2.2, R2.3",410005,3600,58633,351365,0.6322,5358,5378,20,3690,3690,0,58,1,30,10
1a613bc54e453d1e7da7badcf6fa36429c835f75,2026-04-07T07:30:20-04:00,4538,stitch,cmd/nproc,cmd,srd046,"R3.1, R3.2, R3.3",False,"Task 4538: [stitch] cmd/nproc: differential tests -- srd046 R3.1, R3.2, R3.3",764671,4674,70142,694518,0.9026,5378,5390,12,3690,3815,125,77,2,139,2
da54988e6b16a2ff9531b553853fa2c7b50bb919,2026-04-07T07:31:42-04:00,4539,stitch,cmd/hostname,cmd,srd047,"R1.1, R1.2, R2.1, R2.2",False,"Task 4539: [stitch] cmd/hostname: implementation -- srd047 R1.1, R1.2, R2.1, R2.2",703924,3492,61370,642543,0.7922,5390,5466,76,3815,3815,0,64,1,76,0
82212de546e8e239f74dfd7ab6e81657ae72d01a,2026-04-07T07:35:46-04:00,4541,stitch,cmd/hostname,cmd,srd047,"R3.1, R3.2, R3.3",False,"Task 4541: [stitch] cmd/hostname: differential tests -- srd047 R3.1, R3.2, R3.3",516995,2232,64793,452194,0.6869,5466,5466,0,3815,3904,89,58,1,89,0
a2ecdd8fe2ca889dbb7379791ebc276b7cbad021,2026-04-07T07:37:49-04:00,4542,stitch,cmd/ls,cmd,srd008,"R1.1, R1.2, R1.3, R1.4",False,"Task 4542: [stitch] cmd/ls: implementation -- srd008 R1.1, R1.2, R1.3, R1.4",1128759,5174,95718,1033029,1.2442,5466,5756,290,3904,3904,0,105,1,290,0
495bbdc2d9462315dfb5b8493f89af030af2afa1,2026-04-07T07:44:10-04:00,4543,stitch,cmd/ls,cmd,srd008,"R1.5, R1.6, R1.7, R1.8",False,"Task 4543: [stitch] cmd/ls: implementation -- srd008 R1.5, R1.6, R1.7, R1.8",467069,24664,95378,371685,1.3986,5756,6143,387,3904,3904,0,362,1,409,22
65fa2081b6e3ccda1133a23138974c756bfce191,2026-04-07T07:53:00-04:00,4544,stitch,cmd/ls,cmd,srd008,"R1.9, R1.10, R1.11, R1.12",False,"Task 4544: [stitch] cmd/ls: implementation -- srd008 R1.9, R1.10, R1.11, R1.12",1115198,30954,107592,1007594,1.9502,6143,6244,101,3904,3904,0,509,1,177,76
25d807c991a45e66a5d41fabffb35c76923d1917,2026-04-07T08:02:15-04:00,4546,stitch,cmd/ls,cmd,srd008,"R1.13, R1.14, R2.1, R2.2",False,"Task 4546: [stitch] cmd/ls: implementation -- srd008 R1.13, R1.14, R2.1, R2.2",782506,28165,99805,682692,1.6693,6244,6361,117,3904,4022,118,433,2,284,49
5ff0d461ab9c13cc5150413e0cc43b5fe95bbfcc,2026-04-07T08:08:45-04:00,4547,stitch,cmd/ls,cmd,srd008,"R2.3, R2.4, R2.5, R2.6",False,"Task 4547: [stitch] cmd/ls: implementation -- srd008 R2.3, R2.4, R2.5, R2.6",586854,23892,99089,487758,1.4605,6361,6428,67,4022,4117,95,370,2,175,13
03e3691a5781737855be38e0939906895aa01b04,2026-04-07T08:12:49-04:00,4548,stitch,cmd/ls,cmd,srd008,"R2.7, R2.8, R2.9, R2.10",False,"Task 4548: [stitch] cmd/ls: implementation -- srd008 R2.7, R2.8, R2.9, R2.10",2304765,13311,96917,2207823,2.0425,6428,6570,142,4117,4250,133,223,2,291,16
16cf40b953c49a8cbdb37f7094743dd3c8274f84,2026-04-07T08:22:24-04:00,4549,stitch,cmd/ls,cmd,srd008,"R2.11, R2.12, R2.13, R2.14",False,"Task 4549: [stitch] cmd/ls: implementation -- srd008 R2.11, R2.12, R2.13, R2.14",1148129,37360,115735,1032382,2.1736,6570,6699,129,4250,4348,98,555,2,261,34
cbd6bb1e314e24f74be070715e1eb4621126535f,2026-04-07T08:33:11-04:00,4551,stitch,cmd/ls,cmd,srd008,"R2.15, R3.1, R3.2, R3.3",False,"Task 4551: [stitch] cmd/ls: implementation -- srd008 R2.15, R3.1, R3.2, R3.3",2479913,26843,125245,2354645,2.6313,6699,6711,12,4348,4412,64,524,2,80,4
898b759e5664de6a05f47ca583038d86b939adb5,2026-04-07T08:36:05-04:00,4552,stitch,cmd/ls,cmd,srd008,"R3.4, R3.5, R3.6, R3.7",False,"Task 4552: [stitch] cmd/ls: implementation -- srd008 R3.4, R3.5, R3.6, R3.7",1328099,7471,99313,1228771,1.4219,6711,6711,0,4412,4506,94,151,2,96,2
e4027301c5f54fe0c99e5a6394b273d6f80d7fa1,2026-04-07T08:41:08-04:00,4553,stitch,cmd/ls,cmd,srd008,"R3.8, R3.9, R3.10, R3.11",False,"Task 4553: [stitch] cmd/ls: implementation -- srd008 R3.8, R3.9, R3.10, R3.11",2746364,13180,106294,2640043,2.314,6711,6745,34,4506,4613,107,279,2,151,10
3601ad1baf21cddc1d2400c14bcaf1cc88f30116,2026-04-07T08:45:03-04:00,4554,stitch,cmd/ls,cmd,srd008,"R3.12, R3.13, R3.14, R3.15",False,"Task 4554: [stitch] cmd/ls: implementation -- srd008 R3.12, R3.13, R3.14, R3.15",1518284,8900,99072,1419195,1.5514,6745,6745,0,4613,4788,175,206,2,177,2
aa99002129476be0f6e074430c1d4b59221d1b24,2026-04-07T08:59:15-04:00,4556,stitch,cmd/ls,cmd,srd008,"R4.1, R4.2, R4.3, R4.4",False,"Task 4556: [stitch] cmd/ls: implementation -- srd008 R4.1, R4.2, R4.3, R4.4",3295008,32913,125180,3169798,3.1902,6745,6756,11,4788,4861,73,672,2,99,15
0480cf47c64a887a51e68164e3a00b16ac6976a6,2026-04-07T09:03:05-04:00,4557,stitch,cmd/ls,cmd,srd008,"R4.5, R4.6, R4.7, R4.8",False,"Task 4557: [stitch] cmd/ls: implementation -- srd008 R4.5, R4.6, R4.7, R4.8",1770953,9982,106203,1664732,1.7458,6756,6780,24,4861,4951,90,203,2,121,7
6091f2961bec980a7c16718babc46520b7e0b9c6,2026-04-07T09:05:08-04:00,4558,stitch,cmd/ls,cmd,srd008,R4.9,False,Task 4558: [stitch] cmd/ls: implementation -- srd008 R4.9,901099,3264,94521,806567,1.1101,6780,6780,0,4951,4995,44,95,1,44,0
eba111f15de45f4c74507bb3c8a29feb6a0e7331,2026-04-07T09:08:30-04:00,4560,stitch,cmd/logname,cmd,srd053,"R1.1, R1.2, R2.1, R2.2",False,"Task 4560: [stitch] cmd/logname: implementation -- srd053-logname R1.1, R1.2, R2.1, R2.2",460372,1555,81801,378565,0.7394,6780,6857,77,4995,4995,0,32,1,77,0
105a3757dec7c9d17db3f0c6d24066e7feca5184,2026-04-07T20:13:06-04:00,4561,stitch,cmd/logname,cmd,srd053,"R2.3, R3.1, R3.2, R3.3",False,"Task 4561: [stitch] cmd/logname: tests -- srd053-logname R2.3, R3.1, R3.2, R3.3",362020,1812,62551,299463,0.586,6857,6857,0,4995,5084,89,34,1,89,0
599aa4fc061b16e552fb1efcdc7407ecde7c3828,2026-04-07T20:14:34-04:00,4562,stitch,cmd/tty,cmd,srd052,"R1.1, R1.2, R1.3, R2.1",False,"Task 4562: [stitch] cmd/tty: implementation -- srd052 R1.1, R1.2, R1.3, R2.1",752380,3037,84474,667897,0.9379,6857,6968,111,5084,5084,0,71,1,111,0
09addd60ecffe5415d7b9e685705d732d59c1b73,2026-04-07T20:15:42-04:00,4563,stitch,cmd/tty,cmd,srd052,"R2.2, R3.1, R3.2, R3.3",False,"Task 4563: [stitch] cmd/tty: tests -- srd052 R2.2, R3.1, R3.2, R3.3",366714,2333,63906,302802,0.6092,6968,6968,0,5084,5199,115,51,1,115,0
31201ab0c57cddb62a0e3a91dbc80c38637a7c7d,2026-04-07T20:21:01-04:00,4565,stitch,cmd/pwd,cmd,srd051,"R1.1, R1.2, R1.3, R1.4",False,"Task 4565: [stitch] cmd/pwd: implementation -- srd051 R1.1, R1.2, R1.3, R1.4",548762,2846,58774,489979,0.6835,6968,7101,133,5199,5199,0,68,1,133,0
491be8e1b0faa2b308a92d597096676ad80dc11e,2026-04-07T20:23:22-04:00,4566,stitch,cmd/pwd,cmd,srd051,"R2.1, R2.2, R3.1, R3.2",False,"Task 4566: [stitch] cmd/pwd: tests -- srd051 R2.1, R2.2, R3.1, R3.2",607772,4989,67845,539918,0.8188,7101,7102,1,5199,5325,126,122,2,128,1
c629d5235e492461f531a0a3f1d058711a613cf8,2026-04-07T20:24:37-04:00,4567,stitch,cmd/realpath,cmd,srd049,"R1.1, R1.2, R1.3, R1.4",False,"Task 4567: [stitch] cmd/realpath: implementation -- srd049 R1.1, R1.2, R1.3, R1.4",344484,2969,59397,285081,0.588,7102,7266,164,5325,5325,0,58,1,164,0
1c377c657c9bd3a67c041d06d0c663ecdf598e0f,2026-04-07T20:26:10-04:00,4568,stitch,cmd/realpath,cmd,srd049,"R1.5, R2.1, R2.2, R2.3",False,"Task 4568: [stitch] cmd/realpath: implementation (extended) -- srd049 R1.5, R2.1, R2.2, R2.3",418805,3725,60561,358237,0.6508,7266,7346,80,5325,5325,0,75,1,108,28
ca3db7fc8678a8f54ea546a799b64ef7aaf736b8,2026-04-07T20:31:59-04:00,4570,stitch,cmd/realpath,cmd,srd049,"R3.1, R3.2, R3.3",False,"Task 4570: [stitch] cmd/realpath: tests -- srd049 R3.1, R3.2, R3.3",742594,11690,79129,663455,1.1186,7346,7346,0,5325,5526,201,203,1,201,0
a30a56f284c95848db6257d135982d7bc3ad86e3,2026-04-07T20:34:58-04:00,4571,stitch,cmd/realpath,cmd,srd049,"R4.1, R4.2, R4.3",False,"Task 4571: [stitch] cmd/realpath: tests (extended) -- srd049 R4.1, R4.2, R4.3",917262,8684,78262,838988,1.1258,7346,7346,0,5526,5781,255,159,1,256,1
29da1410f6a69b25f7c1d188ee5112f7169137de,2026-04-07T20:36:03-04:00,4572,stitch,cmd/pwd,cmd,srd051,R3.3,False,Task 4572: [stitch] cmd/pwd: tests -- srd051 R3.3,358709,1820,61806,296897,0.5803,7346,7346,0,5781,5802,21,49,1,22,1
08a6c0fe95ae0ff2b3c703008a6aed9052aade03,2026-04-07T20:39:53-04:00,4573,stitch,cmd/readlink,cmd,srd050,"R1.1, R1.2, R1.3, R1.4",False,"Task 4573: [stitch] cmd/readlink: implementation -- srd050 R1.1, R1.2, R1.3, R1.4",629524,15007,73073,556442,1.1101,7346,7582,236,5802,5802,0,214,1,236,0
1f26ff4e4541496db8cf28f2c24b46301d16f598,2026-04-07T20:43:03-04:00,4575,stitch,cmd/readlink,cmd,srd050,"R1.5, R1.6, R2.1, R2.2",False,"Task 4575: [stitch] cmd/readlink: implementation -- srd050 R1.5, R1.6, R2.1, R2.2",488128,2398,60076,428044,0.6495,7582,7583,1,5802,5802,0,51,1,4,3
227a6b0804d0fecfe7934eefb7d6d0a6429efba6,2026-04-07T20:44:48-04:00,4576,stitch,cmd/readlink,cmd,srd050,"R3.1, R3.2",False,"Task 4576: [stitch] cmd/readlink: implementation -- srd050 R3.1, R3.2",353302,5102,62387,290909,0.663,7583,7622,39,5802,5802,0,89,1,44,5
244a52815050104b1acce37cd7fcaf1a8f951ad4,2026-04-07T20:47:43-04:00,4577,stitch,cmd/readlink,cmd,srd050,"R4.1, R4.2, R4.3",False,"Task 4577: [stitch] cmd/readlink: tests -- srd050 R4.1, R4.2, R4.3",782475,9422,85097,697368,1.1161,7622,7622,0,5802,6127,325,158,1,325,0
d80222a4e780a30e1f9fcd2e70f47fa308781b44,2026-04-07T20:48:46-04:00,4578,stitch,cmd/echo,cmd,srd020,"R1.1, R1.2, R1.3, R1.4",False,"Task 4578: [stitch] cmd/echo: implementation -- srd020 R1.1, R1.2, R1.3, R1.4",270726,2013,59489,211232,0.5278,7622,7693,71,6127,6127,0,46,1,71,0
e16d56c5dee4131eed19b5db7f245d11465ef182,2026-04-07T20:52:09-04:00,4580,stitch,cmd/echo,cmd,srd020,"R2.1, R2.2, R2.3, R2.4",False,"Task 4580: [stitch] cmd/echo: implementation -- srd020 R2.1, R2.2, R2.3, R2.4",412583,3297,59190,353386,0.6291,7693,7831,138,6127,6127,0,61,1,149,11
c2a19f3bdc1701c318f84d44a268fad0d169497b,2026-04-07T20:53:23-04:00,4581,stitch,cmd/echo,cmd,srd020,"R3.1, R3.2, R3.3",False,"Task 4581: [stitch] cmd/echo: implementation -- srd020 R3.1, R3.2, R3.3",344719,2010,59496,285217,0.5647,7831,7833,2,6127,6127,0,55,1,3,1
eb0a90f21e700f5fdc385501f88cbfc21fba662a,2026-04-07T20:54:53-04:00,4582,stitch,cmd/echo,cmd,srd020,"R4.1, R4.2, R4.3",False,"Task 4582: [stitch] cmd/echo: tests -- srd020 R4.1, R4.2, R4.3",375088,2745,66703,308379,0.6397,7833,7833,0,6127,6303,176,72,1,176,0
84ee0591bedea69db24113458fb4af38a1c88e9c,2026-04-07T20:56:44-04:00,4583,stitch,cmd/tac,cmd,srd021,"R1.1, R1.2, R1.3, R1.4",False,"Task 4583: [stitch] cmd/tac: implementation -- srd021 R1.1, R1.2, R1.3, R1.4",808840,4871,65902,742926,0.9052,7833,7953,120,6303,6303,0,93,1,120,0
f7211704cca386b27ab2ea868ad33c5163bbd485,2026-04-07T21:11:43-04:00,4585,stitch,cmd/tac,cmd,srd021,"R2.1, R2.2, R2.3, R2.4",False,"Task 4585: [stitch] cmd/tac: implementation -- srd021 R2.1, R2.2, R2.3, R2.4",872582,52995,113217,759356,2.4122,7953,8098,145,6303,6303,0,759,1,177,32
c56f7f997cfaef2c5d3de09e35c60be7f11a0de6,2026-04-07T21:13:37-04:00,4586,stitch,cmd/tac,cmd,srd021,"R3.1, R3.2, R3.3, R3.4",False,"Task 4586: [stitch] cmd/tac: implementation -- srd021 R3.1, R3.2, R3.3, R3.4",433274,5225,64039,369228,0.7155,8098,8118,20,6303,6303,0,97,1,23,3
d1a3ca23ab769df4a97478a9c68be9009a4a53ab,2026-04-07T21:16:46-04:00,4587,stitch,cmd/tac,cmd,srd021,"R4.1, R4.2, R4.3",False,"Task 4587: [stitch] cmd/tac: tests -- srd021 R4.1, R4.2, R4.3",1062398,9328,77812,984572,1.2119,8118,8122,4,6303,6417,114,171,2,120,2
0a9245f1817c2aff1237bf0baef9edbeebac78a0,2026-04-07T21:22:13-04:00,4588,stitch,cmd/nl,cmd,srd022,"R1.1, R1.2, R1.3, R1.4",False,"Task 4588: [stitch] cmd/nl: implementation -- srd022 R1.1, R1.2, R1.3, R1.4",1563825,14929,81964,1481841,1.6265,8122,8304,182,6417,6417,0,311,1,182,0
fbb5d86554d8aee642b4aa09cb51c7934e8b774a,2026-04-07T21:26:24-04:00,4590,stitch,cmd/nl,cmd,srd022,"R2.1, R2.2, R2.3, R2.4",False,"Task 4590: [stitch] cmd/nl: implementation -- srd022 R2.1, R2.2, R2.3, R2.4",733959,6302,64308,669640,0.8943,8304,8384,80,6417,6417,0,122,1,98,18
679732e25ee7563d4120dfa7f64cb6e77de7b46d,2026-04-07T21:27:59-04:00,4591,stitch,cmd/nl,cmd,srd022,"R3.1, R3.2, R3.3, R3.4",False,"Task 4591: [stitch] cmd/nl: implementation -- srd022 R3.1, R3.2, R3.3, R3.4",443703,5117,67155,376541,0.7359,8384,8430,46,6417,6417,0,78,1,53,7
725e0a61aef25f7dc133e3b093bbe8b119cc0017,2026-04-07T21:39:55-04:00,4592,stitch,cmd/nl,cmd,srd022,"R4.1, R4.2, R4.3, R4.4",False,"Task 4592: [stitch] cmd/nl: tests -- srd022 R4.1, R4.2, R4.3, R4.4",995065,41283,113994,881060,2.1851,8430,8521,91,6417,6540,123,699,2,260,46
1041eeb1ea3777e5aef8ce772ba2ff0e87d5c98c,2026-04-07T21:41:39-04:00,4593,stitch,cmd/fold,cmd,srd023,"R1.1, R1.2, R1.3, R1.4",False,"Task 4593: [stitch] cmd/fold: implementation -- srd023 R1.1, R1.2, R1.3, R1.4",441936,4544,65508,376421,0.7113,8521,8798,277,6540,6540,0,88,1,277,0
e260973766dcf7b6f77394a2481c97b1dd9f4295,2026-04-07T21:44:48-04:00,4595,stitch,cmd/fold,cmd,srd023,"R2.1, R2.2, R2.3",False,"Task 4595: [stitch] cmd/fold: implementation -- srd023 R2.1, R2.2, R2.3",350756,2760,60950,289800,0.5949,8798,8798,0,6540,6540,0,84,1,1,1
b487288e972e3b8f39c48fe42ee3c05d2cc2d0f3,2026-04-07T21:46:47-04:00,4596,stitch,cmd/fold,cmd,srd023,"R3.1, R3.2, R3.3, R3.4",False,"Task 4596: [stitch] cmd/fold: implementation -- srd023 R3.1, R3.2, R3.3, R3.4",431515,4647,63290,368218,0.6959,8798,8801,3,6540,6540,0,101,1,5,2
f304065a5088c928293a5762038db1e9027f00c3,2026-04-07T21:50:34-04:00,4597,stitch,cmd/fold,cmd,srd023,"R4.1, R4.2, R4.3, R4.4",False,"Task 4597: [stitch] cmd/fold: tests -- srd023 R4.1, R4.2, R4.3, R4.4",988579,11067,77273,911293,1.2153,8801,8801,0,6540,6765,225,209,1,225,0
5d0b849e018d667138d1d5bd57632f91a9d0ae97,2026-04-07T22:48:55-04:00,4598,stitch,cmd/expand,cmd,srd024,"R1.1, R1.2, R1.3, R1.4",False,"Task 4598: [stitch] cmd/expand: implementation -- srd024 R1.1, R1.2, R1.3, R1.4",650945,3001,62946,587989,0.7625,8801,8926,125,6765,6765,0,79,1,125,0
25bfd1ecc05d00fd88233b48ed3eca03b8609292,2026-04-07T22:57:53-04:00,4600,stitch,cmd/expand,cmd,srd024,"R2.1, R2.2, R2.3, R2.4",False,"Task 4600: [stitch] cmd/expand: implementation -- srd024 R2.1, R2.2, R2.3, R2.4",1022273,21016,83455,938805,1.5165,8926,9034,108,6765,6870,105,395,2,225,12
f0160f73d53d2f3dc129a066d1d16b18a2e20b16,2026-04-07T23:00:26-04:00,4601,stitch,cmd/expand,cmd,srd024,"R3.1, R3.2, R3.3, R3.4",False,"Task 4601: [stitch] cmd/expand: implementation -- srd024 R3.1, R3.2, R3.3, R3.4",471159,7095,70932,400220,0.8208,9034,9034,0,6870,6899,29,136,2,31,2
5d5a9a8729988bc33b9f8049f9a0dc2edef0355f,2026-04-07T23:12:06-04:00,4603,stitch,cmd/unexpand,cmd,srd025,"R1.1, R1.2, R1.3, R1.4",False,"Task 4603: [stitch] cmd/unexpand: implementation -- srd025 R1.1, R1.2, R1.3, R1.4",1035462,37734,102114,933337,2.0483,9034,9356,322,6899,6978,79,618,2,401,0
158b482110b9b6411c78e67ae9359f5fcc15866e,2026-04-07T23:16:50-04:00,4605,stitch,cmd/unexpand,cmd,srd025,"R2.1, R2.2, R2.3",False,"Task 4605: [stitch] cmd/unexpand: implementation -- srd025 R2.1, R2.2, R2.3",446397,6463,67467,378923,0.7727,9356,9356,0,6978,7031,53,121,2,54,1
01410d08339ea642f08d85e4ed35d78ff6827238,2026-04-07T23:18:35-04:00,4606,stitch,cmd/unexpand,cmd,srd025,"R3.1, R3.2, R3.3",False,"Task 4606: [stitch] cmd/unexpand: implementation -- srd025 R3.1, R3.2, R3.3",450774,4488,69238,381529,0.7357,9356,9356,0,7031,7120,89,86,2,90,1
5d36865c8e725f78d56e2368f096cc4ce0338e84,2026-04-07T23:20:32-04:00,4607,stitch,cmd/unexpand,cmd,srd025,"R4.1, R4.2, R4.3, R4.4",False,"Task 4607: [stitch] cmd/unexpand: implementation -- srd025 R4.1, R4.2, R4.3, R4.4",982864,3885,67629,915221,0.9775,9356,9356,0,7120,7153,33,100,2,34,1
33631bb9d1f48b3cb6ec265bab598edb2faafa6b,2026-04-07T23:22:47-04:00,4608,stitch,cmd/cut,cmd,srd026,"R1.1, R1.2, R1.3, R1.4",True,"Task 4608: [stitch] cmd/cut: implementation (contract) -- srd026 R1.1, R1.2, R1.3, R1.4",759744,7221,67777,691956,0.9502,9356,9696,340,7153,7275,122,117,2,462,0
6f6e623cd90262287d0aacd78161c5f19858235b,2026-04-07T23:27:05-04:00,4610,stitch,cmd/cut,cmd,srd026,"R2.1, R2.2, R2.3, R2.4",False,"Task 4610: [stitch] cmd/cut: implementation -- srd026 R2.1, R2.2, R2.3, R2.4",609016,6271,68006,541001,0.8524,9696,9714,18,7275,7275,0,121,1,27,9
38a2518aee0d5ce7ed8104120c582979f355377c,2026-04-07T23:33:15-04:00,4611,stitch,cmd/cut,cmd,srd026,"R3.1, R3.2, R3.3",False,"Task 4611: [stitch] cmd/cut: implementation -- srd026 R3.1, R3.2, R3.3",498404,23125,83906,414491,1.3098,9714,9868,154,7275,7275,0,351,1,167,13
a4309298cd4a2497d5daf781f38beff070f0a021,2026-04-07T23:44:50-04:00,4612,stitch,cmd/cut,cmd,srd026,"R4.1, R4.2, R4.3, R4.4",False,"Task 4612: [stitch] cmd/cut: implementation -- srd026 R4.1, R4.2, R4.3, R4.4",1848374,39702,115704,1732652,2.5821,9868,9942,74,7275,7349,74,676,2,253,105
d141193da90625b852823a1ef75bad42902da5cb,2026-04-07T23:47:01-04:00,4613,stitch,cmd/paste,cmd,srd027,"R1.1, R1.2, R1.3, R1.4",True,"Task 4613: [stitch] cmd/paste: implementation (contract) -- srd027 R1.1, R1.2, R1.3, R1.4",840128,5165,68769,771347,0.9447,9942,10301,359,7349,7349,0,113,1,359,0
f6499523702e209b9f19b86c53e7f81211fdf469,2026-04-07T23:51:38-04:00,4615,stitch,cmd/paste,cmd,srd027,"R2.1, R2.2, R2.3",False,"Task 4615: [stitch] cmd/paste: implementation -- srd027 R2.1, R2.2, R2.3",1002730,7227,87427,915291,1.1848,10301,10330,29,7349,7493,144,149,2,212,39
f57040396d64c4bd02a26feee44a3b16de49d49d,2026-04-07T23:53:08-04:00,4616,stitch,cmd/paste,cmd,srd027,"R3.1, R3.2, R3.3",False,"Task 4616: [stitch] cmd/paste: implementation -- srd027 R3.1, R3.2, R3.3",626357,2734,69402,556946,0.7806,10330,10329,-1,7493,7536,43,70,2,45,3
b7773380a8bdf995f11609c761746e680a49c3b1,2026-04-07T23:57:54-04:00,4617,stitch,cmd/paste,cmd,srd027,"R4.1, R4.2, R4.3, R4.4",False,"Task 4617: [stitch] cmd/paste: implementation -- srd027 R4.1, R4.2, R4.3, R4.4",1521934,10961,85897,1436019,1.529,10329,10333,4,7536,7613,77,268,2,84,3
a680ac962570fcacbdeb2618bafccf2be514d461,2026-04-08T00:06:41-04:00,4618,stitch,cmd/uniq,cmd,srd028,"R1.1, R1.2, R1.3, R1.4",True,"Task 4618: [stitch] cmd/uniq: implementation (contract) -- srd028 R1.1, R1.2, R1.3, R1.4",1433993,30917,98747,1335231,2.0578,10333,10812,479,7613,7613,0,510,1,479,0
1975818d41ce3c057c4fea3f96062529b869c25a,2026-04-08T00:13:21-04:00,4620,stitch,cmd/comm,cmd,srd029,"R1.1, R1.2, R1.3, R1.4",True,"Task 4620: [stitch] cmd/comm: implementation (contract) -- srd029 R1.1, R1.2, R1.3, R1.4",1124007,14659,84422,1039571,1.414,10812,11298,486,7613,7751,138,255,2,624,0
fb6a66c1921f99dd78f8c18c7c03eb8d4276ea12,2026-04-08T00:15:06-04:00,4621,stitch,cmd/uniq,cmd,srd028,"R2.1, R2.2, R2.3, R2.4",False,"Task 4621: [stitch] cmd/uniq: implementation -- srd028 R2.1, R2.2, R2.3, R2.4",820159,4209,65755,754392,0.8934,11298,11307,9,7751,7912,161,87,2,174,4
9bd1ea93be86493cd45134c4523ce2e6b383d031,2026-04-08T00:16:49-04:00,4622,stitch,cmd/uniq,cmd,srd028,"R3.1, R3.2, R3.3, R3.4",False,"Task 4622: [stitch] cmd/uniq: implementation -- srd028 R3.1, R3.2, R3.3, R3.4",455119,4440,68086,387026,0.7301,11307,11307,0,7912,8026,114,84,2,116,2
99311da44d49aec2b5c56e880782d2bbf9c0aed2,2026-04-08T00:24:55-04:00,4623,stitch,cmd/uniq,cmd,srd028,"R4.1, R4.2, R4.3, R4.4",False,"Task 4623: [stitch] cmd/uniq: implementation -- srd028 R4.1, R4.2, R4.3, R4.4",1420541,28205,100377,1320149,1.9926,11307,11391,84,8026,8192,166,467,2,286,36
abb9f9c13bb3597524caa472ebd4df21debd9b64,2026-04-08T00:28:45-04:00,4625,stitch,cmd/comm,cmd,srd029,"R2.1, R2.2, R2.3, R2.4",False,"Task 4625: [stitch] cmd/comm: implementation -- srd029 R2.1, R2.2, R2.3, R2.4",645021,3756,73056,571956,0.8365,11391,11391,0,8192,8224,32,85,2,34,2
e0e38ce8a4db05ee6a89eb9dbc80837587a28ce4,2026-04-08T00:35:32-04:00,4626,stitch,cmd/comm,cmd,srd029,"R3.1, R3.2, R3.3, R3.4",False,"Task 4626: [stitch] cmd/comm: implementation -- srd029 R3.1, R3.2, R3.3, R3.4",944657,20952,90938,853708,1.5191,11391,11406,15,8224,8261,37,389,2,80,28
f568e838f2cfb1004c55973fd6e1b7787b9126d8,2026-04-08T00:38:42-04:00,4627,stitch,cmd/comm,cmd,srd029,"R4.1, R4.2, R4.3, R4.4",False,"Task 4627: [stitch] cmd/comm: implementation -- srd029 R4.1, R4.2, R4.3, R4.4",1009110,6814,77963,931134,1.1233,11406,11406,0,8261,8352,91,171,2,94,3
24d0cb54bf16dbb880677ee345fa49230ca497ad,2026-04-08T00:40:14-04:00,4628,stitch,cmd/md5sum,cmd,srd030,"R1.1, R1.2, R1.3, R1.4",True,"Task 4628: [stitch] cmd/md5sum: implementation (contract) -- srd030 R1.1, R1.2, R1.3, R1.4",462406,2800,68261,394138,0.6937,11406,11582,176,8352,8352,0,73,1,176,0
031986fadd37e76fadcfcfe0fd94955a38c4ed2f,2026-04-08T00:44:49-04:00,4630,stitch,cmd/md5sum,cmd,srd030,"R2.1, R2.2, R2.3, R2.4",False,"Task 4630: [stitch] cmd/md5sum: implementation -- srd030 R2.1, R2.2, R2.3, R2.4",371537,5861,66918,304613,0.7171,11582,11582,0,8352,8352,0,119,1,1,1
5fca00f80f439e39a6798f3b0386888564db98a6,2026-04-08T00:46:35-04:00,4631,stitch,cmd/md5sum,cmd,srd030,"R3.1, R3.2, R3.3",False,"Task 4631: [stitch] cmd/md5sum: implementation -- srd030 R3.1, R3.2, R3.3",441434,4439,65067,376360,0.7059,11582,11583,1,8352,8352,0,88,1,2,1
c973974d644fc28252cc191f2be27927872a2991,2026-04-08T00:49:50-04:00,4632,stitch,cmd/md5sum,cmd,srd030,"R4.1, R4.2, R4.3",False,"Task 4632: [stitch] cmd/md5sum: implementation -- srd030 R4.1, R4.2, R4.3",812327,9008,77659,734657,1.078,11583,11583,0,8352,8679,327,178,1,327,0
8fe71a361def3fd4a3f17b98c43a2cb27f7ff5f2,2026-04-08T00:50:58-04:00,4633,stitch,cmd/sha1sum,cmd,srd031,"R1.1, R1.2, R1.3, R1.4",True,"Task 4633: [stitch] cmd/sha1sum: implementation (contract) -- srd031 R1.1, R1.2, R1.3, R1.4",412637,2511,59404,353226,0.6107,11583,11757,174,8679,8679,0,51,1,174,0
7a74d2b9feef8c48def0670e47c530bd863d7ae9,2026-04-08T00:54:54-04:00,4635,stitch,cmd/sha1sum,cmd,srd031,"R2.1, R2.2, R2.3",False,"Task 4635: [stitch] cmd/sha1sum: implementation -- srd031 R2.1, R2.2, R2.3",503574,3481,62988,440578,0.701,11757,11757,0,8679,8679,0,92,1,1,1
5b7f580b5645a0b76ba75b0975b692378bcc6efe,2026-04-08T06:38:42-04:00,4636,stitch,cmd/sha1sum,cmd,srd031,"R3.1, R3.2",False,"Task 4636: [stitch] cmd/sha1sum: implementation -- srd031 R3.1, R3.2",366460,2412,64840,301614,0.6164,11757,11757,0,8679,8679,0,53,1,1,1
a124d23b713e8a86c8372c0beed97f17340bf872,2026-04-08T06:41:11-04:00,4637,stitch,cmd/sha1sum,cmd,srd031,"R4.1, R4.2, R4.3",False,"Task 4637: [stitch] cmd/sha1sum: implementation -- srd031 R4.1, R4.2, R4.3",637626,7020,74096,563521,0.9204,11757,11758,1,8679,9003,324,130,2,326,1
afa1efe85a6bd4122f307c80037cf67202949525,2026-04-08T06:42:30-04:00,4638,stitch,cmd/sha256sum,cmd,srd032,"R1.1, R1.2, R1.3, R1.4",True,"Task 4638: [stitch] cmd/sha256sum: implementation (contract) -- srd032 R1.1, R1.2, R1.3, R1.4",355197,2876,62238,292953,0.6074,11758,11932,174,9003,9003,0,59,1,174,0
42052dacd7c4aa419614735a55b97fd12daed15d,2026-04-08T06:46:09-04:00,4640,stitch,cmd/sha256sum,cmd,srd032,"R2.1, R2.2, R2.3",False,"Task 4640: [stitch] cmd/sha256sum: implementation -- srd032 R2.1, R2.2, R2.3",373937,2479,66101,307830,0.6291,11932,11932,0,9003,9003,0,81,1,1,1
91b51f23ac0d4ed048cf8c63156d15445776a437,2026-04-08T06:48:28-04:00,4641,stitch,cmd/sha256sum,cmd,srd032,"R3.1, R3.2",False,"Task 4641: [stitch] cmd/sha256sum: implementation -- srd032 R3.1, R3.2",381500,5795,68507,312987,0.7296,11932,11938,6,9003,9003,0,119,1,9,3
c5769e19d9624bb8877e7164a4f61e46a0a851b7,2026-04-08T06:51:32-04:00,4642,stitch,cmd/sha256sum,cmd,srd032,"R4.1, R4.2, R4.3",False,"Task 4642: [stitch] cmd/sha256sum: implementation -- srd032 R4.1, R4.2, R4.3",685606,8263,83271,602326,1.0282,11938,11985,47,9003,9348,345,165,2,401,9
744cdb1a75e8aebeadd9e7b24645949d44f1c6c4,2026-04-08T06:52:46-04:00,4643,stitch,cmd/sha512sum,cmd,srd033,"R1.1, R1.2, R1.3, R1.4",True,"Task 4643: [stitch] cmd/sha512sum: implementation (contract) -- srd033 R1.1, R1.2, R1.3, R1.4",370296,2951,65478,304812,0.6354,11985,12203,218,9348,9348,0,57,1,218,0
bd6e2a9a26b48740ef8a7dc235bfd85fbf116f22,2026-04-08T06:56:23-04:00,4645,stitch,cmd/sha512sum,cmd,srd033,"R2.1, R2.2, R2.3",False,"Task 4645: [stitch] cmd/sha512sum: implementation -- srd033 R2.1, R2.2, R2.3",458254,3499,67983,390264,0.7075,12203,12205,2,9348,9348,0,70,1,4,2
531ca1bb8d1a9ca411bb126c479edd16b6e92498,2026-04-08T06:58:00-04:00,4646,stitch,cmd/sha512sum,cmd,srd033,"R3.1, R3.2",False,"Task 4646: [stitch] cmd/sha512sum: implementation -- srd033 R3.1, R3.2",688235,3351,67848,620377,0.8181,12205,12205,0,9348,9348,0,77,1,1,1
bd79047a1f4ae9a161d1fd813c98eed8a4b1cfba,2026-04-08T07:01:45-04:00,4647,stitch,cmd/sha512sum,cmd,srd033,"R4.1, R4.2, R4.3",False,"Task 4647: [stitch] cmd/sha512sum: implementation -- srd033 R4.1, R4.2, R4.3",1610634,9723,84417,1526198,1.5339,12205,12206,1,9348,9698,350,202,2,352,1
2b805d2a18123e95bc8eb83209325f99d57a7b1b,2026-04-08T07:03:04-04:00,4648,stitch,cmd/mkdir,cmd,srd034,"R1.1, R1.2, R1.3, R1.4",True,"Task 4648: [stitch] cmd/mkdir: implementation (contract) -- srd034 R1.1, R1.2, R1.3, R1.4",349735,3383,61012,288717,0.6103,12206,12424,218,9698,9698,0,59,1,218,0
1e31985d6f2d05e52f3bf50b17370957a271dadc,2026-04-08T07:06:56-04:00,4650,stitch,cmd/mkdir,cmd,srd034,"R2.1, R2.2, R2.3",False,"Task 4650: [stitch] cmd/mkdir: implementation -- srd034 R2.1, R2.2, R2.3",579356,4834,87898,491451,0.916,12424,12454,30,9698,9698,0,85,1,33,3
3ed72019a2582f67713d0a8218ab37afd5c1891a,2026-04-08T07:13:00-04:00,4651,stitch,cmd/mkdir,cmd,srd034,"R3.1, R3.2, R3.3, R3.4",False,"Task 4651: [stitch] cmd/mkdir: implementation -- srd034 R3.1, R3.2, R3.3, R3.4",654999,23044,106708,548284,1.5172,12454,12639,185,9698,9698,0,344,1,205,20
43c32bed90b42e1a1701718183d5ed3dfb4bf273,2026-04-08T07:19:11-04:00,4652,stitch,cmd/mkdir,cmd,srd034,"R4.1, R4.2, R4.3",False,"Task 4652: [stitch] cmd/mkdir: implementation -- srd034 R4.1, R4.2, R4.3",1521436,22427,114701,1406721,1.981,12639,12639,0,9698,9943,245,352,1,245,0
a3175824259041a0287fd5a0f1b3d17784fb4869,2026-04-08T07:20:28-04:00,4653,stitch,cmd/rmdir,cmd,srd035,"R1.1, R1.2, R1.3, R1.4",True,"Task 4653: [stitch] cmd/rmdir: implementation (contract) -- srd035 R1.1, R1.2, R1.3, R1.4",589804,3192,89598,500199,0.8899,12639,12820,181,9943,9943,0,59,1,181,0
eeab9fe88d4884147a407cc645e6655c2536987f,2026-04-08T07:23:31-04:00,4655,stitch,cmd/rmdir,cmd,srd035,"R2.1, R2.2, R2.3",False,"Task 4655: [stitch] cmd/rmdir: implementation -- srd035 R2.1, R2.2, R2.3",560462,2609,60567,499886,0.6938,12820,12838,18,9943,9943,0,60,1,26,8
3d1a702dfe0aa98e68077b0a9168f716f4d1f1f2,2026-04-08T07:24:59-04:00,4656,stitch,cmd/rmdir,cmd,srd035,"R3.1, R3.2, R3.3, R3.4",False,"Task 4656: [stitch] cmd/rmdir: implementation -- srd035 R3.1, R3.2, R3.3, R3.4",352757,3874,61610,291141,0.6275,12838,12872,34,9943,9943,0,68,1,50,16
f53266e30f24b6aa4513d1c3ae518d9f5b4bb8d9,2026-04-08T07:27:20-04:00,4657,stitch,cmd/rmdir,cmd,srd035,"R4.1, R4.2, R4.3",False,"Task 4657: [stitch] cmd/rmdir: implementation (test) -- srd035 R4.1, R4.2, R4.3",866712,6874,72694,794006,1.0233,12872,12878,6,9943,10240,297,122,2,307,4
97df3e2e77ea7d2b1fbdcfaef0e01af73a7434e5,2026-04-08T07:28:45-04:00,4658,stitch,cmd/mktemp,cmd,srd036,"R1.1, R1.2, R1.3, R1.4",True,"Task 4658: [stitch] cmd/mktemp: implementation (contract) -- srd036 R1.1, R1.2, R1.3, R1.4",288414,3279,64193,224216,0.5953,12878,13130,252,10240,10240,0,67,1,252,0
76606862febce99513654e2a271c31c8b26b8f4a,2026-04-08T07:34:19-04:00,4660,stitch,cmd/mktemp,cmd,srd036,"R1.5, R2.1, R2.2, R2.3",False,"Task 4660: [stitch] cmd/mktemp: implementation -- srd036 R1.5, R2.1, R2.2, R2.3",775420,9395,69453,705956,1.022,13130,13237,107,10240,10240,0,163,1,118,11
782064176a94558127fa02e7c489867250c6a01b,2026-04-08T07:37:39-04:00,4661,stitch,cmd/mktemp,cmd,srd036,"R3.1, R3.2, R3.3, R3.4",False,"Task 4661: [stitch] cmd/mktemp: implementation -- srd036 R3.1, R3.2, R3.3, R3.4",687728,7992,68192,619526,0.9358,13237,13254,17,10240,10240,0,181,1,20,3
538a66d9c3ba8eb387d1bc3a08397ab362b1c828,2026-04-08T07:39:35-04:00,4662,stitch,cmd/mktemp,cmd,srd036,"R3.5, R3.6",False,"Task 4662: [stitch] cmd/mktemp: implementation -- srd036 R3.5, R3.6",587313,4381,64716,522588,0.7753,13254,13263,9,10240,10240,0,96,1,12,3
8a5bf2d0c4b2be2b03350d9c5be6c49594533709,2026-04-08T07:49:47-04:00,4663,stitch,cmd/mktemp,cmd,srd036,"R4.1, R4.2, R4.3, R4.4",False,"Task 4663: [stitch] cmd/mktemp: implementation (test) -- srd036 R4.1, R4.2, R4.3, R4.4",586622,38130,108761,477854,1.872,13263,13263,0,10240,10482,242,594,1,242,0
839041811264d4fbf33a74fb914f1105163dec2f,2026-04-08T08:04:18-04:00,4665,stitch,cmd/ln,cmd,srd037,"R1.1, R1.2, R1.3, R1.4",False,"Task 4665: [stitch] cmd/ln: implementation -- srd037 R1.1, R1.2, R1.3, R1.4",440200,1230,56210,383983,0.6462,13263,13395,132,10482,10482,0,670,1,132,0
085fce6683b93a199deee2c110100aff5cd49dee,2026-04-08T08:06:35-04:00,4666,stitch,cmd/ln,cmd,srd037,"R2.1, R2.2, R2.3, R2.4",False,"Task 4666: [stitch] cmd/ln: implementation -- srd037 R2.1, R2.2, R2.3, R2.4",650122,5953,63585,586527,0.8395,13395,13487,92,10482,10482,0,116,1,122,30
ba89c4106a5f8a979b8a5cdfd1264004fe9edfa8,2026-04-08T08:07:42-04:00,4667,stitch,cmd/unlink,cmd,srd038,"R1.1, R1.2, R1.3, R2.1",False,"Task 4667: [stitch] cmd/unlink: implementation -- srd038 R1.1, R1.2, R1.3, R2.1",555282,1983,60243,495030,0.6737,13487,13537,50,10482,10482,0,49,1,50,0
2ecf725a61283afadf07701f26591628d92677f2,2026-04-08T08:09:01-04:00,4668,stitch,cmd/unlink,cmd,srd038,"R2.2, R2.3, R2.4",False,"Task 4668: [stitch] cmd/unlink: implementation -- srd038 R2.2, R2.3, R2.4",339673,2902,58232,281435,0.5772,13537,13556,19,10482,10482,0,61,1,24,5
55a8c6b33daa403180bade33a6154f890b4ce536,2026-04-08T08:16:59-04:00,4670,stitch,cmd/ln,cmd,srd037,"R3.1, R3.2, R3.3",False,"Task 4670: [stitch] cmd/ln: implementation -- srd037 R3.1, R3.2, R3.3",1662307,16757,86646,1575641,1.7484,13556,13615,59,10482,10915,433,311,2,511,19
5043175acceff819e2e06e240f8594370830a910,2026-04-08T08:25:25-04:00,4671,stitch,cmd/ln,cmd,srd037,"R3.4, R3.5, R3.6",False,"Task 4671: [stitch] cmd/ln: implementation -- srd037 R3.4, R3.5, R3.6",563479,30129,97669,465803,1.5966,13615,13744,129,10915,11094,179,486,2,343,35
7bce8c7ed816b1f88bd3627a5f60317350044a76,2026-04-08T08:30:17-04:00,4672,stitch,cmd/ln,cmd,srd037,"R4.1, R4.2, R4.3",False,"Task 4672: [stitch] cmd/ln: implementation -- srd037 R4.1, R4.2, R4.3",827785,18267,88428,739347,1.3791,13744,13791,47,11094,11267,173,270,2,230,10
1bc6a125367c443e671172063235744da1d73f1a,2026-04-08T09:35:05-04:00,4673,stitch,cmd/unlink,cmd,srd038,"R3.1, R3.2, R3.3",False,"Task 4673: [stitch] cmd/unlink: implementation -- srd038 R3.1, R3.2, R3.3",1246038,6984,76769,1169252,1.2391,13791,13775,-16,11267,11527,260,132,2,263,19
619b7bf0a77711c4a3ad42397344442a39354845,2026-04-08T09:39:04-04:00,4675,stitch,cmd/groups,cmd,srd043,"R1.1, R1.2, R1.3, R2.1",False,"Task 4675: [stitch] cmd/groups: implementation -- srd043 R1.1, R1.2, R1.3, R2.1",624468,2795,60029,564429,0.7273,13775,13910,135,11527,11527,0,65,1,135,0
d21b72ee0e42d84e52c191065213ce6b14334888,2026-04-08T09:40:22-04:00,4676,stitch,cmd/groups,cmd,srd043,"R2.2, R2.3",False,"Task 4676: [stitch] cmd/groups: implementation -- srd043 R2.2, R2.3",549673,2118,58690,490974,0.6653,13910,13910,0,11527,11527,0,56,1,3,3
1b622113257beb20d0a988d8cd32d5cc6c28b703,2026-04-08T09:41:15-04:00,4677,stitch,cmd/whoami,cmd,srd042,"R1.1, R1.2, R2.1, R2.2",False,"Task 4677: [stitch] cmd/whoami: implementation -- srd042 R1.1, R1.2, R2.1, R2.2",340390,1977,58296,282088,0.5548,13910,13988,78,11527,11527,0,35,1,78,0
cf2ad0a7b5fcdd7268b334ed7b5f23b64dffbc00,2026-04-08T09:42:18-04:00,4678,stitch,cmd/whoami,cmd,srd042,"R3.1, R3.2, R3.3",False,"Task 4678: [stitch] cmd/whoami: tests -- srd042 R3.1, R3.2, R3.3",363832,1802,62915,300911,0.5888,13988,13988,0,11527,11617,90,43,1,90,0
0eb1f9fe1eabe025635cbb3c9574a98f719b9764,2026-04-08T09:47:40-04:00,4680,stitch,cmd/groups,cmd,srd043,"R3.1, R3.2, R3.3",False,"Task 4680: [stitch] cmd/groups: tests -- srd043 R3.1, R3.2, R3.3",612677,5483,70378,542290,0.8481,13988,14001,13,11617,11741,124,125,2,150,13
137e1fddf867f061e8799402f7e7a4551d8798aa,2026-04-08T09:48:59-04:00,4681,stitch,cmd/env,cmd,srd039,"R1.1, R1.2, R1.3, R2.1",False,"Task 4681: [stitch] cmd/env: implementation -- srd039 R1.1, R1.2, R1.3, R2.1",346247,3728,60052,286189,0.6116,14001,14195,194,11741,11741,0,61,1,194,0
358b5f60ae9bf5525d72f3c092846c1a369d7dd2,2026-04-08T09:50:31-04:00,4682,stitch,cmd/env,cmd,srd039,"R2.2, R2.3",False,"Task 4682: [stitch] cmd/env: implementation -- srd039 R2.2, R2.3",351237,4054,61296,289935,0.6294,14195,14273,78,11741,11741,0,72,1,110,32
264287a0e6de76746ea14a37993379d3cd9d4752,2026-04-08T09:55:20-04:00,4683,stitch,cmd/env,cmd,srd039,"R3.1, R3.2, R3.3",False,"Task 4683: [stitch] cmd/env: tests -- srd039 R3.1, R3.2, R3.3",1034957,13830,80527,954417,1.3263,14273,14273,0,11741,11950,209,269,1,209,0
39ac41821260b8dc7100533090324f47824b333e,2026-04-08T09:58:48-04:00,4685,stitch,cmd/printenv,cmd,srd040,"R1.1, R1.2, R1.3, R2.1",False,"Task 4685: [stitch] cmd/printenv: implementation -- srd040 R1.1, R1.2, R1.3, R2.1",423888,2247,61245,362636,0.6203,14273,14395,122,11950,11950,0,50,1,122,0
117583ffbaa324c7509ca9ac0f2a1fb644e7b388,2026-04-08T10:00:01-04:00,4686,stitch,cmd/printenv,cmd,srd040,"R2.2, R2.3, R2.4",False,"Task 4686: [stitch] cmd/printenv: implementation -- srd040 R2.2, R2.3, R2.4",409610,2065,58401,351202,0.5923,14395,14395,0,11950,11950,0,52,1,1,1
6950a81a1204bc7956a1a9401b02e96b8df72826,2026-04-08T10:01:38-04:00,4687,stitch,cmd/printenv,cmd,srd040,"R3.1, R3.2, R3.3",False,"Task 4687: [stitch] cmd/printenv: tests -- srd040 R3.1, R3.2, R3.3",389064,3013,69770,319288,0.6711,14395,14395,0,11950,12121,171,75,1,171,0
5ff7664fe7df95a33a9df1e7f7e9ef3913db8470,2026-04-08T10:04:30-04:00,4688,stitch,cmd/env,cmd,srd039,"R4.1, R4.2, R4.3",False,"Task 4688: [stitch] cmd/env: tests -- srd039 R4.1, R4.2, R4.3",755705,7252,78955,676740,1.0132,14395,14395,0,12121,12304,183,151,1,184,1
a3decfff587c4204534c734fde35598d4a810e1f,2026-04-08T10:08:44-04:00,4690,stitch,cmd/id,cmd,srd041,"R1.1, R1.2, R1.3, R2.1",False,"Task 4690: [stitch] cmd/id: implementation -- srd041 R1.1, R1.2, R1.3, R2.1",361088,5606,64338,296744,0.6907,14395,14807,412,12304,12304,0,81,1,412,0
8cf5f76d8ba59c4ccce7466e2b552268eddc9a12,2026-04-08T10:11:20-04:00,4691,stitch,cmd/id,cmd,srd041,"R2.2, R2.3, R2.4",False,"Task 4691: [stitch] cmd/id: implementation -- srd041 R2.2, R2.3, R2.4",374209,8082,68447,305756,0.7828,14807,14837,30,12304,12304,0,133,1,39,9
a6f02a12b2eaa5e7c3e4958494eff83a7a4eab55,2026-04-08T10:13:36-04:00,4692,stitch,cmd/id,cmd,srd041,"R3.1, R3.2, R3.3",False,"Task 4692: [stitch] cmd/id: implementation -- srd041 R3.1, R3.2, R3.3",675563,5424,66815,608738,0.8576,14837,14845,8,12304,12304,0,113,1,11,3
87545c0d90bc112ed8afe3d01afbbb5356add350,2026-04-08T10:17:44-04:00,4693,stitch,cmd/id,cmd,srd041,"R4.1, R4.2, R4.3",False,"Task 4693: [stitch] cmd/id: tests -- srd041 R4.1, R4.2, R4.3",790390,13822,89962,700418,1.2581,14845,14850,5,12304,12558,254,224,2,290,31
52b57edc99b600269422d5471747cf6922340996,2026-04-08T10:23:30-04:00,4695,stitch,cmd/tail,cmd,srd055,"R1.1, R1.2, R1.3, R1.4",False,"Task 4695: [stitch] cmd/tail: implementation -- srd055 R1.1, R1.2, R1.3, R1.4",1267885,9131,72139,1195729,1.2771,14850,15237,387,12558,12558,0,193,1,387,0
5cba3c45dcdb845a65da485d882010e3db79fd4b,2026-04-08T10:26:04-04:00,4696,stitch,cmd/tail,cmd,srd055,"R2.1, R2.2, R2.3",False,"Task 4696: [stitch] cmd/tail: implementation -- srd055 R2.1, R2.2, R2.3",388865,6937,72084,316775,0.7824,15237,15237,0,12558,12558,0,131,1,1,1
43d47bf42d61cad3bc064b1f39251fb14ee51cec,2026-04-08T10:29:51-04:00,4697,stitch,cmd/tail,cmd,srd055,"R3.1, R3.2, R3.3, R3.4",False,"Task 4697: [stitch] cmd/tail: implementation -- srd055 R3.1, R3.2, R3.3, R3.4",1868870,10302,83117,1785730,1.67,15237,15295,58,12558,12558,0,204,1,82,24
a9c7d1a4bb642190a55929af229a92a600b6dc6d,2026-04-08T10:32:44-04:00,4698,stitch,cmd/tail,cmd,srd055,"R4.1, R4.2, R4.3, R4.4",False,"Task 4698: [stitch] cmd/tail: tests -- srd055 R4.1, R4.2, R4.3, R4.4",875313,8117,84576,790726,1.1688,15295,15295,0,12558,12960,402,150,1,402,0
844aad8a7be105e3be3c9162cc8374508c745872,2026-04-08T10:37:21-04:00,4700,stitch,cmd/sort,cmd,srd053,,True,Task 4700: [stitch] cmd/sort: scaffold and flag parsing (contract) -- srd053,493857,5152,90974,402877,0.8989,15295,15683,388,12960,12960,0,93,1,388,0
8626c27a68019eb475ccf7c9d352c154dea42141,2026-04-08T10:38:46-04:00,4701,stitch,cmd/sort,cmd,srd053,"R1.1, R1.2, R1.3, R1.4",False,"Task 4701: [stitch] cmd/sort: implementation -- srd053 R1.1, R1.2, R1.3, R1.4",616732,2466,68348,548375,0.7631,15683,15716,33,12960,12960,0,65,1,34,1
5691c34d8ab3fef477b01483034774735cb07865,2026-04-10T07:00:12-04:00,4702,stitch,cmd/tr,cmd,srd054,,True,Task 4702: [stitch] cmd/tr: scaffold and flag parsing (contract) -- srd054,795352,6690,92292,703051,1.0956,15716,16220,504,12960,12960,0,130,1,504,0
aa3f70a5dee06a73e7d1e09aeabff621003193b8,2026-04-10T07:03:11-04:00,4703,stitch,cmd/tr,cmd,srd054,"R1.1, R1.2, R1.3, R1.4",False,"Task 4703: [stitch] cmd/tr: implementation -- srd054 R1.1, R1.2, R1.3, R1.4",958099,9106,73109,884977,1.1271,16220,16330,110,12960,12960,0,161,1,115,5
2b0eaed9ac045aec10eb9a5158779a7dba4c1f70,2026-04-10T07:06:56-04:00,4705,stitch,cmd/sort,cmd,srd053,"R1.5, R1.6, R1.7",False,"Task 4705: [stitch] cmd/sort: implementation -- srd053 R1.5, R1.6, R1.7",464896,3352,69344,395545,0.715,16330,16330,0,12960,13106,146,84,1,146,0
a616d215cecd17e374a03dac14a93bb2e3b478ea,2026-04-10T07:16:56-04:00,4706,stitch,cmd/sort,cmd,srd053,"R2.1, R2.2, R2.3, R2.4",False,"Task 4706: [stitch] cmd/sort: implementation -- srd053 R2.1, R2.2, R2.3, R2.4",1286726,36227,106757,1179956,2.1629,16330,16584,254,13106,13190,84,580,3,350,12
4354a722666d624570809b63ac559fadac2165aa,2026-04-10T07:18:52-04:00,4707,stitch,cmd/tr,cmd,srd054,"R2.1, R2.2, R2.3, R2.4",False,"Task 4707: [stitch] cmd/tr: implementation -- srd054 R2.1, R2.2, R2.3, R2.4",646693,4796,73800,572884,0.8676,16584,16774,190,13190,13310,120,97,2,311,1
a58886603b9ab58d45b8b84191c63d75d0fec1d7,2026-04-10T07:22:48-04:00,4708,stitch,cmd/tr,cmd,srd054,"R3.1, R3.2, R3.3",False,"Task 4708: [stitch] cmd/tr: implementation -- srd054 R3.1, R3.2, R3.3",1648204,10926,87049,1561136,1.5979,16774,16804,30,13310,13401,91,216,2,126,5
64c6831b2aab3c1d6079338ffd59b8d741d6d058,2026-04-10T07:42:16-04:00,4710,stitch,cmd/sort,cmd,srd053,"R3.1, R3.2, R3.3, R3.4",False,"Task 4710: [stitch] cmd/sort: implementation -- srd053 R3.1, R3.2, R3.3, R3.4",1901451,62811,137121,1764314,3.3095,16804,17248,444,13401,13450,49,980,4,523,30
e136a8bdf2913f1db8d5e38b8776eb37186ca0fe,2026-04-10T07:49:01-04:00,4711,stitch,cmd/sort,cmd,srd053,"R4.1, R4.2, R4.3, R4.4",False,"Task 4711: [stitch] cmd/sort: implementation -- srd053 R4.1, R4.2, R4.3, R4.4",1191028,21084,102534,1088481,1.7122,17248,17295,47,13450,13612,162,387,2,210,1
b5ced12b6819872f14ecd99d2e660c7704e59ac2,2026-04-10T07:50:42-04:00,4712,stitch,cmd/tr,cmd,srd054,"R4.1, R4.2, R4.3",False,"Task 4712: [stitch] cmd/tr: implementation -- srd054 R4.1, R4.2, R4.3",810462,3685,72883,737568,0.9165,17295,17298,3,13612,13677,65,83,2,74,6
fb9a57d7e423515f3dae618a30824c87e1ff63ec,2026-04-10T07:52:28-04:00,4713,stitch,cmd/cp,cmd,srd056,,True,Task 4713: [stitch] cmd/cp: implementation (contract) -- srd056,418017,2862,81759,336252,0.7507,17503,17503,0,13706,13706,0,73,2,234,0
f33c2baeefb79e098f17a7975db50c8113ae15f0,2026-04-10T07:52:28-04:00,4713,stitch,cmd/cp,cmd,srd056,,True,Task 4713: [stitch] cmd/cp: implementation (contract) -- srd056,671373,4359,82480,588884,0.919,17298,17503,205,13677,13706,29,88,2,234,0
75d0e99e097d912a436f77938d38f560a017f3fc,2026-04-10T08:09:56-04:00,4717,stitch,cmd/cp,cmd,srd056,"R1.1, R1.2, R1.3, R1.4",False,"Task 4717: [stitch] cmd/cp: implementation -- srd056 R1.1, R1.2, R1.3, R1.4",1216264,44875,114016,1102235,2.3857,17503,17686,183,13706,13928,222,722,2,430,25
d291e25103bb685e01d78ed69c6d5552551e1612,2026-04-10T08:17:07-04:00,4718,stitch,cmd/cp,cmd,srd056,"R2.1, R2.2, R2.3, R2.4",False,"Task 4718: [stitch] cmd/cp: implementation -- srd056 R2.1, R2.2, R2.3, R2.4",749230,24432,95549,653672,1.5349,17686,17788,102,13928,14055,127,409,2,240,11
20ff52fdcdbda82361448c29ff89ac336f61016d,2026-04-10T08:17:07-04:00,4718,stitch,cmd/cp,cmd,srd056,"R2.1, R2.2, R2.3, R2.4",False,"Task 4718: [stitch] cmd/cp: implementation -- srd056 R2.1, R2.2, R2.3, R2.4",437655,1790,83045,354604,0.7411,17788,17788,0,14055,14055,0,62,2,240,11
10ffa766fb1ccdccbea4d7f7003eb04adc542de1,2026-04-10T08:27:48-04:00,4723,stitch,cmd/sort,cmd,srd053,"R4.1, R4.2, R4.3, R4.4",False,"Task 4723: [stitch] cmd/sort: implementation -- srd053 R4.1, R4.2, R4.3, R4.4",734661,5829,87016,647636,1.0134,17788,17788,0,14055,14153,98,137,1,98,0
2cb8d615049f3c4fca98653df7488d292d2be390,2026-04-10T08:27:48-04:00,4723,stitch,cmd/sort,cmd,srd053,"R4.1, R4.2, R4.3, R4.4",False,"Task 4723: [stitch] cmd/sort: implementation -- srd053 R4.1, R4.2, R4.3, R4.4",420486,2565,80464,340016,0.7371,17788,17788,0,14153,14153,0,73,1,98,0
f8ce1db268dbddedd646cb2cc85bd7a88a5d3443,2026-04-10T08:47:17-04:00,4728,stitch,cmd/cp,cmd,srd056,"R3.1, R3.2, R3.3, R3.4",False,"Task 4728: [stitch] cmd/cp: implementation -- srd056 R3.1, R3.2, R3.3, R3.4",518816,3133,83830,427531,0.8533,18006,18006,0,14380,14380,0,81,3,516,71
970ecd9692fd82dc57543e3154aa3b81244cb7e9,2026-04-10T08:47:17-04:00,4728,stitch,cmd/cp,cmd,srd056,"R3.1, R3.2, R3.3, R3.4",False,"Task 4728: [stitch] cmd/cp: implementation -- srd056 R3.1, R3.2, R3.3, R3.4",1518615,44421,142685,1375918,2.6903,17788,18006,218,14153,14380,227,689,3,516,71
137ebb5f56c926d62e43835d6dbf88f3288760e6,2026-04-10T08:53:15-04:00,4731,stitch,cmd/cp,cmd,srd056,"R4.1, R4.2, R4.3, R4.4",False,"Task 4731: [stitch] cmd/cp: implementation -- srd056 R4.1, R4.2, R4.3, R4.4",685509,4429,81321,604179,0.9211,18006,18006,0,14380,14488,108,101,2,110,2
08b81745b06cbad96502bfde3eee83595de82f08,2026-04-10T09:04:28-04:00,4732,stitch,cmd/mv,cmd,srd057,"R1.1, R1.2, R1.3, R1.4",False,"Task 4732: [stitch] cmd/mv: implementation -- srd057 R1.1, R1.2, R1.3, R1.4",1126414,38019,118629,1007774,2.1958,18006,18372,366,14488,14754,266,656,2,632,0
01212157d0deea916bf8d5c1d70ec2f558aabfb1,2026-04-10T09:12:34-04:00,4733,stitch,cmd/mv,cmd,srd057,"R2.1, R2.2, R2.3, R2.4",False,"Task 4733: [stitch] cmd/mv: implementation -- srd057 R2.1, R2.2, R2.3, R2.4",972136,30498,97953,874172,1.8118,18372,18450,78,14754,14878,124,468,2,225,23
e1c183920b5fc7f47a23ac5d854a4f0b251d2c37,2026-04-10T09:21:02-04:00,4735,stitch,cmd/sort,cmd,srd053,"R4.1, R4.2, R4.3, R4.4",False,"Task 4735: [stitch] cmd/sort: implementation -- srd053 R4.1, R4.2, R4.3, R4.4",1299489,19582,105473,1194003,1.7458,18450,18463,13,14878,14983,105,366,2,129,11
260be3dc4e5b08a3e943c0e0e98c19dbe0296ced,2026-04-10T09:29:27-04:00,4736,stitch,cmd/mv,cmd,srd057,"R3.1, R3.2, R3.3",False,"Task 4736: [stitch] cmd/mv: implementation -- srd057 R3.1, R3.2, R3.3",894759,30726,105193,789556,1.8616,18463,18559,96,14983,15081,98,486,2,216,22
78bc38aabf5c447761e00e42fc76c4c1e21d5018,2026-04-10T09:31:16-04:00,4737,stitch,cmd/mv,cmd,srd057,"R4.1, R4.2, R4.3, R4.4",False,"Task 4737: [stitch] cmd/mv: implementation -- srd057 R4.1, R4.2, R4.3, R4.4",695357,4851,81792,613556,0.9393,18559,18559,0,15081,15213,132,90,2,134,2
173c569d1935d12f7a7556c3fb155fc101ab8b27,2026-04-10T09:36:31-04:00,4738,stitch,cmd/rm,cmd,srd058,"R1.1, R1.2, R1.3, R1.4",False,"Task 4738: [stitch] cmd/rm: implementation -- srd058 R1.1, R1.2, R1.3, R1.4",1212681,15674,94218,1118449,1.5922,18559,18856,297,15213,15474,261,297,2,558,0
0c040198f1c2ce7fa787c5ca9592f6de1c778e4a,2026-04-10T09:41:50-04:00,4740,stitch,cmd/rm,cmd,srd058,"R2.1, R2.2, R2.3, R2.4",False,"Task 4740: [stitch] cmd/rm: implementation -- srd058 R2.1, R2.2, R2.3, R2.4",475251,10863,75512,399732,0.9434,18856,18865,9,15474,15655,181,172,2,199,9
fbcf51fb0e46d18b6e2ee2cecf269a5bedd80387,2026-04-10T09:50:48-04:00,4741,stitch,cmd/rm,cmd,srd058,"R3.1, R3.2, R3.3, R3.4",False,"Task 4741: [stitch] cmd/rm: implementation -- srd058 R3.1, R3.2, R3.3, R3.4",1877820,32968,103944,1773857,2.3609,18865,19036,171,15655,15847,192,521,2,418,55
b4146f0ec638bee01ada49f70758888fcabd66b4,2026-04-10T09:52:52-04:00,4742,stitch,cmd/rm,cmd,srd058,"R4.1, R4.2, R4.3, R4.4",False,"Task 4742: [stitch] cmd/rm: implementation -- srd058 R4.1, R4.2, R4.3, R4.4",756307,5528,77269,679028,0.9607,19036,19036,0,15847,16050,203,105,2,205,2
1d3aa395f54f468a94d1840583e2615b68212e06,2026-04-10T10:05:13-04:00,4744,stitch,cmd/date,cmd,srd060,"R1.1, R1.2, R1.3, R1.4",False,"Task 4744: [stitch] cmd/date: implementation -- srd060 R1.1, R1.2, R1.3, R1.4",855897,31246,98704,757183,1.7767,19036,19401,365,16050,16255,205,533,2,570,0
6d2af9675b45cc4fd749ceb481d7b2f92dc2d731,2026-04-10T10:09:14-04:00,4745,stitch,cmd/date,cmd,srd060,"R2.1, R2.2, R2.3, R2.4",False,"Task 4745: [stitch] cmd/date: implementation -- srd060 R2.1, R2.2, R2.3, R2.4",2093758,8291,79889,2013843,1.7136,19401,19401,0,16255,16344,89,221,2,90,1
ae68ffc52bcc23e32f27165af2030d140477682f,2026-04-10T10:11:58-04:00,4746,stitch,cmd/date,cmd,srd060,"R3.1, R3.2, R3.3, R3.4",False,"Task 4746: [stitch] cmd/date: implementation -- srd060 R3.1, R3.2, R3.3, R3.4",1526330,7015,74377,1451933,1.3663,19401,19439,38,16344,16430,86,143,2,125,1
7323e91deb77bc5582b27a13a1dbf932f907a23b,2026-04-10T10:14:18-04:00,4747,stitch,cmd/date,cmd,srd060,"R4.1, R4.2, R4.3, R4.4",False,"Task 4747: [stitch] cmd/date: implementation -- srd060 R4.1, R4.2, R4.3, R4.4",553957,5209,73341,480608,0.829,19439,19440,1,16430,16544,114,120,2,116,1
9418ba09d250e6daecb98b4b3926477b4b398a97,2026-04-10T10:18:52-04:00,4749,stitch,cmd/sleep,cmd,srd061,"R1.1, R1.2, R1.3, R1.4",False,"Task 4749: [stitch] cmd/sleep: implementation -- srd061 R1.1, R1.2, R1.3, R1.4",1082274,5762,77432,1004828,1.1305,19440,19547,107,16544,16642,98,133,2,205,0
3c910ec3cbff7b98849cf575d72929adcc796012,2026-04-10T10:20:55-04:00,4750,stitch,cmd/sleep,cmd,srd061,"R2.1, R2.2, R2.3, R2.4",False,"Task 4750: [stitch] cmd/sleep: implementation -- srd061 R2.1, R2.2, R2.3, R2.4",430618,5331,63832,366779,0.7156,19547,19547,0,16642,16696,54,102,2,56,2
556eb22225a5d467c09f641f66992663c73e0c17,2026-04-10T10:23:39-04:00,4751,stitch,cmd/sleep,cmd,srd061,"R3.1, R3.2, R3.3, R3.4",False,"Task 4751: [stitch] cmd/sleep: implementation -- srd061 R3.1, R3.2, R3.3, R3.4",534753,7263,70689,464056,0.8554,19547,19574,27,16696,16762,66,142,2,94,1
bb31f1ea55fbf75055c876e4a489c674f79eb52b,2026-04-10T10:25:25-04:00,4752,stitch,cmd/sleep,cmd,srd061,"R4.1, R4.2, R4.3, R4.4",False,"Task 4752: [stitch] cmd/sleep: implementation -- srd061 R4.1, R4.2, R4.3, R4.4",883143,3772,64396,818734,0.9062,19574,19574,0,16762,16764,2,85,2,10,8
c544b380e0486673e58b3394f2cf80a135945022,2026-04-10T10:28:42-04:00,4754,stitch,cmd/touch,cmd,srd062,"R1.1, R1.2, R1.3, R1.4",False,"Task 4754: [stitch] cmd/touch: implementation -- srd062 R1.1, R1.2, R1.3, R1.4",354264,3808,62092,292166,0.6294,19574,19802,228,16764,16764,0,65,1,228,0
ad7b418e9f2d3e3d43d384daed02654cd1f48e5d,2026-04-10T10:32:26-04:00,4755,stitch,cmd/touch,cmd,srd062,"R2.1, R2.2, R2.3, R2.4",False,"Task 4755: [stitch] cmd/touch: implementation -- srd062 R2.1, R2.2, R2.3, R2.4",553367,13652,73467,479892,1.0405,19802,19937,135,16764,16764,0,206,1,193,58
dabe0f8a26e73929611ba3628f529410a6e82823,2026-04-10T10:36:27-04:00,4756,stitch,cmd/touch,cmd,srd062,"R3.1, R3.2, R3.3, R3.4",False,"Task 4756: [stitch] cmd/touch: implementation -- srd062 R3.1, R3.2, R3.3, R3.4",395320,14645,74889,320425,0.9944,19937,20108,171,16764,16764,0,220,1,211,40
19626a48b0ddf2bef086b97c53c12d4135667032,2026-04-10T10:41:42-04:00,4757,stitch,cmd/touch,cmd,srd062,"R4.1, R4.2, R4.3, R4.4",False,"Task 4757: [stitch] cmd/touch: implementation -- srd062 R4.1, R4.2, R4.3, R4.4",2842745,11758,94690,2748025,2.2599,20108,20128,20,16764,17084,320,297,2,347,7
8c3d243fd16fd1245cac980faef46c4a7b88e530,2026-04-10T10:54:00-04:00,4759,stitch,cmd/timeout,cmd,srd063,"R1.1, R1.2, R1.3, R1.4",False,"Task 4759: [stitch] cmd/timeout: implementation -- srd063 R1.1, R1.2, R1.3, R1.4",1321019,32693,108117,1212888,2.0996,20128,20286,158,17084,17220,136,600,2,294,0
6b604d2e5fe6d86281911713d109e9ecbdf1d7b5,2026-04-10T11:08:45-04:00,4760,stitch,cmd/timeout,cmd,srd063,"R2.1, R2.2, R2.3, R2.4",False,"Task 4760: [stitch] cmd/timeout: implementation -- srd063 R2.1, R2.2, R2.3, R2.4",1054813,49278,111465,943337,2.4003,20286,20498,212,17220,17293,73,865,2,312,27
42ceae99e1e32d46deb4461d3904d4e6a402ce2e,2026-04-10T11:14:36-04:00,4761,stitch,cmd/timeout,cmd,srd063,"R3.1, R3.2, R3.3, R3.4",False,"Task 4761: [stitch] cmd/timeout: implementation -- srd063 R3.1, R3.2, R3.3, R3.4",2085773,11594,81848,2003899,1.8035,20498,20503,5,17293,17348,55,329,2,62,2
d379f7609dd4749774f22b42526af8614210d27f,2026-04-10T11:20:33-04:00,4762,stitch,cmd/timeout,cmd,srd063,"R4.1, R4.2, R4.3, R4.4",False,"Task 4762: [stitch] cmd/timeout: implementation -- srd063 R4.1, R4.2, R4.3, R4.4",1447076,14924,81933,1365125,1.5678,20503,20512,9,17348,17414,66,334,2,94,19
f6e29323399ffb0c6072c9e334d731004fdd3fed,2026-04-10T11:24:01-04:00,4764,stitch,cmd/shuf,cmd,srd064,"R1.1, R1.2, R1.3, R1.4",False,"Task 4764: [stitch] cmd/shuf: implementation -- srd064 R1.1, R1.2, R1.3, R1.4",383669,2245,67811,315852,0.6379,20512,20632,120,17414,17414,0,54,1,120,0
2e57e72091d3769a81e3de15f4df9dad6ee046cc,2026-04-10T11:27:03-04:00,4765,stitch,cmd/shuf,cmd,srd064,"R2.1, R2.2, R2.3, R2.4",False,"Task 4765: [stitch] cmd/shuf: implementation -- srd064 R2.1, R2.2, R2.3, R2.4",446202,10092,67010,379185,0.8607,20632,20745,113,17414,17414,0,161,1,126,13
ae62a39f9e6a651c2a378963fb315d8aa49f4004,2026-04-10T12:46:25-04:00,4766,stitch,cmd/shuf,cmd,srd064,"R3.1, R3.2, R3.3, R3.4",False,"Task 4766: [stitch] cmd/shuf: implementation -- srd064 R3.1, R3.2, R3.3, R3.4",488449,18806,77549,410893,1.1603,20745,20882,137,17414,17414,0,248,1,184,47
d18fb9a0c4caa3479d52652b7e12e60a4d11e8b2,2026-04-10T12:50:50-04:00,4767,stitch,cmd/shuf,cmd,srd064,"R4.1, R4.2, R4.3, R4.4",False,"Task 4767: [stitch] cmd/shuf: implementation -- srd064 R4.1, R4.2, R4.3, R4.4",513049,16621,81980,431062,1.1435,20882,20958,76,17414,17414,0,249,1,102,26
3623075264c924da787ed29ca00412030aaa06b2,2026-04-10T12:54:07-04:00,4769,stitch,cmd/factor,cmd,srd065,"R1.1, R1.2, R1.3, R1.4",False,"Task 4769: [stitch] cmd/factor: implementation -- srd065 R1.1, R1.2, R1.3, R1.4",365832,2126,65673,300153,0.6137,20958,21043,85,17414,17414,0,49,1,85,0
86374aaba87292e6cb43167329913305355e767f,2026-04-10T12:55:10-04:00,4770,stitch,cmd/factor,cmd,srd065,"R2.1, R2.2, R2.3, R2.4",False,"Task 4770: [stitch] cmd/factor: implementation -- srd065 R2.1, R2.2, R2.3, R2.4",342940,2502,58731,284203,0.5718,21043,21074,31,17414,17414,0,46,1,33,2
3b11e2a817b5603594da5e1b53ee5a25d0d4a82e,2026-04-10T12:56:31-04:00,4771,stitch,cmd/factor,cmd,srd065,"R3.1, R3.2, R3.3, R3.4",False,"Task 4771: [stitch] cmd/factor: implementation -- srd065 R3.1, R3.2, R3.3, R3.4",632856,3345,61815,571031,0.7555,21074,21102,28,17414,17414,0,65,1,30,2
ad0f1290811465d3357a9f6bbd43fa59c977599b,2026-04-10T12:59:09-04:00,4772,stitch,cmd/factor,cmd,srd065,"R4.1, R4.2, R4.3, R4.4",False,"Task 4772: [stitch] cmd/factor: implementation -- srd065 R4.1, R4.2, R4.3, R4.4",1216127,7794,76958,1139153,1.2455,21102,21132,30,17414,17593,179,141,2,221,12
a748f8ea829149eb6ac350de4c0bd75180dd17c8,2026-04-10T13:02:29-04:00,4774,stitch,cmd/expr,cmd,,,True,Task 4774: [stitch] cmd/expr: contract stubs for expression evaluator (contract),348154,1947,59904,288244,0.5672,21132,21249,117,17593,17593,0,45,1,117,0
a29e75f4f13ad9a08b2b762c882fe7d7924b7d30,2026-04-10T13:10:09-04:00,4775,stitch,cmd/expr,cmd,srd066,"R1.1, R1.2, R1.3, R1.4",False,"Task 4775: [stitch] cmd/expr: implementation -- srd066 R1.1, R1.2, R1.3, R1.4",897009,25657,85177,811821,1.5797,21249,21630,381,17593,17593,0,442,1,418,37
007d11b1336c375387acac1fb51fdac9fdb88ddb,2026-04-10T13:11:47-04:00,4776,stitch,cmd/expr,cmd,srd066,"R2.1, R2.2, R2.3, R2.4",False,"Task 4776: [stitch] cmd/expr: implementation -- srd066 R2.1, R2.2, R2.3, R2.4",444694,3804,65714,378973,0.6953,21630,21630,0,17593,17593,0,80,1,1,1
a77b62e34c9a79b9f15dc6589636d1c5cffc3e5b,2026-04-10T13:14:05-04:00,4777,stitch,cmd/expr,cmd,srd066,"R3.1, R3.2, R3.3, R3.4",False,"Task 4777: [stitch] cmd/expr: implementation -- srd066 R3.1, R3.2, R3.3, R3.4",543015,8679,70559,472448,0.8942,21630,21798,168,17593,17593,0,120,1,185,17
84aaaf407df88ec11fbc8f19c82e68f7d4467e6e,2026-04-10T14:27:53-04:00,4780,stitch,cmd/split,cmd,,,True,Task 4780: [stitch] cmd/split: contract stubs for file splitter (contract),301578,3063,68630,232943,0.622,21798,21990,192,17593,17593,0,71,1,192,0
9f75d09c50eb4bb4d6e01e50f8bf8c10ca0abd37,2026-04-10T14:31:46-04:00,4779,stitch,cmd/expr,cmd,srd066,"R4.1, R4.2, R4.3, R4.4",False,"Task 4779: [stitch] cmd/expr: implementation -- srd066 R4.1, R4.2, R4.3, R4.4",1398461,9953,86656,1311788,1.4464,21990,21988,-2,17593,17705,112,217,2,131,21
25010f22557259335dd775a9d53ecf0943d7fd50,2026-04-10T14:43:04-04:00,4781,stitch,cmd/split,cmd,srd067,"R1.1, R1.2, R1.3, R1.4",False,"Task 4781: [stitch] cmd/split: implementation -- srd067 R1.1, R1.2, R1.3, R1.4",1690559,34979,99089,1591454,2.3687,21988,22352,364,17705,17938,233,660,2,641,44
ea9346340e44b0d9351677d41c8b3571f0400483,2026-04-10T14:51:50-04:00,4782,stitch,cmd/split,cmd,srd067,"R2.1, R2.2, R2.3, R2.4",False,"Task 4782: [stitch] cmd/split: implementation -- srd067 R2.1, R2.2, R2.3, R2.4",1075598,32652,108115,967472,1.9758,22352,22644,292,17938,18028,90,508,2,390,8
52115bd6fe7377f5a09ba859160a0dfaf4e79322,2026-04-10T14:56:07-04:00,4784,stitch,cmd/split,cmd,srd067,"R3.1, R3.2, R3.3, R3.4",False,"Task 4784: [stitch] cmd/split: implementation -- srd067 R3.1, R3.2, R3.3, R3.4",711895,6806,83334,628552,1.0053,22644,22684,40,18028,18072,44,127,2,86,2
5c786dc563290f7ebcc4dd5b028fa67f33b50301,2026-04-10T14:59:09-04:00,4785,stitch,cmd/split,cmd,srd067,"R4.1, R4.2, R4.3, R4.4",False,"Task 4785: [stitch] cmd/split: implementation -- srd067 R4.1, R4.2, R4.3, R4.4",1465899,6777,87275,1378607,1.6202,22684,22684,0,18072,18105,33,164,2,41,8
b39187099d1295fd96da6375ea26d8fe6561197f,2026-04-10T15:01:31-04:00,4786,stitch,cmd/csplit,cmd,srd068,,False,Task 4786: [stitch] cmd/csplit: contract -- srd068,421163,6908,78356,342801,0.8339,22684,23240,556,18105,18129,24,124,2,580,0
fc76ca288f2a2cf893a369a1fc786fc532ece809,2026-04-10T15:06:16-04:00,4787,stitch,cmd/csplit,cmd,srd068,"R1.1, R1.2, R1.3, R1.4",False,"Task 4787: [stitch] cmd/csplit: implementation -- srd068 R1.1, R1.2, R1.3, R1.4",702026,13959,81932,620085,1.1711,23240,23240,0,18129,18172,43,269,2,46,3
07491f6edd01a1548955c5ec59941123586ca3e6,2026-04-10T15:28:18-04:00,4789,stitch,cmd/csplit,cmd,srd068,"R2.1, R2.2, R2.3, R2.4",False,"Task 4789: [stitch] cmd/csplit: implementation -- srd068 R2.1, R2.2, R2.3, R2.4",1381992,69439,139686,1242294,3.2302,23240,23316,76,18172,18223,51,1189,2,202,75
fd813482fc179e278406e507735463611db0a647,2026-04-10T15:30:26-04:00,4790,stitch,cmd/csplit,cmd,srd068,"R3.1, R3.2, R3.3, R3.4",False,"Task 4790: [stitch] cmd/csplit: implementation -- srd068 R3.1, R3.2, R3.3, R3.4",583219,5337,77535,505676,0.8709,23316,23316,0,18223,18272,49,109,1,49,0
5b593b43e7037ce05e9d61cf70e8e31bbcc33ce3,2026-04-10T15:34:19-04:00,4791,stitch,cmd/csplit,cmd,srd068,"R4.1, R4.2, R4.3, R4.4",False,"Task 4791: [stitch] cmd/csplit: implementation -- srd068 R4.1, R4.2, R4.3, R4.4",428073,9404,81590,343811,0.9303,23316,23316,0,18272,18310,38,216,1,38,0
af7502db970211b86b3b8e57bba1b7949ba913fb,2026-04-10T15:36:22-04:00,4792,stitch,cmd/join,cmd,srd069,,False,Task 4792: [stitch] cmd/join: contract -- srd069,578236,6185,74985,503243,0.8749,23316,23737,421,18310,18333,23,104,2,444,0
20753a743abc895b92752ccac6aeac4d5e25391c,2026-04-10T15:45:14-04:00,4794,stitch,cmd/join,cmd,srd069,"R1.1, R1.2, R1.3, R1.4",False,"Task 4794: [stitch] cmd/join: implementation -- srd069 R1.1, R1.2, R1.3, R1.4",1320341,23473,98415,1221912,1.8129,23737,23887,150,18333,18468,135,397,2,315,30
48eddbd3b209beb63b9b0edf2af392a016b875d0,2026-04-10T15:47:04-04:00,4795,stitch,cmd/join,cmd,srd069,"R2.1, R2.2, R2.3, R2.4",False,"Task 4795: [stitch] cmd/join: implementation -- srd069 R2.1, R2.2, R2.3, R2.4",546881,4848,71707,475166,0.807,23887,23887,0,18468,18612,144,89,2,146,2
5af9f982a7b9fc3b6fb04d048fe7618081b466f0,2026-04-10T15:49:18-04:00,4796,stitch,cmd/join,cmd,srd069,"R3.1, R3.2, R3.3, R3.4",False,"Task 4796: [stitch] cmd/join: implementation -- srd069 R3.1, R3.2, R3.3, R3.4",570897,6657,76222,494667,0.8902,23887,23888,1,18612,18784,172,115,2,175,2
38e3bc251c277fbf7a255cc95b47a97a54375786,2026-04-10T16:38:25-04:00,4797,stitch,cmd/join,cmd,srd069,"R4.1, R4.2, R4.3, R4.4",False,"Task 4797: [stitch] cmd/join: implementation -- srd069 R4.1, R4.2, R4.3, R4.4",1507502,81016,85766,1421724,3.2724,23888,24027,139,18784,18876,92,1408,2,267,36
809211f35cc3d37862917c60ff0d4733eb1a3a80,2026-04-10T16:42:11-04:00,4799,stitch,cmd/fmt,cmd,srd070,"R1.1, R2.1, R3.1, R4.1",False,"Task 4799: [stitch] cmd/fmt: implementation -- srd070 R1.1, R2.1, R3.1, R4.1",386344,3307,69962,316376,0.6782,24027,24227,200,18876,18876,0,72,1,200,0
00d3af757ccb2d228ea9ced45e48955f057682a0,2026-04-10T16:46:09-04:00,4800,stitch,cmd/fmt,cmd,srd070,"R5.1, R6.1, R7.1, R8.1",False,"Task 4800: [stitch] cmd/fmt: implementation -- srd070 R5.1, R6.1, R7.1, R8.1",797265,13564,72616,724638,1.1553,24227,24344,117,18876,18876,0,221,1,137,20
a343d8ffff0eaecb2fb7be4f999563b4f2cc105e,2026-04-10T16:48:07-04:00,4801,stitch,cmd/fmt,cmd,srd070,"R9.1, R10.1, R11.1, R12.1",False,"Task 4801: [stitch] cmd/fmt: implementation -- srd070 R9.1, R10.1, R11.1, R12.1",523064,6236,66658,456398,0.8008,24344,24486,142,18876,18876,0,102,1,178,36
8559126d5aaa7683621f4e869c86274037eb749b,2026-04-10T17:10:34-04:00,4802,stitch,cmd/fmt,cmd,srd070,"R13.1, R13.2, R13.3, R13.4",False,"Task 4802: [stitch] cmd/fmt: implementation -- srd070 R13.1, R13.2, R13.3, R13.4",2420376,68998,164259,2256097,3.8797,24486,24593,107,18876,19121,245,1331,2,397,45
0959219e054a036bfc55cc5dedd50b66b31c8177,2026-04-10T17:19:57-04:00,4804,stitch,cmd/numfmt,cmd,srd071,"R1.1, R1.2, R1.3, R1.4",False,"Task 4804: [stitch] cmd/numfmt: implementation -- srd071 R1.1, R1.2, R1.3, R1.4",918266,23507,112265,805992,1.6933,24593,25063,470,19121,19121,0,416,1,470,0
390b037143b857dcc262a41de05b57a81ede0dc0,2026-04-10T17:34:53-04:00,4805,stitch,cmd/numfmt,cmd,srd071,"R2.1, R2.2, R2.3, R2.4",False,"Task 4805: [stitch] cmd/numfmt: implementation -- srd071 R2.1, R2.2, R2.3, R2.4",2401272,48524,114211,2287039,3.0705,25063,25249,186,19121,19121,0,878,1,303,117
0cd973dccb49a0844fe590e96a3a99e88ebced75,2026-04-10T17:41:06-04:00,4806,stitch,cmd/numfmt,cmd,srd071,"R3.1, R3.2, R3.3, R3.4",False,"Task 4806: [stitch] cmd/numfmt: implementation -- srd071 R3.1, R3.2, R3.3, R3.4",627153,22251,86440,540705,1.3669,25249,25371,122,19121,19121,0,315,1,150,28
83bafa1289ea5886ee8acd020bae6adfa7e5b7fb,2026-04-10T17:51:40-04:00,4807,stitch,cmd/numfmt,cmd,srd071,"R4.1, R4.2, R4.3, R4.4",False,"Task 4807: [stitch] cmd/numfmt: implementation -- srd071 R4.1, R4.2, R4.3, R4.4",1592052,36895,113566,1478471,2.3715,25371,25471,100,19121,19311,190,617,2,315,25
28a7bf40b557086ba153ee15215ca88bbadbd0b3,2026-04-10T23:31:27-04:00,4810,stitch,cmd/od,cmd,srd072,"R2.1, R2.2, R2.3, R2.4",False,"Task 4810: [stitch] cmd/od: implementation -- srd072 R2.1, R2.2, R2.3, R2.4",1662710,63857,131646,1531049,3.1848,25471,26181,710,19311,19516,205,1061,2,915,0
da887601a93655a0839789c495673ff6f79c8696,2026-04-10T23:33:33-04:00,4811,stitch,cmd/od,cmd,srd072,"R3.1, R3.2, R3.3, R3.4",False,"Task 4811: [stitch] cmd/od: implementation -- srd072 R3.1, R3.2, R3.3, R3.4",683429,4561,79746,603674,0.9143,26181,26181,0,19516,19599,83,109,2,85,2
58d5a9f3c80b8bc5da81bfdbf729b4dc4055c6ba,2026-04-10T23:43:39-04:00,4812,stitch,cmd/od,cmd,srd072,"R4.1, R4.2, R4.3, R4.4",False,"Task 4812: [stitch] cmd/od: implementation -- srd072 R4.1, R4.2, R4.3, R4.4",1122878,32696,117929,1004937,2.057,26181,26218,37,19599,19745,146,588,2,214,31
e83d1f916efdd9a1ecea2ab61c76cb072f18f5ff,2026-04-10T23:43:39-04:00,4812,stitch,cmd/od,cmd,srd072,"R4.1, R4.2, R4.3, R4.4",False,"Task 4812: [stitch] cmd/od: implementation -- srd072 R4.1, R4.2, R4.3, R4.4",321014,1777,75339,245670,0.6382,26218,26218,0,19745,19745,0,53,2,214,31
c667840951f66389a20c9711d31b6638bacce645,2026-04-10T23:50:08-04:00,4815,stitch,cmd/printf,cmd,srd073,,True,Task 4815: [stitch] cmd/printf: implementation (contract) -- srd073,711903,7521,73458,638435,0.9664,26218,26749,531,19745,19775,30,135,2,561,0
91d77c3e6fe6b32815006133195ee1d7be1f86c5,2026-04-10T23:52:02-04:00,4816,stitch,cmd/printf,cmd,srd073,"R1.1, R1.2, R1.3, R1.4",False,"Task 4816: [stitch] cmd/printf: implementation -- srd073 R1.1, R1.2, R1.3, R1.4",620032,4548,70451,549572,0.8288,26749,26756,7,19775,19917,142,98,2,150,1
540368f38eea033fcdcfb8087ff619cd69ac29b5,2026-04-10T23:53:36-04:00,4817,stitch,cmd/printf,cmd,srd073,"R2.1, R2.2, R2.3, R2.4",False,"Task 4817: [stitch] cmd/printf: implementation -- srd073 R2.1, R2.2, R2.3, R2.4",386575,4516,70950,315619,0.7142,26756,26756,0,19917,20061,144,77,1,144,0
8d0ebf9e6325da401e8ccebf437fffb570b88d52,2026-04-10T23:59:09-04:00,4819,stitch,cmd/printf,cmd,srd073,"R3.1, R3.2, R3.3, R3.4",False,"Task 4819: [stitch] cmd/printf: implementation -- srd073 R3.1, R3.2, R3.3, R3.4",641689,10006,73324,568356,0.9926,26756,26773,17,20061,20061,0,208,1,18,1
b2ba4bb39cdaed522626612a2787ddf85cc3052c,2026-04-11T00:03:44-04:00,4820,stitch,cmd/printf,cmd,srd073,"R4.1, R4.2, R4.3, R4.4",False,"Task 4820: [stitch] cmd/printf: implementation -- srd073 R4.1, R4.2, R4.3, R4.4",1006915,12952,90330,916573,1.3467,26773,26773,0,20061,20198,137,258,2,138,1
fb09db43fc6675d385e33fb537fb9c88d2334870,2026-04-11T00:05:13-04:00,4821,stitch,cmd/sha224sum,cmd,srd074,,True,Task 4821: [stitch] cmd/sha224sum: implementation (contract) -- srd074,394266,3982,71391,322869,0.7072,26773,26996,223,20198,20227,29,73,2,252,0
2895c13ddc9555910a46e3db14fb1d55f3e5cc74,2026-04-11T00:06:49-04:00,4822,stitch,cmd/sha224sum,cmd,srd074,"R1.1, R1.2, R1.3, R1.4",False,"Task 4822: [stitch] cmd/sha224sum: implementation -- srd074 R1.1, R1.2, R1.3, R1.4",484101,3466,74467,409627,0.7569,26996,26996,0,20227,20403,176,78,1,180,4
ce6622f370a9fbe9763bfb3be8ef03a9a8e331c1,2026-04-11T00:06:49-04:00,4822,stitch,cmd/sha224sum,cmd,srd074,"R1.1, R1.2, R1.3, R1.4",False,"Task 4822: [stitch] cmd/sha224sum: implementation -- srd074 R1.1, R1.2, R1.3, R1.4",290725,1164,62860,227860,0.5359,26996,26996,0,20403,20403,0,31,1,180,4
d40300d27f9ed2d127cedf8665839b6f18f3c0fe,2026-04-11T00:15:00-04:00,4827,stitch,cmd/sha384sum,cmd,srd075,,True,Task 4827: [stitch] cmd/sha384sum: implementation (contract) -- srd075,389815,5176,70680,319129,0.7307,26996,27219,223,20403,20608,205,89,2,428,0
b4d224493e6cb0905e893b1c29c324bb5103e173,2026-04-11T00:26:30-04:00,4834,stitch,cmd/b2sum,cmd,srd076,R1.1-R1.4,False,Task 4834: [stitch] cmd/b2sum -- srd076 R1.1-R1.4: core BLAKE2b hashing and file output,690872,4718,68092,622770,0.855,27219,27550,331,20608,20608,0,95,3,338,3
bea31cf462bfb8c2f131924e6814c94ac8782b50,2026-04-11T00:29:17-04:00,4835,stitch,cmd/b2sum,cmd,srd076,"R2.1-R2.3, R3.1",False,"Task 4835: [stitch] cmd/b2sum -- srd076 R2.1-R2.3, R3.1: check mode and variable digest length",886756,4284,72327,814417,0.9664,27550,27572,22,20608,20608,0,110,1,23,1
4732cd33c3a05d25b74993ed8d1f63f32bc65f12,2026-04-11T00:33:26-04:00,4836,stitch,cmd/b2sum,cmd,srd076,"R3.2-R3.3, R4.1-R4.2",False,"Task 4836: [stitch] cmd/b2sum -- srd076 R3.2-R3.3, R4.1-R4.2: tag format, strict mode, and error reporting",777596,12219,79611,697975,1.1521,27572,27626,54,20608,20608,0,233,1,56,2
ff4a5ce6bebfa55f94bb3ddac1ed7a4b7b8d1460,2026-04-11T00:35:34-04:00,4837,stitch,cmd/b2sum,cmd,srd076,R4.3,False,Task 4837: [stitch] cmd/b2sum -- srd076 R4.3: differential tests,685412,6127,79584,605819,0.9535,27626,27626,0,20608,21007,399,112,1,399,0
cc69997cf3d68ce92b04e454c163cfe2396e340c,2026-04-11T00:40:03-04:00,4839,stitch,cmd/cksum,cmd,srd077,R1.1-R1.4,False,Task 4839: [stitch] cmd/cksum -- srd077 R1.1-R1.4: POSIX CRC-32 default mode and file processing,460949,5409,68335,392607,0.7587,27626,27835,209,21007,21007,0,102,1,209,0
8442bfa4acc25d6ef9c3e82b24405505f2e8ce09,2026-04-11T00:45:55-04:00,4840,stitch,cmd/cksum,cmd,srd077,"R2.1-R2.3, R3.1",False,"Task 4840: [stitch] cmd/cksum -- srd077 R2.1-R2.3, R3.1: algorithm selection, check mode, and output format",544810,21396,88379,456424,1.3155,27835,28025,190,21007,21007,0,335,1,211,21
76f8bf821f82c5a40bea7c660fe1cdfc5f6e015f,2026-04-11T00:52:16-04:00,4841,stitch,cmd/cksum,cmd,srd077,R3.2-R3.3,False,Task 4841: [stitch] cmd/cksum -- srd077 R3.2-R3.3: error reporting and differential tests,1048450,19299,96169,952269,1.5597,28025,28037,12,21007,21340,333,365,2,346,1
f24945e428383b5f019fe5de26052cb15967e031,2026-04-11T00:54:58-04:00,4842,stitch,cmd/sum,cmd,srd078,R1.1-R1.4,False,Task 4842: [stitch] cmd/sum -- srd078 R1.1-R1.4: BSD and System V checksum computation,696077,8803,70970,625097,0.9762,28037,28294,257,21340,21340,0,146,1,257,0
d8246e092d5b533724f55bfa1269dfe61d39a5f2,2026-04-11T00:58:43-04:00,4844,stitch,cmd/sum,cmd,srd078,"R2.1-R2.2, R3.1",False,"Task 4844: [stitch] cmd/sum -- srd078 R2.1-R2.2, R3.1: file processing options and output formatting",450348,2711,66334,384007,0.6744,28294,28294,0,21340,21470,130,52,1,130,0
e19649d2e7697508ab38b805bfe76d79ade5ec39,2026-04-11T01:00:33-04:00,4845,stitch,cmd/sum,cmd,srd078,R3.2-R3.3,False,Task 4845: [stitch] cmd/sum -- srd078 R3.2-R3.3: error reporting and differential tests,801221,4717,72616,728594,0.9361,28294,28294,0,21470,21519,49,94,1,50,1
e4e5bfe8fddaf34595f367b54523cda05b662d76,2026-04-11T01:07:49-04:00,4846,stitch,cmd/base32,cmd,srd079,R1.1-R1.4,False,Task 4846: [stitch] cmd/base32 -- srd079 R1.1-R1.4: core Base32 encoding and file processing,796587,23831,90762,705815,1.516,28294,28404,110,21519,21621,102,420,2,212,0
90328accdf231ce1fa3b065f5e98d8411fe0edc4,2026-04-11T01:10:27-04:00,4847,stitch,cmd/base32,cmd,srd079,R2.1-R2.4,False,"Task 4847: [stitch] cmd/base32 -- srd079 R2.1-R2.4: decode mode, ignore-garbage, and wrap control",896466,6862,73648,822806,1.0433,28404,28449,45,21621,21753,132,140,2,182,5
f8b453440eeba8b4aacd2df741093fa8f23f7f4d,2026-04-11T01:21:01-04:00,4849,stitch,cmd/base32,cmd,srd079,R3.1-R3.3,False,Task 4849: [stitch] cmd/base32 -- srd079 R3.1-R3.3: error reporting and differential tests,1005408,27766,98441,906956,1.7629,28449,28502,53,21753,21827,74,510,2,166,39
b51cb9b5b0da4d54fb2e4b2ced3ef795ef9d5418,2026-04-11T01:24:29-04:00,4850,stitch,cmd/base64,cmd,srd080,R1.1-R1.4,False,Task 4850: [stitch] cmd/base64 -- srd080 R1.1-R1.4: core Base64 encoding and file processing,1254925,9336,80120,1174789,1.3216,28502,28676,174,21827,22039,212,192,2,386,0
eba81784c208e90c4c9b595a0194e1e7b60129ac,2026-04-11T01:26:36-04:00,4851,stitch,cmd/base64,cmd,srd080,R2.1-R2.4,False,"Task 4851: [stitch] cmd/base64 -- srd080 R2.1-R2.4: decode mode, ignore-garbage, and wrap control",550450,6858,73380,477062,0.8686,28676,28719,43,22039,22133,94,109,2,148,11
4c974bffc108c31cb625f42ce31c93ed91b4d006,2026-04-11T01:32:05-04:00,4852,stitch,cmd/base64,cmd,srd080,R3.1-R3.3,False,Task 4852: [stitch] cmd/base64 -- srd080 R3.1-R3.3: error reporting and differential tests,1143982,15847,95600,1048369,1.5179,28719,28720,1,22133,22255,122,313,2,135,12
767fba4a236ed1e5c0ad7a6c4cd3037239cb7f9c,2026-04-11T01:36:17-04:00,4854,stitch,cmd/basenc,cmd,srd081,R1.1-R1.4,False,Task 4854: [stitch] cmd/basenc -- srd081 R1.1-R1.4: core encoding and alphabet selection,536069,5441,69163,466898,0.8018,28720,29116,396,22255,22255,0,99,1,396,0
99a4ff3e0f4168ff4d1ee7054ebddbee572ab856,2026-04-11T01:37:43-04:00,4855,stitch,cmd/basenc,cmd,srd081,R2.1-R2.4,False,"Task 4855: [stitch] cmd/basenc -- srd081 R2.1-R2.4: decode mode, ignore-garbage, and wrap control",385115,2940,68989,316120,0.6628,29116,29117,1,22255,22255,0,70,1,3,2
f473f302ed46dd1c010c20a428a24b2743370469,2026-04-11T01:40:14-04:00,4856,stitch,cmd/basenc,cmd,srd081,R3.1-R3.4,False,Task 4856: [stitch] cmd/basenc -- srd081 R3.1-R3.4: error reporting and differential tests,691141,7382,82228,608904,1.003,29117,29117,0,22255,22695,440,135,1,440,0
764ee4b07a5619197dfa2444b680a8b532b4a6a5,2026-04-11T01:41:58-04:00,4857,stitch,cmd/link,cmd,srd084,R1.1-R1.4,False,Task 4857: [stitch] cmd/link -- srd084 R1.1-R1.4: core hard link creation and argument handling,228392,1947,68706,159682,0.5579,29182,29182,0,22944,22944,0,43,2,314,0
fc3546c12759ef92b6b5d47b73d2c106937451fe,2026-04-11T01:41:58-04:00,4857,stitch,cmd/link,cmd,srd084,R1.1-R1.4,False,Task 4857: [stitch] cmd/link -- srd084 R1.1-R1.4: core hard link creation and argument handling,462360,4765,69149,393204,0.7479,29117,29182,65,22695,22944,249,87,2,314,0
e6eb5314a9f16e583efe38bfbc463c40cc3567f8,2026-04-11T01:52:28-04:00,4860,stitch,cmd/sync,cmd,srd085,R1.1-R1.4,False,Task 4860: [stitch] cmd/sync -- srd085 R1.1-R1.4: core sync implementation and argument handling,1177626,22425,89521,1088091,1.6642,29182,29421,239,22944,23069,125,419,2,364,0
ad9080e9d3e321d910b7ce133081645cbe85f880,2026-04-11T01:58:09-04:00,4861,stitch,cmd/sync,cmd,srd085,R2.1-R2.3,False,Task 4861: [stitch] cmd/sync -- srd085 R2.1-R2.3: error reporting and differential tests,578149,16509,79269,498872,1.1576,29421,29429,8,23069,23100,31,325,2,40,1
166ec7e1f58c1d583ac1482236cfd16c8626771d,2026-04-11T02:08:21-04:00,4862,stitch,cmd/truncate,cmd,srd083,R1.1-R1.4,False,Task 4862: [stitch] cmd/truncate -- srd083 R1.1-R1.4: core truncate implementation and argument handling,1864368,33089,106479,1757870,2.3717,29429,29787,358,23100,23444,344,591,2,702,0
92693acfe70b191277ac246be329031a4747df8e,2026-04-11T03:03:09-04:00,4867,stitch,cmd/truncate,cmd,srd083,"R2.1-R2.2, R3.1-R3.2",False,"Task 4867: [stitch] cmd/truncate -- srd083 R2.1-R2.2, R3.1-R3.2: error reporting and differential tests",445577,13698,87087,358484,1.066,29787,29787,0,23444,23511,67,270,1,67,0
d1b0be2150ea3a0e1510a309bab042bf3eb03f68,2026-04-11T03:38:35-04:00,4864,stitch,cmd/stat,cmd,srd082,"R1.1, R2.1-R2.3",False,"Task 4864: [stitch] cmd/stat -- srd082 R1.1, R2.1-R2.3: core stat implementation and argument handling",1846904,69110,86038,1760851,3.146,29787,30425,638,23511,23718,207,1174,4,845,0
6928e2897fd54285c498dae502bcaa51b4e1050e,2026-04-11T03:57:26-04:00,4865,stitch,cmd/stat,cmd,srd082,"R3.1, R4.1-R4.2, R5.1",False,"Task 4865: [stitch] cmd/stat -- srd082 R3.1, R4.1-R4.2, R5.1: filesystem stat and dereference modes",4231188,60461,136665,4094488,4.4131,30425,30712,287,23718,23841,123,1087,5,424,14
674f72bd1bf48ead39a14857c377fe66bd9f0ca6,2026-04-11T04:00:40-04:00,4866,stitch,cmd/stat,cmd,srd082,"R6.1, R7.1-R7.3",False,"Task 4866: [stitch] cmd/stat -- srd082 R6.1, R7.1-R7.3: error handling and edge cases",1415663,7850,83001,1332645,1.3814,30712,30736,24,23841,23919,78,177,2,104,2
5996724f88efb0499b7876fe019581083239e884,2026-04-11T04:04:23-04:00,4869,stitch,cmd/truncate,cmd,srd083,R3.3,False,Task 4869: [stitch] cmd/truncate -- srd083 R3.3: remaining truncate requirement,484099,2011,72184,411908,0.7074,30736,30736,0,23919,23958,39,50,1,40,1
5a8924cbdce4b2c14b33035084a6bac5e2e8246f,2026-04-11T04:06:05-04:00,4870,stitch,cmd/chmod,cmd,srd089,,True,Task 4870: [stitch] cmd/chmod (contract) -- srd089: flag parsing and mode types,360907,4495,66250,294651,0.6738,30736,31099,363,23958,23958,0,86,1,363,0
6870e4cb2dca833e4d0b71b41e703d7c7de10815,2026-04-11T04:17:10-04:00,4871,stitch,cmd/chmod,cmd,srd089,R1.1-R1.4,False,Task 4871: [stitch] cmd/chmod -- srd089 R1.1-R1.4: core chmod implementation and argument handling,1614196,41043,127647,1486534,2.5672,31099,31250,151,23958,24252,294,648,2,475,30
515e0826f57a532216b4a3029e2413fd865836be,2026-04-11T04:24:53-04:00,4872,stitch,cmd/chmod,cmd,srd089,R2.1-R2.4,False,Task 4872: [stitch] cmd/chmod -- srd089 R2.1-R2.4: advanced mode operations,677224,28914,98405,578811,1.6273,31250,31351,101,24252,24406,154,446,2,272,17
cdbb8b9c4e5802f73c203c0ba3a5b5c640f2c8a5,2026-04-11T04:34:55-04:00,4875,stitch,cmd/chmod,cmd,srd089,"R3.1-R3.2, R4.1",False,"Task 4875: [stitch] cmd/chmod -- srd089 R3.1-R3.2, R4.1: recursive traversal and verbose/changes output",454715,20850,91186,363523,1.273,31351,31421,70,24406,24406,0,356,1,102,32
410a3ee69be94564dccdcfe99f8683d1b30fd542,2026-04-11T04:36:28-04:00,4876,stitch,cmd/chmod,cmd,srd089,R4.2-R4.3,False,Task 4876: [stitch] cmd/chmod -- srd089 R4.2-R4.3: error handling and preserving root,379248,3287,67958,311284,0.6626,31421,31425,4,24406,24406,0,77,1,4,0
250efa09cb00a6631a859e7364c92e8a97043715,2026-04-11T04:37:58-04:00,4877,stitch,cmd/chgrp,cmd,srd090,,True,Task 4877: [stitch] cmd/chgrp (contract) -- srd090: flag parsing and ownership types,300654,3604,68247,232402,0.6329,31425,31677,252,24406,24406,0,74,1,252,0
a122e67e0818a04fdb35f16a76824ac06283cd03,2026-04-11T04:40:11-04:00,4878,stitch,cmd/chgrp,cmd,srd090,R1.1-R1.4,False,Task 4878: [stitch] cmd/chgrp -- srd090 R1.1-R1.4: core group change implementation and argument handling,561245,5810,74953,486284,0.8569,31677,31752,75,24406,24406,0,117,1,99,24
d3f45f8e2c06c8c47da2e5aeebf226ea2ca769f4,2026-04-11T04:45:06-04:00,4880,stitch,cmd/chgrp,cmd,srd090,R2.1-R2.3,False,Task 4880: [stitch] cmd/chgrp -- srd090 R2.1-R2.3: recursive traversal and symlink handling,409974,7470,76616,333352,0.8323,31752,31860,108,24406,24406,0,142,1,112,4
a7c57dd77d6b333bcd24fe1011992d925eb8bd4c,2026-04-11T04:52:25-04:00,4881,stitch,cmd/chgrp,cmd,srd090,R3.1-R3.3,False,"Task 4881: [stitch] cmd/chgrp -- srd090 R3.1-R3.3: error handling, verbose output, and --preserve-root",1305052,25342,109830,1195209,1.9177,31860,31864,4,24406,24813,407,421,2,413,2
f35167b4ca075562172c1d4d4b0e5bb27e196bad,2026-04-11T04:55:01-04:00,4882,stitch,cmd/chown,cmd,srd091,,True,Task 4882: [stitch] cmd/chown (contract) -- srd091: ownership types and flag parsing,542708,8130,69964,472736,0.8769,31864,32472,608,24813,24813,0,141,1,608,0
0925fc2a10fe247cc813a50300dd25210ae4e409,2026-04-11T04:55:01-04:00,4882,stitch,cmd/chown,cmd,srd091,,True,Task 4882: [stitch] cmd/chown (contract) -- srd091: ownership types and flag parsing,573886,4497,74728,499150,0.8291,32472,32472,0,24813,24813,0,102,1,608,0
08531eeb3ba495768428a6c8e989d5fb4ecf8a65,2026-04-11T05:08:11-04:00,4886,stitch,cmd/chown,cmd,srd091,R3.1-R3.3,False,"Task 4886: [stitch] cmd/chown -- srd091 R3.1-R3.3: error handling, verbose output, and --preserve-root",1430743,12214,99761,1330967,1.5944,32472,32473,1,24813,25290,477,435,2,481,3
f82504d50d094da4f8dde1ac6d82723d74461189,2026-04-11T05:09:47-04:00,4887,stitch,cmd/mkfifo,cmd,srd092,,True,Task 4887: [stitch] cmd/mkfifo (contract) -- srd092: FIFO creation types and main structure,366233,4303,65045,301182,0.6647,32473,32794,321,25290,25290,0,79,1,321,0
87ba3470fdcb66d1bb69cf08296b6d1c0b13236d,2026-04-11T05:11:34-04:00,4888,stitch,cmd/mknod,cmd,srd093,,True,Task 4888: [stitch] cmd/mknod (contract) -- srd093: special file creation types and main structure,468220,5552,70620,397593,0.779,32794,33227,433,25290,25290,0,91,1,433,0
079b84b2e02c09b8373966bf8d001e52b3655179,2026-04-11T05:16:22-04:00,4890,stitch,cmd/mkfifo,cmd,srd092,R1.1-R1.4,False,Task 4890: [stitch] cmd/mkfifo -- srd092 R1.1-R1.4: FIFO creation core implementation,572502,2048,62000,510493,0.694,33227,33227,0,25290,25290,0,63,1,5,5
d8a04cf64e25d7a9d807094d8bb4c693c30e1b38,2026-04-11T05:17:45-04:00,4891,stitch,cmd/mknod,cmd,srd093,R1.1-R1.3,False,Task 4891: [stitch] cmd/mknod -- srd093 R1.1-R1.3: special file creation core implementation,764780,2613,67921,696848,0.8383,33227,33252,25,25290,25290,0,68,1,32,7
4361b0d91c8c5247b2e97491e812e35af9892419,2026-04-11T05:18:53-04:00,4892,stitch,cmd/nice,cmd,srd094,,True,Task 4892: [stitch] cmd/nice (contract) -- srd094: priority adjustment types and main structure,285530,2252,62632,222893,0.5592,33252,33403,151,25290,25290,0,49,1,151,0
42b52efe173d33784fd331dea8479d8a27ebc0ce,2026-04-11T05:20:14-04:00,4893,stitch,cmd/nohup,cmd,srd095,,True,Task 4893: [stitch] cmd/nohup (contract) -- srd095: SIGHUP-immune execution types and main structure,275412,1754,59156,216251,0.5217,33403,33453,50,25290,25290,0,65,1,50,0
e6222fd1ed51952efe8853e9b05e517110a8e65d,2026-04-11T05:24:12-04:00,4895,stitch,cmd/nice,cmd,srd094,R1.1-R1.4,False,Task 4895: [stitch] cmd/nice -- srd094 R1.1-R1.4: priority adjustment core implementation,348166,3060,60236,287924,0.597,33453,33478,25,25290,25290,0,91,1,38,13
37fcba12c37f30c588e9a3b8cbe493362b079555,2026-04-11T05:25:49-04:00,4896,stitch,cmd/nohup,cmd,srd095,R1.1-R1.4,False,Task 4896: [stitch] cmd/nohup -- srd095 R1.1-R1.4: SIGHUP-immune execution core implementation,557828,3767,60142,497677,0.7189,33478,33574,96,25290,25290,0,82,1,113,17
02742e53d3e8800619867cd9028c3195dc98fecb,2026-04-11T05:27:38-04:00,4897,stitch,cmd/mkfifo,cmd,srd092,R2.1-R2.3,False,Task 4897: [stitch] cmd/mkfifo -- srd092 R2.1-R2.3: FIFO creation differential tests,478194,5122,73387,404800,0.7892,33574,33574,0,25290,25556,266,95,1,266,0
6c68d01b908302e9c4e10a0b897093a0c15e576a,2026-04-11T05:30:50-04:00,4898,stitch,cmd/mknod,cmd,srd093,R2.1-R2.3,False,Task 4898: [stitch] cmd/mknod -- srd093 R2.1-R2.3: special file creation differential tests,673877,10972,82156,591712,1.0837,33574,33574,0,25556,25950,394,177,1,394,0
136b2911fe4fecb99084841ad98ff919b717f594,2026-04-11T05:37:30-04:00,4900,stitch,cmd/nice,cmd,srd094,R2.1-R2.3,False,Task 4900: [stitch] cmd/nice -- srd094 R2.1-R2.3: scheduling priority differential tests,1844549,12898,88446,1756082,1.7534,33574,33595,21,25950,26080,130,268,2,156,5
fb7449cacd38c839664e7c593f63f2e7ef2b23df,2026-04-11T05:39:13-04:00,4901,stitch,cmd/nohup,cmd,srd095,R2.1-R2.3,False,Task 4901: [stitch] cmd/nohup -- srd095 R2.1-R2.3: SIGHUP-immune execution differential tests,633265,4034,70846,562410,0.8249,33595,33596,1,26080,26229,149,87,2,150,0
6a7d8d90f8431de5bc37d7d9ac7f698122184822,2026-04-11T05:42:07-04:00,4902,stitch,cmd/users,cmd,srd096,R1.1-R1.3,False,Task 4902: [stitch] cmd/users -- srd096 R1.1-R1.3: logged-in user listing core implementation,655247,7080,63889,591348,0.9088,33596,33727,131,26229,26229,0,158,1,131,0
fb241ac055dee4cf7091e4f58fb7d18970ec5f1a,2026-04-11T05:43:53-04:00,4903,stitch,cmd/users,cmd,srd096,R2.1-R2.3,False,Task 4903: [stitch] cmd/users -- srd096 R2.1-R2.3: logged-in user listing differential tests,529647,2260,66208,463431,0.7021,33727,33729,2,26229,26311,82,62,2,85,1
577eeeb13d2da73413b011d40af36e5096c37446,2026-04-11T05:48:25-04:00,4905,stitch,cmd/who,cmd,srd097,R1.1-R1.4,False,Task 4905: [stitch] cmd/who -- srd097 R1.1-R1.4: core utmpx reading and default output,723195,5201,63564,659620,0.8572,33729,33811,82,26311,26311,0,122,1,82,0
1ea6e766477a692aef1b00c7c4d1d46c7b393e01,2026-04-11T05:49:58-04:00,4906,stitch,cmd/who,cmd,srd097,R2.1-R2.4,False,Task 4906: [stitch] cmd/who -- srd097 R2.1-R2.4: flags and display options,491519,3693,60703,430808,0.6872,33811,33938,127,26311,26311,0,75,1,148,21
6526ab84ad4fd8e88edfa814e9361570ffa0b766,2026-04-11T05:52:34-04:00,4907,stitch,cmd/who,cmd,srd097,R3.1-R3.3,False,"Task 4907: [stitch] cmd/who -- srd097 R3.1-R3.3: error handling, version, and help",369429,8819,67119,302304,0.7912,33938,34038,100,26311,26311,0,139,1,113,13
3bf36544b9de5bedb3bcc897e6072da7f6331333,2026-04-11T06:10:26-04:00,4908,stitch,cmd/who,cmd,srd097,,False,Task 4908: [stitch] cmd/who -- srd097 differential tests,1130878,36993,109549,1021316,2.1944,34038,34056,18,26311,26465,154,1054,2,185,13
79241b14a30a596107770785b929bd8e49f7150a,2026-04-11T06:14:50-04:00,4910,stitch,cmd/pinky,cmd,srd098,R1.1-R1.3,False,Task 4910: [stitch] cmd/pinky -- srd098 R1.1-R1.3: core utmpx reading and default output,526879,6336,67805,459066,0.8118,34056,34239,183,26465,26465,0,115,1,183,0
c31077633c51470b5619faca19a2856123c01dfd,2026-04-11T06:18:41-04:00,4911,stitch,cmd/pinky,cmd,srd098,R2.1-R2.3,False,Task 4911: [stitch] cmd/pinky -- srd098 R2.1-R2.3: flags and display options,491903,15230,77372,414524,1.0716,34239,34418,179,26465,26465,0,210,1,220,41
d3fbf4d19ed08f7434322505f02387496051c67c,2026-04-11T06:20:32-04:00,4912,stitch,cmd/pinky,cmd,srd098,R3.1-R3.3,False,"Task 4912: [stitch] cmd/pinky -- srd098 R3.1-R3.3: error handling, version, and help",383829,5833,69868,313955,0.7395,34418,34483,65,26465,26465,0,95,1,78,13
a5cde23cdd7a6d7749b9647d17032dbac025a123,2026-04-11T06:28:57-04:00,4913,stitch,cmd/pinky,cmd,srd098,,False,Task 4913: [stitch] cmd/pinky -- srd098 differential tests,1262032,25593,104940,1157078,1.8743,34483,34496,13,26465,26645,180,485,2,228,35
5ec1c127c5262170c52585a412d8da0171da295f,2026-04-11T06:35:57-04:00,4915,stitch,cmd/chroot,cmd,srd100,R1.1-R1.3,False,Task 4915: [stitch] cmd/chroot -- srd100 R1.1-R1.3: core chroot and exec functionality,353651,1341,61118,292527,0.5618,34631,34631,0,26645,26645,0,38,1,135,0
9993966a63aab13f4a1677652d4a082682a8d46b,2026-04-11T06:35:57-04:00,4915,stitch,cmd/chroot,cmd,srd100,R1.1-R1.3,False,Task 4915: [stitch] cmd/chroot -- srd100 R1.1-R1.3: core chroot and exec functionality,460189,12544,70636,389546,0.9499,34496,34631,135,26645,26645,0,199,1,135,0
c3a25edb32774295530ae5b9a2f555d023adbc3a,2026-04-11T06:41:28-04:00,4918,stitch,cmd/shred,cmd,srd099,R1.1-R1.4,False,Task 4918: [stitch] cmd/shred -- srd099 R1.1-R1.4: core overwrite passes and file handling,686650,16275,80782,605859,1.2147,34631,34940,309,26645,26645,0,260,1,309,0
7ed3d83727e15cdab7691e0e1b4dfaee98fe0fcd,2026-04-11T06:47:40-04:00,4920,stitch,cmd/shred,cmd,srd099,R2.1-R2.4,False,Task 4920: [stitch] cmd/shred -- srd099 R2.1-R2.4: extended overwrite options and verbose output,663774,14074,76570,587195,1.1241,34940,35129,189,26645,26645,0,230,1,238,49
74839846dca76dfd514a3812067520ff16ad3ba6,2026-04-11T06:57:22-04:00,4921,stitch,cmd/shred,cmd,srd099,R3.1-R3.3,False,Task 4921: [stitch] cmd/shred -- srd099 R3.1-R3.3: error handling and differential tests,972413,25256,93472,878930,1.6551,35129,35129,0,26645,26832,187,564,2,188,1
a2474a5ef33a9813360679fcc5e8f145e19c7cb2,2026-04-11T07:00:35-04:00,4922,stitch,cmd/install,cmd,srd101,R1.1-R1.4,False,Task 4922: [stitch] cmd/install -- srd101 R1.1-R1.4: core file copy with mode and ownership,603360,10427,83339,520013,1.0416,35129,35709,580,26832,26832,0,177,1,580,0
9d98383ad0909827e7d2cb069aba6c199bfc4a7f,2026-04-11T07:03:22-04:00,4923,stitch,cmd/install,cmd,srd101,R2.1-R2.4,False,Task 4923: [stitch] cmd/install -- srd101 R2.1-R2.4: directory creation and backup modes,389567,8947,71833,317728,0.8315,35709,35858,149,26832,26832,0,147,1,199,50
97ba19ceb420de229dfdaaa4e3eee829e4e8a61b,2026-04-11T07:08:57-04:00,4925,stitch,cmd/install,cmd,srd101,R3.1-R3.3,False,Task 4925: [stitch] cmd/install -- srd101 R3.1-R3.3: error handling and differential tests,1759173,8211,96311,1662841,1.6387,35858,35897,39,26832,27108,276,184,2,316,1
d1c19a3f2ff9dac5b0e19741ebedd1bfb12def27,2026-04-11T07:23:29-04:00,4926,stitch,cmd/tsort,cmd,srd102,R1.1-R1.4,False,Task 4926: [stitch] cmd/tsort -- srd102 R1.1-R1.4: core topological sort with input parsing,1318795,47128,121588,1197194,2.5368,35897,36269,372,27108,27316,208,854,2,580,0
7ec0ad9a34f78407ed7449868733c48399359421,2026-04-11T07:27:25-04:00,4927,stitch,cmd/tsort,cmd,srd102,R2.1-R2.3,False,Task 4927: [stitch] cmd/tsort -- srd102 R2.1-R2.3: error handling and extended differential tests,844817,11255,79076,765730,1.1585,36269,36272,3,27316,27375,59,218,2,108,46
908c9783f4f3366891b816a8e388946cceabd634,2026-04-11T07:30:49-04:00,4928,stitch,cmd/pathchk,cmd,srd103,R1.1-R1.4,False,Task 4928: [stitch] cmd/pathchk -- srd103 R1.1-R1.4: core pathname checking with POSIX validation,895720,10040,80000,815708,1.1589,36272,36519,247,27375,27545,170,186,2,417,0
d66702aaae3442df251e922de3bff5d05260a025,2026-04-11T07:45:20-04:00,4930,stitch,cmd/pathchk,cmd,srd103,R2.1-R2.3,False,Task 4930: [stitch] cmd/pathchk -- srd103 R2.1-R2.3: error handling and extended differential tests,925858,40783,103828,822020,2.0796,36519,36534,15,27545,27664,119,705,2,169,35
cd9e1275e9ae0af328d1f354aef796545093a482,2026-04-11T07:48:33-04:00,4931,stitch,cmd/test,cmd,srd104,"R1.1-R1.2, R2.1-R2.2",False,"Task 4931: [stitch] cmd/test -- srd104 R1.1-R1.2, R2.1-R2.2: core expression evaluation with string and integer operations",1595105,10068,94454,1500634,1.5924,36534,37000,466,27664,27899,235,177,2,701,0
42f0c3b689219d394a84d428b6fadcc04ebeac64,2026-04-11T08:01:26-04:00,4932,stitch,cmd/test,cmd,srd104,"R3.1-R3.2, R4.1-R4.2",False,"Task 4932: [stitch] cmd/test -- srd104 R3.1-R3.2, R4.1-R4.2: file test operators and error handling with extended differential tests",980021,45266,113037,866974,2.2717,37000,37017,17,27899,27884,-15,757,2,214,212
bcb0b9c5b52e255d221d4871cd0113993fc9ccc7,2026-04-11T08:22:51-04:00,4934,stitch,cmd/df,cmd,srd106,R1.1-R1.4,False,Task 4934: [stitch] cmd/df -- srd106 R1.1-R1.4: core filesystem usage data collection and default output,3175641,55532,142422,3033193,3.7952,37017,37467,450,27884,27997,113,1026,4,563,0
acff87c12c15abdf9e18c845eab7d1ed9aad682d,2026-04-11T08:35:39-04:00,4935,stitch,cmd/df,cmd,srd106,"R1.5, R2.1-R2.3",False,"Task 4935: [stitch] cmd/df -- srd106 R1.5, R2.1-R2.3: argument handling, file-to-filesystem mapping, and output control",1357271,43916,121882,1235376,2.4774,37467,37647,180,27997,28091,94,750,4,369,95
5b04d725f22ac4dc27f072682ad1a530cd991d25,2026-04-11T08:52:41-04:00,4936,stitch,cmd/df,cmd,srd106,R3.1-R3.4,False,"Task 4936: [stitch] cmd/df -- srd106 R3.1-R3.4: human-readable sizes, SI units, block size, and type display",3942749,56697,157329,3785389,4.2936,37647,37787,140,28091,28277,186,1003,2,382,56
1feee6a922bac7509d82a41cadb368a6375d7d3e,2026-04-11T08:57:19-04:00,4937,stitch,cmd/df,cmd,srd106,"R3.5-R3.7, R4.1",False,"Task 4937: [stitch] cmd/df -- srd106 R3.5-R3.7, R4.1: filesystem filtering, POSIX output, and error handling",1274201,14812,93245,1180942,1.5436,37787,37876,89,28277,28334,57,258,2,161,15
f1ca71844f75ca07147be8085a2a4afed88a753b,2026-04-11T09:04:10-04:00,4939,stitch,cmd/df,cmd,srd106,R4.2-R4.3,False,Task 4939: [stitch] cmd/df -- srd106 R4.2-R4.3: inode display and overall output formatting,1560562,8377,94318,1466227,1.5321,37876,37905,29,28334,28352,18,224,2,66,19
74bdd38fda685187e316c859577af3d6b3e2709b,2026-04-11T09:13:41-04:00,4940,stitch,cmd/dir,cmd,srd107,R1.1-R1.4,False,Task 4940: [stitch] cmd/dir -- srd107 R1.1-R1.4: core directory listing as ls -C -b equivalent,3228222,29025,111758,3116429,2.9825,37905,39150,1245,28352,28471,119,552,2,1364,0
d27b2678685eb480e5d00cf009a75e3c4b4c566b,2026-04-11T09:17:54-04:00,4941,stitch,cmd/dir,cmd,srd107,"R1.5, R2.1-R2.3",False,"Task 4941: [stitch] cmd/dir -- srd107 R1.5, R2.1-R2.3: sorting, exit codes, and error handling",1301314,8776,91773,1209526,1.3978,39150,39150,0,28471,28522,51,200,2,54,3
d4e9e67722447df8367647cfcfa3b9c5c80e4ce1,2026-04-11T09:20:04-04:00,4942,stitch,cmd/dir,cmd,srd107,R2.4,False,Task 4942: [stitch] cmd/dir -- srd107 R2.4: differential testing against gdir reference binary,476818,6393,73838,402973,0.8228,39150,39150,0,28522,28751,229,113,1,234,5
d0b894a189ff7d333be6cb1e69296cb11d98d20a,2026-04-11T09:28:59-04:00,4944,stitch,cmd/vdir,cmd,srd108,R1.1-R1.4,False,Task 4944: [stitch] cmd/vdir -- srd108 R1.1-R1.4: core vdir listing as ls -l -b equivalent,2553646,19199,114752,2438869,2.4167,39150,40420,1270,28751,28751,0,364,1,1270,0
bcc8dcfcb2eb1e8b152bb5b5d716729dceb2d40d,2026-04-11T09:32:05-04:00,4945,stitch,cmd/vdir,cmd,srd108,"R1.5, R2.1-R2.3",False,"Task 4945: [stitch] cmd/vdir -- srd108 R1.5, R2.1-R2.3: sorting, exit codes, and error handling",1040733,6162,94071,946650,1.2154,40420,40470,50,28751,28751,0,170,1,50,0
c6be5a46006719dfbf7e13fbf469127c6443f539,2026-04-11T09:34:09-04:00,4946,stitch,cmd/vdir,cmd,srd108,"R1.6, R2.4",False,"Task 4946: [stitch] cmd/vdir -- srd108 R1.6, R2.4: differential testing against gvdir reference binary",727582,5261,74808,652764,0.9255,40470,40470,0,28751,29115,364,106,1,364,0
e4feeb2fc14e9bcc0570893afa3ae04b464f44cd,2026-04-11T09:36:24-04:00,4947,stitch,cmd/dircolors,cmd,srd109,R1.1-R1.4,False,Task 4947: [stitch] cmd/dircolors -- srd109 R1.1-R1.4: core dircolors database and default output,765698,5647,70657,695030,0.9304,40470,40681,211,29115,29115,0,119,1,211,0
7a0dda39778f3d6f87b008148152f4a262a74ae9,2026-04-11T09:47:37-04:00,4949,stitch,cmd/dircolors,cmd,srd109,R2.1-R2.4,False,Task 4949: [stitch] cmd/dircolors -- srd109 R2.1-R2.4: shell output formats and print-database,2462526,24397,101498,2361001,2.4249,40681,41064,383,29115,29283,168,458,3,676,125
77aa975ab58ae9d460b1e3e7dcb70f10f0ad41e0,2026-04-11T09:53:27-04:00,4950,stitch,cmd/dircolors,cmd,srd109,"R2.5, R3.1-R3.3",False,"Task 4950: [stitch] cmd/dircolors -- srd109 R2.5, R3.1-R3.3: custom database file parsing and TERM matching",702271,17866,87626,614636,1.3017,41064,41065,1,29283,29400,117,333,2,126,8
bb005dfa545487343a892ad486a11fa96022e575,2026-04-11T10:03:02-04:00,4952,stitch,cmd/chronic,cmd,srd112,R1.1-R1.3,False,Task 4952: [stitch] cmd/chronic -- srd112 R1.1-R1.3: core chronic implementation with output suppression,1341206,29038,96246,1244945,1.95,41065,41197,132,29400,29462,62,558,2,194,0
d4348b10f341b13e330b041a4614758ce8d3bae8,2026-04-11T10:13:56-04:00,4951,stitch,cmd/dircolors,cmd,srd109,R3.4-R3.5,False,Task 4951: [stitch] cmd/dircolors -- srd109 R3.4-R3.5: error handling and edge cases,1529209,39199,112632,1416562,2.3923,41197,41256,59,29462,29535,73,634,3,138,6
23b6293ebf01871a979ca543f6632a3d0c26692b,2026-04-11T10:21:45-04:00,4954,stitch,cmd/chronic,cmd,srd112,R2.1-R2.3,False,"Task 4954: [stitch] cmd/chronic -- srd112 R2.1-R2.3: verbose mode, exit code propagation, and error reporting",826613,14632,79624,746978,1.237,41256,41258,2,29535,29564,29,303,2,34,3
9cf7053cfd60d764fb5c6bc33b7ef2202acdca33,2026-04-11T10:23:18-04:00,4955,stitch,cmd/pee,cmd,srd113,R1.1-R1.3,False,Task 4955: [stitch] cmd/pee -- srd113 R1.1-R1.3: core pee implementation with stdin teeing to multiple pipe commands,443077,3377,64225,378845,0.6753,41258,41368,110,29564,29632,68,75,2,178,0
6095e7ef123e25b917915d3ea7be5b0013f768d2,2026-04-11T10:26:45-04:00,4956,stitch,cmd/pee,cmd,srd113,R2.1-R2.2,False,Task 4956: [stitch] cmd/pee -- srd113 R2.1-R2.2: error handling and exit code aggregation,675974,8858,68054,607910,0.9508,41368,41370,2,29632,29659,27,190,2,51,22
e2ede8bf01ee2258658c790809f31cd6b8db79d9,2026-04-11T10:35:25-04:00,4957,stitch,cmd/vidir,cmd,srd114,R1.1-R1.4,False,Task 4957: [stitch] cmd/vidir -- srd114 R1.1-R1.4: core vidir implementation with directory listing and editor integration,841383,28849,93138,748235,1.6775,41370,41697,327,29659,29751,92,503,2,419,0
6f9ab70768275284c243bc8476536fb4ef80dfc6,2026-04-11T10:42:35-04:00,4959,stitch,cmd/vidir,cmd,srd114,R2.1-R2.2,False,Task 4959: [stitch] cmd/vidir -- srd114 R2.1-R2.2: error handling and edge cases,855117,8753,71170,783935,1.0557,41697,41699,2,29751,29773,22,199,2,28,4
fd529107472c351b419432febade723e8f33d69e,2026-04-11T10:47:03-04:00,4960,stitch,cmd/ts,cmd,srd004,R1.1-R1.4,False,Task 4960: [stitch] cmd/ts -- srd004 R1.1-R1.4: core ts implementation with stdin timestamping,761425,13148,90354,671061,1.229,41699,41811,112,29773,29893,120,249,2,232,0
18ebb077bfa623e8460a1025227a66dfdc5ecd91,2026-04-11T10:55:55-04:00,4961,stitch,cmd/ts,cmd,srd004,"R1.5-R1.6, R2.1-R2.2",False,"Task 4961: [stitch] cmd/ts -- srd004 R1.5-R1.6, R2.1-R2.2: extended core and format options",648481,29074,91933,556540,1.5797,41811,41904,93,29893,29946,53,512,2,189,43
f270436976daf80e55f8e06a204c3ce1f6108d70,2026-04-11T11:01:05-04:00,4962,stitch,cmd/ts,cmd,srd004,"R2.3-R2.4, R3.1-R3.2",False,"Task 4962: [stitch] cmd/ts -- srd004 R2.3-R2.4, R3.1-R3.2: additional format modes and feature group 3",868269,15923,82835,785423,1.3086,41904,41981,77,29946,30001,55,292,2,156,24
9ed6703788587d338cb803e8822b9e3b2c7ca901,2026-04-11T11:08:38-04:00,4964,stitch,cmd/ts,cmd,srd004,"R3.3-R3.4, R4.1-R4.2",False,"Task 4964: [stitch] cmd/ts -- srd004 R3.3-R3.4, R4.1-R4.2: feature group 3 completion and group 4 start",1190075,17357,90222,1099839,1.5478,41981,42007,26,30001,30045,44,317,2,97,27
68a711689bbeb8be0b99685092961a135fa7e5e7,2026-04-11T11:12:56-04:00,4965,stitch,cmd/ts,cmd,srd004,"R4.3, R5.1-R5.3",False,"Task 4965: [stitch] cmd/ts -- srd004 R4.3, R5.1-R5.3: feature group 4 completion and group 5",2011060,9673,87759,1923278,1.7521,42007,42017,10,30045,30127,82,238,2,107,15
55a5e7ca29090be5343043f1a418526d37bae7a5,2026-04-11T11:29:24-04:00,4966,stitch,cmd/ts,cmd,srd004,"R6.1-R6.2, R7.1-R7.2",False,"Task 4966: [stitch] cmd/ts -- srd004 R6.1-R6.2, R7.1-R7.2: feature groups 6 and 7 start",1659184,54472,133422,1525748,2.9586,42017,42212,195,30127,30241,114,969,2,332,23
8045b52f2060bf20343ee93e4097853c96df6d61,2026-04-11T11:32:21-04:00,4967,stitch,cmd/ts,cmd,srd004,"R7.3, R8.1-R8.2, R9.1",False,"Task 4967: [stitch] cmd/ts -- srd004 R7.3, R8.1-R8.2, R9.1: feature group 7 completion, group 8, and group 9 start",2004856,6386,89918,1914916,1.6792,42212,42218,6,30241,30265,24,159,2,32,2
6e1bbae05e33acd3ca0d2507c6d81ec0173f34bb,2026-04-11T11:41:01-04:00,4969,stitch,cmd/ts,cmd,srd004,"R9.2, R10.1-R10.3",False,"Task 4969: [stitch] cmd/ts -- srd004 R9.2, R10.1-R10.3: feature group 9 completion and group 10",1418462,20441,99488,1318959,1.7924,42218,42239,21,30265,30319,54,359,2,145,70
b27cc27c78bb782155a613e30f531be17846afb8,2026-04-11T11:42:35-04:00,4970,stitch,cmd/stty,cmd,srd105,,True,Task 4970: [stitch] cmd/stty (contract) -- srd105: exported types and function signatures,415807,2873,61930,353870,0.6359,42239,42417,178,30319,30319,0,74,1,178,0
cbe9cf93ecf3f3852213370c099f57223e2ba979,2026-04-11T12:47:20-04:00,4971,stitch,cmd/stty,cmd,srd105,"R1.1, R2.1, R3.1, R3.2",False,"Task 4971: [stitch] cmd/stty -- srd105 R1.1, R2.1, R3.1, R3.2: basic terminal queries and readable display",3575089,81448,93370,3481692,4.3607,42417,42733,316,30319,30498,179,1406,2,598,103
735cd7ee29ce5989931d58a9b9408e4ee25a67f5,2026-04-11T13:04:38-04:00,4972,stitch,cmd/stty,cmd,srd105,"R4.1, R5.1, R6.1, R6.2",False,"Task 4972: [stitch] cmd/stty -- srd105 R4.1, R5.1, R6.1, R6.2: terminal settings modification and flag groups",1218608,59478,127632,1090965,2.8302,42733,43118,385,30498,30646,148,1020,3,581,48
a5e8eeddd111cb6d72ec7125393aaed50a443052,2026-04-11T13:09:22-04:00,4974,stitch,cmd/stty,cmd,srd105,"R7.1, R7.2, R7.3",False,"Task 4974: [stitch] cmd/stty -- srd105 R7.1, R7.2, R7.3: remaining stty feature group",1502959,5119,82208,1420733,1.3522,43118,43129,11,30646,30661,15,127,2,29,3
0583333c12edf9b3fcaa27dd5a399fa20922c017,2026-04-11T13:11:15-04:00,4975,stitch,cmd/pr,cmd,srd110,,True,Task 4975: [stitch] cmd/pr (contract) -- srd110: exported types and function signatures,389316,4780,70824,318486,0.7214,43129,43405,276,30661,30684,23,95,2,299,0
826fe0e668fa3587ea4753c0eda87df0758732af,2026-04-11T13:13:37-04:00,4976,stitch,cmd/ptx,cmd,srd111,,True,Task 4976: [stitch] cmd/ptx (contract) -- srd111: exported types and function signatures,376367,2683,67145,309216,0.6414,43405,43547,142,30684,30705,21,63,2,163,0
2ce8b071f92949079dd1f7aa0770c79cefc577dc,2026-04-11T13:27:05-04:00,4977,stitch,cmd/pr,cmd,srd110,R1.1,False,Task 4977: [stitch] cmd/pr -- srd110 R1.1: core page formatting and output,1763490,43544,112396,1651077,2.6167,43547,43620,73,30705,30735,30,791,2,129,26
a89c539392b71c48e769ba266d2062f5b70789a8,2026-04-11T13:40:53-04:00,4979,stitch,cmd/pr,cmd,srd110,"R2.1, R2.2, R2.3",False,"Task 4979: [stitch] cmd/pr -- srd110 R2.1, R2.2, R2.3: multi-column and merge modes",1401246,36439,107919,1293313,2.2322,43620,43729,109,30735,30770,35,628,2,174,30
aeb8c3c562e942eb9fccb4e91c8e927ea9ebb1a8,2026-04-11T14:02:39-04:00,4980,stitch,cmd/pr,cmd,srd110,R3.1,False,Task 4980: [stitch] cmd/pr -- srd110 R3.1: line numbering,1309575,73517,146657,1162904,3.359,43729,43798,69,30770,30813,43,1287,2,241,129
2fd21b7fbaaa70101c674a109ad2b8c0e149bc1e,2026-04-11T14:19:05-04:00,4981,stitch,cmd/ptx,cmd,srd111,R1.1,False,Task 4981: [stitch] cmd/ptx -- srd111 R1.1: core keyword extraction and KWIC index output,1837452,56917,121837,1715598,3.0423,43798,44103,305,30813,30840,27,970,2,379,47
b6f4c087231aa76e2d0dc465864cf60e61135b79,2026-04-11T14:43:57-04:00,4982,stitch,cmd/ptx,cmd,srd111,"R2.1, R2.2, R2.3",False,"Task 4982: [stitch] cmd/ptx -- srd111 R2.1, R2.2, R2.3: reference and output formatting options",1575343,87252,155964,1419366,3.8658,44103,44191,88,30840,30870,30,1469,2,183,65
86d153d265ca906ead25ffbf8e5e284d6e9892f2,2026-04-11T14:55:34-04:00,4984,stitch,cmd/pr,cmd,srd110,"R4.1, R4.2, R4.3",False,"Task 4984: [stitch] cmd/pr -- srd110 R4.1, R4.2, R4.3: page width, offset, and separator controls",469204,32931,97571,371627,1.6189,44191,44339,148,30870,30870,0,540,1,177,29
c867d20bf5980f7d238cde659384ac48b91317c0,2026-04-11T14:58:19-04:00,4985,stitch,cmd/pr,cmd,srd110,"R5.1, R5.2",False,"Task 4985: [stitch] cmd/pr -- srd110 R5.1, R5.2: differential tests and edge case coverage",691047,7767,80519,610519,1.0027,44339,44339,0,30870,30908,38,145,1,38,0
a155a1c01ed1b04dd47089dd0afb483b2626e5a7,2026-04-11T15:00:33-04:00,4986,stitch,cmd/ptx,cmd,srd111,R3.1,False,Task 4986: [stitch] cmd/ptx -- srd111 R3.1: input filtering and word break configuration,531217,3240,67076,464133,0.7323,44339,44350,11,30908,30908,0,117,1,18,7
e1ca9f07c655b0460f5956e64318dea43c223e05,2026-04-11T15:00:33-04:00,4986,stitch,cmd/ptx,cmd,srd111,R3.1,False,Task 4986: [stitch] cmd/ptx -- srd111 R3.1: input filtering and word break configuration,294932,1588,65580,229347,0.5643,44350,44350,0,30908,30908,0,42,1,18,7
99215163bc897bcd89a409ea41d07c7d373fbecf,2026-04-11T15:05:54-04:00,4989,stitch,cmd/ptx,cmd,srd111,"R5.1, R5.2",False,"Task 4989: [stitch] cmd/ptx -- srd111 R5.1, R5.2: differential tests and edge case coverage",689437,8839,83415,606013,1.0454,44350,44350,0,30908,31043,135,168,1,148,13
186ee9d89734caff999ef772fa8e76009d83bec4,2026-05-13T17:30:58-04:00,5064,stitch,pkg/sys,pkg,srd002,,True,Task 5064: [stitch] srd002-sys -- pkg/sys (contract),1883732,2467,146951,1736768,1.9814,0,78,78,0,0,0,101,3,78,0
37062bd8c7ac8187bcd9491c7500027b30382ed0,2026-05-13T17:32:38-04:00,5065,stitch,pkg/testutils,pkg,srd001,,True,Task 5065: [stitch] srd001-testutils -- pkg/testutils (contract),951554,2072,148465,803082,1.5153,78,141,63,0,0,0,80,1,63,0
e703ad9b22bf49bb4172416876514fcb7a5a6f8e,2026-05-13T17:45:09-04:00,5066,stitch,pkg/sys,pkg,srd002,R1.1-R1.4,False,Task 5066: [stitch] srd002-sys R1.1-R1.4 -- FileInfo struct and Stat/Lstat implementation,1456534,7757,154049,1302475,1.9419,141,192,51,0,0,0,141,4,59,4
a90adf92d19822a3ab0eacd3a9d57feaa8606a21,2026-05-13T17:46:53-04:00,5067,stitch,pkg/testutils,pkg,srd001,R1.1-R1.4,False,Task 5067: [stitch] srd001-testutils R1.1-R1.4 -- DiffTest struct and test configuration,1267266,2940,149379,1117878,1.7003,192,206,14,0,0,0,82,1,15,1
17276f74ffc4dca2529cb818cb809c979034bbae,2026-05-13T17:57:27-04:00,5069,stitch,pkg/sys,pkg,srd002,"R1.5-R1.7, R2.1",False,"Task 5069: [stitch] srd002-sys R1.5-R1.7, R2.1 -- Extended file metadata and TerminalWidth",671477,12106,168201,503263,1.9649,206,220,14,0,0,0,303,3,27,13
706c3e6fef4f6bb2f1074c7669dbdc196ad82b7c,2026-05-13T18:04:22-04:00,5070,stitch,pkg/testutils,pkg,srd001,R2.1-R2.4,False,Task 5070: [stitch] srd001-testutils R2.1-R2.4 -- RunDiffTests binary execution and output comparison,565277,19592,172457,392807,2.1769,220,397,177,0,0,0,393,1,181,4
9d96a356d679e99d4d53d7a07f383cd99fe8f3ff,2026-05-13T18:07:25-04:00,5071,stitch,pkg/sys,pkg,srd002,R2.2-R2.5,False,"Task 5071: [stitch] srd002-sys R2.2-R2.5 -- IsTerminal, InstallSIGPIPEHandler, and signal handling",452783,6443,165675,287098,1.6742,397,406,9,0,0,0,160,2,24,15
b914b24200598aa6e9f221a11f1d996c18d234a4,2026-05-13T18:21:12-04:00,5074,stitch,pkg/format,pkg,srd003,,True,Task 5074: [stitch] pkg/format srd003-format (contract),805033,2416,150303,654724,1.4669,406,487,81,0,0,0,60,3,81,0
a4f76657e254d6de5b98bc78b0f977799f998380,2026-05-13T18:24:35-04:00,5075,stitch,pkg/sys,pkg,srd002,"R2.6, R3.1, R3.2, R3.3",False,"Task 5075: [stitch] pkg/sys srd002-sys R2.6, R3.1, R3.2, R3.3",981244,6037,154582,826655,1.6678,487,529,42,0,0,0,133,1,42,0
f2b7951818b917bef51304376b5cc43c1a31e371,2026-05-13T18:41:52-04:00,5079,stitch,pkg/format,pkg,srd003,,True,Task 5079: [stitch] srd003-format: pkg/format (contract),815487,5863,153670,661811,1.5762,529,527,-2,0,0,0,115,3,7,9
4875f96cbb8345cd59415272a2fa395acaa9e70a,2026-05-13T18:42:48-04:00,5080,stitch,pkg/sizeparse,pkg,srd087,,True,Task 5080: [stitch] srd087-sizeparse: pkg/sizeparse (contract),476180,1317,147379,328797,1.2566,527,552,25,0,0,0,39,1,25,0
7f6076c37a868d906a0de62eb199fa7c93e912c0,2026-05-13T18:47:56-04:00,5081,stitch,pkg/sizeparse,pkg,srd087,R1.1-R1.4,False,Task 5081: [stitch] srd087-sizeparse R1.1-R1.4: core size string parsing,580971,12252,169249,411712,1.8881,552,646,94,0,0,0,290,1,99,5
3a7c76cecdcf389575d6dcd5d687e44825e99feb,2026-05-13T18:50:07-04:00,5082,stitch,pkg/sizeparse,pkg,srd087,"R2.1-R2.2, R3.1-R3.2",False,"Task 5082: [stitch] srd087-sizeparse R2.1-R2.2, R3.1-R3.2: options and error handling",1137477,5451,154448,983021,1.7298,646,652,6,0,0,0,107,1,6,0
cda170dab30f931bb938addf22ea5015d9313e21,2026-05-13T18:59:45-04:00,5084,stitch,pkg/format,pkg,srd003,,True,Task 5084: [stitch] srd003-format (contract),1111731,3040,148309,963414,1.6205,652,656,4,0,0,0,74,2,23,19
15212706060b259b5c167afe8f4a3fcd4d295aab,2026-05-13T19:01:06-04:00,5085,stitch,cmd/hashutil,cmd,srd086,,True,Task 5085: [stitch] srd086-hashutil (contract),979531,1548,152491,827033,1.5462,656,728,72,0,0,0,62,1,72,0
f0bf656c0a3d7fe9908fb2efa74534cac5268002,2026-05-13T19:05:13-04:00,5087,stitch,pkg/format,pkg,srd003,R1.1-R1.4,False,Task 5087: [stitch] srd003-format R1.1-R1.4: human-readable size formatting,1607435,4287,151590,1455834,1.9183,728,766,38,0,0,0,120,1,41,3
8346966545cde7295469f9c9b1688848fd42ece1,2026-05-13T19:13:45-04:00,5089,stitch,pkg/format,pkg,srd003,R2.1-R2.4,False,Task 5089: [stitch] srd003-format R2.1-R2.4: ANSI color file type mapping,418222,5130,165121,253092,1.5898,766,810,44,0,0,0,151,1,56,12
5582e5f24e9734b797929d318d6fd6483abd9d0c,2026-05-13T19:15:49-04:00,5090,stitch,pkg/format,pkg,srd003,R2.5-R2.7,False,Task 5090: [stitch] srd003-format R2.5-R2.7: color state reset and extended file types,1298826,3993,153286,1145531,1.7673,810,827,17,0,0,0,104,1,17,0
e19e7213dfd691263bb0baaaeec9c5d4505e7831,2026-05-13T19:30:43-04:00,5091,stitch,pkg/format,pkg,srd003,R3.1-R3.4,False,Task 5091: [stitch] srd003-format R3.1-R3.4: string padding and column layout,462472,3301,169986,292476,1.6283,827,898,71,0,0,0,140,2,90,19
8e526ae41f94aba12d61768e9c261389e656a514,2026-05-13T19:40:19-04:00,5094,stitch,pkg/encutil,pkg,srd088,,False,Task 5094: [stitch] pkg/encutil contract (srd088-encutil),817262,1429,152459,664797,1.464,898,950,52,0,0,0,38,2,52,0
4e452a9858a3e8406b09491745df448041fc41bb,2026-05-13T19:42:36-04:00,5095,stitch,pkg/hashutil,pkg,srd086,,False,Task 5095: [stitch] pkg/hashutil contract (srd086-hashutil),428458,2505,167692,260757,1.5465,950,937,-13,0,0,0,114,1,6,19
a37274606635b4222776db6b270a80238ec24c4c,2026-05-13T19:43:56-04:00,5096,stitch,pkg/encutil,pkg,srd088,"R1.1, R1.2, R1.3, R2.1",False,"Task 5096: [stitch] pkg/encutil encoding implementation (srd088-encutil R1.1, R1.2, R1.3, R2.1)",959489,2428,149472,810010,1.5372,937,962,25,0,0,0,62,1,27,2
c89ce6c32a75830a4c4697e7faea2200fadd123d,2026-05-13T19:48:05-04:00,5097,stitch,pkg/encutil,pkg,srd088,"R2.2, R2.3, R3.1, R3.2",False,"Task 5097: [stitch] pkg/encutil decoding and input handling (srd088-encutil R2.2, R2.3, R3.1, R3.2)",686991,8657,161655,525327,1.8213,962,1019,57,0,0,0,229,1,65,8
504eeb0fd7205beff3cdb2c03fd51a1ff771b019,2026-05-13T19:59:55-04:00,5099,stitch,cmd/version,cmd,srd059,"R1.1, R1.2, R1.3, R1.4",False,"Task 5099: [stitch] cmd/version core implementation (srd059-version R1.1, R1.2, R1.3, R1.4)",794555,2577,148569,645980,1.4529,1019,1052,33,0,0,0,63,1,33,0
be26ddbc60e811bec6ce448a26a9480efbbba58a,2026-05-13T20:01:45-04:00,5100,stitch,cmd/cat,cmd,srd006,"R1.1, R1.2, R1.3, R1.4",False,"Task 5100: [stitch] cmd/cat basic concatenation (srd006-cat R1.1, R1.2, R1.3, R1.4)",640638,4417,149660,490973,1.4284,1052,1111,59,0,0,0,92,1,59,0
0ba9a68df578993c1c084ed9d6a455593041c044,2026-05-13T20:07:13-04:00,5101,stitch,cmd/cat,cmd,srd006,"R1.5, R2.1, R2.2, R2.3",False,"Task 5101: [stitch] cmd/cat error handling and line numbering (srd006-cat R1.5, R2.1, R2.2, R2.3)",485055,12558,165928,319116,1.8984,1111,1192,81,0,0,0,305,1,89,8
26d8267208ee7633c3263e23f55ef7b826bba879,2026-05-13T20:26:39-04:00,5102,stitch,cmd/cat,cmd,srd006,"R2.4, R3.1, R3.2, R3.3",False,"Task 5102: [stitch] cmd/cat display flags (srd006-cat R2.4, R3.1, R3.2, R3.3)",432212,10594,166780,265423,1.8236,1192,1263,71,0,0,0,225,1,88,17
6901715f2e9e50dc052e96293225657675affa70,2026-05-13T20:30:25-04:00,5104,stitch,pkg/hashutil,pkg,srd086,"R1.1, R1.2, R1.3, R1.4",False,"Task 5104: [stitch] pkg/hashutil types and contracts (srd086-hashutil R1.1, R1.2, R1.3, R1.4)",800813,1797,149905,650902,1.4448,1263,1267,4,0,0,0,64,1,17,13
f632acfbca156c1bd2220acdcaafdbb60c0a33ba,2026-05-13T20:32:14-04:00,5105,stitch,pkg/hashutil,pkg,srd086,"R2.1, R2.2, R2.3",False,"Task 5105: [stitch] pkg/hashutil formatting and digest computation (srd086-hashutil R2.1, R2.2, R2.3)",1139146,4015,153732,985406,1.6913,1267,1276,9,0,0,0,91,1,12,3
be2430137d8ed7ffe103bf3da10df8aba7b3e679,2026-05-13T20:37:10-04:00,5106,stitch,pkg/hashutil,pkg,srd086,"R3.1, R3.2",False,"Task 5106: [stitch] pkg/hashutil checksum parsing, verification, and file digesting (srd086-hashutil R3.1, R3.2)",451096,12067,164562,286524,1.8539,1276,1389,113,0,0,0,277,2,130,17
3cd311ad053cc14aad6bc90e779217ef5179d212,2026-05-13T20:38:24-04:00,5107,stitch,cmd/version,cmd,srd011,"R1.1, R2.1, R3.1, R4.1",False,"Task 5107: [stitch] cmd/version binary (srd011-magefiles R1.1, R2.1, R3.1, R4.1)",978028,1880,153534,824487,1.5568,1389,1389,0,0,56,56,54,1,56,0
704d2dec1684069a5d19bd6d7c11dd6a19d1b5f0,2026-05-13T20:49:42-04:00,5109,stitch,cmd/version,cmd,srd011,"R5.1, R1.5",False,"Task 5109: [stitch] cmd/version (srd011-magefiles R5.1, srd059-version R1.5)",702620,6135,168987,533624,1.7883,1389,1390,1,56,63,7,217,2,13,5
44486fb1386e92c5b128f4483492b6025713fb13,2026-05-13T20:58:59-04:00,5112,stitch,cmd/cat,cmd,srd006,"R4.9, R5.1, R5.2, R5.3",False,"Task 5112: [stitch] cmd/cat (srd006-cat R4.9, R5.1, R5.2, R5.3)",401723,13485,166666,235049,1.8694,1390,1393,3,63,63,0,345,1,7,4
9a4fda4cd658a9978c3e50d48647f0fa056133a2,2026-05-13T21:17:39-04:00,5114,stitch,cmd/cat,cmd,srd006,R5.4,False,Task 5114: [stitch] cmd/cat (srd006-cat R5.4),1317149,26888,212223,1104907,2.9159,1393,1397,4,63,190,127,616,2,131,0
ee4bb356bd632aaa2a7989668d14ebd6ce9e7dba,2026-05-13T21:20:40-04:00,5115,stitch,cmd/sponge,cmd,srd007,,True,Task 5115: [stitch] cmd/sponge srd007-sponge (contract),385485,3586,172124,213349,1.5854,1397,1441,44,190,190,0,157,1,44,0
2e588149bbc0feb3571ea8ca7cd9f94c32daec96,2026-05-13T21:24:13-04:00,5116,stitch,cmd/sponge,cmd,srd007,"R1.1, R1.2, R1.3, R1.4",False,"Task 5116: [stitch] cmd/sponge (srd007-sponge R1.1, R1.2, R1.3, R1.4)",398485,8790,165030,233447,1.7081,1441,1527,86,190,190,0,194,1,87,1
aa49539a57ecb873c47555e2c98567ab79c2442f,2026-05-13T22:09:03-04:00,5120,stitch,pkg/testutils,pkg,srd001,,False,"Task 5120: [stitch] pkg/testutils: implement DiffTest, RunDiffTests, and normalizers (srd001-testutils)",332218,18923,175484,156724,2.0959,1527,1551,24,190,190,0,409,2,38,14
94e8698b0739b301c0f36cf16e4e3a964ad72065,2026-05-13T22:18:16-04:00,5121,stitch,pkg/testutils,pkg,srd001,,False,Task 5121: [stitch] pkg/testutils: differential testing tests (srd001-testutils),425517,25544,176855,248650,2.3684,1551,1551,0,190,383,193,532,1,193,0
74345e4ab17ff2e02ead13dae2e5dbbdc436082a,2026-05-13T22:23:12-04:00,5122,stitch,pkg/format,pkg,srd003,,False,"Task 5122: [stitch] pkg/format: implement HumanSize, color, and column alignment (srd003-format)",247743,14273,172575,75161,1.8628,1551,1573,22,383,383,0,278,4,117,95
57e043eadc9db494c73dcaed273e720f4363b911,2026-05-13T22:27:51-04:00,5123,stitch,pkg/format,pkg,srd003,,False,Task 5123: [stitch] pkg/format: formatting tests (srd003-format),330048,12214,181104,148935,1.8503,1573,1573,0,383,639,256,261,3,256,0
150e5fdca612d496e986bf4eb1f36471b9007cd0,2026-05-13T22:31:16-04:00,5125,stitch,cmd/true,cmd,srd013,"R1.1-R1.3, R2.1-R2.3",False,"Task 5125: [stitch] cmd/true: implement true utility (srd013-true R1.1-R1.3, R2.1-R2.3)",1470520,2169,153328,1317182,1.8121,1573,1616,43,639,639,0,51,1,43,0
e093d40daf68e12844de0c4ed43d1d0f79c961f2,2026-05-13T22:34:51-04:00,5126,stitch,cmd/true,cmd,srd013,"R3.1-R3.2, R4.1-R4.3",False,"Task 5126: [stitch] cmd/true: differential tests (srd013-true R3.1-R3.2, R4.1-R4.3)",472221,5671,174709,297502,1.69,1616,1616,0,639,683,44,194,1,44,0
4c7e4dfdc16c6e60bc636c83dbfed549b506a890,2026-05-13T22:36:08-04:00,5127,stitch,cmd/false,cmd,srd014,"R1.1-R1.3, R2.1-R2.3",False,"Task 5127: [stitch] cmd/false: implement false utility (srd014-false R1.1-R1.3, R2.1-R2.3)",1143416,2017,152902,990506,1.6426,1616,1661,45,683,683,0,56,1,45,0
4cda35f57bc22c1af0818456ab118355b198f00d,2026-05-13T22:39:47-04:00,5128,stitch,cmd/false,cmd,srd014,"R3.1-R3.2, R4.1-R4.3",False,"Task 5128: [stitch] cmd/false: differential tests (srd014-false R3.1-R3.2, R4.1-R4.3)",678547,6592,176943,501592,1.8159,1661,1657,-4,683,727,44,201,2,48,8
af5f25890a49083dadfd86cf0455138b6a5cca17,2026-05-13T22:55:01-04:00,5130,stitch,cmd/sponge,cmd,srd007,"R1.5, R2.1-R2.3",False,"Task 5130: [stitch] cmd/sponge: implement sponge utility (srd007-sponge R1.5, R2.1-R2.3)",570066,4979,180829,389220,1.8797,1657,1796,139,727,727,0,216,1,140,1
249f84e6dfd42e26795d9ec29841f202619fa95f,2026-05-13T23:01:43-04:00,5131,stitch,cmd/sponge,cmd,srd007,"R2.4-R2.5, R3.1-R3.2",False,"Task 5131: [stitch] cmd/sponge: implement sponge extended behavior (srd007-sponge R2.4-R2.5, R3.1-R3.2)",386059,23421,172338,213714,2.2314,1796,1899,103,727,727,0,378,1,157,54
09958c22d83ab34129dfda17374c078ba6cb9309,2026-05-13T23:07:50-04:00,5132,stitch,cmd/sponge,cmd,srd007,"R3.3, R4.1-R4.3",False,"Task 5132: [stitch] cmd/sponge: differential tests (srd007-sponge R3.3, R4.1-R4.3)",563663,10240,183364,380285,2.1134,1899,1899,0,727,877,150,345,1,150,0
ba67b16580115a08efca47e170c435bf07ff6824,2026-05-13T23:14:50-04:00,5133,stitch,cmd/sponge,cmd,srd007,R5.1-R5.4,False,Task 5133: [stitch] cmd/sponge: extended tests (srd007-sponge R5.1-R5.4),635946,19041,191254,444677,2.2686,1899,1905,6,877,1005,128,398,2,135,1
01952203c030bae9b6b54592b9f9725ad0d08eb4,2026-05-13T23:27:49-04:00,5135,stitch,cmd/sponge,cmd,srd007,R6.1-R6.2,False,Task 5135: [stitch] cmd/sponge: remaining requirements (srd007-sponge R6.1-R6.2),431315,8465,181092,250212,1.8747,1905,1905,0,1005,1165,160,255,1,160,0
14f6d0527f0e69363705367764dcc7f1f50bbe45,2026-05-13T23:30:06-04:00,5136,stitch,cmd/basename,cmd,srd015,R1.1-R1.4,False,Task 5136: [stitch] cmd/basename: core path stripping (srd015-basename R1.1-R1.4),311014,1872,170333,140671,1.5112,1905,1954,49,1165,1165,0,114,1,49,0
8a99681019d5ae6cd38430d9fc9c0b73d50d0d11,2026-05-13T23:34:40-04:00,5137,stitch,cmd/basename,cmd,srd015,"R1.5, R2.1-R2.3",False,"Task 5137: [stitch] cmd/basename: suffix removal and flags (srd015-basename R1.5, R2.1-R2.3)",430119,10370,167074,263036,1.8087,1954,2064,110,1165,1165,0,253,1,120,10
b01099ce68dbf09bdd091f26f436696d88435150,2026-05-13T23:38:36-04:00,5138,stitch,cmd/basename,cmd,srd015,R3.1-R3.4,False,Task 5138: [stitch] cmd/basename: edge cases and error handling (srd015-basename R3.1-R3.4),1198379,7660,171477,1026885,2.095,2064,2065,1,1165,1165,0,214,1,1,0
c68f89fe7701ac23aad3e50f03a70fb49a5fdeff,2026-05-13T23:50:59-04:00,5140,stitch,cmd/basename,cmd,srd015,R4.1-R4.3,False,"Task 5140: [stitch] cmd/basename: version, help, and error diagnostics (srd015-basename R4.1-R4.3)",1201551,11556,190802,1010724,2.4369,2065,2095,30,1165,1296,131,349,2,161,0
b7f489da771e43b46e2a1d2893064d4c02fb4fdc,2026-05-14T00:00:13-04:00,5141,stitch,cmd/yes,cmd,srd012,R1.1-R1.4,False,Task 5141: [stitch] cmd/yes: core repeated output and SIGPIPE (srd012-yes R1.1-R1.4),473691,23192,173440,300241,2.2913,2095,2135,40,1296,1370,74,537,2,114,0
cc2b7d88d2752a824dd30d618ee477c5257b74ce,2026-05-14T06:55:54-04:00,5142,stitch,cmd/yes,cmd,srd012,"R2.1-R2.2, R3.1-R3.2",False,"Task 5142: [stitch] cmd/yes: argument handling and output format (srd012-yes R2.1-R2.2, R3.1-R3.2)",569333,16884,169527,399792,2.0892,2135,2157,22,1370,1412,42,349,2,67,3
65a4acabf044833c7dbf88ec0c470d64d8a70d5c,2026-05-14T07:05:30-04:00,5143,stitch,cmd/yes,cmd,srd012,"R3.3, R4.1-R4.3",False,"Task 5143: [stitch] cmd/yes: edge cases, version, and help (srd012-yes R3.3, R4.1-R4.3)",575958,27202,177855,398090,2.4857,2157,2194,37,1412,1430,18,556,2,72,17
cbe2c9782f2ccbad78849aa58c46429340deef90,2026-05-14T07:20:38-04:00,5145,stitch,cmd/dirname,cmd,srd016,R1.1-R1.3,False,Task 5145: [stitch] cmd/dirname: core path extraction and setup (srd016-dirname R1.1-R1.3),827234,6129,187833,639379,2.1692,2194,2283,89,1430,1498,68,251,2,157,0
91dc1f87f0e362b20ea92cacc2bdbbe05160ecf8,2026-05-14T07:23:26-04:00,5146,stitch,cmd/dirname,cmd,srd016,"R1.4-R1.5, R2.1-R2.2",False,"Task 5146: [stitch] cmd/dirname: operand handling and flags (srd016-dirname R1.4-R1.5, R2.1-R2.2)",380932,3770,168949,211976,1.5937,2283,2283,0,1498,1526,28,147,1,28,0
e3560f78430487e2d4b582531e19396738d93a56,2026-05-14T07:30:14-04:00,5148,stitch,cmd/dirname,cmd,srd016,R4.1-R4.3,False,"Task 5148: [stitch] cmd/dirname: version, help, and unknown options (srd016-dirname R4.1-R4.3)",650413,4279,177565,472831,1.8681,2283,2306,23,1526,1544,18,195,3,53,9
be30967b81deeca2d9762ad57cf39847f2ec72e7,2026-05-14T07:43:13-04:00,5150,stitch,cmd/du,cmd,srd009,R1.1-R1.4,False,Task 5150: [stitch] cmd/du: recursive traversal and default output (srd009-du R1.1-R1.4),527227,11869,172833,354382,1.9392,2306,2424,118,1544,1544,0,310,1,118,0
2cfb8f0194fac12f2c08914982dc5cb7dd16480a,2026-05-14T07:47:26-04:00,5151,stitch,cmd/du,cmd,srd009,"R1.5, R2.1-R2.3",False,"Task 5151: [stitch] cmd/du: summarize, all-files, and total modes (srd009-du R1.5, R2.1-R2.3)",386174,9681,171950,214217,1.804,2424,2466,42,1544,1544,0,231,1,59,17
f2a320258750119988582f53d5b9446b67a1e4de,2026-05-14T07:53:37-04:00,5152,stitch,cmd/du,cmd,srd009,R2.4-R2.7,False,"Task 5152: [stitch] cmd/du: depth limit, filesystem boundary, symlinks, and exclusion (srd009-du R2.4-R2.7)",315540,15224,181474,134058,1.9628,2466,2490,24,1544,1544,0,347,1,43,19
2c5a2b48308225c0dfd1c8e9f05c36eb2ab60290,2026-05-14T07:58:51-04:00,5153,stitch,cmd/du,cmd,srd009,"R2.8, R3.1-R3.3",False,"Task 5153: [stitch] cmd/du: apparent size, human-readable output, and null termination (srd009-du R2.8, R3.1-R3.3)",309379,12250,179270,130101,1.8541,2490,2523,33,1544,1544,0,292,1,42,9
283f566021250beacc1f1017c6c9333bc02af10a,2026-05-14T08:09:19-04:00,5155,stitch,cmd/du,cmd,srd009,"R4.1, R4.2, R5.1",False,"Task 5155: [stitch] cmd/du: summarize total and exit status (srd009-du R4.1, R4.2, R5.1)",600645,12878,188746,411884,2.1378,2523,2523,0,1544,1677,133,307,1,133,0
20d92bae2265b6ac79bc50a41e570bea1ff88412,2026-05-14T08:13:32-04:00,5156,stitch,cmd/tee,cmd,srd017,R1.1-R1.4,False,"Task 5156: [stitch] cmd/tee: core stdin copy, file output, and creation mode (srd017-tee R1.1-R1.4)",551965,7839,187986,363964,1.9758,2523,2636,113,1677,1873,196,230,2,309,0
df4b6814133e0f546c875cd1c25956e1cd8d289a,2026-05-14T08:16:30-04:00,5157,stitch,cmd/tee,cmd,srd017,"R1.5, R2.1-R2.3",False,"Task 5157: [stitch] cmd/tee: multi-file output, append mode, and SIGINT suppression (srd017-tee R1.5, R2.1-R2.3)",540501,5413,179994,360491,1.7891,2636,2649,13,1873,1989,116,152,2,133,4
5df294fd1b854dc5a09dcc1eec7452994f790ba7,2026-05-14T08:26:53-04:00,5158,stitch,cmd/tee,cmd,srd017,R3.1-R3.4,False,"Task 5158: [stitch] cmd/tee: error reporting, write failure handling, and exit status (srd017-tee R3.1-R3.4)",1102986,26622,204102,898862,2.7943,2649,2676,27,1989,2120,131,573,2,177,19
7b36002a77eab31d2f2f8e48c9a30844dd91cae6,2026-05-14T08:41:37-04:00,5160,stitch,cmd/tee,cmd,srd017,R4.1-R4.3,False,Task 5160: [stitch] cmd/tee: version/help and output-error handling (srd017-tee R4.1-R4.3),971626,21398,201413,770194,2.5806,2676,2676,0,2120,2206,86,470,1,86,0
10b81da1557529d321309e03642a168150eb7b7a,2026-05-14T08:48:01-04:00,5162,stitch,cmd/head,cmd,srd018,R1.1-R1.4,False,Task 5162: [stitch] cmd/head: basic line output and defaults (srd018-head R1.1-R1.4),810049,17694,189014,621015,2.297,2676,2924,248,2206,2206,0,352,1,248,0
e49786073e3f501fd8a76434eb7987feb86ed2bb,2026-05-14T08:56:49-04:00,5165,stitch,cmd/head,cmd,srd018,"R1.5, R2.1-R2.3",False,"Task 5165: [stitch] cmd/head: byte-count mode and remaining core behavior (srd018-head R1.5, R2.1-R2.3)",832823,7759,196738,636063,2.1372,2924,3005,81,2206,2333,127,225,2,209,1
fa24a2a62a95dbb298a038661d7e03fa0d377050,2026-05-14T09:00:52-04:00,5166,stitch,cmd/head,cmd,srd018,R3.1-R3.4,False,Task 5166: [stitch] cmd/head: multi-file headers and quiet/verbose control (srd018-head R3.1-R3.4),802368,7876,185552,616794,2.0042,3005,3037,32,2333,2439,106,220,2,141,3
84bab965e1d7e2db6686883f2d65d8e6cbab63c0,2026-05-14T09:06:15-04:00,5167,stitch,cmd/head,cmd,srd018,"R3.5, R4.1-R4.3",False,"Task 5167: [stitch] cmd/head: remaining multi-file and error handling (srd018-head R3.5, R4.1-R4.3)",449244,13258,185754,263479,1.9794,3037,3041,4,2439,2463,24,297,2,41,13
3f756646bc293ef286ac306b2eadde4c3b06435c,2026-05-14T09:08:23-04:00,5168,stitch,cmd/head,cmd,srd018,R4.4,False,Task 5168: [stitch] cmd/head: final edge cases (srd018-head R4.4),414157,2564,173350,240795,1.6104,3041,3041,0,2463,2501,38,102,1,38,0
a5ae88512f5e21c1f2c4b03ed2360c4b30990902,2026-05-14T09:22:00-04:00,5170,stitch,cmd/seq,cmd,srd019,R1.1-R1.4,False,Task 5170: [stitch] cmd/seq: basic sequence generation and argument forms (srd019-seq R1.1-R1.4),510702,27580,196466,314225,2.4075,3041,3325,284,2501,2501,0,499,1,284,0
6762352535dcf2bf4bd42a9c90f4810f765ab82e,2026-05-14T09:24:48-04:00,5171,stitch,cmd/seq,cmd,srd019,"R1.5, R2.1-R2.3",False,"Task 5171: [stitch] cmd/seq: format string, separator, and help flags (srd019-seq R1.5, R2.1-R2.3)",559028,4509,176154,382857,1.7346,3325,3386,61,2501,2501,0,142,1,61,0
5e4c7b6fe5863bd9e828032f9fb04c348d6f68a6,2026-05-14T09:27:12-04:00,5172,stitch,cmd/seq,cmd,srd019,"R2.4, R3.1-R3.3",False,"Task 5172: [stitch] cmd/seq: equal-width padding and number precision (srd019-seq R2.4, R3.1-R3.3)",495099,3240,173553,321531,1.6629,3386,3403,17,2501,2501,0,123,1,17,0
d8eb604bf7eaa86cfb32385826df0eb3c6889daa,2026-05-14T09:35:39-04:00,5173,stitch,cmd/seq,cmd,srd019,"R3.4, R4.1-R4.3",False,"Task 5173: [stitch] cmd/seq: edge cases and error handling (srd019-seq R3.4, R4.1-R4.3)",1215671,12564,186864,1028774,2.3323,3403,3409,6,2501,2594,93,484,2,100,1
aa14da4c7a376a0f28e80e24220722eda1c47c0b,2026-05-14T09:45:53-04:00,5174,stitch,,other,,,False,Task 5174: [stitch] generation-run44 #5174,788015,8875,192339,595651,2.0394,3409,3410,1,2594,2641,47,265,2,49,1
ba108b2b2b3d43220f5901638f07072773a185ae,2026-05-14T09:53:46-04:00,5175,stitch,cmd/seq,cmd,srd019,R4.4,False,Task 5175: [stitch] cmd/seq: remaining edge case (srd019-seq R4.4),1558319,21691,199169,1359114,2.8202,3410,3416,6,2641,2665,24,456,2,32,2
45b4631bd304b7d94058cb4cb0fb1ce286a3b882,2026-05-14T12:07:09-04:00,5177,stitch,cmd/wc,cmd,srd005,R2.1-R2.4,False,Task 5177: [stitch] cmd/wc: flag selection and output formatting (srd005-wc R2.1-R2.4),1203146,23159,203639,999477,2.7428,3416,3825,409,2665,2840,175,498,2,584,0
957bf8a5909ca42b15fdcb9736de35bbafe92c83,2026-05-14T12:11:23-04:00,5178,stitch,cmd/wc,cmd,srd005,"R2.5-R2.6, R3.1-R3.2",False,"Task 5178: [stitch] cmd/wc: additional counting modes and multi-file totals (srd005-wc R2.5-R2.6, R3.1-R3.2)",700630,7485,184316,516295,2.0036,3825,3825,0,2840,2986,146,227,1,146,0
be1ba2072bf0e54a88e18f12576b60200c34c453,2026-05-14T12:20:30-04:00,5180,stitch,cmd/wc,cmd,srd005,R1.1-R1.4,False,Task 5180: [stitch] cmd/wc: basic input processing and counting core (srd005-wc R1.1-R1.4),633212,6969,187288,445908,1.9407,3825,3825,0,2986,3040,54,218,2,58,4
ef43d751c962e4d3a5e88153fbb904d755cb3ac5,2026-05-14T12:27:24-04:00,5181,stitch,cmd/wc,cmd,srd005,"R3.3, R4.1-R4.3",False,"Task 5181: [stitch] cmd/wc: remaining counting mode and additional features (srd005-wc R3.3, R4.1-R4.3)",2271040,13004,196887,2074101,2.9689,3825,3851,26,3040,3149,109,393,2,144,9
edd2e96d9ea95d01522737a93bb79fe7f10946dc,2026-05-14T12:38:57-04:00,5182,stitch,cmd/wc,cmd,srd005,"R4.4, R5.1-R5.2, R6.1",False,"Task 5182: [stitch] cmd/wc: edge cases and extended behavior (srd005-wc R4.4, R5.1-R5.2, R6.1)",2882580,26870,215827,2666696,3.7646,3851,3851,0,3149,3316,167,667,2,168,1
52caa680452abaffd5b3d6c4ee39f87e459eab8e,2026-05-14T12:44:25-04:00,5183,stitch,cmd/wc,cmd,srd005,R6.2-R6.3,False,Task 5183: [stitch] cmd/wc: final requirements and completion (srd005-wc R6.2-R6.3),1891787,11667,197397,1694348,2.7486,3851,3858,7,3316,3389,73,304,3,92,10
c06ae9cb2ebc33db3b407fdbe520ddc24b421d4b,2026-05-14T12:57:02-04:00,5185,stitch,cmd/arch,cmd,srd045,"R1.1-R1.2, R2.1-R2.2",False,"Task 5185: [stitch] cmd/arch: core implementation and error handling (srd045-arch R1.1-R1.2, R2.1-R2.2)",992005,10396,189935,802039,2.2604,3858,3930,72,3389,3389,0,314,1,72,0
6df2893627011b8ed45c0f416ceeb211f04af6cd,2026-05-14T13:00:24-04:00,5186,stitch,cmd/hostid,cmd,srd048,"R1.1-R1.2, R2.1-R2.2",False,"Task 5186: [stitch] cmd/hostid: core implementation and error handling (srd048-hostid R1.1-R1.2, R2.1-R2.2)",519443,6595,184085,335341,1.807,3930,3998,68,3389,3389,0,181,1,68,0
4ebcfeb567d39b12017d13b84ed33fc40d467656,2026-05-14T13:02:31-04:00,5187,stitch,cmd/hostname,cmd,srd047,"R1.1-R1.2, R2.1-R2.2",False,"Task 5187: [stitch] cmd/hostname: core implementation and error handling (srd047-hostname R1.1-R1.2, R2.1-R2.2)",296688,2106,179265,117414,1.5976,3998,4065,67,3389,3389,0,106,1,67,0
95764c9daa34bdbd3e0d63c9aa108b113c55287c,2026-05-14T13:05:04-04:00,5188,stitch,cmd/nproc,cmd,srd046,R1.1-R1.4,False,Task 5188: [stitch] cmd/nproc: core implementation (srd046-nproc R1.1-R1.4),378758,3273,181251,197495,1.6323,4065,4156,91,3389,3389,0,130,1,91,0
1cdade0603505b8690fa0f88956df59e11a73941,2026-05-14T13:17:21-04:00,5190,stitch,cmd/nproc,cmd,srd046,R2.1-R2.3,False,Task 5190: [stitch] cmd/nproc: error handling and edge cases (srd046-nproc R2.1-R2.3),293718,2296,169909,123800,1.537,4156,4156,0,3389,3389,0,129,1,1,1
ed01dfa2dae7e382005698831eb3bf691fd7d2ed,2026-05-14T13:18:48-04:00,5191,stitch,cmd/arch,cmd,srd045,R3.1-R3.3,False,Task 5191: [stitch] cmd/arch: differential tests (srd045-arch R3.1-R3.3),240648,1029,170958,69683,1.4342,4156,4156,0,3389,3418,29,64,1,29,0
df86494776dd9d2e214200e47bf2cdfc8c6cb2bc,2026-05-14T13:21:45-04:00,5192,stitch,cmd/hostid,cmd,srd048,R3.1-R3.3,False,Task 5192: [stitch] cmd/hostid: differential tests (srd048-hostid R3.1-R3.3),348956,2268,174818,174127,1.6114,4156,4156,0,3418,3452,34,154,1,34,0
fbfdf3f3ebf998f1f4d1d83a206c40ca855eb71c,2026-05-14T13:24:13-04:00,5193,stitch,cmd/nproc,cmd,srd046,R3.1-R3.3,False,Task 5193: [stitch] cmd/nproc: differential tests (srd046-nproc R3.1-R3.3),300904,1650,174653,126242,1.5611,4156,4156,0,3452,3515,63,128,1,63,0
5eb692e51bf749919fde5f2055959a129b1fcc15,2026-05-14T13:31:43-04:00,5195,stitch,cmd/hostname,cmd,srd047,R3.1-R3.3,False,Task 5195: [stitch] cmd/hostname: differential tests (srd047-hostname R3.1-R3.3),269929,1467,173271,96650,1.5258,4156,4156,0,3515,3560,45,111,1,45,0
f2de9dba12532d7f682b13ee84a085b32b60a3e2,2026-05-14T13:37:22-04:00,5196,stitch,cmd/uname,cmd,srd044,R1.1-R1.4,False,Task 5196: [stitch] cmd/uname: core flags implementation (srd044-uname R1.1-R1.4),782053,13055,185566,596464,2.1793,4156,4289,133,3560,3560,0,316,1,133,0
5d80cc7e602d60fbe6b1d8d4699e0275a33d2435,2026-05-14T13:39:28-04:00,5197,stitch,cmd/uname,cmd,srd044,R1.5-R1.8,False,Task 5197: [stitch] cmd/uname: extended flags (srd044-uname R1.5-R1.8),356281,2015,172539,183731,1.5765,4289,4297,8,3560,3560,0,104,1,9,1
b6b96dcb8a86bdc863b64665841eef1488ce7d64,2026-05-14T13:44:48-04:00,5198,stitch,cmd/uname,cmd,srd044,"R1.9, R2.1-R2.2",False,"Task 5198: [stitch] cmd/uname: all-fields flag and version output (srd044-uname R1.9, R2.1-R2.2)",630523,12203,184070,446436,2.0251,4297,4318,21,3560,3560,0,295,1,30,9
2d5f1f69c0f6c81ad48e25536c9728e3befb2525,2026-05-14T13:54:58-04:00,5200,stitch,cmd/uname,cmd,srd044,R3.1-R3.2,False,Task 5200: [stitch] cmd/uname: error handling and validation (srd044-uname R3.1-R3.2),307754,1923,174034,133711,1.6166,4318,4318,0,3560,3624,64,135,1,64,0
410127f96991012cacd925e4675ec719d43c1149,2026-05-14T14:00:22-04:00,5201,stitch,cmd/uname,cmd,srd044,R4.1-R4.3,False,"Task 5201: [stitch] cmd/uname: help, version, and diagnostics (srd044-uname R4.1-R4.3)",625205,9997,183995,441192,1.9587,4318,4330,12,3624,3714,90,298,2,108,6
779cbffc725047b8466087c6dcbf782f658586a2,2026-05-14T16:55:40-04:00,5202,stitch,cmd/ls,cmd,srd008,R1.1-R1.4,False,Task 5202: [stitch] cmd/ls: basic listing and default output (srd008-ls R1.1-R1.4),737280,29227,208803,528458,2.6765,4330,4527,197,3714,3787,73,615,2,270,0
32457da2f67f2e67a362c246db9106b4c72cfcd1,2026-05-14T17:10:32-04:00,5203,stitch,cmd/ls,cmd,srd008,R1.5-R1.8,False,Task 5203: [stitch] cmd/ls: listing flags and filtering (srd008-ls R1.5-R1.8),1069691,47141,232005,837583,3.4589,4527,4762,235,3787,3817,30,872,2,311,46
701dbc5a2bf52e1fc133f8e8e2c1c5296a15c4be,2026-05-14T17:22:43-04:00,5205,stitch,cmd/ls,cmd,srd008,R1.9-R1.12,False,Task 5205: [stitch] cmd/ls: core display features (srd008-ls R1.9-R1.12),819873,9969,189423,630426,2.1405,4762,4783,21,3817,3817,0,263,1,33,12
e36b9135146dd92da5eb6be34d8fc797c855d47a,2026-05-14T17:29:18-04:00,5207,stitch,cmd/ls,cmd,srd008,"R1.13-R1.14, R2.1-R2.2",False,"Task 5207: [stitch] cmd/ls: remaining core and extended column layout (srd008-ls R1.13-R1.14, R2.1-R2.2)",1616215,12744,193504,1422667,2.6204,4783,4884,101,3817,3817,0,366,1,110,9
8e7b591e84b38d620a5bbe2b0b88a60ca468b142,2026-05-14T17:42:10-04:00,5209,stitch,,other,,,False,Task 5209: [stitch] generation-run44 #5209,1868774,21986,222883,1645702,3.1173,4884,4938,54,3817,3817,0,459,1,61,7
551def5274e2d04d8225b03f8286e4884364f351,2026-05-14T17:47:11-04:00,5211,stitch,cmd/ls,cmd,srd008,R2.3-R2.6,False,Task 5211: [stitch] cmd/ls: extended features tests (srd008-ls R2.3-R2.6),421449,5298,181112,240325,1.7681,4938,4938,0,3817,3878,61,166,1,62,1
56df4c91f6068b3131a82d39a359319c1c3a8673,2026-05-14T17:51:23-04:00,5212,stitch,cmd/ls,cmd,srd008,R2.7-R2.10,False,Task 5212: [stitch] cmd/ls: extended features implementation (srd008-ls R2.7-R2.10),681611,8224,184638,496953,1.9853,4938,5074,136,3878,3878,0,231,2,137,1
7e2ee4310d4673f4eb1fcbefe732f5ff1247f5f6,2026-05-14T18:06:29-04:00,5215,stitch,cmd/ls,cmd,srd008,R2.11-R2.14,False,Task 5215: [stitch] cmd/ls: extended features implementation (srd008-ls R2.11-R2.14),545076,27693,204311,340753,2.5317,5074,5163,89,3878,3878,0,455,1,113,24
8df89703f214221fbbf037b97fb49d5068c14db4,2026-05-14T18:15:22-04:00,5217,stitch,cmd/ls,cmd,srd008,"R2.15, R3.1-R3.3",False,"Task 5217: [stitch] cmd/ls: features implementation (srd008-ls R2.15, R3.1-R3.3)",1136387,23871,206418,929946,2.7864,5163,5213,50,3878,3878,0,505,1,62,12
0a97ae6571f23c793aa1565cad3acd534a2746a6,2026-05-14T18:30:02-04:00,5220,stitch,cmd/ls,cmd,srd008,R3.4-R3.7,False,Task 5220: [stitch] cmd/ls: features implementation (srd008-ls R3.4-R3.7),1701536,26606,215522,1485975,3.1912,5213,5253,40,3878,3918,40,625,2,106,26
52ad96b6b2ccbb6070d571aeb22b1f58ac53c38c,2026-05-14T18:36:52-04:00,5221,stitch,cmd/ls,cmd,srd008,R3.8-R3.11,False,Task 5221: [stitch] cmd/ls: features implementation (srd008-ls R3.8-R3.11),1344498,15201,205007,1139460,2.6577,5253,5306,53,3918,3992,74,387,2,142,15
e44817f51dbddd1ed43bad5d953ee6bc4dbab1b9,2026-05-14T18:39:36-04:00,5222,stitch,cmd/ls,cmd,srd008,R3.12-R3.15,False,Task 5222: [stitch] cmd/ls: features implementation (srd008-ls R3.12-R3.15),398471,3964,181039,217420,1.7605,5306,5306,0,3992,4056,64,142,1,65,1
d758ff8cc88e75179431810b271df5e8c635a2af,2026-05-14T18:45:49-04:00,5223,stitch,cmd/ls,cmd,srd008,R4.1-R4.4,False,Task 5223: [stitch] cmd/ls: features implementation (srd008-ls R4.1-R4.4),827319,13986,195520,631777,2.3236,5306,5306,0,4056,4122,66,351,2,71,5
d9b5e6870f12fb51bc6cf70fde4f6b2b6d3620c9,2026-05-14T19:01:15-04:00,5224,stitch,,other,,,False,Task 5224: [stitch] generation-run44 #5224,1548118,20288,229436,1305037,3.0383,5306,5310,4,4122,4154,32,445,2,48,12
d3ccacfa22e13b7ed6727e70b687804fffa2998a,2026-05-14T19:05:11-04:00,5225,stitch,cmd/ls,cmd,srd008,R4.5-R4.8,False,Task 5225: [stitch] cmd/ls: features implementation (srd008-ls R4.5-R4.8),565561,6076,190718,374828,1.9739,5310,5310,0,4154,4182,28,219,1,29,1
4720412bb3d68660e1796d86670acc103ee3a047,2026-05-14T19:08:55-04:00,5226,stitch,cmd/ls,cmd,srd008,R4.9,False,Task 5226: [stitch] cmd/ls: features implementation (srd008-ls R4.9),598433,4716,190342,408076,1.8487,5310,5310,0,4182,4198,16,200,2,18,2
d692ec992fbbe62dda0f7bf5c8bd97c893dbed03,2026-05-14T19:12:55-04:00,5227,stitch,cmd/logname,cmd,srd053,R1.1-R2.2,False,Task 5227: [stitch] cmd/logname: features implementation (srd053-logname R1.1-R2.2),498730,6757,191735,306980,1.9077,5310,5378,68,4198,4232,34,221,2,102,0
81ff78a9b0a24aa8b88489bb227dddf4dcf066e7,2026-05-14T19:14:41-04:00,5228,stitch,cmd/logname,cmd,srd053,R2.3-R3.3,False,Task 5228: [stitch] cmd/logname: features implementation (srd053-logname R2.3-R3.3),296347,1477,173442,122896,1.5157,5378,5378,0,4232,4232,0,86,1,3,3
6682192894ea2a35e6626528459f0e754ad504df,2026-05-14T19:28:07-04:00,5230,stitch,cmd/pwd,cmd,srd051,R1.1-R1.4,False,Task 5230: [stitch] cmd/pwd: features implementation (srd051-pwd R1.1-R1.4),784404,12303,200019,584363,2.2259,5378,5528,150,4232,4232,0,278,1,150,0
f055b6bb9882a663e6ff3557854cb35d040a0a7c,2026-05-14T20:21:48-04:00,5231,stitch,cmd/pwd,cmd,srd051,R2.1-R3.2,False,Task 5231: [stitch] cmd/pwd: features implementation (srd051-pwd R2.1-R3.2),678570,5917,188430,490088,1.9096,5528,5531,3,4232,4337,105,189,2,115,7
5deef8d6ff7e77e5eac7a579ff7bafec02b40a07,2026-05-14T20:35:12-04:00,5232,stitch,cmd/tty,cmd,srd052,R1.1-R2.1,False,Task 5232: [stitch] cmd/tty: features implementation (srd052-tty R1.1-R2.1),1652404,32197,225201,1427169,3.3097,5531,5634,103,4337,4337,0,756,1,103,0
8f60275855f40699dbe0ae404a097306de204ab8,2026-05-14T20:39:07-04:00,5233,stitch,cmd/tty,cmd,srd052,R2.2-R3.3,False,Task 5233: [stitch] cmd/tty: features implementation (srd052-tty R2.2-R3.3),544124,6044,183768,360340,1.8643,5634,5634,0,4337,4417,80,216,2,81,1
6289d3597e3245305f1a1716531b49f4a7d99d83,2026-05-14T20:52:51-04:00,5234,stitch,,other,,,False,Task 5234: [stitch] generation-run44 #5234,998999,9957,212837,786138,2.3141,5634,5634,0,4417,4418,1,312,1,1,0
1693db3006291dd05978f63138cf8f141702cd80,2026-05-14T20:55:02-04:00,5235,stitch,cmd/pwd,cmd,srd051,R3.3,False,Task 5235: [stitch] cmd/pwd: features implementation (srd051-pwd R3.3),308171,2812,179442,128720,1.5944,5634,5634,0,4418,4436,18,115,2,19,1
bd3d31d9270119fec777aab70e7880ff3ace8844,2026-05-14T21:11:50-04:00,5236,stitch,cmd/readlink,cmd,srd050,R1.1-R1.4,False,Task 5236: [stitch] cmd/readlink: features implementation (srd050-readlink R1.1-R1.4),1687866,50597,236465,1451375,3.8395,5634,5829,195,4436,4527,91,989,2,286,0
4db7fb107f4e61a935498e1fe66f56f66476ac2c,2026-05-14T21:14:55-04:00,5237,stitch,cmd/readlink,cmd,srd050,"R1.5-R1.6, R2.1-R2.2",False,"Task 5237: [stitch] cmd/readlink: features implementation (srd050-readlink R1.5-R1.6, R2.1-R2.2)",440512,3432,187606,252893,1.7366,5829,5833,4,4527,4547,20,167,2,26,2
b7274ea3e5b240ca4d49d6e2da216e8cd7db332a,2026-05-14T21:17:31-04:00,5238,stitch,cmd/readlink,cmd,srd050,"R3.1-R3.2, R4.1-R4.2",False,"Task 5238: [stitch] cmd/readlink: features implementation (srd050-readlink R3.1-R3.2, R4.1-R4.2)",411668,2741,185013,226643,1.7087,5833,5833,0,4547,4549,2,132,2,6,4
e74cb4d3a48da3e8046ceb6ab6838783f05ef979,2026-05-14T22:10:44-04:00,5241,stitch,cmd/realpath,cmd,srd049,"R1.1-R1.2, R1.3-R1.4",False,"Task 5241: [stitch] cmd/realpath: features implementation (srd049-realpath R1.1-R1.2, R1.3-R1.4)",667580,32601,214888,452678,2.7799,5833,6018,185,4549,4678,129,620,2,314,0
7c7ea02a01f41117c46df4224126d2747db61e1f,2026-05-14T22:17:43-04:00,5242,stitch,cmd/realpath,cmd,srd049,"R1.5, R2.1-R2.3",False,"Task 5242: [stitch] cmd/realpath: features implementation (srd049-realpath R1.5, R2.1-R2.3)",1108301,21257,207379,900895,2.6356,6018,6116,98,4678,4746,68,396,2,185,19
db4098fbe39288ec4112c5885ea66519839abde0,2026-05-14T22:21:08-04:00,5243,stitch,cmd/realpath,cmd,srd049,"R3.1-R3.3, R4.1",False,"Task 5243: [stitch] cmd/realpath: features implementation (srd049-realpath R3.1-R3.3, R4.1)",1019462,5237,190771,828663,2.1005,6116,6115,-1,4746,4769,23,185,2,28,6
5fff545331b764d726789fbd826d49e3c746c8d9,2026-05-14T22:33:07-04:00,5245,stitch,cmd/realpath,cmd,srd049,"R4.2, R4.3",False,"Task 5245: [stitch] cmd/realpath: features implementation (srd049-realpath R4.2, R4.3)",481644,2320,185816,295815,1.7261,6115,6115,0,4769,4769,0,114,1,1,1
16e9076daaa417fa62028c75cb46cf52c1186236,2026-05-14T22:36:58-04:00,5246,stitch,cmd/echo,cmd,srd020,R1.1-R1.4,False,Task 5246: [stitch] cmd/echo: features implementation (srd020-echo R1.1-R1.4),677878,7640,199317,478543,2.0577,6115,6266,151,4769,4855,86,214,2,237,0
7e89b898b223931404146af883aba4fc36d9f8ee,2026-05-14T22:39:14-04:00,5247,stitch,cmd/echo,cmd,srd020,R2.1-R2.4,False,Task 5247: [stitch] cmd/echo: features implementation (srd020-echo R2.1-R2.4),317077,2346,181187,135881,1.6238,6266,6266,0,4855,4882,27,114,2,28,1
41b51a828b460f16142502d2705a13d96405c19a,2026-05-14T23:00:27-04:00,5249,stitch,,other,,,False,Task 5249: [stitch] generation-run44 #5249,2559567,38876,261471,2298048,4.0734,6266,6481,215,4882,5043,161,696,2,376,0
39c5915358ea3c301b2998a7db5c55ca1567c417,2026-05-14T23:11:45-04:00,5252,stitch,cmd/tac,cmd,srd021,R2.1-R2.4,False,Task 5252: [stitch] cmd/tac: implement srd021-tac R2.1-R2.4,482403,23264,216882,265510,2.4521,6481,6481,0,5043,5078,35,460,2,36,1
2f8079b4ac69c057ddfef74a0e8e480ed64ca112,2026-05-14T23:16:14-04:00,5253,stitch,cmd/tac,cmd,srd021,R3.1-R3.4,False,Task 5253: [stitch] cmd/tac: implement srd021-tac R3.1-R3.4,892860,6967,209283,683553,2.2501,6481,6483,2,5078,5114,36,249,2,42,4
c72b5ed83e80f2c7cb22ebcf80c0aaab0a291515,2026-05-14T23:25:55-04:00,5255,stitch,cmd/nl,cmd,srd022,,True,Task 5255: [stitch] cmd/nl: srd022-nl (contract),423519,4733,184455,239052,1.7481,6483,6691,208,5114,5173,59,149,2,267,0
515ed996b2cb957ca77ff146b366fab5d421790b,2026-05-14T23:28:47-04:00,5256,stitch,cmd/tac,cmd,srd021,R4.1-R4.3,False,Task 5256: [stitch] cmd/tac: implement srd021-tac R4.1-R4.3,526514,4694,188398,338101,1.8245,6691,6691,0,5173,5174,1,153,1,8,7
0a19598ff56231d0c7ac912073dac1fae7ba53c8,2026-05-14T23:37:35-04:00,5257,stitch,cmd/nl,cmd,srd022,R1.1-R1.4,False,Task 5257: [stitch] cmd/nl: implement srd022-nl R1.1-R1.4,1192623,23762,208062,984535,2.7698,6691,6809,118,5174,5240,66,510,2,195,11
f2478215eeb97059f00dd83068ed28f7a483016c,2026-05-14T23:44:51-04:00,5258,stitch,cmd/nl,cmd,srd022,R2.1-R2.4,False,Task 5258: [stitch] cmd/nl: implement srd022-nl R2.1-R2.4,1065651,13155,196891,868733,2.3538,6809,6815,6,5240,5316,76,413,3,90,4
496ab13b6a0f21e73cc7a99b80be0d966a8cf695,2026-05-14T23:54:00-04:00,5260,stitch,cmd/fold,cmd,srd023,R1.1-R1.4,False,Task 5260: [stitch] cmd/fold: implement srd023-fold R1.1-R1.4,692009,9079,196341,495649,2.0872,6815,7118,303,5316,5453,137,232,2,440,0
da227f2280ec8845345de4c790595c85eff02996,2026-05-14T23:57:15-04:00,5261,stitch,cmd/fold,cmd,srd023,R2.1-R2.3,False,Task 5261: [stitch] cmd/fold: implement srd023-fold R2.1-R2.3,483498,3975,187552,295932,1.7763,7118,7116,-2,5453,5549,96,173,2,112,18
e2f74a5670b0c047517023aa09db37e4034dabf2,2026-05-15T09:46:13-04:00,5262,stitch,cmd/nl,cmd,srd022,R3.1-R3.4,False,Task 5262: [stitch] cmd/nl: implement srd022-nl R3.1-R3.4,331732,2648,185597,146126,1.6638,7116,7116,0,5549,5663,114,105,1,114,0
e5acbaabb7adba1a8aba8d55998ab1564f186f78,2026-05-15T09:49:36-04:00,5263,stitch,cmd/nl,cmd,srd022,R4.1-R4.4,False,Task 5263: [stitch] cmd/nl: implement srd022-nl R4.1-R4.4,482694,4894,190724,291957,1.84,7116,7116,0,5663,5765,102,181,1,102,0
c813a30f9effc041bc10e917787f0ceec9c05037,2026-05-15T10:00:32-04:00,5265,stitch,cmd/fold,cmd,srd023,R3.1-R3.4,False,Task 5265: [stitch] cmd/fold: implement srd023-fold R3.1-R3.4,522544,6755,193429,329101,1.9138,7116,7116,0,5765,5855,90,189,2,94,4
78fa8b92f4ed1064a51979f64c305e40594bc1e0,2026-05-15T10:03:05-04:00,5266,stitch,cmd/fold,cmd,srd023,R4.1-R4.4,False,Task 5266: [stitch] cmd/fold: implement srd023-fold R4.1-R4.4,642784,3567,192222,450545,1.8753,7116,7116,0,5855,5910,55,125,2,56,1
9338c147038514d7e137ae7df4162c735eaef664,2026-05-15T10:05:51-04:00,5267,stitch,cmd/expand,cmd,srd024,R1.1-R1.4,False,Task 5267: [stitch] cmd/expand: implement srd024-expand R1.1-R1.4,498548,3469,185181,313352,1.7575,7116,7183,67,5910,5972,62,138,2,129,0
25d04e7a3506e91bff8a4ab61494bf57c8ea827f,2026-05-15T10:11:07-04:00,5268,stitch,cmd/expand,cmd,srd024,R2.1-R2.4,False,Task 5268: [stitch] cmd/expand: implement srd024-expand R2.1-R2.4,649764,13243,198048,451698,2.1821,7183,7274,91,5972,6037,65,294,2,163,7
adfff992bb51aa3729e25ffd43549db608d294d9,2026-05-15T10:25:24-04:00,5272,stitch,cmd/unexpand,cmd,,,True,Task 5272: [stitch] cmd/unexpand (contract),332395,2943,180234,152151,1.6103,7274,7489,215,6037,6037,0,102,1,215,0
0105255e69e8dbe75e29c1989ce5f67e12439703,2026-05-15T10:32:24-04:00,5273,stitch,cmd/unexpand,cmd,srd025,R1.1-R1.4,False,Task 5273: [stitch] cmd/unexpand: implement srd025-unexpand R1.1-R1.4,887305,16966,201420,685863,2.4084,7489,7487,-2,6037,6037,0,395,1,9,11
94b268e6c28e00fdec17a4dfd0cc594e9344f27e,2026-05-15T10:42:33-04:00,5275,stitch,cmd/unexpand,cmd,srd025,R2.1-R2.3,False,Task 5275: [stitch] cmd/unexpand: implement srd025-unexpand R2.1-R2.3,554769,10077,195657,359097,2.0482,7487,7494,7,6037,6188,151,254,2,165,7
f0cf688720cd3ab89ebfb1339b4624f5738589f5,2026-05-15T10:46:50-04:00,5276,stitch,cmd/unexpand,cmd,srd025,R3.1-R3.3,False,Task 5276: [stitch] cmd/unexpand: implement srd025-unexpand R3.1-R3.3,350708,9648,191976,158723,1.8873,7494,7503,9,6188,6271,83,234,2,99,7
32d02e8c202a9ff4186f6ccbf332d56f5b4806c1,2026-05-15T10:50:38-04:00,5277,stitch,cmd/unexpand,cmd,srd025,R4.1-R4.4,False,Task 5277: [stitch] cmd/unexpand: implement srd025-unexpand R4.1-R4.4,418772,6557,193391,225370,1.937,7503,7503,0,6271,6362,91,203,1,91,0
600272d4331e4902fc9a8341b1a39362cb78f158,2026-05-15T10:53:08-04:00,5278,stitch,cmd/cut,cmd,,,True,Task 5278: [stitch] cmd/cut (contract),403493,3890,183937,219544,1.7121,7503,7703,200,6362,6383,21,128,2,221,0
f7aab0677f8adc333c317b6da21a55f8ef1f84fb,2026-05-15T11:01:08-04:00,5280,stitch,cmd/paste,cmd,,,True,Task 5280: [stitch] cmd/paste (contract),419444,2933,182986,236445,1.6869,7703,7798,95,6383,6383,0,126,1,95,0
168900f0b00189bfe153b0f2429153d6c64228fc,2026-05-15T11:05:49-04:00,5281,stitch,cmd/cut,cmd,srd026,R1.1-R1.4,False,Task 5281: [stitch] cmd/cut: implement srd026-cut R1.1-R1.4,857438,7703,192270,665142,2.1216,7798,7940,142,6383,6383,0,258,1,146,4
8b4954fd4948a17de7905b00bb142bfd3b230ae9,2026-05-15T11:10:05-04:00,5282,stitch,cmd/cut,cmd,srd026,R2.1-R2.4,False,Task 5282: [stitch] cmd/cut: implement srd026-cut R2.1-R2.4,686151,9827,192657,493474,2.0377,7940,8024,84,6383,6383,0,226,1,86,2
3f13a409b14f30f5f37c55bca84a855d1cf3b7ba,2026-05-15T11:24:17-04:00,5285,stitch,cmd/cut,cmd,srd026,R4.1-R4.4,False,Task 5285: [stitch] cmd/cut -- srd026 R4.1-R4.4,531570,14948,205544,326013,2.4049,8024,8024,0,6383,6463,80,406,1,81,1
66adcaaf17ce7c9419c138cc3161e250113d794b,2026-05-19T16:53:29-04:00,5286,stitch,cmd/paste,cmd,srd027,R1.1-R1.4,False,Task 5286: [stitch] cmd/paste -- srd027 R1.1-R1.4,490627,10460,213095,277518,2.0841,8024,8086,62,6463,6463,0,237,1,65,3
1caa0c1aa7699570e6b23cd790342dc54c241559,2026-05-19T16:55:10-04:00,5287,stitch,cmd/paste,cmd,srd027,R2.1-R2.3,False,Task 5287: [stitch] cmd/paste -- srd027 R2.1-R2.3,305364,1626,181880,123475,1.5734,8086,8109,23,6463,6463,0,82,1,26,3
ae50a44042b22f73444fcf355fc16de828eb86cd,2026-05-19T16:57:09-04:00,5288,stitch,cmd/paste,cmd,srd027,R3.1-R3.3,False,Task 5288: [stitch] cmd/paste -- srd027 R3.1-R3.3,331880,2301,182056,149814,1.5973,8109,8128,19,6463,6463,0,94,1,21,2
f54fbf3ea7454440d535fb2c17bb43cbe5c9b53a,2026-05-19T17:03:16-04:00,5290,stitch,cmd/paste,cmd,srd027,R4.1-R4.4,False,Task 5290: [stitch] cmd/paste -- srd027 R4.1-R4.4,481907,4202,189379,292514,1.8482,8128,8138,10,6463,6581,118,159,2,134,6
d469d43d6f105a5057d92c56e31d96a542fadee5,2026-05-19T17:07:01-04:00,5291,stitch,cmd/uniq,cmd,srd028,R1.1-R1.4,False,Task 5291: [stitch] cmd/uniq -- srd028 R1.1-R1.4,505386,4923,187007,318364,1.8048,8138,8261,123,6581,6728,147,201,2,270,0
76a0895db12b05574f048014d116eb8771438b88,2026-05-19T17:16:32-04:00,5292,stitch,cmd/uniq,cmd,srd028,R2.1-R2.4,False,Task 5292: [stitch] cmd/uniq -- srd028 R2.1-R2.4,434379,30134,214017,220353,2.5858,8261,8343,82,6728,6860,132,548,2,234,20
ed0baba50b87267131b22b32089468b2981fc700,2026-05-19T17:21:55-04:00,5293,stitch,cmd/uniq,cmd,srd028,R3.1-R3.4,False,Task 5293: [stitch] cmd/uniq -- srd028 R3.1-R3.4,386114,17408,202376,183729,2.1503,8343,8431,88,6860,7034,174,301,2,271,9
0b19307e1b9987ea3b8cc0c031a4e7e8e36ef7ce,2026-05-19T17:33:01-04:00,5294,stitch,,other,,,False,Task 5294: [stitch] generation-run44 #5294,1247209,11052,223327,1023853,2.6909,8431,8431,0,7034,7079,45,428,1,46,1
859c04f4adcb9f9f6d07c164140cf71ccf540fd0,2026-05-19T17:36:39-04:00,5295,stitch,cmd/uniq,cmd,srd028,R4.1-R4.4,False,Task 5295: [stitch] cmd/uniq -- srd028 R4.1-R4.4,1027500,6867,206205,821270,2.2528,8431,8443,12,7079,7126,47,200,2,62,3
12f0d7ebdbb23ef49e3fdc9a8b97cdc04a110134,2026-05-19T17:40:21-04:00,5296,stitch,cmd/comm,cmd,srd029,R1.1-R1.4,False,Task 5296: [stitch] cmd/comm -- srd029 R1.1-R1.4,483589,5427,198199,285377,1.9035,8443,8575,132,7126,7330,204,200,2,336,0
ef91d3c1840bf6c8e182093c39aeeaacbe575f20,2026-05-19T17:43:01-04:00,5297,stitch,cmd/comm,cmd,srd029,R2.1-R2.4,False,Task 5297: [stitch] cmd/comm -- srd029 R2.1-R2.4,336405,5458,189717,146679,1.7553,8575,8612,37,7330,7414,84,136,2,141,20
b9696c000300256076ea37f298c38da3fef68034,2026-05-19T17:59:08-04:00,5298,stitch,cmd/comm,cmd,srd029,R3.1-R3.4,False,Task 5298: [stitch] cmd/comm -- srd029 R3.1-R3.4,3158895,46064,244580,2914263,4.5159,8612,8705,93,7414,7511,97,944,2,201,11
80e62866f5dcc3f514b6dc4055a5cf913227be6f,2026-05-19T18:07:37-04:00,5300,stitch,cmd/comm,cmd,srd029,R4.1-R4.4,False,Task 5300: [stitch] cmd/comm -- srd029 R4.1-R4.4,1179061,6478,203353,975677,2.289,8705,8713,8,7511,7529,18,180,2,28,2
646068d9bdf63fcc5a6e717d592b0450d5e4412c,2026-05-19T18:10:50-04:00,5301,stitch,cmd/md5sum,cmd,srd030,R1.1-R1.4,False,Task 5301: [stitch] cmd/md5sum -- srd030 R1.1-R1.4,554643,4222,208114,346514,2.0124,8713,8830,117,7529,7637,108,169,2,225,0
0a0ee7bde1328b4b352e7b6c0a9ed4f970d6bcc0,2026-05-19T18:16:08-04:00,5302,stitch,cmd/md5sum,cmd,srd030,R2.1-R2.4,False,Task 5302: [stitch] cmd/md5sum -- srd030 R2.1-R2.4,594349,9978,199561,394772,2.0771,8830,8830,0,7637,7750,113,296,1,113,0
58386947c11e5803e5bce8515e110971f98be986,2026-05-19T18:18:23-04:00,5303,stitch,cmd/md5sum,cmd,srd030,R3.1-R3.3,False,Task 5303: [stitch] cmd/md5sum -- srd030 R3.1-R3.3,293945,1746,186142,107795,1.6235,8830,8830,0,7750,7776,26,116,1,26,0
3c72638dbd561b2e0930d73eab78afc995fb7068,2026-05-19T18:32:20-04:00,5305,stitch,cmd/md5sum,cmd,srd030,R4.1-R4.3,False,Task 5305: [stitch] cmd/md5sum -- srd030 R4.1-R4.3,510146,3495,197937,312196,1.882,8830,8830,0,7776,7844,68,174,1,68,0
1364b17ebc031774fdf08ce0cd7f27ff3b3f3999,2026-05-19T18:35:07-04:00,5306,stitch,cmd/sha1sum,cmd,srd031,R1.1-R1.4,False,Task 5306: [stitch] cmd/sha1sum -- srd031 R1.1-R1.4,395812,5849,191642,204159,1.8148,8830,8947,117,7844,8159,315,144,2,432,0
e385c6ac624c79e5ec70ac696009c57e64516ca5,2026-05-19T19:20:26-04:00,5310,stitch,cmd/sha256sum,cmd,srd032,"R1.1, R1.2, R1.3, R1.4",False,"Task 5310: [stitch] cmd/sha256sum core hashing implementation (srd032 R1.1, R1.2, R1.3, R1.4)",410159,2302,183777,226369,1.6624,8947,9064,117,8159,8159,0,125,1,117,0
aaae197568ca0bca4e6690712b3099739c6b81ff,2026-05-19T19:23:36-04:00,5311,stitch,cmd/sha256sum,cmd,srd032,"R2.1, R2.2, R2.3, R3.1",False,"Task 5311: [stitch] cmd/sha256sum check mode and tag format (srd032 R2.1, R2.2, R2.3, R3.1)",369317,5496,194732,174575,1.804,9064,9064,0,8159,8474,315,163,1,315,0
261630550a6fe818411f2fc9901b87f74bad494b,2026-05-19T19:27:19-04:00,5312,stitch,cmd/sha256sum,cmd,srd032,"R3.2, R4.1, R4.2, R4.3",False,"Task 5312: [stitch] cmd/sha256sum completion (srd032 R3.2, R4.1, R4.2, R4.3)",606979,5682,195264,411698,2.0506,9064,9118,54,8474,8474,0,199,1,56,2
70ccabab62e10fd9237270a520fc4c3dd3d5d823,2026-05-19T19:33:21-04:00,5315,stitch,cmd/sha512sum,cmd,srd033,"R1.1, R1.2, R1.3, R1.4",False,"Task 5315: [stitch] cmd/sha512sum basic hashing (srd033 R1.1, R1.2, R1.3, R1.4)",400704,2992,188629,212063,1.7156,9118,9289,171,8474,8474,0,117,1,171,0
17e6d5e7e3feb36d9106740ea004cb46109d25b5,2026-05-19T19:39:22-04:00,5317,stitch,cmd/sha512sum,cmd,srd033,"R3.2, R4.1, R4.2, R4.3",False,"Task 5317: [stitch] cmd/sha512sum completion (srd033 R3.2, R4.1, R4.2, R4.3)",675006,8221,204917,470071,2.1248,9289,9289,0,8474,8791,317,220,1,317,0
de702f4d4bf76f96bb5f4c5b3eaf72469a2f04bc,2026-05-19T19:47:51-04:00,5318,stitch,cmd/ln,cmd,srd037,"R1.1, R1.2, R1.3, R1.4",False,"Task 5318: [stitch] cmd/ln basic hard and symbolic links (srd037 R1.1, R1.2, R1.3, R1.4)",682166,24041,208626,473525,2.4889,9289,9475,186,8791,8791,0,489,1,186,0
40c673111d29d712516769c7ae944155e9b02254,2026-05-19T20:06:46-04:00,5322,stitch,cmd/sha512sum,cmd,srd033,"R3.2, R4.1, R4.2, R4.3",False,"Task 5322: [stitch] cmd/sha512sum completion (srd033 R3.2, R4.1, R4.2, R4.3)",786333,17775,210352,575964,2.4704,9475,9553,78,8791,8850,59,415,2,139,2
403c9dd6aece65ccc51da2360cf43847500e973a,2026-05-19T20:13:13-04:00,5323,stitch,cmd/mkdir,cmd,srd034,"R1.1, R1.2, R1.3, R1.4",False,"Task 5323: [stitch] cmd/mkdir basic directory creation (srd034 R1.1, R1.2, R1.3, R1.4)",1185872,10479,225348,960495,2.6424,9553,9709,156,8850,9080,230,362,2,386,0
53d9865216330ea62c38493ef9427c59f6602286,2026-05-19T20:22:56-04:00,5325,stitch,cmd/mkdir,cmd,srd034,"R2.1, R2.2, R2.3",False,"Task 5325: [stitch] cmd/mkdir parent directory creation (srd034 R2.1, R2.2, R2.3)",693817,16829,205550,488251,2.3435,9709,9763,54,9080,9151,71,328,2,127,2
f074700cb40a610b5457ad0934fa07964b754781,2026-05-19T20:34:09-04:00,5326,stitch,cmd/mkdir,cmd,srd034,"R3.1, R3.2, R3.3, R3.4",False,"Task 5326: [stitch] cmd/mkdir mode and permissions (srd034 R3.1, R3.2, R3.3, R3.4)",1545501,38694,230948,1314520,3.4473,9763,9979,216,9151,9294,143,647,2,391,32
4190f3499a8ee154eeb205e54ecc8bd9726ff872,2026-05-20T06:36:03-04:00,5328,stitch,cmd/rmdir,cmd,srd035,"R1.1, R1.2, R1.3, R1.4",False,"Task 5328: [stitch] cmd/rmdir basic directory removal (srd035 R1.1, R1.2, R1.3, R1.4)",490290,16541,211164,279115,2.3002,9979,10132,153,9294,9495,201,348,2,354,0
72dc1d87827088cc781950b18fde6f8dce74c976,2026-05-20T06:45:45-04:00,5330,stitch,cmd/mkdir,cmd,srd034,"R4.1, R4.2, R4.3",False,"Task 5330: [stitch] cmd/mkdir error diagnostics and version/help (srd034 R4.1, R4.2, R4.3)",495965,13195,211403,284551,2.2032,10132,10132,0,9495,9534,39,342,2,40,1
504f10b6db801432b4cd793e8687229ed0f10e9b,2026-05-20T06:51:14-04:00,5331,stitch,cmd/rmdir,cmd,srd035,"R2.1, R2.2, R2.3",False,"Task 5331: [stitch] cmd/rmdir ancestor removal and verbose (srd035 R2.1, R2.2, R2.3)",662046,14811,205768,456262,2.2503,10132,10144,12,9534,9584,50,302,2,65,3
60117cc7811a1533c8a17848aec08471da4b07bd,2026-05-20T06:54:47-04:00,5332,stitch,cmd/rmdir,cmd,srd035,"R3.1, R3.2, R3.3, R3.4",False,"Task 5332: [stitch] cmd/rmdir non-empty tolerance and error handling (srd035 R3.1, R3.2, R3.3, R3.4)",512926,5873,196971,315941,1.9175,10144,10164,20,9584,9665,81,185,2,103,2
757fab564b363acebb899fe3af59bb052704c00f,2026-05-20T07:09:05-04:00,5335,stitch,cmd/unlink,cmd,srd038,"R1.1, R1.2, R1.3, R2.1",False,"Task 5335: [stitch] cmd/unlink core implementation (srd038 R1.1, R1.2, R1.3, R2.1)",919589,7000,199601,719961,2.1235,10164,10208,44,9665,9665,0,189,1,44,0
6645176be4dde60ed2d3620ecc6a725419debe15,2026-05-20T07:13:58-04:00,5336,stitch,cmd/unlink,cmd,srd038,"R2.2, R2.3, R2.4, R3.1",False,"Task 5336: [stitch] cmd/unlink error handling and options (srd038 R2.2, R2.3, R2.4, R3.1)",1127426,11818,212502,914895,2.4439,10208,10230,22,9665,9854,189,266,2,211,0
e9fb8a3ab6dabef0d19144dfa275c207520e0bbe,2026-05-20T07:31:03-04:00,5340,stitch,cmd/ln,cmd,srd037,"R1.1, R1.2, R1.3, R1.4",False,"Task 5340: [stitch] cmd/ln implementation -- core link creation (srd037-ln R1.1, R1.2, R1.3, R1.4)",981566,9620,205713,775827,2.2808,10230,10268,38,9854,9854,0,238,1,49,11
25b7eae5c33921f8a9595d006507f86ae651206f,2026-05-20T07:33:24-04:00,5341,stitch,cmd/ln,cmd,srd037,"R2.1, R2.2, R2.3, R2.4",False,"Task 5341: [stitch] cmd/ln implementation -- symbolic links and overwrite flags (srd037-ln R2.1, R2.2, R2.3, R2.4)",446540,2601,193506,253021,1.7998,10268,10300,32,9854,9854,0,115,1,34,2
35724d5ae356656ceeca18ad69d9c65c18b482f7,2026-05-20T07:40:48-04:00,5342,stitch,cmd/ln,cmd,srd037,"R3.1, R3.2, R3.3, R3.4",False,"Task 5342: [stitch] cmd/ln implementation -- backup and target directory modes (srd037-ln R3.1, R3.2, R3.3, R3.4)",1200105,16531,206403,993668,2.6036,10300,10396,96,9854,9854,0,420,1,145,49
4916730aa5c2505ae7f09ee87dca8548d7d124ad,2026-05-20T07:53:07-04:00,5343,stitch,cmd/ln,cmd,srd037,"R3.5, R3.6, R4.1, R4.2",False,"Task 5343: [stitch] cmd/ln implementation -- remaining features and error handling (srd037-ln R3.5, R3.6, R4.1, R4.2)",1472079,39588,245940,1226080,3.5699,10396,10531,135,9854,10472,618,713,2,795,42
3d16d200f4061c1b28c1112619cff8a6a8c832f1,2026-05-20T08:20:55-04:00,5344,stitch,,other,,,False,Task 5344: [stitch] generation-run44 #5344,4844834,83007,322452,4522329,6.6993,10531,10761,230,10472,10835,363,1362,3,593,0
739f25712a336e3c1695f8f9876ddea0e63380d6,2026-05-20T08:23:20-04:00,5345,stitch,cmd/ln,cmd,srd037,R4.3,False,Task 5345: [stitch] cmd/ln implementation -- version and help output (srd037-ln R4.3),446369,2224,204963,241395,1.8771,10761,10761,0,10835,10845,10,123,1,12,2
3497a6bd298dfd6b1e03916c0282619fb0186cef,2026-05-20T08:29:21-04:00,5347,stitch,cmd/mktemp,cmd,srd036,"R1.5, R2.1, R2.2, R2.3",False,"Task 5347: [stitch] cmd/mktemp implementation -- suffix and directory mode (srd036-mktemp R1.5, R2.1, R2.2, R2.3)",431561,5447,200090,231460,1.8815,10761,10761,0,10845,10882,37,175,1,37,0
d0a717324b75d496fe1d92363b55b9775f38b19e,2026-05-20T08:45:59-04:00,5350,stitch,cmd/mktemp,cmd,srd036,"R3.5, R3.6, R4.1, R4.2",False,"Task 5350: [stitch] srd036-mktemp R3.5, R3.6, R4.1, R4.2 (implementation)",1172902,18342,225014,947861,2.6958,10761,10795,34,10882,10973,91,401,2,127,2
32cd3e59302ce162b0f69916e9577637b6cf7c9a,2026-05-20T09:31:28-04:00,5353,stitch,cmd/mktemp,cmd,srd036,"R4.3, R4.4",False,"Task 5353: [stitch] srd036-mktemp R4.3, R4.4 (tests)",469309,11576,217162,252136,2.1622,10795,10795,0,10973,11024,51,282,1,51,0
55eba16494a97bb7247d19568054fd4b4e76b718,2026-05-20T09:39:28-04:00,5355,stitch,cmd/whoami,cmd,srd042,"R1.1, R1.2, R2.1, R2.2",False,"Task 5355: [stitch] srd042-whoami R1.1, R1.2, R2.1, R2.2 (implementation)",430352,3532,206729,223610,1.8874,10795,10865,70,11024,11024,0,133,1,70,0
154882a004f865499b4a84a2949a164d25f6c68c,2026-05-20T09:42:35-04:00,5356,stitch,cmd/whoami,cmd,srd042,"R3.1, R3.2, R3.3",False,"Task 5356: [stitch] srd042-whoami R3.1, R3.2, R3.3 (tests)",503935,2938,191772,312147,1.7793,10865,10865,0,11024,11082,58,160,1,58,0
8ac2408f00f3c95ee482250d5563d5b7b10a5fe8,2026-05-20T09:47:02-04:00,5357,stitch,cmd/groups,cmd,srd043,"R1.1, R1.2, R1.3, R2.1",False,"Task 5357: [stitch] srd043-groups R1.1, R1.2, R1.3, R2.1 (implementation)",462296,9426,214154,248129,2.1095,10865,10992,127,11082,11082,0,239,1,127,0
f6b2dcf287e140c9d9826c57fdfcdbaeba169ab2,2026-05-20T09:48:53-04:00,5358,stitch,cmd/groups,cmd,srd043,"R2.2, R2.3",False,"Task 5358: [stitch] srd043-groups R2.2, R2.3 (implementation continued)",287416,1083,188404,99004,1.6261,10992,10992,0,11082,11082,0,81,1,1,1
be4b5e7c353ec6860707fdc8549d33708b73dc30,2026-05-20T09:58:13-04:00,5360,stitch,cmd/env,cmd,srd039,"R1.1, R1.2, R1.3, R2.1",False,"Task 5360: [stitch] srd039-env R1.1, R1.2, R1.3, R2.1 (implementation)",737845,7385,209979,527846,2.2411,10992,11119,127,11082,11232,150,258,2,277,0
08d0c04301682dd471e4d697445a46b405ed9ade,2026-05-20T10:02:16-04:00,5361,stitch,cmd/env,cmd,srd039,"R2.2, R2.3, R3.1, R3.2",False,"Task 5361: [stitch] srd039-env R2.2, R2.3, R3.1, R3.2 (implementation continued)",759561,7953,205037,554503,2.1676,11119,11175,56,11232,11309,77,217,3,154,17
7fe856217aa160ff895fde626d93e1dd77aeeb7d,2026-05-20T10:10:26-04:00,5362,stitch,cmd/env,cmd,srd039,"R3.3, R4.1, R4.2, R4.3",False,"Task 5362: [stitch] srd039-env R3.3, R4.1, R4.2, R4.3 (implementation continued)",1414794,21141,227936,1186826,2.9224,11175,11182,7,11309,11332,23,457,2,41,11
d837d185cb7a225965799a619d220d3811b26f68,2026-05-20T10:13:24-04:00,5363,stitch,cmd/groups,cmd,srd043,"R3.1, R3.2, R3.3",False,"Task 5363: [stitch] srd043-groups R3.1, R3.2, R3.3 (implementation continued)",586863,3809,201743,385103,1.8956,11182,11182,0,11332,11405,73,152,1,73,0
81d7d787f0dc3c681d3a514e9612768906b717e0,2026-05-20T10:20:37-04:00,5365,stitch,cmd/printenv,cmd,srd040,"R1.1, R1.2, R1.3, R2.1",False,"Task 5365: [stitch] srd040-printenv R1.1, R1.2, R1.3, R2.1",398947,2774,206490,192445,1.8218,11182,11259,77,11405,11469,64,107,2,141,0
85a18e58aa7ab7800b33911f6781881c74068ff4,2026-05-20T10:23:34-04:00,5366,stitch,cmd/printenv,cmd,srd040,"R2.2, R2.3, R2.4, R3.1",False,"Task 5366: [stitch] srd040-printenv R2.2, R2.3, R2.4, R3.1 (implementation continued)",477519,2754,196025,281480,1.8489,11259,11258,-1,11469,11468,-1,146,2,4,6
8235353f749dec1e45d4a2986ff50b6ee8c4054a,2026-05-20T10:26:21-04:00,5367,stitch,cmd/printenv,cmd,srd040,"R3.2, R3.3",False,"Task 5367: [stitch] srd040-printenv R3.2, R3.3 (implementation continued)",387991,3029,195407,192573,1.7646,11258,11258,0,11468,11478,10,133,1,10,0
db25aabfec1054122a7ca9f528b5c34d9c724bcc,2026-05-20T10:31:49-04:00,5368,stitch,cmd/id,cmd,srd041,"R1.1, R1.2, R1.3, R2.1",False,"Task 5368: [stitch] srd041-id R1.1, R1.2, R1.3, R2.1",480943,13678,221868,259063,2.3023,11258,11408,150,11478,11506,28,299,2,178,0
c02e55208f0c15abb66c3166ade78afa7a917b15,2026-05-20T10:40:08-04:00,5370,stitch,cmd/id,cmd,srd041,"R2.2, R2.3, R2.4",False,"Task 5370: [stitch] srd041-id R2.2, R2.3, R2.4",587554,7053,204852,382686,2.0473,11408,11474,66,11506,11518,12,184,2,94,16
cca152e9b9af2015bab0704e87356e7b96ae5a63,2026-05-20T10:49:15-04:00,5371,stitch,cmd/id,cmd,srd041,"R3.1, R3.2, R3.3",False,"Task 5371: [stitch] srd041-id R3.1, R3.2, R3.3",823487,25456,218833,604636,2.6762,11474,11562,88,11518,11568,50,511,3,198,57
9c1d82e35b69ae74ed137f3f31681bcde113df03,2026-05-20T11:00:35-04:00,5374,stitch,cmd/sort,cmd,srd053,R1.1-R1.4,False,Task 5374: [stitch] cmd/sort: core I/O and basic sorting -- srd053 R1.1-R1.4,390233,3250,194918,195304,1.7593,11562,11741,179,11568,11568,0,121,1,179,0
507df3e7f759207cb475feacc9b2b3bed373c29d,2026-05-20T11:06:42-04:00,5375,stitch,cmd/sort,cmd,srd053,"R1.5-R1.7, R2.1",False,"Task 5375: [stitch] cmd/sort: sorting options and field separator -- srd053 R1.5-R1.7, R2.1",391291,19597,209820,181462,2.2701,11741,11884,143,11568,11568,0,341,1,158,15
fcb3730c6a3e1cdd76e66e20f4ef9e75c27722b4,2026-05-20T11:23:37-04:00,5376,stitch,cmd/sort,cmd,srd053,"R2.2-R2.4, R3.1",False,"Task 5376: [stitch] cmd/sort: key-based sorting and first numeric mode -- srd053 R2.2-R2.4, R3.1",821556,61328,253127,568417,3.7603,11884,12061,177,11568,11568,0,981,1,214,37
f022e0ce44604398ce9f5d48fd6683b87e2cbf8c,2026-05-20T18:32:12-04:00,5377,stitch,cmd/sort,cmd,srd053,"R3.2-R3.4, R4.1",False,"Task 5377: [stitch] cmd/sort: remaining numeric modes and check mode -- srd053 R3.2-R3.4, R4.1",1101061,54646,248745,852300,3.7252,12061,12449,388,11568,11568,0,925,3,558,170
d8e03f0261521dcabf34743ec0b7b1a5dc63db85,2026-05-20T18:51:01-04:00,5379,stitch,cmd/sort,cmd,srd053,R4.2-R4.4,False,Task 5379: [stitch] cmd/sort: final features -- srd053 R4.2-R4.4,1657108,36893,245456,1411622,3.6019,12449,12541,92,11568,11846,278,817,3,370,0
84366b97fa12ef5f9456656580b76138cabdf957,2026-05-20T18:57:41-04:00,5380,stitch,cmd/tail,cmd,srd055,R1.1-R1.4,False,Task 5380: [stitch] cmd/tail: basic tail output -- srd055 R1.1-R1.4,605626,19374,237250,368363,2.579,12541,12751,210,11846,12030,184,379,2,394,0
68f0583835f0152200d556270d50ed210cd3bb8d,2026-05-20T19:06:50-04:00,5381,stitch,cmd/tr,cmd,srd054,R1.1-R1.4,False,Task 5381: [stitch] cmd/tr: character translation fundamentals -- srd054 R1.1-R1.4,761079,27275,238986,522076,2.8728,12751,13079,328,12030,12074,44,527,2,372,0
94e0784ae9c7d5f9309ade4bee70580ddaee487e,2026-05-20T19:19:19-04:00,5382,stitch,cmd/tr,cmd,srd054,R2.1-R2.4,False,Task 5382: [stitch] cmd/tr: character classes and SET extensions -- srd054 R2.1-R2.4,562955,41797,236492,326453,3.0638,13079,13203,124,12074,12089,15,726,2,158,19
5f0719a4cb6859d99d02bbe747fd7b38b37ae316,2026-05-20T19:32:07-04:00,5385,stitch,cmd/tail,cmd,srd055,R2.1-R2.3,False,Task 5385: [stitch] cmd/tail: srd055 R2.1-R2.3,758983,10401,207879,551083,2.1929,13203,13285,82,12089,12192,103,256,2,186,1
9808515eacd6f246ac3d945375190f7f755ee0bf,2026-05-20T19:40:05-04:00,5386,stitch,cmd/tr,cmd,srd054,R3.1-R3.3,False,Task 5386: [stitch] cmd/tr: srd054 R3.1-R3.3,1637167,14188,221960,1415169,2.9802,13285,13297,12,12192,12227,35,455,2,47,0
3b76877bc359cd0561a5fd7bd149bfd75c43237f,2026-05-20T19:43:05-04:00,5387,stitch,cmd/tr,cmd,srd054,R4.1-R4.3,False,Task 5387: [stitch] cmd/tr: srd054 R4.1-R4.3,479460,5329,206366,273082,1.9419,13297,13297,0,12227,12251,24,156,1,25,1
7f3137ee902dbcfaf22da3aa37274751d17c0dc7,2026-05-20T19:49:43-04:00,5389,stitch,cmd/tail,cmd,srd055,R3.1-R3.4,False,Task 5389: [stitch] cmd/tail: srd055 R3.1-R3.4,506580,4175,201622,304944,1.889,13297,13332,35,12251,12315,64,146,2,100,1
b33b82eb26fefa7d855e88c0715a586ccfd584a4,2026-05-20T19:52:06-04:00,5390,stitch,cmd/tail,cmd,srd055,R4.1-R4.4,False,Task 5390: [stitch] cmd/tail: srd055 R4.1-R4.4,354049,3379,201802,152238,1.8115,13332,13332,0,12315,12355,40,123,1,40,0
e3e77cde9b574baf3b7ea5ae5418028b19446a27,2026-05-20T20:15:27-04:00,5391,stitch,cmd/cp,cmd,srd056,R1.1-R1.4,False,Task 5391: [stitch] cmd/cp: srd056 R1.1-R1.4,1645857,70654,299912,1345505,4.895,13332,13529,197,12355,12656,301,1382,2,498,0
24522d609eb3f4c2374667aa970975e96586906c,2026-05-20T20:27:21-04:00,5392,stitch,cmd/cp,cmd,srd056,R2.1-R2.4,False,Task 5392: [stitch] cmd/cp: srd056 R2.1-R2.4,552423,37869,235951,316462,2.9849,13529,13618,89,12656,12765,109,689,2,207,9
693af25cddfe8b40ffbedf3cb6f1fbcaf6988af9,2026-05-20T20:43:23-04:00,5394,stitch,cmd/cp,cmd,srd056,R3.1-R3.4,False,Task 5394: [stitch] cmd/cp: srd056 R3.1-R3.4,1508607,39723,245932,1262650,3.5513,13618,13710,92,12765,12827,62,702,2,158,4
2c390bd6a6a572e0b3a3d86faf63c73f83da3bd5,2026-05-20T20:47:31-04:00,5395,stitch,cmd/cp,cmd,srd056,R4.1-R4.4,False,Task 5395: [stitch] cmd/cp: srd056 R4.1-R4.4,774202,9633,236022,538162,2.3911,13710,13738,28,12827,12980,153,224,2,184,3
686490566a3dad884a28af0f3d204a3e21e77f66,2026-05-20T20:55:53-04:00,5396,stitch,cmd/mv,cmd,srd057,R1.1-R1.4,False,Task 5396: [stitch] cmd/mv: srd057 R1.1-R1.4,762280,26748,226199,536065,2.7797,13738,13919,181,12980,13217,237,480,2,418,0
ce75abad7c75b3c588c361d5d7647d91ef22517a,2026-05-20T21:09:57-04:00,5397,stitch,cmd/mv,cmd,srd057,R2.1-R2.4,False,Task 5397: [stitch] cmd/mv: srd057 R2.1-R2.4,886288,47670,244023,642251,3.4085,13919,14010,91,13217,13309,92,823,2,200,17
c8ea3ceed34606f8936d3478bc96756cee400456,2026-05-20T21:24:29-04:00,5398,stitch,,other,,,False,Task 5398: [stitch] generation-run44 #5398,1766882,31297,255534,1511311,3.5001,14010,14106,96,13309,13451,142,550,2,264,26
8f776916a59e0cc265a88c4026fbbb59841f6167,2026-05-20T21:29:09-04:00,5400,stitch,cmd/mv,cmd,srd057,R4.1-R4.4,False,Task 5400: [stitch] cmd/mv: srd057 R4.1-R4.4,400712,5485,210300,190402,1.9058,14106,14106,0,13451,13473,22,158,1,23,1
13aca184210f33900fb79fd3d52eb6a43ef960ce,2026-05-21T08:53:46-04:00,5401,stitch,cmd/rm,cmd,srd058,,True,Task 5401: [stitch] cmd/rm: srd058 (contract),396024,3015,201927,194086,1.8622,14106,14253,147,13473,13495,22,133,2,169,0
7af9746d365d667a22b80ec6d5cad6b9f1a5d20a,2026-05-21T09:04:42-04:00,5402,stitch,cmd/rm,cmd,srd058,R1.1-R1.4,False,Task 5402: [stitch] cmd/rm: srd058 R1.1-R1.4,1145788,27531,240445,905321,3.1873,14253,14316,63,13495,13659,164,622,2,239,12
4b1510f6f7aa9e7207bd322471cd467fb6fbd982,2026-05-21T09:13:38-04:00,5404,stitch,cmd/rm,cmd,srd058,R2.1-R2.4,False,Task 5404: [stitch] cmd/rm: srd058 R2.1-R2.4,533119,7120,209132,323973,2.0324,14316,14339,23,13659,13733,74,207,2,100,3
980ca08cbc8893f20d76b638099f6bf7b098f8e7,2026-05-21T09:20:06-04:00,5405,stitch,cmd/rm,cmd,srd058,R3.1-R3.4,False,Task 5405: [stitch] cmd/rm: srd058 R3.1-R3.4,1574344,16777,225100,1349208,2.8869,14339,14381,42,13733,13869,136,357,2,184,6
3d48a1f4ac9350084d02c003d3178d8e63440e9b,2026-05-21T09:22:56-04:00,5406,stitch,cmd/rm,cmd,srd058,R4.1-R4.4,False,Task 5406: [stitch] cmd/rm: srd058 R4.1-R4.4,405271,2962,206691,198570,1.8604,14381,14381,0,13869,13893,24,123,1,24,0
f914e31f537e3dbc4f3d92e4d30863172b0e054d,2026-05-21T09:39:29-04:00,5408,stitch,cmd/date,cmd,srd060,R1.1-R1.4,False,Task 5408: [stitch] cmd/date: srd060 R1.1-R1.4,1012824,32097,237198,775607,3.1,14381,14647,266,13893,13975,82,598,2,348,0
7dce8c0dc4b755a7782c0aa45d57f82946f0a318,2026-05-21T09:43:34-04:00,5409,stitch,cmd/date,cmd,srd060,R2.1-R2.4,False,Task 5409: [stitch] cmd/date: srd060 R2.1-R2.4,972221,8669,217766,754430,2.3399,14647,14647,0,13975,13997,22,209,2,56,34
604076b18131ded7debe823c6b3c608f81ca979f,2026-05-21T09:47:13-04:00,5410,stitch,cmd/date,cmd,srd060,R3.1-R3.4,False,Task 5410: [stitch] cmd/date: srd060 R3.1-R3.4,518125,4091,204651,313460,1.9294,14647,14647,0,13997,14021,24,189,2,26,2
e8be77c381039a8a83b59838381e1dfd5d3a5ce1,2026-05-21T09:50:00-04:00,5411,stitch,cmd/date,cmd,srd060,R4.1-R4.4,False,Task 5411: [stitch] cmd/date: srd060 R4.1-R4.4,350308,2130,203093,147206,1.7931,14647,14647,0,14021,14034,13,114,2,14,1
ea41b6f66c9310cded9c19440af467af6eb80f90,2026-05-21T09:59:39-04:00,5413,stitch,cmd/sleep,cmd,srd061,R1.1-R1.4,False,Task 5413: [stitch] cmd/sleep: srd061 R1.1-R1.4,922582,7192,231489,690997,2.3943,14647,14745,98,14034,14085,51,226,2,149,0
69da098004b30b1d192ba9beb66f9de92a8fd203,2026-05-21T10:03:10-04:00,5414,stitch,cmd/sleep,cmd,srd061,R2.1-R2.4,False,Task 5414: [stitch] cmd/sleep: srd061 R2.1-R2.4,418702,3217,199640,219050,1.8401,14745,14745,0,14085,14100,15,160,1,15,0
10e36cb91c77f50a7bca1d6abbcf260c38a22e4b,2026-05-21T10:05:32-04:00,5415,stitch,cmd/sleep,cmd,srd061,R3.1-R3.4,False,Task 5415: [stitch] cmd/sleep: srd061 R3.1-R3.4,299683,1276,196453,103222,1.6976,14745,14745,0,14100,14105,5,92,1,5,0
f5a7e60232b80516df0c926eabed7a141d4d8f7d,2026-05-21T10:08:08-04:00,5416,stitch,cmd/sleep,cmd,srd061,R4.1-R4.4,False,Task 5416: [stitch] cmd/sleep: srd061 R4.1-R4.4,333334,2706,198616,134709,1.7777,14745,14745,0,14105,14105,0,116,2,14,14
54f29a1792a01c7c3ad1263a095aa5784458075a,2026-05-21T10:20:55-04:00,5418,stitch,cmd/expr,cmd,srd066,R1.1-R1.4,False,Task 5418: [stitch] cmd/expr: srd066 R1.1-R1.4,1074341,17790,235618,838697,2.7749,14745,15148,403,14105,14218,113,360,2,516,0
ab5a8f369837bfcfdea41e1ae534c25a0cbace32,2026-05-21T10:24:16-04:00,5419,stitch,cmd/factor,cmd,srd065,R1.1-R1.4,False,Task 5419: [stitch] cmd/factor: srd065 R1.1-R1.4,414434,3185,213688,200734,1.9504,15148,15268,120,14218,14278,60,171,2,180,0
0fb6342b378fe2195359e21887a07ecdd3102572,2026-05-21T10:28:04-04:00,5420,stitch,cmd/shuf,cmd,srd064,R1.1-R1.4,False,Task 5420: [stitch] cmd/shuf: srd064 R1.1-R1.4,542156,6318,220538,321602,2.1173,15268,15341,73,14278,14469,191,190,2,264,0
82c25eb8097463073ad95d5fd02155545e324b9e,2026-05-21T10:31:24-04:00,5421,stitch,cmd/timeout,cmd,srd063,R1.1-R1.4,False,Task 5421: [stitch] cmd/timeout: srd063 R1.1-R1.4,604126,5362,223055,381054,2.1006,15341,15474,133,14469,14561,92,165,2,225,0
5adb7ecf84dd27d2ca9eb8c92a97aa9ad301f2e1,2026-05-21T10:40:07-04:00,5423,stitch,cmd/touch,cmd,srd062,R1.1-R1.4,False,Task 5423: [stitch] cmd/touch: srd062 R1.1-R1.4,868305,6436,221325,646958,2.2798,15474,15595,121,14561,14682,121,205,2,242,0
0148822e7315a5a471baa3fb463543dd430609a3,2026-05-21T11:13:43-04:00,5424,stitch,cmd/timeout,cmd,srd063,R2.1-R2.4,False,Task 5424: [stitch] cmd/timeout: srd063 R2.1-R2.4,1075137,19860,228725,846387,2.8114,15595,15816,221,14682,14750,68,436,2,314,25
025345f77d56e406a623570d7b86fe53e84da999,2026-05-21T11:48:47-04:00,5425,stitch,cmd/shuf,cmd,srd064,R2.1-R2.4,False,Task 5425: [stitch] cmd/shuf: srd064 R2.1-R2.4,454899,10508,208320,246567,2.1052,15816,16051,235,14750,15087,337,211,2,579,7
804109ef3b4ee75c9af92aacc0c0ee53f82567a7,2026-05-21T11:52:23-04:00,5426,stitch,cmd/factor,cmd,srd065,R2.1-R2.4,False,Task 5426: [stitch] cmd/factor: srd065 R2.1-R2.4,769860,5445,208029,561809,2.1032,16051,16051,0,15087,15127,40,185,2,41,1
96ad7d487a57f8d6595c2677261bd9588d724c95,2026-05-21T13:56:57-04:00,5429,stitch,cmd/shuf,cmd,srd064,R3.1-R3.4,False,Task 5429: [stitch] cmd/shuf: srd064 R3.1-R3.4,508986,14364,220994,287980,2.301,16051,16160,109,15127,15446,319,254,2,464,36
14dd123b30296cabcbc06087599ae1326abd6db2,2026-05-21T14:16:01-04:00,5430,stitch,cmd/timeout,cmd,srd063,R3.1-R3.4,False,Task 5430: [stitch] cmd/timeout: srd063 R3.1-R3.4,5528573,50047,278460,5250032,6.0241,16160,16166,6,15446,15465,19,1107,2,25,0
a974cfb0b32b50f402abd95fa832cc050d0c0ba9,2026-05-21T14:23:11-04:00,5431,stitch,cmd/touch,cmd,srd062,R2.1-R2.4,False,Task 5431: [stitch] cmd/touch: srd062 R2.1-R2.4,591447,22518,226066,365367,2.582,16166,16295,129,15465,15660,195,405,2,357,33
f293d5215726a4545e5695e224c11d5cf9ec8440,2026-05-21T14:30:38-04:00,5433,stitch,cmd/expr,cmd,srd066,R2.1-R2.4,False,Task 5433: [stitch] cmd/expr: srd066 R2.1-R2.4,440157,5457,214713,225433,1.9877,16295,16295,0,15660,15704,44,185,2,67,23
b246add1747c0b38bf0ea073c4de0f3110411343,2026-05-21T14:33:11-04:00,5434,stitch,cmd/factor,cmd,srd065,R3.1-R3.4,False,Task 5434: [stitch] cmd/factor: srd065 R3.1-R3.4,333650,2018,201984,131657,1.8064,16295,16295,0,15704,15716,12,127,2,13,1
ada54482e64ad628d4ed96887d3b6c11e7670f90,2026-05-21T14:38:52-04:00,5435,stitch,cmd/shuf,cmd,srd064,R4.1-R4.4,False,Task 5435: [stitch] cmd/shuf: srd064 R4.1-R4.4,1545583,14318,244805,1300750,2.967,16295,16295,0,15716,15834,118,318,1,118,0
9c3a64ae5af58c0972c780646d716a7b6c1a30cf,2026-05-21T14:41:39-04:00,5436,stitch,cmd/timeout,cmd,srd063,R4.1-R4.4,False,Task 5436: [stitch] cmd/timeout: srd063 R4.1-R4.4,444305,2260,208013,236280,1.901,16295,16295,0,15834,15858,24,124,1,24,0
b1c635aed7cbc6733823a3af0d8495411d9e677a,2026-05-21T14:55:20-04:00,5438,stitch,cmd/touch,cmd,srd062,R3.1-R3.4,False,Task 5438: [stitch] cmd/touch: srd062 R3.1-R3.4,1879575,23972,241816,1637719,3.3385,16295,16410,115,15858,16038,180,574,2,334,39
a3c941a58f6cf822a8401e2d5c75746efbbe3ebb,2026-05-21T14:57:54-04:00,5439,stitch,cmd/touch,cmd,srd062,R4.1-R4.4,False,Task 5439: [stitch] cmd/touch: srd062 R4.1-R4.4,402875,2667,213843,189022,1.9236,16410,16410,0,16038,16050,12,123,2,13,1
7e387357ed97a3380e5f9a481fbe3be5c0f6b456,2026-05-21T15:02:13-04:00,5441,stitch,cmd/expr,cmd,srd066,R3.1-R3.4,False,Task 5441: [stitch] cmd/expr: srd066 R3.1-R3.4,357455,2176,209903,147543,1.8444,16410,16410,0,16050,16057,7,124,1,7,0
327bbd394c365a4e5772f8dd8add7d11aae2a5bd,2026-05-21T15:09:01-04:00,5443,stitch,cmd/expr,cmd,srd066,R4.1-R4.4,False,Task 5443: [stitch] cmd/expr: srd066 R4.1-R4.4,740910,6337,214180,526711,2.1607,16410,16417,7,16057,16101,44,201,2,52,1
7b1e55a5c73b59071e853101c718cd6c4de71401,2026-05-21T15:18:02-04:00,5444,stitch,cmd/split,cmd,srd067,R1.1-R1.4,False,Task 5444: [stitch] cmd/split: srd067 R1.1-R1.4,664240,29393,253318,410908,2.9551,16417,16646,229,16101,16190,89,517,2,318,0
a0bd36f7c6b800440a726a6c7099ef1354bf2966,2026-05-21T15:33:19-04:00,5445,stitch,cmd/split,cmd,srd067,R2.1-R2.4,False,Task 5445: [stitch] cmd/split: srd067 R2.1-R2.4,1511263,54260,329989,1181250,4.4265,16646,16957,311,16190,16313,123,893,2,460,26
c73c5899b3051f16b75e3f8b6c7c984cfc086c80,2026-05-21T15:38:36-04:00,5446,stitch,cmd/split,cmd,srd067,R3.1-R3.4,False,Task 5446: [stitch] cmd/split: srd067 R3.1-R3.4,1558856,12837,234081,1324738,2.8804,16957,17110,153,16313,16422,109,293,2,309,47
54bea061d1a1006ebb72b89c8ce95a296c8c3737,2026-05-21T15:46:01-04:00,5448,stitch,cmd/split,cmd,srd067,R4.1-R4.4,False,Task 5448: [stitch] cmd/split: srd067 R4.1-R4.4,715056,4309,214200,500837,2.1146,17110,17110,0,16422,16475,53,144,1,53,0
5973daa1fe4e45b93196a95ec59c9a280a8518ec,2026-05-21T16:01:51-04:00,5449,stitch,cmd/csplit,cmd,srd068,R1.1-R1.4,False,Task 5449: [stitch] cmd/csplit: srd068 R1.1-R1.4,1488146,49353,271166,1216957,4.0031,17110,17327,217,16475,16641,166,927,2,383,0
190143cb52f892578f9eca2dc3c26fc361c11b7c,2026-05-21T16:13:07-04:00,5450,stitch,cmd/csplit,cmd,srd068,R2.1-R2.4,False,Task 5450: [stitch] cmd/csplit: srd068 R2.1-R2.4,2234887,29207,242623,1992215,3.6378,17327,17474,147,16641,16718,77,650,5,252,19
0f94150d916522f70a1a1f8d8093a0ca846bfb75,2026-05-21T16:19:00-04:00,5451,stitch,cmd/csplit,cmd,srd068,R3.1-R3.4,False,Task 5451: [stitch] cmd/csplit: srd068 R3.1-R3.4,845856,15396,222011,623826,2.4728,17474,17555,81,16718,16792,74,324,3,181,22
a680062eb1b271678c1573b34a7637a1212984c8,2026-05-21T16:29:40-04:00,5453,stitch,cmd/csplit,cmd,srd068,R4.1-R4.4,False,Task 5453: [stitch] cmd/csplit: srd068 R4.1-R4.4,519863,11847,220388,299463,2.2487,17555,17555,0,16792,16812,20,327,1,20,0
4dda5dcfe8913045b85ff6e37c8e41d26022ceaf,2026-05-22T10:31:23-04:00,5455,stitch,cmd/join,cmd,,,True,Task 5455: [stitch] cmd/join (contract),505254,4594,224180,281060,2.1508,17555,17798,243,16812,16835,23,183,2,266,0
df19bc41734447d2c303adfa5d12ee1793186c77,2026-05-22T10:39:36-04:00,5458,stitch,cmd/fmt,cmd,,,True,Task 5458: [stitch] cmd/fmt (contract),336039,3777,204976,131054,1.8323,17798,18087,289,16835,16835,0,121,1,289,0
29538128dcf9fb3150060f0594b22613fae901a2,2026-05-22T10:49:25-04:00,5459,stitch,cmd/join,cmd,srd069,R2.1-R2.4,False,Task 5459: [stitch] cmd/join: srd069 R2.1-R2.4,778373,28761,238924,539433,2.9063,18087,18237,150,16835,16920,85,555,2,237,2
ae79718566112ecd78fa8401c98bb992e6ca93ec,2026-05-22T10:53:42-04:00,5460,stitch,cmd/join,cmd,srd069,R3.1-R3.4,False,Task 5460: [stitch] cmd/join: srd069 R3.1-R3.4,717112,7656,219338,497755,2.2122,18237,18344,107,16920,16984,64,231,2,176,5
f29a6a6740f6989fb71460735869610760f1a31a,2026-05-22T11:10:58-04:00,5461,stitch,cmd/join,cmd,srd069,R4.1-R4.4,False,Task 5461: [stitch] cmd/join: srd069 R4.1-R4.4,1771260,55335,270786,1500448,4.3452,18344,18431,87,16984,17013,29,1013,2,124,8
2c4b465aa07f1dbbb7188720cab163eaafb07e60,2026-05-22T17:17:22-04:00,5463,stitch,cmd/fmt,cmd,srd070,R2.1-R5.1,False,Task 5463: [stitch] cmd/fmt: srd070 R2.1-R5.1,1935408,54817,289079,1646302,4.4345,18431,18600,169,17013,17215,202,1109,2,418,47
8d69a7c188a961cf504de6672cb9d39fe2b20543,2026-05-22T17:25:28-04:00,5464,stitch,cmd/fmt,cmd,srd070,R6.1-R9.1,False,Task 5464: [stitch] cmd/fmt: srd070 R6.1-R9.1,1076425,17800,236760,839642,2.7629,18600,18600,0,17215,17300,85,460,1,85,0
51ed637b0bb932623ac74c124b102a53b6caeec9,2026-05-22T18:10:47-04:00,5468,stitch,cmd/fmt,cmd,srd070,"R10.1, R11.1, R12.1",False,"Task 5468: [stitch] cmd/fmt: srd070 R10.1, R11.1, R12.1",2348123,32515,257450,2090632,3.9035,18600,18651,51,17300,17336,36,803,2,99,12
769703091fae8b9d934a96004c75b3c21bfe01e1,2026-05-22T18:15:25-04:00,5469,stitch,cmd/fmt,cmd,srd070,R13.1-R13.4,False,Task 5469: [stitch] cmd/fmt: srd070 R13.1-R13.4,659097,6772,225167,433915,2.2094,18651,18651,0,17336,17354,18,250,1,18,0
6f51f4a741b67262d29173ce005b50e3deb911e1,2026-05-22T18:27:53-04:00,5470,stitch,cmd/numfmt,cmd,srd071,R1.1-R1.4,False,Task 5470: [stitch] cmd/numfmt: srd071 R1.1-R1.4,2579514,33335,269509,2309951,4.1318,18651,18928,277,17354,17530,176,720,2,453,0
bea48cae23a4cd3aab52e8a9a6385d8a458b3c03,2026-05-22T18:44:52-04:00,5471,stitch,cmd/numfmt,cmd,srd071,R2.1-R2.4,False,Task 5471: [stitch] cmd/numfmt: srd071 R2.1-R2.4,668837,61144,268639,400188,3.7948,18928,19055,127,17530,17595,65,993,2,225,33
b0bc2039abdc872960fc2fa8f53b336dc9f09a3d,2026-05-22T19:01:55-04:00,5473,stitch,cmd/numfmt,cmd,srd071,R3.1-R3.4,False,Task 5473: [stitch] cmd/numfmt: srd071 R3.1-R3.4,1235711,37916,249516,986175,3.401,19055,19232,177,17595,17670,75,665,2,264,12
9e7d3bedc11b7863e07f8d6c0670394e05193eb8,2026-05-22T19:09:25-04:00,5474,stitch,cmd/numfmt,cmd,srd071,R4.1-R4.4,False,Task 5474: [stitch] cmd/numfmt: srd071 R4.1-R4.4,1645154,18766,236670,1408449,3.0647,19232,19276,44,17670,17733,63,424,2,116,9
3f8bfcd29cf09c58170fe277995775b3fe33e7c6,2026-05-22T19:31:25-04:00,5475,stitch,cmd/od,cmd,srd072,R1.1-R1.4,False,Task 5475: [stitch] cmd/od: srd072 R1.1-R1.4,4527913,63927,296718,4231133,6.1326,19276,19933,657,17733,17841,108,1299,3,765,0
8e012218e520baeb984bf68ad73459c1144459ea,2026-05-22T19:35:44-04:00,5476,stitch,cmd/od,cmd,srd072,R2.1-R2.4,False,Task 5476: [stitch] cmd/od: srd072 R2.1-R2.4,1562897,6977,232713,1330149,2.7219,19933,19935,2,17841,17878,37,238,3,49,6
c45e1d7a692011dbcbc077feb4ffc3ad09f05a70,2026-05-22T19:42:34-04:00,5478,stitch,cmd/od,cmd,srd072,R3.1-R3.4,False,Task 5478: [stitch] cmd/od: srd072 R3.1-R3.4,773973,4751,224096,549858,2.2211,19935,19929,-6,17878,17936,58,170,2,60,8
a980482f01e8d90976ccbba4f397b79e71839f2d,2026-05-22T19:45:29-04:00,5479,stitch,cmd/od,cmd,srd072,R4.1-R4.4,False,Task 5479: [stitch] cmd/od: srd072 R4.1-R4.4,422539,2173,221437,201092,1.9711,19929,19929,0,17936,17948,12,153,1,12,0
c28c36940004aef5d7b3d6e67c582f2068bb1c18,2026-05-22T20:00:46-04:00,5480,stitch,cmd/printf,cmd,srd073,R1.1-R1.4,False,Task 5480: [stitch] cmd/printf: srd073 R1.1-R1.4,1230983,45240,262350,968613,3.6849,19929,20330,401,17948,18041,93,896,2,494,0
6bac09b579db9a20cbab43f3581e3de9cf813f57,2026-05-22T20:03:56-04:00,5481,stitch,cmd/printf,cmd,srd073,R2.1-R2.4,False,Task 5481: [stitch] cmd/printf: srd073 R2.1-R2.4,479242,4953,221082,258148,2.0405,20330,20333,3,18041,18081,40,164,2,45,2
c3c3a902a5b7ee4a08eb45e427b301ec42208d55,2026-05-22T20:10:58-04:00,5483,stitch,cmd/printf,cmd,srd073,R3.1-R3.4,False,Task 5483: [stitch] cmd/printf: srd073 R3.1-R3.4,369892,2904,214831,155052,1.9157,20333,20333,0,18081,18121,40,121,2,41,1
d85e36e013c26548c7caa13f3d1fda233c0cfbcb,2026-05-22T20:20:01-04:00,5484,stitch,cmd/printf,cmd,srd073,R4.1-R4.4,False,Task 5484: [stitch] cmd/printf: srd073 R4.1-R4.4,825113,21504,240189,584907,2.8106,20333,20343,10,18121,18145,24,519,3,48,10
2f464bda40b18d5bb019d96b50c118789fd09d73,2026-05-22T20:22:54-04:00,5485,stitch,cmd/sha224sum,cmd,srd074,R1.1-R1.4,False,Task 5485: [stitch] cmd/sha224sum: srd074 R1.1-R1.4,393407,6208,215335,178062,1.9817,20343,20514,171,18145,18460,315,148,2,486,0
e733c28bc29525a8b73337cab24bd00d8924b13a,2026-05-22T21:06:04-04:00,5490,stitch,cmd/sha384sum,cmd,srd075,"R1.1, R1.2, R1.3, R1.4",False,"Task 5490: [stitch] cmd/sha384sum: implement srd075 R1.1, R1.2, R1.3, R1.4",335508,2018,207396,128103,1.8,20514,20631,117,18460,18460,0,104,1,117,0
59b959dbcef92b280aca67728f9d88a13636ee19,2026-05-22T21:24:48-04:00,5493,stitch,cmd/b2sum,cmd,srd076,"R1.1, R1.2, R1.3, R1.4",False,"Task 5493: [stitch] cmd/b2sum implementation -- srd076 R1.1, R1.2, R1.3, R1.4",549826,3332,207382,342426,1.9922,20631,20755,124,18460,18460,0,174,3,131,3
515b57588ddf85026d0ce05ed09ce64223abfd47,2026-05-22T21:30:02-04:00,5495,stitch,cmd/b2sum,cmd,srd076,"R2.1, R2.2, R2.3, R3.1",False,"Task 5495: [stitch] cmd/b2sum implementation -- srd076 R2.1, R2.2, R2.3, R3.1",631564,7538,217331,414216,2.212,20755,20803,48,18460,18460,0,241,1,56,8
d6e908b3aa969639a244beb959fd8ad29c4ecd1c,2026-05-22T21:44:02-04:00,5498,stitch,cmd/b2sum,cmd,srd076,"R3.2, R3.3, R4.1, R4.2",False,"Task 5498: [stitch] cmd/b2sum implementation -- srd076 R3.2, R3.3, R4.1, R4.2",1273700,16738,234983,1038689,2.857,20803,20811,8,18460,18804,344,418,2,359,7
818388196d5aa3dcadb49b5f5957a59502a858df,2026-05-22T21:47:22-04:00,5499,stitch,cmd/b2sum,cmd,srd076,R4.3,False,Task 5499: [stitch] cmd/b2sum implementation -- srd076 R4.3,349705,4971,213466,136230,1.9379,20811,20811,0,18804,18812,8,174,1,11,3
a4a223b60346022f323584d6d4fcb35dda912fb3,2026-05-22T21:52:51-04:00,5500,stitch,cmd/cksum,cmd,srd077,"R1.1, R1.2, R1.3, R1.4",False,"Task 5500: [stitch] cmd/cksum implementation -- srd077 R1.1, R1.2, R1.3, R1.4",739898,14004,230997,508884,2.4413,20811,20914,103,18812,18949,137,306,2,240,0
837404fb84c83f4c1dacebecf2e3d637d5c6cb93,2026-05-22T21:56:02-04:00,5501,stitch,cmd/sha384sum,cmd,srd075,"R3.2, R4.1, R4.2, R4.3",False,"Task 5501: [stitch] cmd/sha384sum implementation -- srd075 R3.2, R4.1, R4.2, R4.3",486135,5634,218658,267464,2.0574,20914,20914,0,18949,19264,315,172,1,315,0
0f6fb074706a21a9039f9c67a054505c1ffa251f,2026-05-22T22:19:45-04:00,5502,stitch,,other,,,False,Task 5502: [stitch] generation-run44 #5502,3226272,45031,321852,2904375,4.9761,20914,21166,252,19264,19361,97,1021,3,354,5
582cde9c7aa432d68aa6259b667c3e0a9776a8a5,2026-05-22T22:23:51-04:00,5504,stitch,cmd/cksum,cmd,srd077,"R3.2, R3.3",False,"Task 5504: [stitch] cmd/cksum implementation -- srd077 R3.2, R3.3",318516,1200,210881,107627,1.7939,21166,21166,0,19361,19368,7,94,1,7,0
577d37604faa29e0ad8964c6653bfe16b57546dd,2026-05-22T22:29:16-04:00,5505,stitch,cmd/sum,cmd,srd078,"R1.1, R1.2, R1.3, R1.4",False,"Task 5505: [stitch] cmd/sum implementation -- srd078 R1.1, R1.2, R1.3, R1.4",493493,12805,239462,254019,2.1733,21166,21233,67,19368,19502,134,307,2,201,0
042ac4cd4e1062c5cae059cf796387d23357f8fa,2026-05-22T22:34:30-04:00,5506,stitch,cmd/sum,cmd,srd078,"R2.1, R2.2, R3.1, R3.2",False,"Task 5506: [stitch] cmd/sum implementation -- srd078 R2.1, R2.2, R3.1, R3.2",418301,14179,221250,197041,2.2201,21233,21279,46,19502,19549,47,291,2,100,7
39a243540163dec0ddd8d2032f0ca8d0cb709290,2026-05-23T07:31:13-04:00,5512,stitch,,other,,,False,Task 5512: [stitch] generation-run44 #5512,3011008,14592,264771,2746172,3.5808,21279,21451,172,19549,19775,226,402,3,399,1
3ff0dfbcdf68d6e12cd8afe0fae67df148039d7d,2026-05-23T07:48:16-04:00,5518,stitch,cmd/base64,cmd,srd080,R1.1-R1.4,False,Task 5518: [stitch] Implement cmd/base64 encoding mode (srd080-base64 R1.1-R1.4),530439,4685,231963,298461,1.9587,21451,21595,144,19775,19775,0,181,1,144,0
ff2f5ac3937bfc4ecc5078e90d34f0b0bfb1e4a7,2026-05-23T07:50:47-04:00,5519,stitch,cmd/base64,cmd,srd080,R2.1-R2.4,False,Task 5519: [stitch] Add decode mode to cmd/base64 (srd080-base64 R2.1-R2.4),507170,4174,216086,291070,2.004,21595,21619,24,19775,19775,0,129,1,35,11
b8f29b04a119e5bf01936e01fd9fa4ae74cb34f4,2026-05-23T07:53:15-04:00,5520,stitch,cmd/base64,cmd,srd080,R3.1-R3.3,False,Task 5520: [stitch] Error handling and multi-file support for cmd/base64 (srd080-base64 R3.1-R3.3),423846,3116,213139,210695,1.9122,21619,21643,24,19775,19775,0,128,1,39,15
9fd5319e569ff4e2501db060ce0c56d3a637a3a1,2026-05-23T08:01:11-04:00,5521,stitch,cmd/basenc,cmd,srd081,R1.1-R1.4,False,Task 5521: [stitch] Implement cmd/basenc encoding mode (srd081-basenc R1.1-R1.4),925813,23670,253414,672379,2.706,21643,21921,278,19775,19775,0,455,1,278,0
d0a3c449ec91195637c15b0ba21e412eaaf72e67,2026-05-23T08:14:14-04:00,5523,stitch,cmd/basenc,cmd,srd081,R2.1-R2.4,False,Task 5523: [stitch] Implement cmd/basenc decoding mode (srd081-basenc R2.1-R2.4),476032,21580,236655,239366,2.596,21921,21921,0,19775,19899,124,436,1,124,0
e59ced7fd9884ddbc7b18fb2c962f2376d96d708,2026-05-23T08:21:07-04:00,5524,stitch,cmd/basenc,cmd,srd081,R3.1-R3.4,False,Task 5524: [stitch] Implement cmd/basenc error handling and multi-file support (srd081-basenc R3.1-R3.4),1167778,12463,239220,928409,2.7801,21921,21932,11,19899,19906,7,387,2,20,2
b2866e790b511eea10ffbe031a0cf8d64928bc80,2026-05-23T08:24:36-04:00,5525,stitch,cmd/link,cmd,srd084,R1.1-R1.4,False,Task 5525: [stitch] Implement cmd/link core functionality (srd084-link R1.1-R1.4),384074,6046,216538,167526,2.0084,21932,22004,72,19906,20107,201,189,2,273,0
6f24947471961d604fc478c7d1d05d1ef1cfe6c6,2026-05-23T08:47:29-04:00,5530,stitch,cmd/sync,cmd,srd085,"R1.1, R1.2, R1.3, R1.4",False,"Task 5530: [stitch] Implement cmd/sync core (srd085 R1.1, R1.2, R1.3, R1.4)",1729926,18510,240226,1489657,3.1931,22004,22134,130,20107,20217,110,488,2,240,0
22042bba49e1df197360e664c91cb6dba9b82cd4,2026-05-23T08:50:21-04:00,5531,stitch,cmd/sync,cmd,srd085,"R2.1, R2.2, R2.3",False,"Task 5531: [stitch] Implement cmd/sync error handling and flags (srd085 R2.1, R2.2, R2.3)",422886,2694,214488,208386,1.9762,22134,22155,21,20217,20217,0,149,1,21,0
b58f634f045b95a75b469749844451ec93caef8d,2026-05-23T09:13:14-04:00,5532,stitch,,other,,,False,Task 5532: [stitch] generation-run44 #5532,5012359,49311,301731,4708321,5.697,22155,22966,811,20217,20412,195,1032,2,1006,0
71ed17bc69e31fe92e80f86d75f3f9dbe2f67854,2026-05-23T09:21:33-04:00,5533,stitch,cmd/stat,cmd,srd082,,True,Task 5533: [stitch] cmd/stat (contract) (srd082),859428,24042,245062,614346,2.8521,22966,23009,43,20412,20412,0,481,4,630,587
0ef1d3c7fd927fdb2d9a3aa777d3e6fe4b091ce5,2026-05-23T11:25:44-04:00,5535,stitch,cmd/stat,cmd,srd082,"R3.1, R4.1, R4.2, R5.1",False,"Task 5535: [stitch] Implement cmd/stat format directives and filesystem (srd082 R3.1, R4.1, R4.2, R5.1)",489465,2422,223758,265695,2.0765,23009,23009,0,20412,20412,0,175,1,5,5
37cce8f89112a540b4e36af9f1d727417b24af03,2026-05-23T11:33:10-04:00,5536,stitch,cmd/stat,cmd,srd082,"R6.1, R7.1, R7.2, R7.3",False,"Task 5536: [stitch] Implement cmd/stat terse output and error handling (srd082 R6.1, R7.1, R7.2, R7.3)",1210194,13532,238619,971549,2.7529,23009,23009,0,20412,20412,0,425,1,3,3
13705b13b0605f153bd6246b2a5983a5462fb405,2026-05-23T11:52:02-04:00,5537,stitch,,other,,,False,Task 5537: [stitch] generation-run44 #5537,3726580,29759,287316,3439198,4.485,23009,23372,363,20412,20777,365,693,2,728,0
1f75fb66c79302a8226b9de1dcbed4d1842db578,2026-05-23T12:18:20-04:00,5541,stitch,cmd/truncate,cmd,srd083,"R1.1, R1.2, R1.3, R1.4, R2.1, R2.2, R3.1, R3.2, R3.3",False,"Task 5541: [stitch] Implement cmd/truncate differential tests (srd083 R1.1, R1.2, R1.3, R1.4, R2.1, R2.2, R3.1, R3.2, R3.3)",868063,31340,291071,576978,3.2155,23372,23372,0,20777,20671,-106,1216,1,197,303
7c4f3d4be6c746d0835e16a5ef185356a444e2d2,2026-05-23T12:53:06-04:00,5545,stitch,cmd/truncate,cmd,srd083,"R3.1, R3.2, R3.3",False,"Task 5545: [stitch] Implement cmd/truncate error handling and options (srd083 R3.1, R3.2, R3.3)",615050,4068,226400,388634,2.1154,23372,23372,0,20671,20671,0,196,1,6,3
fc250b24b2d4b36c82eb6a2cc3fbc1510f006e4a,2026-05-23T13:09:23-04:00,5547,stitch,cmd/chmod,cmd,srd089,"R1.1, R1.2, R1.3, R1.4",False,"Task 5547: [stitch] Implement cmd/chmod core mode parsing and application (srd089 R1.1, R1.2, R1.3, R1.4)",2127916,15372,293333,1834528,3.3916,23372,23677,305,20671,20671,0,410,1,305,0
6c4d61a7e62e5916d2dd58462cc6d3814d20ebdc,2026-05-23T13:13:16-04:00,5548,stitch,cmd/chmod,cmd,srd089,"R2.1, R2.2, R2.3, R2.4",False,"Task 5548: [stitch] Implement cmd/chmod verbose, silent, and recursive options (srd089 R2.1, R2.2, R2.3, R2.4)",587715,7785,221751,365948,2.158,23677,23845,168,20671,20671,0,213,1,185,17
16071ae5828a41902af87d1cea37e4dab4a79154,2026-05-23T13:17:31-04:00,5549,stitch,cmd/chmod,cmd,srd089,"R3.1, R3.2",False,"Task 5549: [stitch] Implement cmd/chmod root protection and reference mode (srd089 R3.1, R3.2)",994146,8907,234010,760110,2.484,23845,23900,55,20671,20671,0,231,2,223,168
6f0b49fbdbce1515dc0169b379e4e380edbe881f,2026-05-23T13:21:57-04:00,5550,stitch,cmd/chmod,cmd,srd089,"R4.1, R4.2, R4.3",False,"Task 5550: [stitch] Implement cmd/chmod error handling and exit codes (srd089 R4.1, R4.2, R4.3)",384135,8857,224368,159758,2.1127,23900,23913,13,20671,20671,0,244,1,13,0
517f82fe94b7f0249824d74fe65ac8ff49685d0b,2026-05-23T13:36:40-04:00,5552,stitch,cmd/chgrp,cmd,srd090,"R1.1, R1.2, R1.3, R1.4",False,"Task 5552: [stitch] Implement cmd/chgrp core group-change and argument parsing (srd090 R1.1, R1.2, R1.3, R1.4)",2348878,15732,246582,2102243,3.4103,23913,24135,222,20671,20994,323,481,2,545,0
3fc17e2326e8223c2668f273d401159d3cfb44c6,2026-05-23T13:51:23-04:00,5553,stitch,cmd/chgrp,cmd,srd090,"R2.1, R2.2, R2.3",False,"Task 5553: [stitch] Implement cmd/chgrp recursive traversal and symlink options (srd090 R2.1, R2.2, R2.3)",1134895,40796,266043,868833,3.6882,24135,24237,102,20994,21113,119,860,2,227,6
5ab8a97cb4c8f622b7d884d2025d37ffce872c3b,2026-05-23T21:27:47-04:00,5554,stitch,cmd/chgrp,cmd,srd090,"R3.1, R3.2, R3.3",False,"Task 5554: [stitch] Implement cmd/chgrp error handling and verbose output (srd090 R3.1, R3.2, R3.3)",4762366,41664,282724,4479570,5.5943,24237,24291,54,21113,21264,151,931,3,226,18
d1327d9af7c6a0bb27f6ef9e37b4dec194375e51,2026-05-23T21:46:12-04:00,5555,stitch,cmd/chown,cmd,srd091,"R1.1, R1.2, R1.3, R1.4",False,"Task 5555: [stitch] Implement cmd/chown core ownership-change and argument parsing (srd091 R1.1, R1.2, R1.3, R1.4)",1634110,55856,287584,1346502,4.3062,24291,24552,261,21264,21608,344,1082,2,605,0
1983b3a8badc27958655848f8d578ec5d761d199,2026-05-23T21:54:34-04:00,5557,stitch,cmd/chown,cmd,srd091,"R2.1, R2.2, R2.3",False,"Task 5557: [stitch] Implement cmd/chown recursive traversal and symlink handling (srd091 R2.1, R2.2, R2.3)",956615,6693,235222,721370,2.4275,24552,24659,107,21608,21674,66,215,3,187,11
800070d1890e4352e7f283d1e91c386f1480927a,2026-05-23T22:04:21-04:00,5558,stitch,cmd/chown,cmd,srd091,"R3.1, R3.2, R3.3",False,"Task 5558: [stitch] Implement cmd/chown error handling and verbose output (srd091 R3.1, R3.2, R3.3)",1137671,25586,263578,874072,3.3565,24659,24752,93,21674,21863,189,564,3,296,11
8a52d2b3bc5e34c0aa13c16a62b3bcfa60121a84,2026-05-23T22:20:33-04:00,5559,stitch,cmd/mkfifo,cmd,srd092,"R1.1, R1.2, R1.3, R1.4",False,"Task 5559: [stitch] Implement cmd/mkfifo core FIFO creation and mode setting (srd092 R1.1, R1.2, R1.3, R1.4)",1327059,46471,277565,1049473,3.9181,24752,25074,322,21863,22144,281,949,2,603,0
2be5c9e1873b8d5d0a64b8a19029f150d3a7e8eb,2026-05-23T22:25:09-04:00,5560,stitch,cmd/mkfifo,cmd,srd092,"R2.1, R2.2, R2.3",False,"Task 5560: [stitch] Implement cmd/mkfifo error handling and differential tests (srd092 R2.1, R2.2, R2.3)",806233,7626,230839,575374,2.3391,25074,25074,0,22144,22195,51,253,1,51,0
9db43c1b53c1bd31a83cb1b136ff8d3eab13a1de,2026-05-23T22:40:54-04:00,5561,stitch,,other,,,False,Task 5561: [stitch] generation-run44 #5561,3454660,33541,287523,3167080,4.4051,25074,25657,583,22195,22759,564,681,4,1147,0
a0a8813b37bb7c36dcabe912dfc457f7428351aa,2026-05-23T22:51:06-04:00,5562,stitch,cmd/mknod,cmd,srd093,"R1.1, R1.2, R1.3",False,"Task 5562: [stitch] Implement cmd/mknod core special file creation and mode setting (srd093 R1.1, R1.2, R1.3)",773204,28231,292378,480811,3.164,25657,25657,0,22759,22759,0,595,1,2,2
e5b37776464ea71ea0939c30857ba9acdcdb7319,2026-05-23T23:00:13-04:00,5563,stitch,cmd/mknod,cmd,srd093,"R2.1, R2.2, R2.3",False,"Task 5563: [stitch] Implement cmd/mknod error handling and differential tests (srd093 R2.1, R2.2, R2.3)",1206565,23794,251934,954608,3.0855,25657,25655,-2,22759,22806,47,528,2,47,2
b5ca7b4eddb8be71e6db6935c648c6a01333b8d8,2026-05-23T23:04:31-04:00,5565,stitch,cmd/nice,cmd,srd094,"R2.1, R2.2, R2.3",False,"Task 5565: [stitch] Implement cmd/nice error handling and differential tests (srd094 R2.1, R2.2, R2.3)",504950,2089,225345,279592,1.9916,25655,25655,0,22806,22806,0,114,1,3,3
a9096479cc4f61c2c92bd253ada3560e183bfcc8,2026-05-23T23:12:14-04:00,5567,stitch,cmd/nohup,cmd,srd095,"R1.1, R1.2, R1.3, R1.4",False,"Task 5567: [stitch] Implement cmd/nohup core functionality (srd095 R1.1, R1.2, R1.3, R1.4)",420922,3244,217884,203026,1.9284,25655,25745,90,22806,22806,0,115,1,90,0
fd5ef2e49a19031edfc21649fc4c2154ebbcb958,2026-05-23T23:23:03-04:00,5568,stitch,cmd/nohup,cmd,srd095,"R2.1, R2.2, R2.3",False,"Task 5568: [stitch] Implement cmd/nohup error handling and differential tests (srd095 R2.1, R2.2, R2.3)",707808,27441,250370,457423,2.9419,25745,25760,15,22806,22937,131,630,2,148,2
b581be4fb2949937e79507006433ccda516863ee,2026-05-23T23:28:49-04:00,5569,stitch,cmd/users,cmd,srd096,"R1.1, R1.2, R1.3",False,"Task 5569: [stitch] Implement cmd/users core functionality (srd096 R1.1, R1.2, R1.3)",606212,12895,245665,360532,2.2853,25760,25868,108,22937,22937,0,324,1,108,0
28f00e766a26361c534eea3720be090b82381709,2026-05-23T23:31:45-04:00,5570,stitch,cmd/users,cmd,srd096,"R2.1, R2.2, R2.3",False,"Task 5570: [stitch] Implement cmd/users error handling and differential tests (srd096 R2.1, R2.2, R2.3)",319236,1486,220007,99221,1.9175,25868,25868,0,22937,22974,37,154,1,37,0
e0b6334d8aa8a835571a7096b5c295753aa8995b,2026-05-24T00:00:30-04:00,5572,stitch,cmd/pinky,cmd,srd098,"R1.1, R1.2, R1.3",False,"Task 5572: [stitch] Implement cmd/pinky core functionality (srd098 R1.1, R1.2, R1.3)",1097001,24084,260046,836933,3.5245,25868,26053,185,22974,22974,0,1445,1,185,0
a15a793b28ce57ae7218c60fcd98d37b99b73fef,2026-05-24T00:15:57-04:00,5573,stitch,cmd/pinky,cmd,srd098,"R2.1, R2.2, R2.3",False,"Task 5573: [stitch] Implement cmd/pinky output formatting and flags (srd098 R2.1, R2.2, R2.3)",1578048,46188,265218,1312804,3.8945,26053,26167,114,22974,22974,0,907,1,122,8
be202b3ee0cad629b13285d4c224294295786f3a,2026-05-24T00:21:46-04:00,5574,stitch,cmd/pinky,cmd,srd098,"R3.1, R3.2, R3.3",False,"Task 5574: [stitch] Implement cmd/pinky error handling and differential tests (srd098 R3.1, R3.2, R3.3)",717658,10180,237731,479909,2.5047,26167,26167,0,22974,23023,49,326,2,53,4
74a892926df14495013d53b84490f61ff9239959,2026-05-24T00:28:11-04:00,5575,stitch,cmd/who,cmd,srd097,"R1.1, R1.2, R1.3, R1.4",False,"Task 5575: [stitch] Implement cmd/who core functionality (srd097 R1.1, R1.2, R1.3, R1.4)",537555,16245,236162,301380,2.4313,26167,26338,171,23023,23023,0,362,1,171,0
8115f801653e65b67f214c5a76cd15ef3cf03ce6,2026-05-27T10:28:06-04:00,5582,stitch,cmd/who,cmd,srd097,"R2.1, R2.2, R2.3, R2.4",False,"Task 5582: [stitch] cmd/who implementation -- srd097-who R2.1, R2.2, R2.3, R2.4",481898,18202,236290,245597,2.4693,26338,26478,140,23023,23023,0,325,1,147,7
bc5a8ac557fc0c028e17c01dd8a8d8de7646fe32,2026-05-27T10:29:44-04:00,5583,stitch,cmd/who,cmd,srd097,"R3.1, R3.2, R3.3",False,"Task 5583: [stitch] cmd/who implementation -- srd097-who R3.1, R3.2, R3.3",291208,919,216687,74514,1.8042,26478,26478,0,23023,23023,0,69,1,1,1
d10fb6f7a8950d9abd6d6e30e93b6623c9d02242,2026-05-27T10:36:34-04:00,5584,stitch,cmd/who,cmd,srd097,,False,Task 5584: [stitch] cmd/who differential tests -- srd097-who,753646,20135,246443,507187,2.7139,26478,26482,4,23023,23072,49,383,2,60,7
b71de37decd201b902fe6153de0fa61fbdaad489,2026-05-27T10:40:18-04:00,5585,stitch,cmd/chroot,cmd,srd100,"R1.1, R1.2, R1.3",False,"Task 5585: [stitch] cmd/chroot implementation -- srd100-chroot R1.1, R1.2, R1.3",771127,6118,241435,529669,2.183,26482,26700,218,23072,23072,0,196,1,218,0
ae68b4a038b4034680278ca1eea820c044e99eb4,2026-05-27T10:49:10-04:00,5587,stitch,cmd/shred,cmd,srd099,,True,Task 5587: [stitch] cmd/shred (contract) -- srd099-shred,443305,3890,222522,220771,1.99,26700,26910,210,23072,23072,0,118,1,210,0
a80bc990f3d67f3903905523f7367c48a8c20634,2026-05-27T10:51:13-04:00,5588,stitch,cmd/chroot,cmd,srd100,"R2.1, R2.2, R2.3",False,"Task 5588: [stitch] cmd/chroot implementation -- srd100-chroot R2.1, R2.2, R2.3",290445,1026,216938,73500,1.837,26910,26910,0,23072,23072,0,94,1,1,1
6f5a3a37a6e91ffb30a7651950cc306dd62e1a79,2026-05-27T11:06:47-04:00,5592,stitch,cmd/install,cmd,srd101,"R1.1, R1.2, R1.3, R1.4",False,"Task 5592: [stitch] cmd/install srd101-install R1.1, R1.2, R1.3, R1.4 (implementation)",1131763,20068,244683,887053,2.9067,26910,27408,498,23072,23072,0,389,2,498,0
2fc8123dde82cb60b9afb0fb7e6d129f25758d84,2026-05-27T11:10:00-04:00,5593,stitch,cmd/install,cmd,srd101,"R2.1, R2.2, R2.3, R2.4",False,"Task 5593: [stitch] cmd/install srd101-install R2.1, R2.2, R2.3, R2.4 (implementation)",669779,5595,230532,439229,2.209,27408,27499,91,23072,23072,0,161,1,96,5
584bc643010fae532fc15914423ad613eea7e090,2026-05-27T11:12:50-04:00,5594,stitch,cmd/install,cmd,srd101,"R3.1, R3.2, R3.3",False,"Task 5594: [stitch] cmd/install srd101-install R3.1, R3.2, R3.3 (implementation)",688052,4048,230230,457803,2.1799,27499,27575,76,23072,23072,0,137,1,77,1
f419cc7f6ab5f8fed81021c1532ccc5536e5cf1b,2026-05-27T11:27:48-04:00,5596,measuring,,other,,,False,Task 5596: [measuring] generation-run44 task 0,1586228,23584,269239,1316954,3.1703,27575,27855,280,23072,23208,136,501,2,416,0
14457a4a992f2be000029931512cbe328419ea0a,2026-05-27T11:31:55-04:00,5597,stitch,cmd/tsort,cmd,srd102,R1.1-R2.3,False,Task 5597: [stitch] cmd/tsort: differential tests (srd102 R1.1-R2.3),488424,9740,236269,252143,2.2911,27855,27855,0,23208,23480,272,221,1,272,0
a76e5dadb2d20c219002f1188483e593c4831890,2026-05-27T11:43:48-04:00,5601,stitch,cmd/pathchk,cmd,srd103,"R2.1, R2.2, R2.3",False,"Task 5601: [stitch] cmd/pathchk: differential tests for srd103 R2.1, R2.2, R2.3",675625,6373,240598,435010,2.1036,27855,27855,0,23480,23509,29,197,1,29,0
6de52065b32d908bd61d3b8c489b34f9260f3706,2026-05-27T11:53:52-04:00,5602,stitch,cmd/test,cmd,srd104,"R1.1, R1.2, R2.1, R2.2",False,"Task 5602: [stitch] cmd/test: implement srd104 R1.1, R1.2, R2.1, R2.2",1183491,30659,261141,922327,3.2504,27855,28124,269,23509,23628,119,579,2,388,0
80bf741a913f37f41f08911d3b75934f0cda5db1,2026-05-27T11:56:10-04:00,5603,stitch,cmd/test,cmd,srd104,"R3.1, R3.2, R4.1, R4.2",False,"Task 5603: [stitch] cmd/test: implement srd104 R3.1, R3.2, R4.1, R4.2",406908,2437,222120,184777,1.9543,28124,28158,34,23628,23628,0,113,1,34,0
fc3c1512a3bd3018501a04bdb77e36f8019193f4,2026-05-27T15:25:09-04:00,5605,stitch,cmd/df,cmd,srd106,"R1.1, R1.2, R1.3, R1.4",False,"Task 5605: [stitch] cmd/df: implement srd106 R1.1, R1.2, R1.3, R1.4",2659564,64967,319654,2339872,5.1229,28158,28405,247,23628,23683,55,1353,2,302,0
7aa067e115c757c4ebf0d21d9ba5443b15caa3a8,2026-05-27T15:44:13-04:00,5606,stitch,cmd/dir,cmd,srd107,"R1.1, R1.2, R1.3, R1.4",False,"Task 5606: [stitch] cmd/dir: implement srd107 R1.1, R1.2, R1.3, R1.4",1911171,62917,310838,1600305,4.5696,28405,28663,258,23683,23762,79,1116,2,337,0
39887e3bc559bcc04884996762f7198225d9bce3,2026-05-27T16:00:26-04:00,5607,stitch,cmd/df,cmd,srd106,"R1.5, R2.1, R2.2, R2.3",False,"Task 5607: [stitch] cmd/df: implement srd106 R1.5, R2.1, R2.2, R2.3",1201903,55806,289653,912229,4.1497,28663,28755,92,23762,23776,14,952,2,133,27
188922ddffb1e7beca31312bd0837ed768ac4498,2026-05-27T16:24:58-04:00,5608,stitch,cmd/dir,cmd,srd107,"R1.5, R2.1, R2.2, R2.3",False,"Task 5608: [stitch] cmd/dir: implement srd107 R1.5, R2.1, R2.2, R2.3",1438567,39102,274238,1164304,3.8072,28755,28971,216,23776,23820,44,808,2,283,23
9ab675e1cba67ca5bca921341fb23bb43096fcd0,2026-05-27T16:36:40-04:00,5611,stitch,cmd/dir,cmd,srd107,R2.4,False,Task 5611: [stitch] cmd/dir: test srd107 R2.4,527572,4199,235200,292359,2.0845,28971,28971,0,23820,23836,16,213,1,16,0
bb68c3bd40dba1c65a1945302579192134628f48,2026-05-27T16:55:03-04:00,5612,stitch,cmd/vdir,cmd,srd108,"R1.1, R1.2, R1.3, R1.4",False,"Task 5612: [stitch] cmd/vdir: implement srd108 R1.1, R1.2, R1.3, R1.4",1178326,66770,291931,886378,4.3862,28971,29465,494,23836,23836,0,1081,1,494,0
73e08230e454a066d659b5de26f65357fa3b369a,2026-05-27T16:58:03-04:00,5613,stitch,cmd/vdir,cmd,srd108,"R1.5, R1.6, R2.1, R2.2",False,"Task 5613: [stitch] cmd/vdir: implement srd108 R1.5, R1.6, R2.1, R2.2",479715,4638,229912,249791,2.1415,29465,29465,0,23836,23836,0,158,1,2,2
bb9195225e6ea56fc83c40918858687fa1349e63,2026-05-27T17:17:02-04:00,5615,stitch,cmd/df,cmd,srd106,"R3.1, R3.2, R3.3, R3.4",False,"Task 5615: [stitch] cmd/df: implement srd106 R3.1, R3.2, R3.3, R3.4",995948,39426,268909,727019,3.4657,29465,29536,71,23836,23856,20,819,2,165,74
e303da68e59ace99a7594f781282f7239af05bff,2026-05-27T17:29:05-04:00,5616,stitch,cmd/df,cmd,srd106,"R3.5, R3.6, R3.7",False,"Task 5616: [stitch] cmd/df: implement srd106 R3.5, R3.6, R3.7",1390539,41049,272088,1118428,3.7551,29536,29757,221,23856,23905,49,699,2,294,24
79c777bb313bf7f3620a1ebaf7912d47266b317f,2026-05-27T17:32:04-04:00,5617,stitch,cmd/df,cmd,srd106,"R4.1, R4.2, R4.3",False,"Task 5617: [stitch] cmd/df: implement srd106 R4.1, R4.2, R4.3",730985,4548,235110,495855,2.2719,29757,29757,0,23905,23936,31,156,2,35,4
ad2cad52bb3f28cfec956c2561ec1e9203611ff8,2026-05-27T17:35:00-04:00,5618,stitch,cmd/vdir,cmd,srd108,"R2.3, R2.4",False,"Task 5618: [stitch] cmd/vdir: implement srd108 R2.3, R2.4",756580,3768,236548,520013,2.3019,29757,29757,0,23936,24004,68,150,1,68,0
94d0a63c78be91c0acfe6780bf5d925d2d899415,2026-05-27T17:48:16-04:00,5620,stitch,cmd/dircolors,cmd,srd109,"R1.1, R1.2, R1.3, R1.4",False,"Task 5620: [stitch] cmd/dircolors: implement srd109 R1.1, R1.2, R1.3, R1.4",2845644,19836,269676,2575915,3.6866,29757,30265,508,24004,24128,124,483,2,632,0
2af832b849eddbb21a703b3eb22f3c19d05e157e,2026-05-27T17:55:47-04:00,5621,stitch,cmd/dircolors,cmd,srd109,"R2.1, R2.2, R2.3, R2.4",False,"Task 5621: [stitch] cmd/dircolors: implement srd109 R2.1, R2.2, R2.3, R2.4",969673,17394,253812,715841,2.6229,30265,30269,4,24128,24190,62,425,2,66,0
fefa2a24c87d7df4271b90867010d5800268cebf,2026-05-27T17:58:14-04:00,5622,stitch,cmd/dircolors,cmd,srd109,"R2.5, R3.1, R3.2, R3.3",False,"Task 5622: [stitch] cmd/dircolors: implement srd109 R2.5, R3.1, R3.2, R3.3",359822,3112,235769,124045,1.8606,30269,30269,0,24190,24238,48,124,1,48,0
395b5897b57fe715d9b1785e10b2232ea7b78835,2026-05-28T12:12:29-04:00,5624,stitch,,other,,,False,Task 5624: [stitch] generation-run44 #5624,671845,14991,266060,405771,2.4963,30269,30269,0,24238,24302,64,347,1,64,0
5a160c97bcde09e014133d378f2306435d27ca7c,2026-05-28T12:32:44-04:00,5625,stitch,cmd/tsort,cmd,srd102,"R1.2, R1.3, R1.4",False,"Task 5625: [stitch] cmd/tsort implementation (srd102-tsort R1.2, R1.3, R1.4)",2139089,63561,296592,1842460,4.5509,30269,30471,202,24302,24302,0,1193,1,202,0
a204e6cf186a1bc07927aaf24aab6461ba7a01aa,2026-05-28T12:38:17-04:00,5628,stitch,cmd/tsort,cmd,srd102,"R2.2, R2.3",False,"Task 5628: [stitch] cmd/tsort differential tests (srd102-tsort R2.2, R2.3)",629177,6416,235800,393361,2.049,30471,30472,1,24302,24337,35,213,2,37,1
493c10f2f71baebcf26f5a118fbba31b86cc357e,2026-05-28T12:48:38-04:00,5630,stitch,cmd/dircolors,cmd,srd109,"R3.4, R3.5",False,"Task 5630: [stitch] cmd/dircolors (srd109-dircolors R3.4, R3.5)",793193,6666,242920,550255,2.2233,30472,30481,9,24337,24358,21,188,2,43,13
cfca35b2c6966ed43a7de95dd4c1728387b50bfc,2026-05-28T12:53:18-04:00,5631,stitch,cmd/chronic,cmd,srd112,"R1.1, R1.2, R1.3",False,"Task 5631: [stitch] cmd/chronic implementation (srd112-chronic R1.1, R1.2, R1.3)",1224109,10404,252863,971209,2.5504,30481,30570,89,24358,24358,0,257,1,89,0
7dff114bf08615321c804d28a8042a1c6802f954,2026-05-28T13:03:43-04:00,5632,stitch,cmd/chronic,cmd,srd112,"R2.1, R2.2, R2.3",False,"Task 5632: [stitch] cmd/chronic differential tests (srd112-chronic R2.1, R2.2, R2.3)",691880,24155,250695,441169,2.6408,30570,30570,0,24358,24420,62,597,1,62,0
1a99c1ea01f04edb003e92c5842a471e01411474,2026-05-28T13:07:32-04:00,5633,stitch,cmd/pee,cmd,srd113,"R1.1, R1.2, R1.3",False,"Task 5633: [stitch] cmd/pee implementation (srd113-pee R1.1, R1.2, R1.3)",888554,7356,251431,637097,2.323,30570,30664,94,24420,24520,100,208,2,194,0
c1b2741222cad1aabaf9e4a3e8904191db15d9ef,2026-05-28T13:23:32-04:00,5636,stitch,cmd/vidir,cmd,srd114,"R1.1, R1.2, R1.3, R1.4",False,"Task 5636: [stitch] cmd/vidir implementation (srd114-vidir R1.1, R1.2, R1.3, R1.4)",465634,4022,230025,235596,1.8433,30664,30911,247,24520,24520,0,117,1,247,0
4cb546901611dd56df8737c8a94e0562a8f54af4,2026-05-28T13:36:57-04:00,5637,stitch,cmd/vidir,cmd,srd114,"R2.1, R2.2",False,"Task 5637: [stitch] cmd/vidir differential tests (srd114-vidir R2.1, R2.2)",683529,32077,270093,413422,2.9138,30911,30911,0,24520,24639,119,644,1,119,0
90d64e4e28ea5d36da38b7ef33eec55ec396b90f,2026-05-28T13:47:58-04:00,5639,stitch,cmd/pr,cmd,srd110,R1.1,False,Task 5639: [stitch] cmd/pr implementation (srd110-pr R1.1),685089,14708,240851,444222,2.306,30911,31067,156,24639,24639,0,294,1,156,0
40c0f9521cc68a1bf6bcc0b74cba358e8cf1e3c5,2026-05-28T15:19:29-04:00,5640,stitch,cmd/ptx,cmd,srd111,R1.1,False,Task 5640: [stitch] cmd/ptx implementation (srd111-ptx R1.1),661544,32576,242817,418715,2.8508,31067,31251,184,24639,24639,0,889,1,184,0
ca0df52e69413c6097fc5feb3e3b593b579b9557,2026-05-28T15:30:57-04:00,5641,stitch,cmd/stty,cmd,srd105,R1.1,False,Task 5641: [stitch] cmd/stty implementation (srd105-stty R1.1),683529,37249,263861,419655,3.1584,31251,31493,242,24639,24639,0,664,1,242,0
fa513ba23c9fe26c3885053d644e50982cfceecf,2026-05-28T15:32:53-04:00,5642,stitch,cmd/ts,cmd,srd004,"R1.1, R1.2, R1.3, R1.4",False,"Task 5642: [stitch] cmd/ts implementation (srd004-ts R1.1, R1.2, R1.3, R1.4)",355240,1415,225757,129474,1.722,31493,31522,29,24639,24639,0,92,1,29,0
985521fc480db4ab77a16914a84915841825b70f,2026-05-29T11:48:32-04:00,5644,stitch,cmd/stty,cmd,srd105,"R2.1, R3.1, R3.2, R4.1",False,"Task 5644: [stitch] cmd/stty implementation (srd105-stty R2.1, R3.1, R3.2, R4.1)",2152823,68207,303197,1849595,4.9145,31522,31856,334,24639,24673,34,1210,5,552,184
a1a9df53c9ab07a67be2cadfd50294c3206dbca7,2026-05-29T11:58:01-04:00,5645,stitch,cmd/stty,cmd,srd105,"R5.1, R6.1, R6.2, R7.1",False,"Task 5645: [stitch] cmd/stty implementation (srd105-stty R5.1, R6.1, R6.2, R7.1)",841463,27063,258139,583308,2.7999,31856,32018,162,24673,24685,12,538,4,182,8
ed1b21de9a8f87336ee297a9cc9997780ca80b2d,2026-05-29T12:08:18-04:00,5646,stitch,cmd/ts,cmd,srd004,"R1.5, R1.6, R2.1, R2.2",False,"Task 5646: [stitch] cmd/ts implementation (srd004-ts R1.5, R1.6, R2.1, R2.2)",638900,28114,263736,375151,2.9329,32018,32227,209,24685,24757,72,592,2,287,6
a9f4d19a73072ff49dc40e7e788ed8cb1f33d1de,2026-05-29T12:12:35-04:00,5647,stitch,cmd/ts,cmd,srd004,"R2.3, R2.4, R3.1, R3.2",False,"Task 5647: [stitch] cmd/ts implementation (srd004-ts R2.3, R2.4, R3.1, R3.2)",595534,5708,240882,354637,2.0833,32227,32293,66,24757,24777,20,229,2,95,9
6d04b36035adc50e7b7edea6fa8093835e6f19e1,2026-05-29T12:18:59-04:00,5649,stitch,cmd/ts,cmd,srd004,"R3.3, R3.4, R4.1, R4.2",False,"Task 5649: [stitch] cmd/ts implementation (srd004-ts R3.3, R3.4, R4.1, R4.2)",762831,4925,240380,522431,2.1282,32293,32303,10,24777,24794,17,166,2,31,4
7d93dfc378b96c55481274f25573f5558b0814d2,2026-05-29T12:24:49-04:00,5650,stitch,cmd/ts,cmd,srd004,"R4.3, R5.1, R5.2, R5.3",False,"Task 5650: [stitch] cmd/ts implementation (srd004-ts R4.3, R5.1, R5.2, R5.3)",575919,12873,247559,328347,2.2838,32303,32306,3,24794,24800,6,319,2,12,3
e780c28e9e04f43e1db56324e741a0bbd08da39c,2026-05-29T12:45:43-04:00,5651,stitch,cmd/ts,cmd,srd004,"R6.1, R6.2, R7.1, R7.2",False,"Task 5651: [stitch] cmd/ts implementation (srd004-ts R6.1, R6.2, R7.1, R7.2)",2418037,62184,309290,2108715,4.7828,32306,32416,110,24800,24869,69,1220,2,200,21
854c8dd63ce2aa644d15632911476d9737bea210,2026-05-29T12:48:38-04:00,5652,stitch,cmd/ts,cmd,srd004,"R7.3, R8.1, R8.2, R9.1",False,"Task 5652: [stitch] cmd/ts implementation (srd004-ts R7.3, R8.1, R8.2, R9.1)",556418,2994,255823,300582,2.0826,32416,32417,1,24869,24874,5,146,2,7,1
279d8f6e31fd1d123bd46038975390408fe54eab,2026-05-29T13:02:07-04:00,5654,stitch,cmd/pr,cmd,srd110,"R2.1, R2.2, R2.3",False,"Task 5654: [stitch] cmd/pr implementation (srd110-pr R2.1, R2.2, R2.3)",1720877,28702,261721,1459118,3.3136,32417,32527,110,24874,25010,136,493,2,264,18
5b9075e5f43a7fe93e079a1bc397f07a012f2707,2026-05-29T13:17:37-04:00,5655,stitch,cmd/ptx,cmd,srd111,"R2.1, R2.2, R2.3",False,"Task 5655: [stitch] cmd/ptx implementation (srd111-ptx R2.1, R2.2, R2.3)",2823828,44621,282639,2541139,4.4256,32527,32647,120,25010,25130,120,900,2,262,22
e62d60aa493ae8a2ddb42caafa166c178373b04a,2026-05-29T13:20:29-04:00,5656,stitch,cmd/stty,cmd,srd105,"R7.2, R7.3",False,"Task 5656: [stitch] cmd/stty implementation (srd105-stty R7.2, R7.3)",424666,3741,237222,187434,1.8675,32647,32647,0,25130,25133,3,146,2,4,1
2d3dd260a1a13644b62f0c76a61f76a78473915e,2026-05-29T13:26:37-04:00,5657,stitch,cmd/ts,cmd,srd004,"R9.2, R10.1, R10.2, R10.3",False,"Task 5657: [stitch] cmd/ts implementation (srd004-ts R9.2, R10.1, R10.2, R10.3)",749859,14947,250575,499268,2.391,32647,32666,19,25133,25175,42,346,2,76,15
c15d92409e35f944c31a8d1d8d9b4b541a02dc20,2026-05-30T12:05:39-04:00,5669,stitch,cmd/pr,cmd,srd110,R3.1,False,Task 5669: [stitch] cmd/pr -- srd110-pr R3.1,2244194,55589,291804,1952356,4.3896,32666,32784,118,25175,25175,0,1029,1,127,9
a70f47cad3cd15e5c17111d612ab2973bbc44d8d,2026-05-30T12:20:23-04:00,5670,stitch,cmd/pr,cmd,srd110,"R4.1, R4.2, R4.3",False,"Task 5670: [stitch] cmd/pr -- srd110-pr R4.1, R4.2, R4.3",477260,48917,278477,198775,3.2827,32784,32961,177,25175,25175,0,860,1,207,30
5efb1e45b40f9d59f31108b8378749e4442f1609,2026-05-30T12:23:23-04:00,5671,stitch,cmd/ptx,cmd,srd111,R3.1,False,Task 5671: [stitch] cmd/ptx -- srd111-ptx R3.1,748110,5392,239766,508322,2.086,32961,33006,45,25175,25175,0,159,1,49,4
21aea89777f1d46ce5500f10a13f2066b1e53638,2026-05-30T12:29:43-04:00,5672,stitch,cmd/ptx,cmd,srd111,"R4.1, R4.2",False,"Task 5672: [stitch] cmd/ptx -- srd111-ptx R4.1, R4.2",839735,17915,248914,590802,2.5026,33006,33078,72,25175,25175,0,357,1,87,15
37cd495d8d9dc369af736edd289cfe4e382374fd,2026-05-30T12:39:18-04:00,5674,stitch,cmd/pr,cmd,srd110,"R5.1, R5.2",False,"Task 5674: [stitch] cmd/pr -- srd110-pr R5.1, R5.2",631383,4421,242540,388827,2.0949,33078,33078,0,25175,25228,53,179,2,54,1
2ad2372d850216b4e53c4eb0a0c67e45fcd27fe7,2026-05-30T12:44:08-04:00,5675,stitch,cmd/ptx,cmd,srd111,"R5.1, R5.2",False,"Task 5675: [stitch] cmd/ptx -- srd111-ptx R5.1, R5.2",892940,8837,261764,631157,2.3871,33078,33078,0,25228,25278,50,269,1,50,0
d969bdf0e957f8c9cec00e9a2cb12ab98d20cc0c,2026-05-30T12:52:06-04:00,5677,stitch,pkg/testutils,pkg,srd001,,True,Task 5677: [stitch] pkg/testutils -- srd001-testutils (contract),417568,2659,252662,164896,1.9308,33078,32904,-174,25278,25278,0,128,1,16,190
dc6b397a76d111ff0e2d2a6bcbae2b99e953cbdb,2026-05-30T12:55:03-04:00,5678,stitch,pkg/format,pkg,srd003,,True,Task 5678: [stitch] pkg/format -- srd003-format (contract),416002,2827,250400,165592,1.9459,32904,32704,-200,25278,25278,0,135,4,21,221
525be93a719e3960b8b316cc6f4a9c03eb57d447,2026-05-30T13:01:18-04:00,5679,stitch,pkg/testutils,pkg,srd001,,False,"Task 5679: [stitch] pkg/testutils -- srd001-testutils R1, R2, R3, R4",458552,13866,251405,207137,2.2603,32704,32836,132,25278,25278,0,337,1,137,5
b4e166ec8b19138859b7cb8b27c7a36ea53d356b,2026-05-30T13:06:51-04:00,5680,stitch,pkg/format,pkg,srd003,,False,"Task 5680: [stitch] pkg/format -- srd003-format R1, R2, R3",793307,8815,246436,546850,2.2724,32836,32975,139,25278,25278,0,242,3,148,9
